customer_id;full_name;registration_date;city;first_touch_channel
200001;Лебедев Динара Евгеньевич;2024-06-01;Екатеринбург;Organic
200002;Яковлев Владимир Владимирович;2023-03-07;Магнитогорск;VK Ads
200003;Сулейманов Илья Сергеевна;2023-11-23;Челябинск;Telegram
200004;Ахметов Игорь Николаевич;2023-12-23;Челябинск;Direct
200005;Баранов Сергей Николаевна;2024-07-21;Златоуст;Direct
200006;Белов Олег Николаевна;2023-08-05;Челябинск;VK Ads
200007;Садыков Артур Романович;2023-08-13;Москва;Organic
200008;Сергеев Николай Юрьевич;2023-05-21;Магнитогорск;Referral
200009;Ткаченко Дмитрий Игоревич;2023-10-08;Челябинск;VK Ads
200010;Акопян Милана Евгеньевна;2023-04-20;Челябинск;Yandex Ads
200011;Капустин Виктор Романовна;2023-10-08;Челябинск;Organic
200012;Яковлев Лилия Павловна;2023-04-06;Екатеринбург;Organic
200013;Мухаметшин Кристина Евгеньевич;2023-04-03;Тюмень;Yandex Ads
200014;Никитин Тигран Владимирович;2023-09-16;Челябинск;Yandex Ads
200015;Бойко Софья Юрьевич;2023-06-10;Оренбург;Organic
200016;Щербаков Игорь Игоревич;2023-05-14;Челябинск;Organic
200017;Савченко Егор Сергеевна;2024-02-11;Миасс;VK Ads
200018;Павлов Игорь Ивановна;2024-07-19;Челябинск;Organic
200019;Иванов Самвел Романовна;2023-03-15;Миасс;Email
200020;Степанов Евгения Михайловна;2023-05-23;Самара;Organic
200021;Захаров Лейла Николаевич;2024-05-28;Миасс;Direct
200022;Котов Самвел Алексеевич;2024-08-02;Тюмень;Yandex Ads
200023;Шин Ольга Олеговна;2024-07-18;Тюмень;Direct
200024;Титов Эдуард Владимирович;2023-08-27;Челябинск;Organic
200025;Мкртчян Ольга Николаевич;2023-11-18;Челябинск;VK Ads
200026;Григорьев Дарья Игоревич;2024-03-30;Златоуст;Direct
200027;Мкртчян Амина Сергеевич;2024-01-04;Челябинск;Organic
200028;Ибрагимов Динара Викторовна;2024-05-25;Магнитогорск;Organic
200029;Арутюнян Даниил Игоревич;2023-06-30;Казань;Organic
200030;Баранов Антон Алексеевна;2024-01-11;Копейск;Direct
200031;Григорьев Руслан Романовна;2023-04-16;Пермь;Organic
200032;Юсупов Карина Андреевич;2023-04-02;Москва;Organic
200033;Ахметжанов Георгий Игоревна;2023-05-02;Челябинск;Yandex Ads
200034;Михайлов Владимир Романович;2023-04-14;Пермь;VK Ads
200035;Чернов Лилия Николаевна;2024-08-25;Уфа;Direct
200036;Мухаметшин Никита Сергеевна;2023-06-13;Челябинск;Organic
200037;Нуржанов Павел Сергеевна;2024-05-27;Екатеринбург;VK Ads
200038;Соболев Динара Александровна;2023-08-29;Тюмень;Referral
200039;Тарасов Александр Евгеньевна;2023-07-16;Челябинск;Direct
200040;Ибрагимов Айгуль Владимировна;2023-08-06;Челябинск;Direct
200041;Кузьмин Кристина Евгеньевна;2023-02-20;Москва;VK Ads
200042;Назаров Ольга Дмитриевна;2024-06-30;Копейск;Organic
200043;Абдуллаев Игорь Антонович;2023-02-06;Златоуст;Referral
200044;Матвеев Анастасия Евгеньевич;2023-08-24;Челябинск;Organic
200045;Гусев Егор Алексеевич;2023-03-12;Магнитогорск;Organic
200046;Юсупов Наталья Ивановна;2023-06-03;Челябинск;Yandex Ads
200047;Галимов Зарина Романович;2023-08-10;Магнитогорск;Organic
200048;Нуриев Алёна Романовна;2024-08-19;Челябинск;VK Ads
200049;Тен Артур Павловна;2024-01-30;Уфа;Organic
200050;Мамедов Ирина Владимировна;2023-12-27;Челябинск;Yandex Ads
200051;Смирнов Алина Иванович;2023-07-03;Магнитогорск;Organic
200052;Беляев Оксана Павловна;2023-11-03;Тюмень;Organic
200053;Кадыров Николай Александровна;2024-05-22;Магнитогорск;Organic
200054;Фёдоров Евгения Дмитриевич;2024-08-08;Ижевск;Direct
200055;Киселёв Екатерина Сергеевич;2024-06-17;Миасс;Yandex Ads
200056;Логинов Милана Павловна;2024-05-16;Челябинск;Yandex Ads
200057;Ковалёв Артём Павлович;2024-07-21;Челябинск;VK Ads
200058;Волков Сергей Михайловна;2024-08-03;Челябинск;Email
200059;Каримов Вероника Антонович;2023-06-27;Челябинск;Telegram
200060;Титов Алина Викторовна;2024-01-20;Москва;Direct
200061;Лебедев Ирина Владимирович;2023-05-12;Челябинск;Organic
200062;Афанасьев Яна Олеговна;2023-07-05;Копейск;Organic
200063;Смирнов Динара Романович;2024-04-07;Челябинск;Organic
200064;Сергеев Георгий Романовна;2023-09-18;Златоуст;Direct
200065;Абрамян Ирина Викторович;2024-07-24;Челябинск;Yandex Ads
200066;Комаров Илья Алексеевна;2024-07-26;Копейск;Organic
200067;Медведев Тимур Андреевна;2024-01-05;Копейск;Referral
200068;Денисов Станислав Андреевич;2024-02-16;Москва;Direct
200069;Герасимов Юлия Викторовна;2023-09-05;Челябинск;Direct
200070;Тарасенко Никита Дмитриевич;2024-04-20;Москва;Direct
200071;Цой Сергей Романович;2024-01-01;Тюмень;Referral
200072;Бекетов Эдуард Михайловна;2023-09-17;Челябинск;VK Ads
200073;Григорян Иван Михайловна;2024-02-15;Миасс;Referral
200074;Гончаренко Амина Юрьевна;2024-01-25;Магнитогорск;Organic
200075;Рябов Роман Александрович;2023-01-03;Магнитогорск;Organic
200076;Мамедов Егор Павловна;2023-10-29;Екатеринбург;Organic
200077;Щербаков Виктория Ивановна;2024-03-24;Челябинск;Referral
200078;Ковалёв Дарья Андреевич;2024-02-25;Челябинск;Organic
200079;Бондаренко Кирилл Николаевна;2023-10-19;Копейск;Organic
200080;Киселёв Гузель Павлович;2023-03-31;Москва;Organic
200081;Мирзоян Маргарита Иванович;2023-11-22;Пермь;Direct
200082;Бондаренко Софья Михайловна;2024-04-20;Челябинск;Direct
200083;Гарипов Наталья Викторовна;2024-01-04;Челябинск;VK Ads
200084;Андреев Анастасия Михайловна;2023-12-13;Челябинск;Organic
200085;Кадыров Егор Алексеевич;2023-09-05;Москва;Direct
200086;Романов Виктория Николаевич;2024-05-03;Ижевск;Yandex Ads
200087;Кудрявцев Диана Антонович;2023-03-11;Миасс;Organic
200088;Афанасьев Денис Алексеевна;2023-02-14;Копейск;Telegram
200089;Соболев Ольга Олегович;2024-03-19;Уфа;Organic
200090;Морозов Гузель Владимирович;2023-12-17;Самара;Direct
200091;Омаров Илья Андреевна;2023-04-07;Копейск;Yandex Ads
200092;Ахметжанов Артём Алексеевич;2023-07-08;Москва;Direct
200093;Титов Арсен Алексеевна;2023-11-07;Курган;Organic
200094;Королёв Михаил Владимирович;2024-06-25;Челябинск;Referral
200095;Соколов Валерий Алексеевна;2024-07-02;Челябинск;Organic
200096;Тарасенко Милана Романович;2024-05-03;Екатеринбург;Organic
200097;Кадыров Эдуард Андреевна;2024-06-14;Магнитогорск;Yandex Ads
200098;Соболев Валерий Андреевна;2023-04-04;Магнитогорск;Organic
200099;Романов Кирилл Олегович;2023-05-28;Челябинск;Yandex Ads
200100;Котов Айгуль Иванович;2024-07-16;Челябинск;Telegram
200101;Белов Евгения Романович;2023-08-12;Копейск;Direct
200102;Галимов Андрей Викторович;2023-04-05;Уфа;Email
200103;Семёнов Дарья Павлович;2024-03-13;Нижневартовск;Direct
200104;Григорян Софья Владимирович;2023-03-17;Челябинск;Direct
200105;Филатов Тимур Юрьевич;2023-06-13;Челябинск;Organic
200106;Максимов Надежда Евгеньевич;2023-09-16;Магнитогорск;Organic
200107;Юн Карина Николаевна;2023-04-18;Копейск;Direct
200108;Соколов Марат Михайлович;2023-07-07;Челябинск;Organic
200109;Арутюнян Виктория Владимирович;2024-05-13;Златоуст;Organic
200110;Семёнов Артём Владимирович;2024-04-14;Самара;Direct
200111;Титов Иван Ивановна;2024-07-30;Златоуст;Telegram
200112;Попов Глеб Владимировна;2024-07-27;Челябинск;Organic
200113;Чернов Айгуль Андреевич;2023-02-13;Челябинск;Direct
200114;Афанасьев Самвел Александрович;2023-01-23;Златоуст;Organic
200115;Гасанов Милана Алексеевна;2023-05-18;Москва;Direct
200116;Садыков Алина Олеговна;2023-03-12;Копейск;Direct
200117;Тен Роман Александровна;2024-07-29;Курган;Referral
200118;Омаров Вероника Алексеевич;2024-03-17;Челябинск;Telegram
200119;Гусев Денис Павлович;2023-04-13;Тюмень;Organic
200120;Капустин Вероника Михайловна;2023-01-25;Екатеринбург;VK Ads
200121;Жуков Роман Павлович;2024-02-04;Уфа;Organic
200122;Саркисян Юрий Викторович;2024-07-23;Златоуст;Organic
200123;Ковалёв Максим Викторович;2023-04-17;Курган;Organic
200124;Саркисян Зарина Андреевна;2024-07-01;Москва;Direct
200125;Акопян Евгений Сергеевна;2024-04-19;Челябинск;Organic
200126;Быков Вера Андреевна;2023-08-16;Копейск;Direct
200127;Максимов Кирилл Александровна;2023-05-07;Ижевск;Direct
200128;Голубев Карен Викторович;2024-01-16;Казань;Direct
200129;Шарипов Алексей Алексеевич;2024-06-16;Челябинск;VK Ads
200130;Щербаков Максим Юрьевич;2024-01-08;Самара;Yandex Ads
200131;Михайлов Ярослав Андреевич;2024-02-22;Казань;Organic
200132;Власов Александр Романовна;2023-03-06;Москва;Direct
200133;Андреев Егор Владимировна;2023-05-10;Копейск;Direct
200134;Ахметжанов Ольга Андреевна;2023-07-22;Миасс;Organic
200135;Щербаков Лилия Сергеевна;2023-03-21;Копейск;Direct
200136;Богданов Арсен Романович;2023-11-11;Екатеринбург;VK Ads
200137;Кузнецов Кристина Игоревна;2024-07-15;Копейск;Referral
200138;Богданов Алина Михайлович;2023-12-29;Уфа;Organic
200139;Поляков Павел Николаевна;2023-11-28;Копейск;Yandex Ads
200140;Михайлов Глеб Дмитриевич;2023-03-14;Челябинск;Direct
200141;Исмаилов Карен Сергеевич;2024-01-19;Магнитогорск;Yandex Ads
200142;Белов Дарья Викторович;2023-08-02;Самара;Organic
200143;Мкртчян Амина Юрьевич;2023-06-29;Тюмень;Direct
200144;Попов Руслан Игоревна;2023-08-29;Нижневартовск;VK Ads
200145;Егоров Амина Игоревич;2024-01-28;Копейск;Organic
200146;Захаров Антон Михайловна;2023-04-30;Москва;Yandex Ads
200147;Мартиросян Ярослав Романович;2023-02-03;Оренбург;Telegram
200148;Юсупов Кирилл Евгеньевич;2023-12-27;Новосибирск;Direct
200149;Логинов Игорь Ивановна;2023-09-26;Магнитогорск;Direct
200150;Маслов Виктор Сергеевна;2024-06-01;Курган;VK Ads
200151;Яковлев Константин Михайлович;2023-05-25;Курган;Yandex Ads
200152;Ершов Игорь Владимирович;2024-02-27;Миасс;VK Ads
200153;Шин Лилия Юрьевна;2024-02-04;Уфа;VK Ads
200154;Мкртчян Евгения Иванович;2023-04-02;Челябинск;Yandex Ads
200155;Морозов Ольга Сергеевич;2024-03-13;Челябинск;Organic
200156;Васильев Руслан Павлович;2024-08-09;Челябинск;Telegram
200157;Сорокин Диана Романович;2024-05-09;Магнитогорск;Direct
200158;Степанов Роман Павлович;2023-01-03;Курган;Direct
200159;Шин Олег Олегович;2023-06-05;Челябинск;Direct
200160;Герасимов Айгуль Юрьевич;2023-09-07;Новосибирск;Organic
200161;Комаров Гузель Романовна;2023-03-09;Магнитогорск;Organic
200162;Матвеев Эмиль Дмитриевна;2023-06-16;Екатеринбург;Telegram
200163;Ибрагимов Денис Дмитриевич;2023-11-11;Челябинск;Email
200164;Лебедев Вадим Игоревич;2023-09-05;Москва;Direct
200165;Ахметжанов Валерия Романовна;2023-12-04;Челябинск;Organic
200166;Омаров Ксения Дмитриевич;2023-12-24;Оренбург;Direct
200167;Маслов Ольга Игоревич;2023-07-14;Тюмень;Organic
200168;Пономарёв Кристина Алексеевич;2023-10-26;Миасс;Direct
200169;Егоров Борис Владимировна;2023-10-10;Златоуст;Yandex Ads
200170;Баранов Владимир Юрьевна;2023-02-24;Тюмень;Organic
200171;Попов Алексей Михайловна;2023-07-16;Челябинск;Direct
200172;Кузьмин Руслан Игоревич;2023-09-10;Копейск;Organic
200173;Сеитов Софья Александровна;2024-07-07;Челябинск;Yandex Ads
200174;Максимов Олег Михайловна;2024-06-02;Копейск;Organic
200175;Нуриев Анастасия Викторович;2023-11-30;Курган;Direct
200176;Григорян Илья Антонович;2023-03-31;Челябинск;Organic
200177;Иванов Екатерина Сергеевна;2023-06-04;Ижевск;Direct
200178;Абрамян Ольга Николаевич;2023-10-27;Тюмень;Yandex Ads
200179;Мухаметшин Руслан Игоревна;2023-05-05;Москва;Telegram
200180;Гасанов Ярослав Антонович;2024-05-16;Казань;Telegram
200181;Яковлев Олег Сергеевна;2024-01-13;Миасс;Email
200182;Мкртчян Борис Павловна;2023-04-12;Копейск;Direct
200183;Мухаметшин Владимир Александровна;2024-05-11;Копейск;Organic
200184;Шин Вероника Алексеевна;2024-06-25;Челябинск;Direct
200185;Белов Олег Александрович;2023-08-31;Уфа;Referral
200186;Беляев Игорь Владимирович;2024-03-13;Курган;Referral
200187;Мухаметшин Глеб Николаевич;2023-04-12;Нижневартовск;Email
200188;Куликов Милана Сергеевич;2023-04-13;Пермь;VK Ads
200189;Щербаков Валерий Ивановна;2023-11-17;Уфа;Organic
200190;Никитин Ольга Алексеевна;2023-03-16;Уфа;Referral
200191;Ибрагимов Антон Алексеевич;2023-09-07;Копейск;Referral
200192;Кудрявцев Марат Павловна;2024-02-21;Екатеринбург;Telegram
200193;Орлов Татьяна Дмитриевна;2023-01-23;Челябинск;Yandex Ads
200194;Белов Кристина Дмитриевич;2024-07-06;Челябинск;Email
200195;Щербаков Николай Михайловна;2023-09-17;Челябинск;Direct
200196;Нуржанов Карен Антонович;2023-01-11;Пермь;Yandex Ads
200197;Бондаренко Полина Викторовна;2023-09-30;Новосибирск;Organic
200198;Соколов Гузель Михайлович;2024-07-25;Нижневартовск;Referral
200199;Алексеев Зарина Павлович;2023-10-08;Уфа;Yandex Ads
200200;Сорокин Полина Михайлович;2024-03-30;Челябинск;Yandex Ads
200201;Морозов Наталья Ивановна;2023-04-14;Тюмень;Organic
200202;Савченко Никита Олегович;2023-08-24;Челябинск;Direct
200203;Соболев Даниил Игоревна;2024-05-15;Тюмень;Yandex Ads
200204;Зайцев Артём Дмитриевна;2023-03-26;Челябинск;Email
200205;Жумабаев Элина Михайловна;2024-05-28;Челябинск;Referral
200206;Фролов Тигран Сергеевич;2024-06-24;Курган;Yandex Ads
200207;Власов Олег Олегович;2023-04-23;Челябинск;Telegram
200208;Соболев Аделина Сергеевна;2023-04-21;Миасс;VK Ads
200209;Пономарёв Элина Викторовна;2024-02-08;Челябинск;Direct
200210;Виноградов Борис Викторович;2023-11-21;Челябинск;Direct
200211;Гарипов Милана Игоревич;2024-03-11;Челябинск;VK Ads
200212;Сафонов Вера Дмитриевич;2024-05-06;Нижневартовск;Telegram
200213;Захаров Виктор Евгеньевич;2024-07-18;Челябинск;VK Ads
200214;Ибрагимов Евгений Павловна;2023-07-16;Челябинск;Organic
200215;Акопян Георгий Павлович;2023-10-07;Пермь;Direct
200216;Рахимов Максим Александровна;2024-08-25;Екатеринбург;Yandex Ads
200217;Смирнов Станислав Романович;2023-02-05;Копейск;VK Ads
200218;Орлов Ирина Юрьевич;2023-06-30;Санкт-Петербург;VK Ads
200219;Пак Константин Сергеевна;2023-10-25;Магнитогорск;Direct
200220;Пак Оксана Юрьевич;2023-12-15;Самара;Yandex Ads
200221;Шарипов Анастасия Алексеевич;2023-01-03;Копейск;Organic
200222;Сергеев Амина Антонович;2023-01-18;Москва;Telegram
200223;Мартиросян Оксана Дмитриевна;2024-08-16;Челябинск;Organic
200224;Рахимов Глеб Викторовна;2024-05-30;Челябинск;Organic
200225;Петросян Юрий Алексеевич;2024-07-24;Челябинск;Organic
200226;Иванов Карен Игоревич;2023-10-25;Санкт-Петербург;Organic
200227;Королёв Михаил Андреевич;2024-07-30;Копейск;Yandex Ads
200228;Пак Кристина Алексеевич;2023-08-05;Пермь;Email
200229;Захаров Юрий Александрович;2024-08-12;Челябинск;Direct
200230;Семёнов Антон Дмитриевич;2024-01-19;Копейск;Organic
200231;Шарипов Георгий Антонович;2024-06-30;Челябинск;Yandex Ads
200232;Денисов Ирина Николаевна;2023-11-12;Челябинск;Direct
200233;Ахметов Илья Олегович;2023-08-18;Пермь;Organic
200234;Мельник Даниил Андреевич;2023-01-11;Москва;Yandex Ads
200235;Соловьёв Валерий Алексеевна;2023-09-26;Екатеринбург;Organic
200236;Ким Карина Павловна;2024-08-13;Екатеринбург;Organic
200237;Власов Егор Алексеевна;2024-06-11;Екатеринбург;Direct
200238;Смирнов Егор Дмитриевна;2024-03-27;Челябинск;Organic
200239;Новиков Юлия Андреевна;2023-02-06;Челябинск;Telegram
200240;Яковлев Борис Андреевич;2023-02-03;Екатеринбург;Yandex Ads
200241;Хасанов Карен Владимирович;2024-07-31;Челябинск;VK Ads
200242;Михайлов Алексей Михайлович;2024-08-01;Екатеринбург;Email
200243;Гусев Дарья Дмитриевич;2024-02-20;Тюмень;Organic
200244;Маслов Маргарита Юрьевич;2023-02-17;Челябинск;Yandex Ads
200245;Петросян Татьяна Дмитриевич;2023-02-23;Пермь;Referral
200246;Валеев Дмитрий Андреевна;2023-10-16;Екатеринбург;Yandex Ads
200247;Ершов Михаил Игоревич;2023-11-23;Казань;Direct
200248;Кудрявцев Элина Романович;2024-05-11;Челябинск;Direct
200249;Валеев Ольга Сергеевна;2024-08-13;Челябинск;Organic
200250;Хабибуллин Ольга Олеговна;2024-08-18;Магнитогорск;Direct
200251;Пак Светлана Игоревна;2023-12-22;Копейск;Yandex Ads
200252;Алексеев Элина Евгеньевна;2024-08-10;Москва;Organic
200253;Белов Айгуль Александрович;2023-02-04;Челябинск;Yandex Ads
200254;Филатов Карина Романович;2024-08-28;Курган;Direct
200255;Капустин Вероника Владимирович;2024-04-06;Челябинск;Direct
200256;Гусев Полина Владимирович;2024-06-14;Екатеринбург;VK Ads
200257;Цой Вера Евгеньевна;2024-06-09;Челябинск;Organic
200258;Куликов Светлана Николаевна;2023-12-29;Златоуст;VK Ads
200259;Воробьёв Мария Николаевна;2024-01-04;Копейск;Organic
200260;Нуриев Глеб Олегович;2023-09-09;Екатеринбург;Direct
200261;Павлов Лилия Дмитриевич;2024-02-28;Миасс;Organic
200262;Соловьёв Гузель Дмитриевич;2023-08-11;Челябинск;Organic
200263;Медведев Игорь Игоревич;2024-06-22;Санкт-Петербург;Telegram
200264;Тен Яна Олеговна;2023-09-02;Копейск;Referral
200265;Комаров Вера Александровна;2023-02-14;Челябинск;Direct
200266;Кравченко Артём Ивановна;2024-02-25;Челябинск;Organic
200267;Коваленко Алина Евгеньевич;2024-01-11;Казань;VK Ads
200268;Пономарёв Антон Олегович;2024-04-19;Челябинск;Organic
200269;Власов Вероника Андреевич;2023-08-30;Копейск;Email
200270;Ткаченко Павел Андреевич;2023-05-21;Курган;VK Ads
200271;Омаров Михаил Александровна;2023-01-01;Челябинск;Yandex Ads
200272;Хасанов Егор Иванович;2024-02-26;Магнитогорск;Yandex Ads
200273;Филатов Георгий Алексеевич;2024-04-11;Самара;Telegram
200274;Кузнецов Виктор Павловна;2023-08-29;Челябинск;Yandex Ads
200275;Куликов Светлана Романовна;2023-08-18;Челябинск;Referral
200276;Павлов Артём Ивановна;2024-04-30;Челябинск;Organic
200277;Яковлев Даниил Андреевич;2023-04-21;Златоуст;Direct
200278;Денисов Лейла Антонович;2023-03-30;Казань;Organic
200279;Васильев Владимир Александрович;2023-08-23;Копейск;Yandex Ads
200280;Сафонов Георгий Алексеевич;2023-06-11;Челябинск;Organic
200281;Козлов Егор Романовна;2024-05-11;Челябинск;Organic
200282;Андреев Дарья Александровна;2024-04-26;Челябинск;Organic
200283;Наумов Сергей Олеговна;2023-12-13;Тюмень;Direct
200284;Киселёв Софья Павлович;2023-06-27;Челябинск;Yandex Ads
200285;Богданов Карен Павловна;2024-04-04;Новосибирск;Email
200286;Власов Георгий Александрович;2024-06-12;Екатеринбург;Organic
200287;Кадыров Аделина Александровна;2023-08-20;Магнитогорск;Direct
200288;Петросян Милана Сергеевич;2024-01-01;Копейск;Organic
200289;Рябов Глеб Дмитриевна;2024-03-04;Москва;Yandex Ads
200290;Мирзоян Сергей Олегович;2024-04-11;Курган;Email
200291;Соловьёв Константин Сергеевна;2023-11-11;Пермь;Direct
200292;Мкртчян Игорь Михайлович;2023-04-27;Екатеринбург;VK Ads
200293;Мартиросян Владимир Игоревна;2023-05-13;Миасс;Referral
200294;Пономарёв Полина Владимировна;2023-05-12;Нижневартовск;Yandex Ads
200295;Валеев Илья Ивановна;2024-03-17;Москва;Organic
200296;Волков Евгения Николаевна;2023-07-10;Миасс;Direct
200297;Голубев Лилия Юрьевич;2023-05-30;Пермь;Direct
200298;Цветков Полина Николаевна;2023-12-09;Нижневартовск;Direct
200299;Данилов Юлия Антонович;2023-09-14;Уфа;Telegram
200300;Логинов Антон Евгеньевич;2024-07-13;Златоуст;Referral
200301;Романов Мария Иванович;2024-05-26;Тюмень;Organic
200302;Григорьев Евгений Николаевна;2023-07-10;Челябинск;Telegram
200303;Михайлов Арсен Алексеевна;2023-09-18;Златоуст;VK Ads
200304;Лебедев Андрей Иванович;2024-05-27;Челябинск;Telegram
200305;Егоров Павел Ивановна;2023-01-01;Тюмень;Organic
200306;Герасимов Константин Антонович;2023-08-08;Уфа;VK Ads
200307;Нуриев Кирилл Павловна;2023-04-23;Челябинск;Direct
200308;Романов Андрей Дмитриевич;2024-04-17;Златоуст;Organic
200309;Андреев Дарья Михайлович;2024-04-20;Уфа;VK Ads
200310;Яковлев Руслан Викторович;2023-06-09;Челябинск;VK Ads
200311;Сорокин Олег Сергеевна;2024-08-02;Москва;Email
200312;Жумабаев Ольга Олеговна;2024-08-19;Москва;Direct
200313;Нуриев Яна Дмитриевна;2024-04-30;Челябинск;VK Ads
200314;Савченко Валерий Михайловна;2024-03-13;Санкт-Петербург;Direct
200315;Тулеев Сергей Павлович;2024-08-14;Челябинск;Referral
200316;Фролов Егор Романовна;2023-01-19;Казань;Email
200317;Соловьёв Борис Андреевич;2024-06-01;Копейск;Direct
200318;Титов Илья Игоревич;2023-03-01;Челябинск;VK Ads
200319;Орлов Тигран Сергеевич;2024-04-07;Челябинск;Organic
200320;Юн Никита Дмитриевна;2024-05-28;Оренбург;Direct
200321;Лазарев Виктор Николаевна;2024-05-01;Челябинск;Yandex Ads
200322;Мамедов Анастасия Иванович;2024-06-12;Челябинск;Direct
200323;Каримов Марат Павлович;2024-08-13;Челябинск;VK Ads
200324;Баранов Лилия Ивановна;2024-02-03;Тюмень;Yandex Ads
200325;Назаров Георгий Александровна;2023-03-19;Екатеринбург;Organic
200326;Захаров Амина Евгеньевич;2023-02-03;Копейск;Organic
200327;Цой Диана Александровна;2024-01-23;Челябинск;Direct
200328;Садыков Даниил Владимировна;2023-04-25;Челябинск;Organic
200329;Каримов Динара Николаевич;2023-06-26;Екатеринбург;Organic
200330;Поляков Елена Владимировна;2023-02-20;Пермь;VK Ads
200331;Ткаченко Марат Сергеевна;2023-09-17;Магнитогорск;Yandex Ads
200332;Лазарев Мария Игоревич;2023-04-29;Уфа;Referral
200333;Петров Георгий Николаевич;2023-08-22;Миасс;Organic
200334;Саркисян Алексей Дмитриевич;2023-03-29;Челябинск;Direct
200335;Жумабаев Вера Антонович;2024-05-19;Казань;Yandex Ads
200336;Омаров Ксения Евгеньевна;2024-05-29;Ижевск;Organic
200337;Павлов Игорь Дмитриевич;2024-06-18;Челябинск;Direct
200338;Орлов Виктория Евгеньевич;2023-03-01;Миасс;Yandex Ads
200339;Ким Марат Николаевич;2023-03-22;Тюмень;Yandex Ads
200340;Власов Артём Николаевич;2023-11-08;Златоуст;Organic
200341;Назаров Илья Андреевна;2023-06-02;Санкт-Петербург;Yandex Ads
200342;Мирзоян Валерий Ивановна;2024-02-09;Магнитогорск;VK Ads
200343;Данилов Наталья Александрович;2023-07-16;Челябинск;Yandex Ads
200344;Белов Антон Игоревич;2023-11-25;Копейск;Yandex Ads
200345;Виноградов Айгуль Александрович;2023-07-08;Екатеринбург;Organic
200346;Макаров Михаил Павлович;2023-03-02;Магнитогорск;Direct
200347;Ершов Эмиль Николаевна;2024-07-18;Оренбург;Direct
200348;Григорян Ирина Евгеньевна;2024-02-27;Челябинск;Yandex Ads
200349;Саркисян Артём Владимировна;2024-07-26;Миасс;Referral
200350;Юсупов Тигран Евгеньевич;2023-04-21;Сургут;Direct
200351;Афанасьев Виктория Сергеевич;2023-09-06;Челябинск;VK Ads
200352;Жуков Юлия Евгеньевич;2023-07-25;Челябинск;Organic
200353;Тулеев Александр Михайловна;2023-10-08;Магнитогорск;Yandex Ads
200354;Хасанов Анастасия Николаевич;2023-09-17;Челябинск;Yandex Ads
200355;Власов Михаил Антонович;2024-07-23;Магнитогорск;Yandex Ads
200356;Логинов Вероника Игоревич;2023-03-13;Златоуст;Direct
200357;Воробьёв Борис Михайлович;2023-02-19;Ижевск;Direct
200358;Быков Павел Дмитриевич;2023-11-18;Магнитогорск;VK Ads
200359;Смирнов Виктор Викторовна;2024-06-26;Челябинск;Yandex Ads
200360;Сеитов Яна Сергеевна;2023-01-09;Екатеринбург;Direct
200361;Бондаренко Сергей Александрович;2023-12-07;Казань;Referral
200362;Омаров Руслан Иванович;2024-05-06;Москва;Yandex Ads
200363;Смирнов Николай Антонович;2023-08-27;Челябинск;Yandex Ads
200364;Куликов Егор Юрьевна;2024-07-01;Курган;Referral
200365;Кудрявцев Ирина Романович;2023-01-10;Тюмень;Organic
200366;Макаров Вероника Юрьевна;2023-05-24;Челябинск;Yandex Ads
200367;Бекетов Елена Евгеньевна;2024-05-21;Миасс;Referral
200368;Нуржанов Екатерина Юрьевна;2023-04-09;Челябинск;VK Ads
200369;Морозов Ярослав Николаевич;2023-07-27;Челябинск;Yandex Ads
200370;Алексеев Кристина Алексеевна;2024-05-02;Магнитогорск;Organic
200371;Шарипов Максим Алексеевич;2023-09-23;Миасс;VK Ads
200372;Сеитов Антон Михайлович;2023-11-27;Челябинск;Yandex Ads
200373;Виноградов Антон Владимировна;2024-07-11;Челябинск;VK Ads
200374;Цой Тимур Александровна;2023-03-29;Челябинск;Direct
200375;Виноградов Сергей Иванович;2024-07-21;Челябинск;Organic
200376;Цветков Тигран Николаевна;2024-06-26;Москва;Yandex Ads
200377;Миронов Валерий Ивановна;2023-03-01;Уфа;Organic
200378;Омаров Кристина Юрьевич;2023-04-05;Копейск;Telegram
200379;Гончаренко Даниил Николаевич;2023-04-29;Москва;Email
200380;Тарасов Михаил Владимировна;2024-07-14;Челябинск;Organic
200381;Петросян Роман Сергеевна;2024-05-12;Москва;Yandex Ads
200382;Каримов Самвел Сергеевна;2023-11-24;Магнитогорск;Referral
200383;Ахметжанов Евгения Антонович;2023-03-27;Копейск;VK Ads
200384;Ахметов Эмиль Юрьевич;2023-10-16;Екатеринбург;Email
200385;Щербаков Антон Дмитриевич;2024-06-09;Екатеринбург;Yandex Ads
200386;Баранов Сергей Павловна;2024-03-24;Челябинск;VK Ads
200387;Оганесян Виктор Владимирович;2023-12-31;Миасс;Organic
200388;Гасанов Тигран Юрьевна;2023-10-08;Екатеринбург;Organic
200389;Ли Алёна Игоревна;2023-12-10;Миасс;Yandex Ads
200390;Белов Валерий Викторович;2024-05-06;Копейск;Organic
200391;Григорян Валерий Михайлович;2024-08-21;Челябинск;VK Ads
200392;Фомин Элина Андреевна;2023-07-30;Челябинск;Telegram
200393;Сергеев Ярослав Дмитриевич;2023-02-26;Казань;Yandex Ads
200394;Ахметов Арсен Павлович;2023-05-25;Курган;Organic
200395;Цой Вероника Романович;2023-11-09;Златоуст;VK Ads
200396;Киселёв Фёдор Павлович;2023-04-19;Челябинск;Yandex Ads
200397;Шевченко Александр Юрьевич;2023-07-22;Челябинск;Direct
200398;Сафин Динара Иванович;2023-05-21;Магнитогорск;VK Ads
200399;Голубев Станислав Викторовна;2023-09-13;Челябинск;Organic
200400;Пономарёв Илья Антонович;2023-04-05;Курган;Organic
200401;Нуржанов Валерия Николаевна;2023-07-23;Челябинск;Organic
200402;Ахметжанов Ксения Иванович;2024-05-12;Челябинск;Organic
200403;Юсупов Александр Александрович;2023-04-12;Пермь;Yandex Ads
200404;Виноградов Татьяна Михайловна;2023-07-26;Челябинск;Yandex Ads
200405;Козлов Надежда Сергеевич;2023-05-01;Москва;Organic
200406;Саркисян Никита Дмитриевич;2024-07-04;Копейск;Referral
200407;Хабибуллин Юрий Андреевич;2024-06-06;Челябинск;VK Ads
200408;Михайлов Ярослав Антонович;2024-06-03;Челябинск;VK Ads
200409;Виноградов Валерий Викторович;2024-07-07;Курган;Organic
200410;Мельник Динара Романовна;2023-01-21;Челябинск;Direct
200411;Абдуллаев Кирилл Юрьевич;2023-10-22;Екатеринбург;Organic
200412;Комаров Наталья Сергеевич;2023-06-10;Копейск;Direct
200413;Пономарёв Фёдор Николаевна;2023-09-05;Курган;Direct
200414;Назаров Диана Ивановна;2023-05-21;Миасс;Direct
200415;Омаров Антон Николаевич;2023-05-17;Уфа;Direct
200416;Сергеев Юрий Николаевна;2024-01-04;Копейск;VK Ads
200417;Сорокин Фёдор Дмитриевич;2024-04-28;Челябинск;Organic
200418;Бондаренко Вера Андреевна;2023-12-12;Копейск;Direct
200419;Жуков Вера Сергеевна;2023-10-06;Тюмень;Telegram
200420;Садыков Фёдор Юрьевна;2023-01-25;Челябинск;Organic
200421;Шин Валерий Михайловна;2024-03-15;Магнитогорск;Direct
200422;Титов Артур Иванович;2023-11-04;Оренбург;Organic
200423;Акопян Денис Андреевна;2023-06-23;Ижевск;Organic
200424;Фомин Ярослав Сергеевна;2023-05-12;Казань;Telegram
200425;Богданов Гузель Алексеевна;2024-07-13;Екатеринбург;VK Ads
200426;Андреев Айгуль Алексеевич;2023-11-04;Уфа;Yandex Ads
200427;Новиков Ксения Павлович;2023-11-13;Челябинск;Organic
200428;Голубев Амина Игоревна;2023-01-31;Челябинск;VK Ads
200429;Садыков Кирилл Андреевна;2024-06-09;Сургут;Telegram
200430;Комаров Айгуль Михайлович;2023-07-14;Курган;Organic
200431;Тарасенко Екатерина Евгеньевна;2024-02-15;Пермь;Organic
200432;Абрамян Айгуль Викторовна;2024-05-20;Курган;Referral
200433;Оганесян Станислав Николаевна;2023-05-02;Магнитогорск;VK Ads
200434;Аветисян Кристина Юрьевна;2024-02-11;Нижневартовск;Direct
200435;Ахметов Тимур Иванович;2024-01-20;Москва;Direct
200436;Фёдоров Эдуард Владимировна;2024-05-02;Челябинск;Organic
200437;Щербаков Игорь Андреевич;2023-03-11;Самара;Yandex Ads
200438;Цветков Екатерина Михайловна;2023-04-30;Екатеринбург;Yandex Ads
200439;Касымов Борис Михайловна;2023-07-09;Челябинск;Organic
200440;Киселёв Ксения Викторовна;2023-12-12;Москва;Direct
200441;Беляев Владимир Павлович;2023-12-28;Москва;Direct
200442;Афанасьев Евгения Андреевич;2024-05-02;Магнитогорск;Yandex Ads
200443;Макаров Егор Дмитриевна;2024-01-20;Тюмень;Referral
200444;Фёдоров Роман Алексеевич;2024-06-13;Златоуст;Email
200445;Титов Аделина Викторовна;2024-05-27;Самара;Referral
200446;Ильин Алексей Николаевич;2024-05-23;Ижевск;Yandex Ads
200447;Валеев Сергей Александрович;2023-06-12;Златоуст;VK Ads
200448;Ахметжанов Анна Павловна;2024-08-25;Курган;Organic
200449;Королёв Елена Олеговна;2023-05-02;Челябинск;VK Ads
200450;Цой Самвел Николаевна;2023-09-25;Уфа;Direct
200451;Шарипов Надежда Андреевич;2024-05-30;Челябинск;Yandex Ads
200452;Омаров Светлана Владимирович;2023-01-16;Магнитогорск;VK Ads
200453;Логинов Эмиль Олегович;2023-02-28;Екатеринбург;Yandex Ads
200454;Козлов Дарья Алексеевич;2023-10-30;Копейск;Organic
200455;Медведев Денис Евгеньевич;2024-04-24;Копейск;Yandex Ads
200456;Власов Ксения Андреевна;2023-01-02;Златоуст;Direct
200457;Савченко Сергей Антонович;2023-01-03;Челябинск;Organic
200458;Мкртчян Зарина Александровна;2023-07-28;Челябинск;Organic
200459;Власов Роман Михайлович;2023-07-08;Сургут;Yandex Ads
200460;Котов Тигран Викторовна;2023-01-01;Челябинск;Yandex Ads
200461;Ковалёв Егор Владимировна;2023-10-02;Челябинск;Organic
200462;Мкртчян Софья Дмитриевич;2024-07-20;Челябинск;Organic
200463;Афанасьев Маргарита Викторович;2024-01-16;Уфа;VK Ads
200464;Чернов Эдуард Андреевна;2024-08-19;Челябинск;Email
200465;Сулейманов Гузель Викторович;2023-09-08;Тюмень;Yandex Ads
200466;Морозов Марина Юрьевна;2024-08-03;Челябинск;Telegram
200467;Ахметжанов Самвел Евгеньевна;2023-09-19;Челябинск;Yandex Ads
200468;Абдуллаев Светлана Олегович;2023-08-02;Челябинск;VK Ads
200469;Комаров Аделина Михайловна;2023-12-03;Челябинск;Direct
200470;Григорьев Руслан Дмитриевич;2024-03-20;Челябинск;VK Ads
200471;Кондратьев Артур Иванович;2024-03-23;Златоуст;Yandex Ads
200472;Лебедев Максим Юрьевна;2024-07-19;Магнитогорск;Yandex Ads
200473;Тарасенко Иван Евгеньевна;2024-01-05;Челябинск;Referral
200474;Абрамян Иван Андреевич;2024-03-12;Тюмень;Yandex Ads
200475;Миронов Константин Ивановна;2023-05-24;Пермь;Organic
200476;Тарасенко Аделина Николаевна;2023-12-28;Санкт-Петербург;Telegram
200477;Гусев Дмитрий Сергеевна;2023-06-29;Сургут;Yandex Ads
200478;Котов Оксана Викторовна;2023-08-19;Челябинск;Organic
200479;Рябов Александр Андреевна;2024-06-14;Оренбург;Yandex Ads
200480;Каримов Айгуль Андреевич;2023-09-08;Нижневартовск;Direct
200481;Сулейманов Марина Александровна;2023-02-19;Копейск;Organic
200482;Котов Самвел Викторовна;2024-05-25;Златоуст;Yandex Ads
200483;Хасанов Роман Ивановна;2024-01-26;Челябинск;Yandex Ads
200484;Чернов Аделина Олегович;2024-03-13;Златоуст;Email
200485;Алексеев Константин Михайлович;2024-06-30;Курган;Telegram
200486;Ахметов Антон Романовна;2023-09-07;Челябинск;Organic
200487;Каримов Гузель Алексеевна;2024-07-12;Новосибирск;Yandex Ads
200488;Шевченко Валерия Сергеевич;2023-04-07;Челябинск;Direct
200489;Григорян Лилия Андреевич;2023-09-25;Миасс;Telegram
200490;Шарипов Марат Иванович;2024-02-10;Челябинск;Direct
200491;Шевченко Амина Романович;2023-03-15;Челябинск;Organic
200492;Мирзоян Игорь Викторовна;2023-05-31;Копейск;Organic
200493;Мухаметшин Евгения Иванович;2023-10-22;Курган;Telegram
200494;Рахимов Светлана Владимирович;2024-03-05;Копейск;Email
200495;Мельник Мария Павловна;2023-08-03;Тюмень;Email
200496;Юсупов Виктория Александровна;2024-04-15;Пермь;Yandex Ads
200497;Хабибуллин Роман Павловна;2024-07-15;Челябинск;VK Ads
200498;Яковлев Никита Павлович;2024-01-14;Челябинск;Organic
200499;Мамедов Ирина Владимирович;2023-07-06;Златоуст;Direct
200500;Котов Марат Александрович;2024-05-20;Екатеринбург;Direct
200501;Васильев Олег Антонович;2023-07-03;Челябинск;Organic
200502;Иванов Михаил Дмитриевна;2023-10-12;Нижневартовск;Referral
200503;Мартиросян Юлия Владимирович;2023-02-17;Пермь;Email
200504;Лебедев Тимур Романович;2023-10-30;Екатеринбург;VK Ads
200505;Поляков Константин Дмитриевна;2024-02-27;Челябинск;Direct
200506;Шарипов Кирилл Дмитриевна;2023-03-02;Магнитогорск;Yandex Ads
200507;Фомин Динара Николаевич;2024-05-29;Челябинск;Telegram
200508;Григорян Илья Александрович;2023-07-11;Челябинск;Direct
200509;Никитин Валерия Романовна;2024-02-09;Челябинск;Organic
200510;Ли Евгений Александровна;2023-09-20;Челябинск;Direct
200511;Макаров Юлия Юрьевич;2023-10-08;Москва;VK Ads
200512;Денисов Карен Ивановна;2024-06-09;Казань;Referral
200513;Капустин Станислав Михайлович;2024-01-13;Пермь;Organic
200514;Медведев Валерия Алексеевна;2023-07-08;Челябинск;Referral
200515;Волков Артур Олеговна;2023-10-02;Магнитогорск;Direct
200516;Поляков Вадим Андреевич;2024-01-16;Челябинск;Yandex Ads
200517;Иванов Руслан Владимировна;2023-10-01;Миасс;Telegram
200518;Ахметов Амина Михайлович;2023-09-18;Уфа;Organic
200519;Валеев Кристина Андреевна;2024-01-03;Магнитогорск;Direct
200520;Гарипов Лилия Иванович;2024-07-29;Тюмень;Organic
200521;Мельник Александр Дмитриевна;2023-01-29;Самара;Referral
200522;Жумабаев Ольга Антонович;2024-06-01;Челябинск;Yandex Ads
200523;Галимов Ксения Юрьевич;2023-12-30;Екатеринбург;Organic
200524;Романов Дмитрий Андреевич;2024-06-11;Златоуст;Organic
200525;Бекетов Арсен Антонович;2023-01-20;Уфа;Organic
200526;Титов Олег Романович;2024-05-30;Сургут;Yandex Ads
200527;Кравченко Артём Сергеевич;2023-01-27;Москва;Telegram
200528;Гасанов Марат Юрьевич;2023-11-28;Челябинск;VK Ads
200529;Киселёв Александр Михайловна;2024-04-19;Сургут;Organic
200530;Алиев Глеб Владимировна;2024-02-05;Златоуст;Direct
200531;Морозов Эдуард Андреевич;2023-06-23;Миасс;Direct
200532;Голубев Полина Александровна;2023-05-24;Челябинск;Yandex Ads
200533;Котов Эмиль Владимировна;2024-02-03;Оренбург;VK Ads
200534;Ибрагимов Маргарита Викторович;2024-05-02;Тюмень;Direct
200535;Белов Карина Викторовна;2024-04-23;Пермь;Yandex Ads
200536;Григорьев Валерия Ивановна;2023-04-28;Копейск;VK Ads
200537;Гарипов Юрий Ивановна;2023-06-16;Челябинск;VK Ads
200538;Баранов Динара Андреевич;2024-04-11;Челябинск;Organic
200539;Комаров Аделина Иванович;2023-11-04;Челябинск;Yandex Ads
200540;Виноградов Виктор Олегович;2024-07-29;Екатеринбург;Yandex Ads
200541;Филатов Мария Юрьевич;2023-10-03;Сургут;Organic
200542;Попов Артур Павлович;2023-12-27;Челябинск;Direct
200543;Фёдоров Антон Дмитриевич;2024-06-08;Копейск;Direct
200544;Белов Константин Андреевич;2023-11-18;Челябинск;Direct
200545;Комаров Вадим Николаевна;2023-04-27;Челябинск;Yandex Ads
200546;Капустин Вероника Сергеевна;2023-04-19;Копейск;Telegram
200547;Лазарев Евгений Юрьевич;2023-11-13;Тюмень;VK Ads
200548;Сергеев Марат Сергеевич;2023-06-07;Челябинск;Direct
200549;Орлов Игорь Игоревна;2023-03-16;Челябинск;Organic
200550;Куликов Ярослав Евгеньевна;2023-08-10;Москва;Organic
200551;Баранов Ольга Иванович;2023-09-28;Пермь;Yandex Ads
200552;Ахметов Константин Романовна;2024-07-09;Челябинск;Yandex Ads
200553;Беляев Даниил Михайлович;2023-10-03;Челябинск;Direct
200554;Кузьмин Глеб Сергеевич;2024-04-10;Челябинск;Organic
200555;Морозов Артём Романович;2024-04-21;Магнитогорск;Yandex Ads
200556;Афанасьев Гузель Владимировна;2023-09-21;Челябинск;VK Ads
200557;Шин Дарья Олегович;2024-07-31;Челябинск;VK Ads
200558;Исмаилов Аделина Игоревна;2023-01-25;Миасс;Referral
200559;Жуков Карен Викторович;2023-11-29;Новосибирск;Yandex Ads
200560;Петросян Максим Олегович;2024-06-06;Екатеринбург;Organic
200561;Яковлев Валерий Олегович;2023-03-09;Челябинск;Referral
200562;Борисов Марат Владимирович;2023-03-14;Златоуст;Organic
200563;Куликов Илья Сергеевич;2023-10-01;Челябинск;Direct
200564;Лебедев Тигран Андреевич;2024-05-18;Челябинск;Telegram
200565;Афанасьев Денис Павловна;2024-02-10;Челябинск;Yandex Ads
200566;Ахметжанов Антон Николаевич;2024-06-29;Копейск;Direct
200567;Белов Борис Николаевна;2024-01-20;Челябинск;Yandex Ads
200568;Котов Андрей Алексеевич;2024-04-05;Уфа;VK Ads
200569;Назаров Светлана Александрович;2023-09-03;Челябинск;Email
200570;Тарасов Фёдор Михайловна;2023-06-09;Пермь;Direct
200571;Исмаилов Елена Владимировна;2023-03-05;Самара;Telegram
200572;Павлов Дарья Романович;2023-05-27;Челябинск;Referral
200573;Абдуллаев Аделина Павловна;2023-06-22;Екатеринбург;Organic
200574;Кузнецов Арсен Евгеньевна;2024-06-08;Магнитогорск;VK Ads
200575;Орлов Кристина Игоревич;2023-09-21;Челябинск;Organic
200576;Мельник Милана Дмитриевна;2023-02-13;Новосибирск;Yandex Ads
200577;Ахметов Дарья Алексеевич;2024-03-09;Челябинск;VK Ads
200578;Титов Глеб Игоревна;2024-05-08;Тюмень;Yandex Ads
200579;Сеитов Светлана Игоревна;2023-05-07;Магнитогорск;Organic
200580;Сорокин Светлана Николаевич;2024-04-13;Пермь;VK Ads
200581;Никитин Николай Антонович;2023-12-24;Копейск;Direct
200582;Котов Алексей Олеговна;2024-04-24;Челябинск;Telegram
200583;Ковалёв Маргарита Николаевна;2023-11-06;Челябинск;Direct
200584;Новиков Алина Андреевич;2023-06-18;Уфа;Organic
200585;Григорьев Андрей Алексеевна;2023-07-19;Ижевск;Organic
200586;Бондаренко Тимур Олегович;2024-06-30;Челябинск;Direct
200587;Юсупов Ярослав Дмитриевич;2024-08-24;Копейск;Organic
200588;Сафин Эмиль Сергеевич;2023-07-31;Челябинск;Organic
200589;Валеев Кристина Евгеньевна;2024-02-22;Копейск;Yandex Ads
200590;Кравченко Борис Владимировна;2024-04-25;Златоуст;Email
200591;Ершов Ирина Юрьевич;2023-02-03;Челябинск;Referral
200592;Васильев Мария Сергеевна;2023-02-21;Челябинск;VK Ads
200593;Медведев Наталья Иванович;2023-06-15;Копейск;Referral
200594;Герасимов Надежда Иванович;2024-08-25;Челябинск;VK Ads
200595;Киселёв Лейла Павлович;2023-02-19;Копейск;Organic
200596;Виноградов Ирина Ивановна;2023-06-22;Златоуст;Telegram
200597;Мельник Андрей Павлович;2024-02-19;Челябинск;Direct
200598;Тарасов Денис Олегович;2024-02-15;Москва;Yandex Ads
200599;Омаров Полина Михайловна;2023-06-13;Курган;Organic
200600;Сорокин Мария Евгеньевна;2024-02-08;Нижневартовск;Direct
200601;Лебедев Вероника Евгеньевич;2023-04-18;Златоуст;Telegram
200602;Быков Амина Иванович;2024-08-19;Уфа;Organic
200603;Фролов Наталья Евгеньевич;2023-05-18;Сургут;Telegram
200604;Белов Николай Игоревич;2023-09-03;Москва;Yandex Ads
200605;Кузнецов Евгения Андреевич;2023-11-16;Челябинск;Yandex Ads
200606;Пономарёв Арсен Олеговна;2024-06-24;Миасс;Yandex Ads
200607;Ткаченко Ярослав Александровна;2023-03-02;Миасс;Direct
200608;Сеитов Николай Владимировна;2023-12-24;Сургут;Yandex Ads
200609;Борисов Карен Олеговна;2024-06-27;Челябинск;Direct
200610;Матвеев Ксения Игоревич;2024-05-24;Оренбург;Direct
200611;Петросян Анна Алексеевич;2024-03-18;Тюмень;VK Ads
200612;Титов Динара Викторович;2023-12-25;Екатеринбург;Referral
200613;Комаров Павел Романовна;2023-04-24;Челябинск;Referral
200614;Алексеев Роман Ивановна;2023-05-05;Челябинск;Yandex Ads
200615;Воробьёв Динара Викторовна;2024-01-26;Челябинск;Email
200616;Денисов Аделина Евгеньевна;2023-08-18;Челябинск;VK Ads
200617;Власов Юрий Олеговна;2024-02-22;Тюмень;Organic
200618;Бойко Георгий Андреевна;2024-05-02;Челябинск;Telegram
200619;Кадыров Олег Сергеевич;2024-06-08;Златоуст;Direct
200620;Михайлов Екатерина Олеговна;2023-12-06;Екатеринбург;Organic
200621;Сафонов Даниил Романович;2023-10-02;Челябинск;Yandex Ads
200622;Морозов Мария Михайлович;2024-06-03;Москва;Direct
200623;Абдуллаев Николай Дмитриевич;2023-01-10;Миасс;VK Ads
200624;Семёнов Карен Алексеевич;2024-04-18;Самара;Yandex Ads
200625;Сергеев Вера Сергеевна;2024-03-17;Миасс;Telegram
200626;Сафин Иван Андреевич;2023-09-26;Челябинск;Referral
200627;Данилов Диана Александрович;2024-06-12;Челябинск;VK Ads
200628;Белов Полина Юрьевич;2023-03-25;Челябинск;Organic
200629;Петросян Виктор Михайлович;2023-06-25;Челябинск;Yandex Ads
200630;Борисов Роман Николаевич;2023-09-04;Курган;VK Ads
200631;Захаров Карина Евгеньевич;2023-12-11;Москва;Organic
200632;Козлов Сергей Сергеевна;2023-06-23;Пермь;VK Ads
200633;Власов Артём Александрович;2023-11-13;Копейск;Direct
200634;Михайлов Валерия Владимировна;2023-03-11;Челябинск;VK Ads
200635;Наумов Светлана Олегович;2023-02-01;Челябинск;Direct
200636;Котов Софья Юрьевич;2024-02-02;Копейск;Organic
200637;Кудрявцев Егор Владимирович;2024-08-16;Оренбург;Direct
200638;Григорьев Артур Владимировна;2024-01-21;Копейск;Organic
200639;Коваленко Михаил Михайловна;2023-03-15;Челябинск;Telegram
200640;Морозов Владимир Андреевич;2023-02-04;Уфа;Email
200641;Мухаметшин Карен Алексеевна;2023-02-20;Казань;Direct
200642;Алексеев Валерий Дмитриевич;2023-09-10;Магнитогорск;Yandex Ads
200643;Савченко Игорь Алексеевна;2023-02-24;Казань;Telegram
200644;Васильев Алёна Андреевна;2023-11-23;Казань;VK Ads
200645;Сеитов Вероника Дмитриевич;2024-03-12;Магнитогорск;Organic
200646;Гусев Борис Владимировна;2024-07-12;Магнитогорск;Referral
200647;Ткаченко Динара Дмитриевич;2023-05-31;Уфа;Organic
200648;Пономарёв Айгуль Александровна;2023-12-25;Пермь;Organic
200649;Сергеев Илья Дмитриевна;2024-08-06;Челябинск;Organic
200650;Ильин Ольга Антонович;2024-01-07;Екатеринбург;VK Ads
200651;Медведев Анна Сергеевич;2023-05-17;Челябинск;Organic
200652;Гончаренко Наталья Иванович;2023-04-19;Тюмень;VK Ads
200653;Фомин Иван Павлович;2024-07-06;Ижевск;Direct
200654;Соловьёв Тимур Михайловна;2023-08-14;Сургут;Yandex Ads
200655;Поляков Ольга Михайловна;2024-02-21;Екатеринбург;Direct
200656;Егоров Тимур Николаевич;2024-06-04;Челябинск;Yandex Ads
200657;Козлов Евгения Андреевна;2024-01-28;Челябинск;Direct
200658;Бондаренко Никита Сергеевич;2023-02-19;Миасс;Direct
200659;Шин Валерия Алексеевна;2024-03-20;Златоуст;Organic
200660;Филатов Борис Сергеевна;2024-01-24;Копейск;Direct
200661;Цветков Светлана Андреевич;2024-05-15;Пермь;Yandex Ads
200662;Мельник Вадим Владимировна;2023-04-20;Магнитогорск;Direct
200663;Егоров Вероника Антонович;2023-08-19;Челябинск;Organic
200664;Филатов Дарья Дмитриевич;2024-02-10;Челябинск;Organic
200665;Соловьёв Николай Андреевич;2023-09-10;Магнитогорск;Yandex Ads
200666;Андреев Андрей Игоревна;2024-02-26;Уфа;Yandex Ads
200667;Цой Светлана Сергеевна;2023-08-16;Челябинск;Telegram
200668;Нуржанов Лейла Павловна;2024-06-01;Копейск;Organic
200669;Акопян Фёдор Игоревич;2023-12-20;Челябинск;Yandex Ads
200670;Зайцев Аделина Иванович;2024-01-28;Челябинск;VK Ads
200671;Бекетов Константин Иванович;2023-01-14;Курган;Organic
200672;Юн Светлана Олегович;2023-12-22;Копейск;Direct
200673;Гарипов Евгений Юрьевна;2024-02-02;Магнитогорск;Direct
200674;Юсупов Зарина Александровна;2023-05-19;Магнитогорск;Telegram
200675;Гусев Анастасия Михайлович;2024-02-12;Копейск;Direct
200676;Степанов Полина Александрович;2023-10-15;Новосибирск;Telegram
200677;Котов Александр Владимировна;2024-03-15;Челябинск;VK Ads
200678;Киселёв Павел Игоревич;2023-07-11;Пермь;Referral
200679;Быков Вера Олеговна;2024-05-05;Челябинск;VK Ads
200680;Сорокин Айгуль Евгеньевич;2024-01-06;Челябинск;Yandex Ads
200681;Гарипов Ярослав Юрьевна;2023-11-02;Копейск;Yandex Ads
200682;Мельник Анастасия Алексеевна;2024-06-27;Челябинск;VK Ads
200683;Тулеев Анна Романович;2023-01-25;Челябинск;Organic
200684;Ахметов Дарья Сергеевна;2023-05-16;Челябинск;VK Ads
200685;Андреев Иван Александрович;2024-04-16;Челябинск;Yandex Ads
200686;Тулеев Тигран Антонович;2023-04-06;Екатеринбург;Yandex Ads
200687;Мухаметшин Владимир Романовна;2024-05-10;Тюмень;Organic
200688;Кузьмин Эдуард Александрович;2024-06-30;Челябинск;VK Ads
200689;Хабибуллин Евгения Николаевич;2024-08-14;Тюмень;Email
200690;Алиев Владимир Павловна;2024-08-08;Челябинск;Organic
200691;Мирзоян Татьяна Алексеевна;2024-06-25;Челябинск;Referral
200692;Комаров Надежда Павлович;2023-09-01;Копейск;VK Ads
200693;Зайцев Валерия Сергеевна;2023-01-13;Санкт-Петербург;Email
200694;Бойко Алёна Павлович;2024-02-25;Сургут;Direct
200695;Алексеев Татьяна Александрович;2023-01-29;Челябинск;Yandex Ads
200696;Мамедов Светлана Сергеевна;2023-12-11;Магнитогорск;Yandex Ads
200697;Котов Максим Николаевна;2023-04-25;Златоуст;Organic
200698;Морозов Вероника Владимировна;2024-05-19;Златоуст;Email
200699;Наумов Максим Владимировна;2023-09-19;Челябинск;Organic
200700;Гасанов Марат Михайловна;2023-03-26;Пермь;Organic
200701;Куликов Арсен Олеговна;2023-11-23;Челябинск;VK Ads
200702;Тен Сергей Игоревна;2023-04-26;Челябинск;Telegram
200703;Белов Георгий Викторовна;2023-01-04;Челябинск;Telegram
200704;Оганесян Юлия Сергеевна;2023-04-24;Челябинск;Yandex Ads
200705;Ким Евгений Алексеевна;2023-07-24;Казань;Telegram
200706;Сеитов Зарина Дмитриевич;2023-08-26;Уфа;Organic
200707;Ильин Марат Романович;2024-05-03;Челябинск;VK Ads
200708;Борисов Дарья Михайлович;2023-03-04;Пермь;Yandex Ads
200709;Филатов Юрий Алексеевна;2023-04-25;Копейск;Organic
200710;Денисов Эдуард Владимировна;2024-07-16;Магнитогорск;Yandex Ads
200711;Бекетов Даниил Владимирович;2024-03-13;Казань;VK Ads
200712;Нуржанов Даниил Юрьевна;2023-10-13;Магнитогорск;VK Ads
200713;Власов Наталья Олегович;2023-06-09;Магнитогорск;Organic
200714;Аветисян Виктория Андреевич;2023-02-25;Челябинск;VK Ads
200715;Бондаренко Павел Николаевич;2024-01-03;Копейск;Referral
200716;Киселёв Лилия Олеговна;2024-02-28;Пермь;Organic
200717;Сафин Кирилл Михайлович;2023-09-29;Челябинск;Referral
200718;Матвеев Алексей Романовна;2023-10-01;Челябинск;Yandex Ads
200719;Мухаметшин Карен Викторовна;2024-02-13;Челябинск;Yandex Ads
200720;Егоров Тимур Игоревна;2023-05-31;Казань;VK Ads
200721;Рябов Лилия Сергеевич;2023-04-19;Челябинск;Email
200722;Хабибуллин Элина Юрьевна;2024-01-14;Челябинск;Direct
200723;Матвеев Георгий Юрьевич;2024-05-28;Курган;Yandex Ads
200724;Тулеев Сергей Михайловна;2024-05-16;Челябинск;Yandex Ads
200725;Ильин Екатерина Евгеньевич;2023-06-07;Челябинск;Telegram
200726;Белов Фёдор Юрьевич;2024-02-12;Курган;Email
200727;Миронов Руслан Игоревич;2023-02-21;Нижневартовск;Yandex Ads
200728;Герасимов Вадим Павлович;2023-02-07;Челябинск;VK Ads
200729;Лазарев Ирина Иванович;2024-06-29;Екатеринбург;Direct
200730;Капустин Светлана Павловна;2023-12-26;Миасс;Direct
200731;Беляев Карен Игоревна;2024-02-23;Екатеринбург;VK Ads
200732;Медведев Диана Александрович;2023-12-01;Оренбург;Organic
200733;Кондратьев Лилия Владимировна;2024-03-05;Копейск;Direct
200734;Соловьёв Денис Иванович;2024-03-09;Тюмень;Direct
200735;Беляев Арсен Андреевич;2023-07-30;Ижевск;Organic
200736;Новиков Виктория Олеговна;2023-10-05;Курган;Yandex Ads
200737;Сеитов Вадим Николаевна;2023-06-09;Челябинск;Direct
200738;Лебедев Надежда Алексеевна;2023-03-27;Миасс;Organic
200739;Медведев Лилия Дмитриевич;2023-11-27;Уфа;Organic
200740;Сафин Марина Игоревич;2024-02-26;Екатеринбург;Organic
200741;Котов Евгения Ивановна;2023-01-15;Уфа;VK Ads
200742;Тен Эмиль Михайлович;2023-06-09;Уфа;Direct
200743;Шин Ксения Олеговна;2023-06-17;Копейск;Yandex Ads
200744;Ткаченко Вадим Дмитриевна;2023-12-28;Миасс;Direct
200745;Аветисян Карен Романовна;2024-02-23;Челябинск;Direct
200746;Денисов Екатерина Романовна;2024-04-14;Челябинск;Organic
200747;Киселёв Алина Александровна;2023-07-01;Челябинск;Telegram
200748;Кузнецов Дарья Юрьевна;2023-02-16;Нижневартовск;VK Ads
200749;Мартиросян Кристина Михайлович;2024-03-24;Санкт-Петербург;Organic
200750;Новиков Илья Евгеньевна;2023-05-05;Уфа;Yandex Ads
200751;Кадыров Евгения Дмитриевна;2024-08-21;Копейск;Yandex Ads
200752;Садыков Кристина Николаевна;2023-01-24;Челябинск;Organic
200753;Мартиросян Наталья Романович;2023-01-19;Миасс;Yandex Ads
200754;Исмаилов Марат Евгеньевна;2023-02-20;Тюмень;Organic
200755;Тен Динара Андреевна;2024-01-13;Екатеринбург;Organic
200756;Медведев Аделина Евгеньевна;2023-09-20;Копейск;Telegram
200757;Алексеев Валерия Евгеньевна;2023-10-14;Челябинск;Organic
200758;Куликов Мария Романович;2023-05-29;Челябинск;Direct
200759;Гарипов Денис Романович;2023-08-09;Казань;Email
200760;Шарипов Ксения Андреевна;2023-03-12;Санкт-Петербург;VK Ads
200761;Хабибуллин Алина Сергеевич;2023-05-05;Магнитогорск;Direct
200762;Беляев Тигран Романович;2024-01-07;Оренбург;Direct
200763;Захаров Олег Романовна;2023-08-13;Оренбург;Direct
200764;Ибрагимов Анна Алексеевна;2024-08-07;Пермь;Email
200765;Маслов Денис Олеговна;2024-04-09;Миасс;VK Ads
200766;Хабибуллин Самвел Павлович;2024-01-25;Пермь;Yandex Ads
200767;Ахметов Фёдор Алексеевна;2024-08-11;Сургут;VK Ads
200768;Быков Валерий Дмитриевич;2023-10-05;Челябинск;Direct
200769;Виноградов Марат Александрович;2024-03-27;Миасс;Email
200770;Петров Полина Николаевич;2024-02-01;Копейск;Yandex Ads
200771;Никитин Аделина Алексеевна;2024-01-09;Челябинск;Direct
200772;Денисов Игорь Александрович;2023-02-05;Копейск;VK Ads
200773;Гончаренко Оксана Алексеевич;2024-04-09;Самара;Referral
200774;Романов Владимир Викторовна;2023-11-15;Миасс;Direct
200775;Чернов Арсен Романович;2024-01-23;Челябинск;Yandex Ads
200776;Жуков Софья Николаевна;2023-04-08;Челябинск;Referral
200777;Мирзоян Юлия Евгеньевич;2024-06-22;Копейск;Direct
200778;Волков Ирина Викторовна;2024-08-22;Миасс;Organic
200779;Ахметжанов Марат Михайлович;2023-04-01;Миасс;Yandex Ads
200780;Сеитов Виктория Антонович;2024-05-31;Оренбург;Referral
200781;Михайлов Борис Игоревич;2023-01-07;Екатеринбург;Telegram
200782;Григорян Юлия Алексеевна;2023-12-28;Екатеринбург;Referral
200783;Матвеев Антон Ивановна;2024-03-27;Златоуст;Referral
200784;Сафин Виктория Михайловна;2023-01-19;Златоуст;Direct
200785;Ткаченко Мария Антонович;2024-01-29;Челябинск;Organic
200786;Беляев Кристина Андреевна;2023-04-13;Санкт-Петербург;VK Ads
200787;Волков Диана Александровна;2023-06-29;Уфа;Referral
200788;Сергеев Лейла Дмитриевна;2023-06-20;Челябинск;Referral
200789;Белов Вера Викторовна;2024-07-27;Пермь;Organic
200790;Данилов Дарья Алексеевна;2023-07-21;Миасс;Yandex Ads
200791;Назаров Наталья Павлович;2023-03-15;Уфа;Organic
200792;Сафонов Николай Михайлович;2023-05-27;Златоуст;Organic
200793;Матвеев Дмитрий Павлович;2023-11-25;Сургут;VK Ads
200794;Белов Руслан Александрович;2023-12-22;Екатеринбург;Telegram
200795;Щербаков Дарья Игоревич;2024-08-10;Тюмень;Organic
200796;Аветисян Анастасия Олеговна;2023-04-11;Казань;Yandex Ads
200797;Кондратьев Надежда Дмитриевич;2024-02-08;Челябинск;Referral
200798;Галимов Яна Владимировна;2023-04-20;Миасс;Direct
200799;Соловьёв Егор Ивановна;2023-03-22;Нижневартовск;Organic
200800;Сеитов Александр Дмитриевна;2024-05-19;Уфа;Direct
200801;Алиев Надежда Александровна;2023-12-14;Челябинск;Direct
200802;Титов Игорь Олеговна;2024-01-06;Екатеринбург;Organic
200803;Ким Алёна Владимировна;2024-06-07;Копейск;Direct
200804;Мельник Диана Викторовна;2023-01-12;Копейск;Organic
200805;Нуриев Юрий Иванович;2023-04-26;Казань;Direct
200806;Фёдоров Дмитрий Антонович;2023-06-20;Златоуст;VK Ads
200807;Захаров Юлия Андреевич;2023-06-03;Челябинск;Direct
200808;Быков Артур Юрьевна;2023-03-02;Челябинск;Organic
200809;Миронов Сергей Александрович;2023-02-25;Челябинск;Yandex Ads
200810;Михайлов Вадим Юрьевич;2023-08-05;Челябинск;Direct
200811;Коваленко Эдуард Александрович;2024-05-02;Челябинск;Direct
200812;Ибрагимов Надежда Евгеньевич;2024-06-08;Челябинск;Direct
200813;Тен Юрий Романович;2024-04-07;Москва;Organic
200814;Романов Егор Дмитриевич;2023-09-09;Челябинск;Organic
200815;Пономарёв Ирина Андреевна;2024-07-06;Златоуст;Yandex Ads
200816;Егоров Егор Владимирович;2023-06-22;Самара;VK Ads
200817;Белов Виктор Викторович;2024-06-08;Миасс;Referral
200818;Мельник Борис Павлович;2024-01-04;Магнитогорск;Telegram
200819;Сулейманов Валерия Ивановна;2024-03-24;Копейск;VK Ads
200820;Новиков Вадим Николаевна;2023-10-20;Челябинск;Direct
200821;Арутюнян Надежда Викторович;2023-01-23;Копейск;Organic
200822;Григорьев Элина Юрьевич;2023-06-12;Челябинск;Yandex Ads
200823;Тен Оксана Олегович;2023-03-12;Магнитогорск;Direct
200824;Касымов Диана Дмитриевна;2023-06-15;Сургут;Direct
200825;Павлов Николай Юрьевна;2023-08-26;Златоуст;Yandex Ads
200826;Маслов Ольга Антонович;2023-03-19;Челябинск;Yandex Ads
200827;Михайлов Артур Павлович;2023-07-19;Екатеринбург;Organic
200828;Хасанов Маргарита Александровна;2024-04-17;Пермь;Organic
200829;Мамедов Кристина Иванович;2024-03-19;Магнитогорск;Organic
200830;Киселёв Никита Юрьевич;2023-04-16;Уфа;Telegram
200831;Медведев Маргарита Юрьевна;2023-12-05;Нижневартовск;Organic
200832;Соболев Фёдор Николаевич;2023-09-29;Челябинск;Email
200833;Ибрагимов Яна Юрьевич;2023-10-09;Челябинск;Organic
200834;Фомин Наталья Игоревна;2023-06-09;Челябинск;Organic
200835;Захаров Аделина Николаевна;2024-07-15;Челябинск;Organic
200836;Поляков Тигран Михайловна;2023-05-15;Екатеринбург;Direct
200837;Титов Диана Евгеньевна;2023-12-16;Челябинск;VK Ads
200838;Медведев Ирина Игоревна;2023-07-21;Челябинск;Organic
200839;Новиков Вероника Игоревна;2024-05-06;Копейск;Email
200840;Кондратьев Софья Романовна;2024-03-13;Челябинск;VK Ads
200841;Кузнецов Алексей Андреевна;2023-03-07;Челябинск;Direct
200842;Ахметов Светлана Евгеньевна;2023-03-06;Челябинск;Organic
200843;Сорокин Кирилл Алексеевич;2024-03-22;Уфа;Telegram
200844;Орлов Лилия Викторовна;2024-08-01;Миасс;Direct
200845;Оганесян Марат Павлович;2023-02-02;Сургут;Yandex Ads
200846;Сеитов Оксана Игоревич;2024-08-13;Санкт-Петербург;Direct
200847;Галимов Лилия Сергеевич;2023-04-10;Копейск;Organic
200848;Герасимов Амина Сергеевна;2023-06-22;Челябинск;Yandex Ads
200849;Сорокин Диана Андреевич;2023-06-23;Пермь;Organic
200850;Юн Дарья Сергеевич;2023-06-19;Миасс;Direct
200851;Цой Игорь Евгеньевна;2024-07-05;Копейск;VK Ads
200852;Абрамян Ксения Владимировна;2024-08-09;Копейск;Organic
200853;Бондаренко Константин Михайлович;2023-07-20;Нижневартовск;Organic
200854;Хабибуллин Глеб Дмитриевич;2024-03-28;Миасс;Telegram
200855;Васильев Денис Павловна;2024-05-16;Оренбург;VK Ads
200856;Цветков Наталья Михайлович;2023-09-29;Челябинск;Referral
200857;Ершов Николай Андреевна;2024-08-03;Пермь;Referral
200858;Лебедев Ирина Михайловна;2023-09-05;Копейск;VK Ads
200859;Васильев Полина Игоревич;2023-03-12;Магнитогорск;Organic
200860;Гасанов Роман Евгеньевич;2023-06-17;Магнитогорск;Referral
200861;Шевченко Андрей Евгеньевич;2023-01-14;Копейск;Email
200862;Тарасенко Татьяна Алексеевна;2024-08-05;Курган;Organic
200863;Беляев Арсен Сергеевич;2024-07-30;Екатеринбург;Email
200864;Маслов Оксана Иванович;2024-07-12;Челябинск;Organic
200865;Козлов Амина Павлович;2024-08-13;Копейск;Telegram
200866;Сафин Айгуль Юрьевна;2023-07-27;Копейск;Yandex Ads
200867;Гусев Артём Иванович;2024-05-08;Златоуст;Telegram
200868;Фролов Ольга Александрович;2023-01-17;Челябинск;Organic
200869;Медведев Наталья Дмитриевна;2023-11-15;Челябинск;Organic
200870;Макаров Ксения Алексеевна;2023-03-18;Челябинск;Direct
200871;Лебедев Виктор Николаевич;2023-04-18;Челябинск;Direct
200872;Арутюнян Мария Викторовна;2024-06-03;Екатеринбург;Telegram
200873;Миронов Арсен Александровна;2023-09-21;Сургут;Yandex Ads
200874;Жумабаев Даниил Ивановна;2024-01-26;Челябинск;Telegram
200875;Рябов Юлия Дмитриевна;2023-05-20;Челябинск;Organic
200876;Тарасов Артём Дмитриевна;2023-07-08;Сургут;Organic
200877;Фомин Марина Александрович;2023-09-01;Москва;Yandex Ads
200878;Юн Кристина Андреевич;2024-02-08;Уфа;Email
200879;Пономарёв Елена Антонович;2023-01-12;Челябинск;Organic
200880;Поляков Татьяна Романовна;2023-09-02;Екатеринбург;VK Ads
200881;Алиев Ярослав Александровна;2023-01-26;Челябинск;Direct
200882;Голубев Юлия Владимирович;2023-09-14;Магнитогорск;VK Ads
200883;Лазарев Софья Алексеевич;2023-09-05;Курган;Organic
200884;Нуриев Егор Юрьевич;2024-02-04;Москва;Organic
200885;Соколов Евгения Юрьевна;2023-03-14;Златоуст;Yandex Ads
200886;Сеитов Самвел Юрьевич;2023-10-13;Копейск;VK Ads
200887;Касымов Артём Михайлович;2023-02-24;Курган;Referral
200888;Борисов Софья Алексеевич;2024-04-11;Челябинск;Yandex Ads
200889;Ершов Вадим Олегович;2023-02-19;Уфа;Telegram
200890;Борисов Игорь Викторович;2024-04-06;Копейск;Organic
200891;Ильин Виктор Павловна;2024-01-08;Санкт-Петербург;Organic
200892;Шарипов Алёна Андреевич;2024-04-22;Челябинск;Referral
200893;Ибрагимов Игорь Андреевна;2024-02-11;Челябинск;Organic
200894;Тулеев Карина Иванович;2024-07-29;Екатеринбург;Organic
200895;Герасимов Дмитрий Ивановна;2024-08-14;Челябинск;Organic
200896;Борисов Лейла Юрьевич;2023-08-12;Копейск;VK Ads
200897;Наумов Дмитрий Павлович;2023-09-21;Челябинск;VK Ads
200898;Воробьёв Станислав Николаевна;2024-03-12;Оренбург;Referral
200899;Юсупов Карен Юрьевна;2024-02-25;Сургут;Organic
200900;Саркисян Эмиль Антонович;2024-04-17;Челябинск;Organic
200901;Кузьмин Алёна Викторовна;2023-11-07;Пермь;Yandex Ads
200902;Романов Милана Викторовна;2023-07-04;Магнитогорск;Yandex Ads
200903;Козлов Артур Игоревна;2023-06-20;Магнитогорск;Yandex Ads
200904;Пак Роман Александровна;2023-11-16;Челябинск;Organic
200905;Исмаилов Станислав Юрьевич;2024-01-17;Пермь;Organic
200906;Куликов Ольга Евгеньевич;2024-08-06;Копейск;Organic
200907;Наумов Аделина Юрьевна;2024-08-05;Уфа;Organic
200908;Павлов Юрий Сергеевич;2024-05-01;Челябинск;Email
200909;Жумабаев Тимур Александрович;2024-04-15;Москва;Direct
200910;Титов Марат Олеговна;2023-08-22;Курган;VK Ads
200911;Мамедов Вероника Александровна;2024-06-25;Магнитогорск;Yandex Ads
200912;Воробьёв Елена Романовна;2024-02-24;Магнитогорск;Organic
200913;Титов Елена Андреевна;2024-05-03;Уфа;Direct
200914;Лазарев Фёдор Антонович;2023-05-17;Златоуст;Yandex Ads
200915;Петросян Эмиль Викторович;2023-10-23;Миасс;VK Ads
200916;Омаров Марат Иванович;2023-02-26;Ижевск;Yandex Ads
200917;Гончаренко Амина Александрович;2024-02-28;Челябинск;Direct
200918;Гусев Егор Павлович;2024-02-14;Челябинск;Referral
200919;Мельник Светлана Юрьевич;2023-12-18;Миасс;Referral
200920;Юн Диана Владимирович;2024-03-17;Челябинск;Organic
200921;Богданов Ольга Игоревич;2023-02-04;Челябинск;Organic
200922;Сеитов Георгий Юрьевна;2023-05-05;Тюмень;Telegram
200923;Гасанов Александр Павловна;2023-08-24;Миасс;Direct
200924;Рахимов Алина Дмитриевич;2024-07-11;Тюмень;Direct
200925;Орлов Илья Иванович;2023-11-08;Челябинск;VK Ads
200926;Сорокин Александр Михайловна;2023-03-12;Челябинск;Telegram
200927;Поляков Евгения Сергеевна;2024-08-29;Челябинск;Yandex Ads
200928;Петров Аделина Андреевич;2023-06-13;Москва;Direct
200929;Ткаченко Вера Иванович;2023-08-27;Уфа;Telegram
200930;Мкртчян Елена Олеговна;2023-08-17;Ижевск;Direct
200931;Зайцев Дарья Романович;2023-10-20;Пермь;Organic
200932;Кудрявцев Тигран Игоревич;2024-03-03;Магнитогорск;Yandex Ads
200933;Пономарёв Светлана Михайловна;2024-08-12;Златоуст;Telegram
200934;Саркисян Даниил Дмитриевич;2024-01-30;Казань;Organic
200935;Лебедев Тимур Павлович;2024-07-24;Челябинск;Organic
200936;Коваленко Екатерина Игоревна;2024-03-22;Копейск;Organic
200937;Ткаченко Элина Викторович;2023-03-24;Челябинск;Direct
200938;Ткаченко Милана Игоревич;2024-05-09;Тюмень;VK Ads
200939;Васильев Станислав Владимировна;2023-06-14;Копейск;Yandex Ads
200940;Соколов Полина Алексеевна;2023-01-17;Челябинск;Organic
200941;Кудрявцев Руслан Сергеевна;2023-01-18;Челябинск;Direct
200942;Маслов Александр Сергеевна;2023-07-07;Екатеринбург;Organic
200943;Бондаренко Дмитрий Михайлович;2023-02-20;Магнитогорск;Yandex Ads
200944;Шарипов Владимир Николаевна;2024-04-14;Челябинск;Direct
200945;Шарипов Никита Сергеевич;2023-06-27;Новосибирск;Organic
200946;Сергеев Ксения Романовна;2024-07-01;Челябинск;Organic
200947;Смирнов Наталья Владимировна;2024-05-15;Тюмень;Direct
200948;Волков Алина Романовна;2024-04-08;Екатеринбург;Direct
200949;Ибрагимов Алина Евгеньевна;2023-02-04;Магнитогорск;Yandex Ads
200950;Мартиросян Денис Николаевна;2023-01-30;Уфа;Email
200951;Григорьев Тимур Владимировна;2023-07-08;Челябинск;Referral
200952;Цветков Марина Михайлович;2023-12-18;Челябинск;Organic
200953;Кузьмин Зарина Владимировна;2023-09-19;Магнитогорск;Yandex Ads
200954;Фролов Никита Сергеевич;2023-01-24;Челябинск;Organic
200955;Жуков Айгуль Иванович;2024-01-07;Тюмень;VK Ads
200956;Акопян Денис Олегович;2023-12-19;Челябинск;VK Ads
200957;Гасанов Артур Алексеевна;2023-05-28;Тюмень;Yandex Ads
200958;Ибрагимов Ирина Павловна;2023-02-20;Челябинск;Organic
200959;Мухаметшин Дмитрий Михайлович;2023-04-27;Магнитогорск;Telegram
200960;Юн Алёна Викторович;2023-07-27;Новосибирск;Organic
200961;Иванов Марат Юрьевна;2024-05-13;Копейск;Direct
200962;Григорян Даниил Николаевич;2023-09-01;Копейск;Organic
200963;Гончаренко Диана Викторовна;2024-04-07;Челябинск;Organic
200964;Никитин Яна Игоревна;2024-02-01;Челябинск;Direct
200965;Филатов Эмиль Романович;2023-11-17;Челябинск;Direct
200966;Сафонов Кристина Викторовна;2023-05-21;Уфа;Organic
200967;Акопян Юлия Евгеньевна;2023-05-20;Златоуст;Yandex Ads
200968;Куликов Карина Владимировна;2023-06-02;Челябинск;VK Ads
200969;Григорян Вадим Ивановна;2024-01-06;Уфа;Organic
200970;Зайцев Николай Владимировна;2024-07-24;Челябинск;Direct
200971;Сергеев Лейла Романович;2023-12-25;Пермь;Telegram
200972;Афанасьев Егор Александровна;2023-06-11;Казань;Referral
200973;Нуриев Глеб Юрьевна;2023-07-15;Сургут;VK Ads
200974;Бондаренко Борис Евгеньевна;2023-09-08;Уфа;Direct
200975;Григорьев Георгий Романовна;2023-04-18;Челябинск;Organic
200976;Абдуллаев Станислав Викторовна;2024-05-22;Миасс;Telegram
200977;Бекетов Карина Викторовна;2023-01-24;Челябинск;Direct
200978;Королёв Вадим Владимирович;2024-05-04;Челябинск;Organic
200979;Жуков Вера Юрьевич;2024-02-12;Уфа;Email
200980;Ли Диана Дмитриевич;2024-05-02;Москва;Organic
200981;Кузнецов Элина Павлович;2023-04-24;Оренбург;Direct
200982;Сорокин Алина Романовна;2024-08-10;Сургут;Direct
200983;Быков Диана Андреевна;2023-05-09;Оренбург;Yandex Ads
200984;Мухаметшин Алёна Андреевич;2023-01-25;Магнитогорск;Organic
200985;Ким Андрей Андреевич;2023-08-07;Копейск;VK Ads
200986;Сафонов Элина Олеговна;2024-08-30;Сургут;VK Ads
200987;Фролов Дарья Михайловна;2023-06-17;Курган;Telegram
200988;Акопян Денис Владимирович;2024-03-27;Сургут;VK Ads
200989;Фролов Алёна Игоревич;2024-01-18;Челябинск;Yandex Ads
200990;Пономарёв Наталья Олеговна;2024-08-22;Курган;Yandex Ads
200991;Смирнов Илья Викторович;2023-04-29;Копейск;Yandex Ads
200992;Арутюнян Оксана Евгеньевна;2024-03-13;Челябинск;Yandex Ads
200993;Голубев Марат Павлович;2023-06-20;Магнитогорск;Direct
200994;Морозов Ирина Сергеевич;2024-07-14;Копейск;Organic
200995;Мирзоян Константин Владимировна;2024-03-06;Челябинск;Yandex Ads
200996;Соколов Дарья Олеговна;2023-07-02;Екатеринбург;Yandex Ads
200997;Сорокин Максим Юрьевич;2023-03-18;Пермь;Yandex Ads
200998;Саркисян Вадим Николаевна;2024-05-08;Миасс;VK Ads
200999;Мкртчян Никита Юрьевна;2023-05-03;Челябинск;Telegram
201000;Гарипов Динара Иванович;2024-03-28;Санкт-Петербург;Organic
201001;Соколов Арсен Алексеевич;2023-03-22;Копейск;Email
201002;Акопян Алёна Дмитриевич;2024-04-02;Магнитогорск;Referral
201003;Исмаилов Кристина Олегович;2023-01-18;Копейск;Organic
201004;Волков Глеб Романович;2023-01-28;Челябинск;Email
201005;Сеитов Руслан Юрьевна;2023-07-12;Екатеринбург;Yandex Ads
201006;Кондратьев Лейла Сергеевич;2023-09-25;Казань;Telegram
201007;Белов Антон Владимировна;2024-01-13;Челябинск;Direct
201008;Савченко Вадим Антонович;2024-08-23;Копейск;Organic
201009;Бойко Ксения Андреевич;2023-12-24;Челябинск;Direct
201010;Гусев Виктор Ивановна;2024-07-06;Уфа;Organic
201011;Герасимов Диана Юрьевич;2023-09-02;Златоуст;Yandex Ads
201012;Бондаренко Ольга Игоревна;2023-10-02;Оренбург;VK Ads
201013;Абрамян Вера Романовна;2023-12-04;Тюмень;VK Ads
201014;Новиков Карина Олегович;2024-02-16;Челябинск;VK Ads
201015;Чернов Надежда Викторович;2023-03-13;Копейск;Yandex Ads
201016;Власов Кристина Алексеевич;2023-06-27;Тюмень;Organic
201017;Семёнов Дмитрий Дмитриевич;2024-02-12;Челябинск;Telegram
201018;Комаров Никита Викторович;2024-04-03;Челябинск;Organic
201019;Садыков Маргарита Викторович;2023-02-07;Магнитогорск;VK Ads
201020;Арутюнян Даниил Юрьевич;2024-04-08;Москва;Yandex Ads
201021;Григорьев Ирина Евгеньевна;2023-01-31;Челябинск;Direct
201022;Шин Даниил Михайловна;2024-05-06;Тюмень;Organic
201023;Чернов Юлия Андреевна;2023-12-03;Самара;Direct
201024;Быков Лилия Александрович;2024-01-29;Сургут;Direct
201025;Каримов Софья Викторович;2024-03-01;Златоуст;Telegram
201026;Ибрагимов Борис Александровна;2024-03-20;Челябинск;Telegram
201027;Смирнов Карина Павлович;2023-08-12;Москва;Organic
201028;Мирзоян Виктор Игоревич;2024-07-21;Копейск;Referral
201029;Юн Валерия Михайловна;2024-03-01;Москва;Email
201030;Оганесян Тимур Антонович;2024-03-28;Челябинск;Direct
201031;Наумов Марина Михайлович;2023-08-16;Челябинск;Organic
201032;Богданов Екатерина Антонович;2023-05-22;Пермь;Organic
201033;Кудрявцев Александр Иванович;2024-08-09;Челябинск;Telegram
201034;Ли Станислав Николаевна;2023-08-15;Екатеринбург;VK Ads
201035;Сафонов Георгий Сергеевич;2024-03-06;Копейск;Email
201036;Юн Анастасия Викторовна;2023-10-07;Миасс;Yandex Ads
201037;Тулеев Виктория Викторович;2023-07-21;Челябинск;Direct
201038;Нуриев Вера Владимировна;2023-09-22;Копейск;Organic
201039;Ковалёв Олег Михайловна;2023-01-20;Копейск;Organic
201040;Омаров Фёдор Викторовна;2023-03-22;Миасс;Direct
201041;Гарипов Кристина Антонович;2023-02-21;Копейск;Organic
201042;Медведев Вадим Викторович;2023-04-30;Челябинск;Referral
201043;Назаров Георгий Иванович;2024-06-03;Челябинск;Direct
201044;Мартиросян Диана Владимировна;2024-07-28;Челябинск;Referral
201045;Мирзоян Владимир Андреевна;2023-08-30;Челябинск;Yandex Ads
201046;Сафин Ирина Андреевич;2024-08-25;Казань;Organic
201047;Тарасенко Светлана Александровна;2023-03-26;Челябинск;Direct
201048;Кравченко Денис Павлович;2023-05-06;Копейск;Organic
201049;Шин Марина Сергеевна;2024-06-23;Златоуст;Organic
201050;Петров Валерия Павловна;2023-07-24;Тюмень;Organic
201051;Мартиросян Анна Андреевна;2023-04-03;Уфа;Organic
201052;Беляев Руслан Олеговна;2024-08-22;Челябинск;Telegram
201053;Капустин Никита Александровна;2023-05-13;Магнитогорск;Organic
201054;Медведев Дарья Викторовна;2023-10-08;Тюмень;Direct
201055;Комаров Светлана Дмитриевич;2023-12-21;Магнитогорск;Organic
201056;Каримов Евгений Владимирович;2023-08-09;Екатеринбург;Direct
201057;Афанасьев Амина Александровна;2023-11-21;Челябинск;Organic
201058;Андреев Евгения Владимирович;2023-04-11;Челябинск;Telegram
201059;Михайлов Екатерина Павловна;2023-12-06;Уфа;VK Ads
201060;Матвеев Мария Павловна;2023-12-02;Уфа;Organic
201061;Сафин Руслан Владимировна;2024-06-17;Челябинск;Organic
201062;Бекетов Екатерина Михайловна;2023-07-08;Челябинск;Organic
201063;Сорокин Руслан Викторовна;2023-02-16;Челябинск;Yandex Ads
201064;Андреев Яна Александрович;2024-05-24;Самара;Organic
201065;Щербаков Виктор Игоревна;2024-08-15;Уфа;Yandex Ads
201066;Маслов Ярослав Михайловна;2024-03-01;Челябинск;Organic
201067;Белов Карен Владимирович;2024-04-10;Челябинск;Yandex Ads
201068;Жумабаев Оксана Романович;2024-01-03;Магнитогорск;Yandex Ads
201069;Михайлов Виктория Викторович;2024-04-01;Магнитогорск;Organic
201070;Бекетов Александр Дмитриевна;2024-08-06;Москва;Direct
201071;Ершов Маргарита Игоревич;2024-04-18;Челябинск;Yandex Ads
201072;Тулеев Карина Романович;2023-12-11;Челябинск;Direct
201073;Кондратьев Тигран Дмитриевич;2024-06-06;Миасс;VK Ads
201074;Куликов Ольга Романович;2024-06-11;Челябинск;Direct
201075;Савченко Милана Иванович;2023-07-20;Самара;Organic
201076;Мкртчян Сергей Юрьевна;2023-06-03;Миасс;Organic
201077;Логинов Николай Викторович;2023-11-29;Уфа;Yandex Ads
201078;Сеитов Виктор Николаевич;2024-07-07;Златоуст;Organic
201079;Попов Ирина Андреевна;2023-03-10;Уфа;Organic
201080;Максимов Руслан Дмитриевна;2023-09-29;Пермь;Yandex Ads
201081;Алиев Антон Викторович;2024-08-13;Челябинск;Direct
201082;Рахимов Лилия Николаевич;2023-01-23;Екатеринбург;Referral
201083;Тарасов Маргарита Романович;2024-02-19;Оренбург;VK Ads
201084;Щербаков Зарина Сергеевна;2024-01-10;Миасс;Yandex Ads
201085;Лазарев Ксения Дмитриевич;2024-02-04;Челябинск;Organic
201086;Нуриев Андрей Викторовна;2023-04-23;Копейск;Referral
201087;Котов Тимур Викторовна;2024-05-21;Копейск;Organic
201088;Ткаченко Марат Юрьевич;2023-09-06;Курган;Yandex Ads
201089;Садыков Сергей Павлович;2023-10-22;Челябинск;Organic
201090;Кадыров Гузель Олеговна;2023-09-17;Челябинск;Yandex Ads
201091;Коваленко Марат Романовна;2023-02-01;Челябинск;Referral
201092;Бекетов Константин Евгеньевна;2024-03-17;Копейск;Yandex Ads
201093;Сорокин Ирина Игоревна;2024-03-30;Миасс;Referral
201094;Быков Светлана Антонович;2023-11-30;Магнитогорск;Direct
201095;Нуриев Анастасия Ивановна;2024-06-11;Пермь;Direct
201096;Павлов Георгий Сергеевич;2023-11-06;Ижевск;Yandex Ads
201097;Зайцев Ольга Владимировна;2023-09-11;Магнитогорск;Organic
201098;Пономарёв Вадим Андреевич;2023-10-12;Челябинск;Yandex Ads
201099;Киселёв Айгуль Сергеевна;2024-01-01;Пермь;Organic
201100;Орлов Максим Дмитриевна;2024-02-12;Челябинск;VK Ads
201101;Сергеев Екатерина Романовна;2023-10-17;Челябинск;Direct
201102;Алиев Артём Евгеньевна;2023-12-28;Миасс;VK Ads
201103;Назаров Станислав Юрьевич;2024-02-10;Челябинск;Organic
201104;Козлов Артём Евгеньевич;2023-10-24;Челябинск;Yandex Ads
201105;Аветисян Мария Павлович;2024-08-15;Челябинск;VK Ads
201106;Сафин Антон Игоревна;2023-10-10;Москва;Organic
201107;Кравченко Наталья Викторович;2024-02-12;Челябинск;Telegram
201108;Абрамян Олег Алексеевич;2024-05-11;Челябинск;VK Ads
201109;Андреев Георгий Дмитриевич;2024-02-26;Новосибирск;Direct
201110;Соловьёв Никита Алексеевич;2023-06-13;Новосибирск;Yandex Ads
201111;Данилов Георгий Андреевна;2023-10-29;Челябинск;Organic
201112;Сафонов Тимур Юрьевна;2023-07-15;Тюмень;Referral
201113;Орлов Екатерина Алексеевич;2024-03-28;Тюмень;Email
201114;Чернов Вадим Олеговна;2023-12-17;Москва;Organic
201115;Орлов Игорь Андреевич;2024-01-07;Миасс;Direct
201116;Соколов Станислав Николаевич;2023-11-22;Москва;Direct
201117;Валеев Глеб Сергеевна;2023-05-10;Москва;Direct
201118;Кузьмин Ольга Юрьевна;2023-04-05;Курган;Organic
201119;Филатов Тигран Дмитриевна;2023-03-30;Тюмень;Organic
201120;Пак Максим Дмитриевич;2024-05-07;Екатеринбург;Organic
201121;Шин Мария Андреевна;2023-02-25;Челябинск;Organic
201122;Ильин Ярослав Александровна;2023-05-30;Екатеринбург;Yandex Ads
201123;Тарасенко Борис Сергеевна;2023-02-23;Златоуст;Referral
201124;Сафин Ксения Юрьевич;2024-07-31;Копейск;Organic
201125;Алексеев Валерия Павловна;2023-05-25;Челябинск;VK Ads
201126;Куликов Алина Павловна;2024-06-22;Новосибирск;Organic
201127;Савченко Илья Романовна;2023-05-16;Челябинск;Direct
201128;Мартиросян Артём Владимировна;2023-12-26;Златоуст;Yandex Ads
201129;Абдуллаев Георгий Николаевич;2024-01-23;Уфа;Direct
201130;Мамедов Айгуль Алексеевич;2023-09-28;Копейск;Organic
201131;Жумабаев Динара Андреевна;2023-06-16;Челябинск;Organic
201132;Омаров Виктория Михайлович;2023-02-20;Челябинск;Organic
201133;Фёдоров Лейла Олегович;2023-10-25;Копейск;VK Ads
201134;Маслов Амина Иванович;2024-01-12;Челябинск;Organic
201135;Андреев Виктория Михайлович;2024-02-11;Челябинск;Direct
201136;Галимов Евгений Олегович;2023-07-20;Новосибирск;Direct
201137;Тен Елена Павлович;2024-08-04;Копейск;Yandex Ads
201138;Ткаченко Надежда Юрьевна;2024-05-09;Миасс;Direct
201139;Мкртчян Антон Михайлович;2024-04-02;Магнитогорск;Organic
201140;Захаров Милана Михайлович;2023-08-28;Тюмень;Organic
201141;Исмаилов Георгий Сергеевна;2023-09-06;Пермь;VK Ads
201142;Нуриев Алина Алексеевна;2023-09-05;Казань;Organic
201143;Орлов Элина Алексеевна;2023-07-09;Магнитогорск;Yandex Ads
201144;Абдуллаев Валерия Юрьевна;2023-12-11;Челябинск;Organic
201145;Каримов Алексей Юрьевич;2023-11-21;Екатеринбург;Referral
201146;Савченко Амина Александровна;2024-02-07;Ижевск;Telegram
201147;Фомин Ирина Юрьевич;2024-08-22;Челябинск;VK Ads
201148;Иванов Маргарита Викторович;2023-05-18;Москва;Referral
201149;Быков Юлия Николаевич;2023-09-04;Екатеринбург;Telegram
201150;Денисов Марина Дмитриевна;2023-06-10;Челябинск;Direct
201151;Михайлов Фёдор Викторовна;2023-12-22;Миасс;Email
201152;Ершов Яна Сергеевна;2023-08-19;Копейск;Telegram
201153;Мамедов Борис Андреевна;2024-02-23;Копейск;VK Ads
201154;Валеев Лилия Сергеевич;2023-05-24;Уфа;Organic
201155;Титов Яна Евгеньевна;2023-03-01;Казань;Direct
201156;Орлов Марат Александрович;2024-05-20;Ижевск;Direct
201157;Соловьёв Георгий Игоревна;2023-12-07;Уфа;VK Ads
201158;Капустин Георгий Дмитриевич;2023-10-06;Москва;Email
201159;Комаров Софья Юрьевна;2024-02-05;Челябинск;Direct
201160;Ильин Юрий Андреевна;2024-01-25;Курган;Direct
201161;Алиев Милана Павлович;2024-01-26;Екатеринбург;Direct
201162;Сафин Вадим Иванович;2024-04-16;Курган;Organic
201163;Семёнов Кристина Андреевна;2024-07-22;Челябинск;Direct
201164;Кондратьев Валерия Игоревна;2024-03-01;Копейск;Direct
201165;Максимов Илья Владимирович;2023-03-05;Оренбург;Organic
201166;Быков Денис Николаевна;2023-09-18;Челябинск;Organic
201167;Нуржанов Диана Сергеевич;2024-03-06;Уфа;Yandex Ads
201168;Власов Виктория Михайловна;2024-08-05;Миасс;Email
201169;Коваленко Елена Алексеевич;2023-09-10;Курган;Yandex Ads
201170;Поляков Кирилл Михайловна;2023-05-11;Магнитогорск;Direct
201171;Белов Андрей Викторович;2023-10-16;Челябинск;Organic
201172;Воробьёв Ирина Николаевич;2023-04-05;Челябинск;Organic
201173;Орлов Даниил Михайловна;2024-01-14;Уфа;Organic
201174;Хасанов Ирина Сергеевна;2023-09-27;Казань;Referral
201175;Соловьёв Евгений Евгеньевна;2023-12-13;Челябинск;Yandex Ads
201176;Волков Павел Викторович;2023-12-21;Москва;Direct
201177;Цветков Фёдор Игоревич;2023-04-24;Сургут;Organic
201178;Сеитов Кирилл Олеговна;2024-07-28;Златоуст;Telegram
201179;Макаров Илья Юрьевна;2024-04-08;Челябинск;Referral
201180;Белов Георгий Юрьевна;2023-07-29;Челябинск;Direct
201181;Павлов Ирина Сергеевна;2023-02-02;Санкт-Петербург;Organic
201182;Морозов Светлана Юрьевич;2024-08-07;Курган;Direct
201183;Нуржанов Артур Александровна;2023-10-19;Уфа;Direct
201184;Пономарёв Элина Дмитриевич;2024-04-03;Челябинск;Organic
201185;Маслов Лилия Павловна;2023-11-25;Тюмень;Yandex Ads
201186;Ковалёв Вадим Юрьевич;2023-06-16;Челябинск;Direct
201187;Хабибуллин Олег Игоревна;2023-08-31;Пермь;Referral
201188;Петросян Денис Александрович;2024-06-10;Магнитогорск;Yandex Ads
201189;Цветков Виктория Игоревна;2024-08-20;Копейск;Yandex Ads
201190;Садыков Дмитрий Иванович;2024-01-31;Челябинск;Telegram
201191;Бондаренко Кирилл Евгеньевич;2024-08-05;Копейск;Referral
201192;Оганесян Светлана Романовна;2024-08-26;Челябинск;Telegram
201193;Ильин Глеб Михайловна;2024-04-17;Тюмень;Organic
201194;Гусев Валерия Юрьевна;2023-08-01;Челябинск;Organic
201195;Кудрявцев Глеб Андреевич;2023-06-01;Пермь;Yandex Ads
201196;Ершов Динара Игоревич;2024-06-04;Миасс;Direct
201197;Соболев Амина Игоревич;2023-02-04;Копейск;Telegram
201198;Яковлев Карина Иванович;2023-02-07;Тюмень;Yandex Ads
201199;Сафин Вера Сергеевна;2023-03-28;Челябинск;Organic
201200;Савченко Сергей Владимировна;2023-04-28;Челябинск;Organic
201201;Захаров Фёдор Юрьевич;2023-03-01;Челябинск;Organic
201202;Акопян Аделина Викторовна;2023-01-09;Миасс;Organic
201203;Афанасьев Дарья Павловна;2023-01-05;Уфа;Organic
201204;Нуржанов Глеб Викторовна;2024-07-25;Челябинск;Yandex Ads
201205;Смирнов Анна Дмитриевич;2023-06-09;Миасс;Organic
201206;Ильин Виктория Юрьевна;2023-01-02;Пермь;Direct
201207;Власов Денис Андреевич;2023-06-05;Магнитогорск;Direct
201208;Белов Станислав Юрьевич;2024-02-26;Екатеринбург;Referral
201209;Саркисян Дмитрий Олеговна;2024-04-10;Челябинск;Direct
201210;Мамедов Антон Владимирович;2024-08-23;Копейск;VK Ads
201211;Денисов Вера Андреевна;2023-12-25;Челябинск;Direct
201212;Лебедев Самвел Николаевич;2023-04-29;Казань;Direct
201213;Рахимов Артём Олеговна;2024-08-06;Копейск;Organic
201214;Ахметов Елена Андреевна;2023-02-18;Курган;Telegram
201215;Юсупов Олег Александрович;2023-07-30;Магнитогорск;Organic
201216;Киселёв Татьяна Игоревич;2023-11-27;Магнитогорск;Email
201217;Исмаилов Константин Владимировна;2023-01-05;Челябинск;Telegram
201218;Савченко Ксения Сергеевна;2024-05-16;Курган;Telegram
201219;Андреев Арсен Павлович;2023-03-07;Екатеринбург;Organic
201220;Юн Ольга Владимирович;2024-02-07;Екатеринбург;Referral
201221;Ли Николай Андреевна;2023-10-03;Челябинск;Telegram
201222;Медведев Эдуард Романович;2023-03-06;Пермь;Yandex Ads
201223;Акопян Лилия Иванович;2024-07-17;Челябинск;Organic
201224;Лазарев Глеб Павлович;2023-01-27;Копейск;Email
201225;Денисов Кристина Романовна;2024-07-09;Магнитогорск;Telegram
201226;Сергеев Руслан Андреевна;2023-03-12;Екатеринбург;Direct
201227;Лазарев Владимир Павлович;2023-12-28;Курган;Organic
201228;Пономарёв Арсен Евгеньевна;2024-02-12;Тюмень;Organic
201229;Котов Михаил Игоревич;2024-05-04;Златоуст;Telegram
201230;Мельник Владимир Владимировна;2023-12-14;Магнитогорск;Direct
201231;Тулеев Юлия Юрьевич;2024-01-16;Уфа;Yandex Ads
201232;Исмаилов Игорь Романович;2023-12-12;Челябинск;Referral
201233;Яковлев Светлана Антонович;2023-02-12;Сургут;Organic
201234;Герасимов Юрий Александровна;2023-05-27;Уфа;Organic
201235;Сорокин Николай Николаевна;2023-01-02;Копейск;Yandex Ads
201236;Шин Виктория Михайловна;2023-04-14;Челябинск;Direct
201237;Смирнов Роман Владимировна;2023-05-30;Москва;Direct
201238;Мкртчян Амина Романович;2023-01-25;Магнитогорск;Organic
201239;Тулеев Георгий Евгеньевна;2023-05-29;Копейск;VK Ads
201240;Петров Алёна Евгеньевич;2023-03-13;Магнитогорск;Direct
201241;Лазарев Лейла Евгеньевна;2023-10-24;Пермь;Yandex Ads
201242;Абрамян Антон Андреевна;2023-07-18;Курган;Organic
201243;Петросян Светлана Романовна;2023-04-01;Челябинск;Organic
201244;Мамедов Михаил Андреевна;2024-08-06;Пермь;Email
201245;Сорокин Игорь Дмитриевич;2024-06-21;Челябинск;Organic
201246;Королёв Надежда Андреевич;2023-11-28;Пермь;Direct
201247;Никитин Павел Игоревна;2024-06-29;Курган;Yandex Ads
201248;Абрамян Сергей Дмитриевна;2023-01-30;Москва;Organic
201249;Зайцев Фёдор Владимировна;2023-08-30;Челябинск;Direct
201250;Киселёв Дарья Александрович;2023-01-17;Челябинск;Yandex Ads
201251;Хабибуллин Евгения Романовна;2023-11-12;Москва;Yandex Ads
201252;Рахимов Борис Иванович;2023-08-08;Екатеринбург;VK Ads
201253;Коваленко Валерий Алексеевна;2024-06-08;Пермь;Email
201254;Кадыров Николай Викторович;2023-11-18;Челябинск;Organic
201255;Королёв Светлана Александрович;2023-02-17;Челябинск;Telegram
201256;Шарипов Илья Евгеньевич;2024-06-24;Миасс;Organic
201257;Нуриев Денис Евгеньевна;2024-03-09;Челябинск;Organic
201258;Фролов Глеб Евгеньевич;2024-04-09;Пермь;Organic
201259;Григорьев Лилия Павлович;2023-08-14;Челябинск;VK Ads
201260;Нуржанов Валерия Романович;2023-10-19;Челябинск;Organic
201261;Абдуллаев Роман Ивановна;2023-07-22;Миасс;Direct
201262;Королёв Зарина Андреевич;2023-01-22;Курган;Organic
201263;Новиков Айгуль Александрович;2024-08-19;Челябинск;Direct
201264;Абрамян Арсен Игоревич;2023-12-10;Пермь;Referral
201265;Мартиросян Руслан Антонович;2023-12-06;Пермь;VK Ads
201266;Богданов Борис Дмитриевна;2024-03-14;Магнитогорск;Email
201267;Богданов Анна Юрьевич;2023-10-31;Уфа;Email
201268;Назаров Милана Владимирович;2024-06-08;Тюмень;Referral
201269;Герасимов Алексей Александровна;2023-03-26;Копейск;Organic
201270;Мкртчян Анна Иванович;2023-05-30;Копейск;Organic
201271;Лебедев Артур Михайловна;2024-06-03;Челябинск;Organic
201272;Егоров Надежда Юрьевна;2023-12-10;Екатеринбург;Referral
201273;Королёв Юрий Сергеевич;2024-07-19;Ижевск;Telegram
201274;Макаров Лилия Викторовна;2024-01-30;Магнитогорск;Yandex Ads
201275;Рахимов Ярослав Андреевна;2023-09-04;Челябинск;Yandex Ads
201276;Ким Элина Александровна;2024-02-17;Екатеринбург;Yandex Ads
201277;Филатов Станислав Евгеньевна;2023-06-21;Тюмень;Direct
201278;Васильев Яна Дмитриевич;2023-10-02;Магнитогорск;Direct
201279;Ершов Дмитрий Антонович;2023-08-28;Уфа;Email
201280;Оганесян Даниил Викторович;2023-08-25;Челябинск;Direct
201281;Васильев Игорь Юрьевна;2024-04-28;Челябинск;Referral
201282;Морозов Кристина Александровна;2023-07-29;Челябинск;Organic
201283;Каримов Маргарита Сергеевич;2024-03-01;Челябинск;Organic
201284;Саркисян Игорь Алексеевна;2023-01-17;Челябинск;Yandex Ads
201285;Фролов Вера Викторович;2023-12-01;Челябинск;Telegram
201286;Юн Марина Павловна;2023-07-26;Сургут;Organic
201287;Куликов Вера Игоревич;2023-04-07;Челябинск;Organic
201288;Егоров Борис Александрович;2023-01-12;Челябинск;Yandex Ads
201289;Капустин Элина Олеговна;2024-07-14;Екатеринбург;Direct
201290;Мартиросян Карина Михайловна;2023-06-04;Тюмень;Organic
201291;Ковалёв Игорь Андреевна;2023-09-24;Екатеринбург;Organic
201292;Кудрявцев Денис Александровна;2024-07-17;Челябинск;Organic
201293;Хабибуллин Андрей Павловна;2023-09-01;Пермь;Referral
201294;Герасимов Карина Иванович;2024-01-26;Златоуст;Organic
201295;Кравченко Владимир Юрьевна;2023-01-02;Челябинск;Organic
201296;Тулеев Михаил Викторовна;2023-11-03;Челябинск;Organic
201297;Ковалёв Андрей Викторович;2024-06-16;Тюмень;VK Ads
201298;Ахметов Лилия Павловна;2023-12-07;Курган;Direct
201299;Мартиросян Евгения Евгеньевич;2023-04-19;Пермь;Telegram
201300;Голубев Никита Павловна;2023-06-03;Челябинск;Telegram
201301;Капустин Лейла Алексеевна;2023-01-27;Пермь;Organic
201302;Гасанов Михаил Иванович;2024-02-04;Челябинск;Yandex Ads
201303;Быков Диана Олеговна;2024-01-06;Уфа;Yandex Ads
201304;Козлов Игорь Олегович;2024-07-31;Магнитогорск;Yandex Ads
201305;Тарасенко Динара Михайловна;2023-11-25;Тюмень;Organic
201306;Орлов Вера Юрьевич;2024-07-21;Челябинск;Referral
201307;Абрамян Полина Романовна;2023-11-14;Екатеринбург;Organic
201308;Беляев Кристина Евгеньевна;2023-01-08;Магнитогорск;Yandex Ads
201309;Бекетов Ольга Павловна;2023-08-14;Миасс;Organic
201310;Ахметов Анастасия Олеговна;2024-08-17;Курган;VK Ads
201311;Макаров Фёдор Сергеевна;2024-04-15;Магнитогорск;Organic
201312;Иванов Зарина Олеговна;2023-05-11;Миасс;Yandex Ads
201313;Егоров Марат Николаевич;2023-06-22;Челябинск;Organic
201314;Оганесян Оксана Игоревич;2024-04-08;Москва;Organic
201315;Семёнов Наталья Павлович;2023-01-29;Москва;Direct
201316;Виноградов Владимир Дмитриевна;2023-11-11;Казань;Organic
201317;Кузьмин Денис Олеговна;2024-08-01;Копейск;Email
201318;Савченко Валерий Романовна;2024-04-26;Челябинск;Organic
201319;Егоров Айгуль Иванович;2023-03-23;Казань;Direct
201320;Бойко Борис Юрьевич;2023-03-09;Копейск;VK Ads
201321;Романов Гузель Олегович;2023-02-19;Екатеринбург;Telegram
201322;Кузнецов Глеб Александрович;2023-07-22;Казань;Telegram
201323;Борисов Лилия Романовна;2024-07-12;Челябинск;Telegram
201324;Иванов Алёна Дмитриевна;2024-03-09;Тюмень;Organic
201325;Соколов Полина Романович;2023-03-03;Златоуст;Yandex Ads
201326;Егоров Павел Владимировна;2024-01-20;Челябинск;Yandex Ads
201327;Кондратьев Алёна Павлович;2023-10-20;Челябинск;Yandex Ads
201328;Ткаченко Марина Антонович;2023-05-13;Челябинск;Direct
201329;Титов Вероника Владимировна;2023-01-17;Уфа;Organic
201330;Орлов Наталья Романовна;2024-05-04;Оренбург;Organic
201331;Маслов Кристина Викторович;2023-01-18;Челябинск;VK Ads
201332;Юсупов Георгий Олеговна;2023-11-08;Челябинск;Yandex Ads
201333;Юн Марина Юрьевна;2023-07-02;Магнитогорск;Organic
201334;Ткаченко Маргарита Ивановна;2023-02-09;Копейск;Organic
201335;Белов Вера Алексеевич;2024-05-26;Челябинск;Direct
201336;Смирнов Иван Юрьевна;2024-02-04;Челябинск;Direct
201337;Григорян Эдуард Олеговна;2024-08-11;Тюмень;Telegram
201338;Ибрагимов Виктория Иванович;2023-08-03;Челябинск;Telegram
201339;Сергеев Самвел Дмитриевна;2023-02-10;Челябинск;Telegram
201340;Шарипов Роман Романовна;2023-07-09;Челябинск;Organic
201341;Жумабаев Анна Иванович;2023-01-06;Самара;Referral
201342;Саркисян Алина Антонович;2023-03-28;Пермь;Organic
201343;Матвеев Илья Романович;2023-04-02;Челябинск;Direct
201344;Маслов Юрий Александровна;2024-03-24;Екатеринбург;Referral
201345;Михайлов Элина Юрьевна;2024-05-07;Екатеринбург;Telegram
201346;Власов Дмитрий Михайловна;2023-06-06;Челябинск;Direct
201347;Шарипов Павел Дмитриевна;2024-06-23;Уфа;Organic
201348;Баранов Ольга Алексеевич;2023-11-01;Москва;Telegram
201349;Котов Маргарита Олегович;2023-02-04;Казань;Yandex Ads
201350;Михайлов Андрей Сергеевич;2023-03-17;Челябинск;VK Ads
201351;Хабибуллин Сергей Юрьевна;2024-07-17;Курган;Direct
201352;Лазарев Вера Михайловна;2023-06-01;Уфа;Direct
201353;Мухаметшин Артур Николаевна;2024-04-15;Москва;Organic
201354;Королёв Надежда Михайловна;2023-12-13;Сургут;Organic
201355;Коваленко Юрий Сергеевич;2024-04-06;Москва;Yandex Ads
201356;Гончаренко Светлана Евгеньевич;2024-03-16;Копейск;Yandex Ads
201357;Соколов Диана Михайловна;2023-05-17;Екатеринбург;Yandex Ads
201358;Сулейманов Тигран Сергеевна;2023-08-24;Курган;Yandex Ads
201359;Шарипов Владимир Евгеньевич;2023-04-18;Уфа;Organic
201360;Петросян Анна Олегович;2023-04-17;Пермь;Direct
201361;Шин Владимир Дмитриевич;2023-12-14;Миасс;Direct
201362;Кадыров Вадим Александровна;2023-08-04;Уфа;Referral
201363;Попов Владимир Дмитриевна;2023-05-14;Самара;Direct
201364;Петросян Яна Олегович;2023-01-04;Магнитогорск;Email
201365;Лазарев Фёдор Павловна;2024-08-20;Казань;Organic
201366;Мкртчян Кристина Владимировна;2024-02-07;Копейск;Referral
201367;Цветков Эмиль Сергеевич;2023-04-06;Златоуст;Organic
201368;Соловьёв Ольга Владимировна;2024-01-11;Москва;Email
201369;Голубев Тимур Иванович;2023-03-06;Уфа;Organic
201370;Павлов Максим Александровна;2024-07-05;Челябинск;Direct
201371;Тулеев Станислав Сергеевна;2023-02-06;Копейск;VK Ads
201372;Беляев Никита Романович;2023-03-27;Тюмень;Direct
201373;Сергеев Вера Иванович;2023-09-27;Челябинск;VK Ads
201374;Тулеев Марина Михайлович;2023-06-10;Уфа;Direct
201375;Арутюнян Георгий Евгеньевич;2024-05-19;Златоуст;Direct
201376;Титов Зарина Евгеньевна;2023-08-11;Казань;Organic
201377;Кузьмин Артур Игоревич;2023-04-24;Копейск;Referral
201378;Денисов Карен Юрьевич;2024-02-20;Челябинск;VK Ads
201379;Васильев Евгений Иванович;2023-11-18;Челябинск;Direct
201380;Соболев Руслан Игоревна;2023-11-24;Копейск;Organic
201381;Гарипов Мария Павловна;2023-08-29;Новосибирск;Organic
201382;Ибрагимов Виктория Михайловна;2024-01-25;Казань;Organic
201383;Касымов Ксения Викторовна;2023-08-03;Миасс;Direct
201384;Гарипов Диана Сергеевна;2024-02-06;Челябинск;VK Ads
201385;Куликов Татьяна Дмитриевич;2023-01-13;Магнитогорск;Referral
201386;Белов Валерия Юрьевна;2023-05-13;Самара;Direct
201387;Мартиросян Зарина Александровна;2023-06-01;Нижневартовск;Direct
201388;Касымов Дмитрий Михайловна;2024-04-22;Челябинск;Referral
201389;Хабибуллин Валерий Дмитриевич;2023-09-06;Челябинск;Yandex Ads
201390;Нуржанов Эмиль Ивановна;2024-02-10;Самара;Email
201391;Сергеев Полина Дмитриевна;2024-04-19;Челябинск;Yandex Ads
201392;Мартиросян Юлия Игоревна;2023-02-05;Екатеринбург;Organic
201393;Комаров Самвел Александрович;2023-12-04;Уфа;Email
201394;Гусев Игорь Сергеевна;2024-07-12;Уфа;Yandex Ads
201395;Кравченко Ксения Николаевна;2023-05-07;Екатеринбург;VK Ads
201396;Иванов Екатерина Николаевна;2023-08-25;Златоуст;Email
201397;Козлов Сергей Александровна;2023-02-10;Копейск;Referral
201398;Сулейманов Мария Алексеевна;2023-09-11;Новосибирск;Direct
201399;Алиев Сергей Михайлович;2023-04-16;Челябинск;Organic
201400;Мартиросян Марина Алексеевна;2023-01-09;Копейск;Organic
201401;Лазарев Ирина Алексеевна;2023-01-22;Челябинск;Email
201402;Бондаренко Вероника Олегович;2023-10-31;Сургут;Direct
201403;Ли Вера Евгеньевна;2024-06-22;Казань;Organic
201404;Ким Гузель Юрьевич;2023-08-19;Челябинск;Yandex Ads
201405;Герасимов Виктория Иванович;2024-06-16;Казань;Telegram
201406;Шин Вероника Евгеньевна;2024-01-07;Челябинск;Yandex Ads
201407;Егоров Оксана Игоревна;2024-01-29;Миасс;Yandex Ads
201408;Тулеев Владимир Евгеньевич;2023-04-07;Челябинск;Referral
201409;Гончаренко Юрий Павловна;2023-02-16;Сургут;Yandex Ads
201410;Беляев Лилия Владимировна;2024-06-29;Курган;Referral
201411;Кузнецов Олег Павлович;2023-10-25;Копейск;VK Ads
201412;Цветков Артём Романович;2024-02-20;Челябинск;Organic
201413;Голубев Ярослав Владимировна;2023-12-21;Миасс;Direct
201414;Мельник Амина Олеговна;2024-04-05;Казань;Organic
201415;Жумабаев Гузель Александровна;2023-10-19;Челябинск;Telegram
201416;Мирзоян Александр Викторовна;2023-03-20;Копейск;Organic
201417;Козлов Константин Юрьевна;2024-06-23;Самара;Direct
201418;Наумов Дмитрий Юрьевич;2024-02-23;Магнитогорск;VK Ads
201419;Жуков Мария Олеговна;2023-08-15;Оренбург;Direct
201420;Логинов Мария Викторович;2023-03-12;Миасс;Yandex Ads
201421;Васильев Мария Алексеевич;2023-10-25;Нижневартовск;Direct
201422;Григорян Анастасия Михайлович;2024-02-07;Екатеринбург;Yandex Ads
201423;Комаров Игорь Евгеньевич;2023-03-14;Магнитогорск;Organic
201424;Садыков Эдуард Евгеньевич;2023-11-18;Челябинск;Organic
201425;Омаров Вадим Николаевна;2023-05-12;Самара;Yandex Ads
201426;Баранов Евгений Ивановна;2024-01-18;Нижневартовск;Email
201427;Ким Владимир Юрьевич;2024-08-10;Нижневартовск;Yandex Ads
201428;Сеитов Георгий Михайловна;2023-03-16;Самара;Yandex Ads
201429;Ким Арсен Михайлович;2023-10-24;Санкт-Петербург;Yandex Ads
201430;Щербаков Арсен Сергеевич;2023-12-27;Челябинск;Email
201431;Ли Алина Антонович;2024-01-04;Миасс;VK Ads
201432;Афанасьев Элина Дмитриевич;2023-05-16;Москва;Organic
201433;Григорян Милана Антонович;2024-06-20;Челябинск;Organic
201434;Данилов Полина Владимирович;2023-07-17;Москва;Telegram
201435;Жуков Яна Евгеньевич;2023-09-12;Новосибирск;VK Ads
201436;Кадыров Сергей Сергеевич;2024-03-15;Магнитогорск;Telegram
201437;Романов Даниил Юрьевна;2024-08-21;Москва;Direct
201438;Гасанов Яна Александрович;2023-04-05;Челябинск;Organic
201439;Петров Борис Сергеевич;2023-01-12;Челябинск;Direct
201440;Андреев Алексей Александровна;2023-12-01;Тюмень;Organic
201441;Тарасов Виктория Михайловна;2024-06-19;Челябинск;Direct
201442;Денисов Руслан Юрьевна;2023-11-13;Миасс;Organic
201443;Кадыров Юлия Ивановна;2023-01-19;Самара;Email
201444;Афанасьев Юрий Александрович;2023-06-24;Челябинск;Email
201445;Герасимов Элина Иванович;2024-07-28;Челябинск;Direct
201446;Сергеев Татьяна Олегович;2023-08-31;Челябинск;Telegram
201447;Сорокин Тимур Романович;2023-09-13;Санкт-Петербург;Organic
201448;Галимов Диана Романович;2023-05-05;Челябинск;Referral
201449;Киселёв Фёдор Александрович;2024-04-25;Челябинск;Direct
201450;Григорян Егор Дмитриевна;2023-02-20;Нижневартовск;Direct
201451;Мартиросян Гузель Дмитриевич;2024-06-01;Челябинск;Yandex Ads
201452;Ли Яна Андреевна;2023-09-20;Челябинск;Direct
201453;Соловьёв Алина Игоревич;2023-01-17;Челябинск;Email
201454;Хабибуллин Егор Николаевна;2023-09-03;Пермь;Organic
201455;Семёнов Георгий Алексеевна;2023-01-02;Миасс;Direct
201456;Ильин Вероника Евгеньевна;2024-08-07;Челябинск;Organic
201457;Фёдоров Дарья Олеговна;2023-07-20;Казань;Organic
201458;Соболев Виктор Игоревна;2023-09-03;Копейск;Organic
201459;Коваленко Игорь Николаевна;2023-05-17;Казань;Organic
201460;Филатов Никита Романович;2023-01-04;Ижевск;Organic
201461;Сулейманов Сергей Михайлович;2024-05-01;Златоуст;Referral
201462;Мельник Роман Александровна;2023-07-10;Челябинск;Email
201463;Андреев Алина Павловна;2023-02-23;Магнитогорск;Organic
201464;Нуржанов Николай Иванович;2024-02-29;Копейск;Organic
201465;Новиков Валерия Николаевна;2024-06-15;Миасс;Telegram
201466;Мартиросян Виктория Михайлович;2023-02-14;Челябинск;Direct
201467;Кузьмин Анастасия Юрьевич;2024-03-12;Златоуст;Yandex Ads
201468;Лазарев Марина Михайловна;2024-04-30;Курган;VK Ads
201469;Чернов Полина Дмитриевна;2023-03-06;Челябинск;Organic
201470;Юн Станислав Романович;2023-08-20;Копейск;Organic
201471;Исмаилов Кирилл Александровна;2024-06-27;Курган;Yandex Ads
201472;Григорьев Игорь Николаевна;2023-11-12;Челябинск;Organic
201473;Сулейманов Мария Владимирович;2023-12-09;Челябинск;Telegram
201474;Абдуллаев Аделина Владимирович;2024-05-02;Челябинск;Email
201475;Ковалёв Павел Олеговна;2024-05-18;Челябинск;Telegram
201476;Чернов Егор Викторович;2023-02-11;Златоуст;Yandex Ads
201477;Валеев Владимир Михайлович;2023-12-24;Челябинск;Email
201478;Жумабаев Илья Алексеевна;2023-06-28;Магнитогорск;Yandex Ads
201479;Виноградов Аделина Алексеевна;2024-02-16;Челябинск;Direct
201480;Зайцев Евгений Сергеевич;2024-02-26;Курган;Organic
201481;Соболев Евгения Михайлович;2024-04-26;Челябинск;Organic
201482;Мкртчян Мария Александровна;2023-04-23;Миасс;Organic
201483;Сергеев Ксения Олеговна;2023-06-03;Копейск;Yandex Ads
201484;Аветисян Евгения Антонович;2023-12-10;Челябинск;VK Ads
201485;Киселёв Юлия Александровна;2023-06-11;Миасс;Yandex Ads
201486;Нуржанов Руслан Михайлович;2023-03-26;Казань;Direct
201487;Соболев Вадим Викторович;2023-04-24;Копейск;VK Ads
201488;Валеев Артур Николаевна;2023-09-23;Тюмень;VK Ads
201489;Ибрагимов Кристина Алексеевна;2023-03-25;Миасс;Yandex Ads
201490;Омаров Диана Иванович;2023-02-06;Пермь;Organic
201491;Акопян Алёна Николаевна;2023-06-06;Челябинск;VK Ads
201492;Афанасьев Тигран Игоревна;2023-03-18;Челябинск;Organic
201493;Воробьёв Аделина Игоревич;2024-01-12;Новосибирск;Referral
201494;Гарипов Константин Романович;2023-11-09;Магнитогорск;Direct
201495;Галимов Эмиль Михайлович;2023-10-15;Копейск;VK Ads
201496;Сулейманов Никита Викторович;2023-02-17;Казань;Direct
201497;Титов Даниил Олеговна;2024-06-30;Златоуст;VK Ads
201498;Афанасьев Айгуль Романовна;2023-07-19;Москва;Yandex Ads
201499;Кудрявцев Диана Павловна;2023-01-03;Копейск;VK Ads
201500;Сорокин Алексей Юрьевич;2023-07-20;Оренбург;Referral
201501;Павлов Сергей Игоревна;2024-04-14;Челябинск;Referral
201502;Гарипов Алина Андреевич;2023-03-26;Челябинск;Yandex Ads
201503;Семёнов Яна Николаевич;2023-08-04;Миасс;Direct
201504;Михайлов Вероника Романович;2023-09-04;Копейск;Telegram
201505;Воробьёв Михаил Олегович;2024-08-03;Магнитогорск;Direct
201506;Гончаренко Валерия Евгеньевич;2024-03-21;Челябинск;Direct
201507;Галимов Оксана Юрьевич;2024-03-04;Пермь;Yandex Ads
201508;Ахметжанов Руслан Викторович;2023-06-17;Сургут;VK Ads
201509;Юн Виктор Викторович;2023-07-16;Тюмень;Organic
201510;Борисов Александр Павлович;2024-06-08;Копейск;VK Ads
201511;Семёнов Эдуард Викторовна;2023-01-20;Копейск;Referral
201512;Мельник Гузель Дмитриевна;2023-12-16;Челябинск;Referral
201513;Тарасенко Оксана Антонович;2024-05-16;Уфа;Direct
201514;Тарасов Самвел Романовна;2023-10-24;Златоуст;Direct
201515;Данилов Элина Романовна;2023-09-12;Челябинск;Direct
201516;Гарипов Элина Павловна;2023-04-13;Уфа;Direct
201517;Тарасенко Станислав Юрьевна;2023-04-23;Уфа;Organic
201518;Мухаметшин Тимур Алексеевна;2024-01-03;Челябинск;Direct
201519;Козлов Элина Михайловна;2024-06-06;Миасс;VK Ads
201520;Котов Фёдор Юрьевна;2023-08-19;Нижневартовск;Yandex Ads
201521;Абрамян Фёдор Олеговна;2024-08-06;Тюмень;Direct
201522;Григорьев Эдуард Романовна;2024-08-15;Челябинск;Yandex Ads
201523;Оганесян Денис Олегович;2024-03-20;Курган;Direct
201524;Шарипов Оксана Михайлович;2024-06-20;Челябинск;Direct
201525;Алиев Маргарита Алексеевич;2024-02-23;Челябинск;Organic
201526;Борисов Николай Романовна;2023-10-17;Челябинск;VK Ads
201527;Быков Алексей Владимирович;2023-03-21;Екатеринбург;Yandex Ads
201528;Аветисян Лейла Юрьевна;2023-11-25;Миасс;Organic
201529;Петров Никита Олегович;2023-11-09;Тюмень;Organic
201530;Ковалёв Михаил Олегович;2023-10-27;Челябинск;Direct
201531;Алексеев Денис Юрьевна;2023-12-08;Златоуст;VK Ads
201532;Алиев Дарья Романович;2024-07-04;Челябинск;Referral
201533;Котов Тигран Викторовна;2023-01-06;Пермь;Direct
201534;Тулеев Алина Юрьевна;2024-07-31;Оренбург;VK Ads
201535;Цветков Станислав Михайловна;2024-07-13;Челябинск;Organic
201536;Хасанов Денис Евгеньевич;2023-04-19;Пермь;Organic
201537;Гончаренко Кристина Николаевич;2023-05-11;Челябинск;Organic
201538;Орлов Михаил Романович;2024-07-09;Пермь;Yandex Ads
201539;Нуриев Алексей Евгеньевна;2023-02-11;Екатеринбург;Yandex Ads
201540;Новиков Глеб Сергеевич;2023-02-11;Челябинск;Direct
201541;Кравченко Олег Сергеевич;2024-08-26;Челябинск;Direct
201542;Козлов Константин Михайловна;2023-01-21;Челябинск;Email
201543;Сафин Полина Антонович;2024-01-14;Копейск;Email
201544;Нуриев Фёдор Игоревич;2024-01-25;Миасс;Direct
201545;Ильин Андрей Викторович;2023-01-18;Екатеринбург;Referral
201546;Поляков Гузель Олегович;2024-05-05;Челябинск;Referral
201547;Савченко Маргарита Павловна;2024-03-19;Курган;Referral
201548;Романов Анна Владимирович;2023-06-14;Челябинск;Direct
201549;Щербаков Елена Андреевич;2023-11-09;Челябинск;Yandex Ads
201550;Ткаченко Вадим Романовна;2024-01-21;Копейск;VK Ads
201551;Беляев Арсен Викторовна;2023-08-26;Тюмень;VK Ads
201552;Бойко Кристина Николаевна;2023-01-09;Челябинск;VK Ads
201553;Шевченко Полина Игоревна;2024-03-13;Челябинск;Organic
201554;Бекетов Алина Владимировна;2024-07-13;Челябинск;Yandex Ads
201555;Савченко Софья Дмитриевна;2023-03-31;Копейск;VK Ads
201556;Миронов Владимир Евгеньевич;2023-03-28;Копейск;Organic
201557;Назаров Кирилл Олеговна;2023-05-01;Екатеринбург;VK Ads
201558;Кузьмин Евгений Павлович;2024-03-28;Тюмень;Organic
201559;Голубев Тимур Иванович;2023-02-13;Казань;Direct
201560;Морозов Роман Андреевич;2023-05-28;Пермь;Direct
201561;Логинов Марат Игоревна;2024-06-22;Копейск;Telegram
201562;Козлов Алёна Михайлович;2024-04-16;Челябинск;Organic
201563;Ершов Татьяна Ивановна;2023-09-05;Челябинск;Organic
201564;Капустин Константин Игоревна;2024-04-10;Челябинск;Organic
201565;Нуриев Артём Евгеньевна;2023-03-23;Екатеринбург;Organic
201566;Савченко Диана Павловна;2024-06-13;Екатеринбург;Organic
201567;Савченко Николай Романович;2024-07-18;Челябинск;Yandex Ads
201568;Жумабаев Игорь Владимирович;2023-11-16;Копейск;Direct
201569;Тарасов Карина Сергеевич;2024-03-02;Миасс;Direct
201570;Королёв Полина Сергеевич;2023-04-27;Челябинск;Yandex Ads
201571;Лазарев Егор Ивановна;2023-03-09;Москва;Yandex Ads
201572;Васильев Роман Викторович;2024-07-22;Челябинск;VK Ads
201573;Воробьёв Артём Евгеньевна;2023-08-22;Москва;Organic
201574;Тулеев Артём Антонович;2023-07-04;Челябинск;Direct
201575;Романов Олег Романовна;2023-11-10;Тюмень;Yandex Ads
201576;Кондратьев Виктор Игоревич;2023-04-27;Челябинск;Direct
201577;Королёв Денис Дмитриевич;2023-07-08;Магнитогорск;Yandex Ads
201578;Гарипов Даниил Викторовна;2024-06-15;Сургут;Direct
201579;Соколов Татьяна Михайлович;2023-04-19;Миасс;Yandex Ads
201580;Аветисян Динара Ивановна;2024-06-26;Челябинск;Yandex Ads
201581;Садыков Наталья Евгеньевна;2024-06-29;Челябинск;Yandex Ads
201582;Новиков Екатерина Романовна;2023-04-08;Челябинск;Direct
201583;Ким Элина Владимирович;2024-08-27;Миасс;Direct
201584;Чернов Карина Олеговна;2024-02-15;Челябинск;Referral
201585;Исмаилов Милана Александрович;2024-06-03;Челябинск;Referral
201586;Лебедев Зарина Николаевич;2023-03-17;Миасс;Yandex Ads
201587;Беляев Лилия Олеговна;2023-11-10;Златоуст;Organic
201588;Нуржанов Ярослав Игоревна;2023-11-28;Копейск;Direct
201589;Ильин Карен Романович;2024-07-07;Магнитогорск;Organic
201590;Кузнецов Мария Владимирович;2024-04-04;Тюмень;Yandex Ads
201591;Ткаченко Амина Юрьевна;2023-10-15;Казань;Organic
201592;Иванов Станислав Павлович;2023-04-17;Копейск;Direct
201593;Тарасенко Надежда Викторовна;2023-10-03;Уфа;Organic
201594;Логинов Дарья Сергеевич;2023-10-05;Челябинск;Referral
201595;Семёнов Николай Антонович;2023-03-17;Златоуст;VK Ads
201596;Мкртчян Иван Николаевич;2023-07-21;Москва;VK Ads
201597;Поляков Татьяна Игоревич;2024-04-04;Курган;Referral
201598;Попов Карина Игоревич;2023-01-14;Челябинск;Organic
201599;Капустин Ксения Игоревич;2023-11-22;Екатеринбург;Email
201600;Кудрявцев Зарина Алексеевна;2023-12-09;Миасс;Organic
201601;Рябов Диана Дмитриевич;2024-06-04;Санкт-Петербург;Organic
201602;Новиков Тимур Романович;2024-03-22;Москва;Yandex Ads
201603;Ершов Эдуард Андреевич;2023-07-20;Курган;Direct
201604;Титов Роман Сергеевич;2023-11-08;Челябинск;VK Ads
201605;Логинов Диана Олеговна;2024-07-06;Уфа;Organic
201606;Тен Ксения Александрович;2023-06-22;Уфа;Direct
201607;Филатов Михаил Александровна;2023-10-31;Тюмень;Direct
201608;Кузнецов Валерий Викторович;2023-01-24;Миасс;Organic
201609;Кадыров Алёна Алексеевич;2023-07-16;Пермь;Telegram
201610;Ахметжанов Карина Романович;2023-01-10;Курган;Direct
201611;Кузьмин Егор Юрьевна;2023-01-11;Златоуст;Organic
201612;Тарасенко Анастасия Александрович;2023-05-15;Москва;Telegram
201613;Королёв Марина Владимирович;2024-03-28;Челябинск;Yandex Ads
201614;Королёв Кристина Иванович;2023-11-29;Миасс;Yandex Ads
201615;Шевченко Валерий Михайлович;2024-08-08;Челябинск;Organic
201616;Григорян Михаил Андреевна;2023-02-17;Миасс;Organic
201617;Лебедев Алёна Павлович;2023-08-02;Челябинск;VK Ads
201618;Мельник Лейла Романович;2023-04-25;Магнитогорск;Yandex Ads
201619;Саркисян Виктор Олеговна;2023-09-14;Копейск;Yandex Ads
201620;Соловьёв Владимир Алексеевна;2023-07-09;Екатеринбург;Organic
201621;Логинов Николай Дмитриевна;2024-07-30;Курган;VK Ads
201622;Мельник Ирина Ивановна;2023-04-29;Челябинск;Organic
201623;Рябов Карен Александрович;2023-09-28;Челябинск;Direct
201624;Матвеев Николай Иванович;2024-01-15;Челябинск;Yandex Ads
201625;Матвеев Кристина Викторович;2023-11-20;Златоуст;Organic
201626;Бойко Юрий Сергеевна;2023-08-25;Курган;Organic
201627;Сергеев Кристина Игоревич;2023-09-01;Ижевск;Yandex Ads
201628;Рябов Роман Андреевич;2023-12-09;Магнитогорск;Direct
201629;Белов Егор Владимировна;2024-04-24;Магнитогорск;Organic
201630;Котов Максим Ивановна;2023-09-29;Миасс;Organic
201631;Кузьмин Александр Сергеевич;2023-06-21;Москва;VK Ads
201632;Щербаков Станислав Владимирович;2023-07-20;Уфа;Referral
201633;Наумов Тигран Викторович;2023-03-21;Челябинск;Referral
201634;Тарасенко Андрей Александровна;2024-07-30;Челябинск;Direct
201635;Михайлов Руслан Владимирович;2023-09-02;Копейск;Yandex Ads
201636;Куликов Вера Иванович;2024-03-01;Челябинск;Organic
201637;Макаров Михаил Евгеньевна;2024-01-12;Челябинск;Yandex Ads
201638;Сафонов Станислав Александровна;2024-04-23;Челябинск;Email
201639;Котов Ирина Павловна;2023-11-01;Челябинск;Yandex Ads
201640;Куликов Виктория Андреевна;2023-01-31;Челябинск;Email
201641;Егоров Амина Олеговна;2023-11-14;Копейск;Organic
201642;Шарипов Карен Михайловна;2024-03-18;Пермь;Organic
201643;Хасанов Андрей Ивановна;2024-01-30;Оренбург;Email
201644;Оганесян Даниил Александрович;2024-06-23;Москва;Direct
201645;Гусев Владимир Иванович;2023-12-30;Екатеринбург;Yandex Ads
201646;Ткаченко Марина Сергеевна;2023-03-11;Курган;Direct
201647;Соловьёв Полина Александрович;2023-11-28;Екатеринбург;Email
201648;Сулейманов Юрий Владимирович;2023-09-09;Миасс;Organic
201649;Борисов Эдуард Викторович;2023-09-07;Москва;Direct
201650;Сеитов Вадим Викторовна;2023-09-22;Санкт-Петербург;VK Ads
201651;Маслов Диана Юрьевич;2024-03-23;Москва;Yandex Ads
201652;Пономарёв Артур Олегович;2024-02-12;Москва;Yandex Ads
201653;Богданов Ольга Романовна;2023-01-07;Тюмень;Organic
201654;Назаров Роман Владимировна;2023-10-19;Миасс;Direct
201655;Жумабаев Эдуард Владимирович;2024-05-08;Санкт-Петербург;Organic
201656;Рахимов Эмиль Викторовна;2024-05-27;Москва;Organic
201657;Кондратьев Эдуард Андреевна;2024-07-02;Уфа;Direct
201658;Кудрявцев Сергей Владимирович;2023-11-16;Челябинск;Organic
201659;Нуржанов Софья Евгеньевна;2023-03-17;Пермь;Yandex Ads
201660;Орлов Диана Андреевич;2023-10-31;Нижневартовск;Telegram
201661;Исмаилов Аделина Иванович;2024-04-22;Магнитогорск;Yandex Ads
201662;Аветисян Мария Юрьевна;2024-01-23;Тюмень;Organic
201663;Захаров Марина Николаевна;2023-09-17;Челябинск;Direct
201664;Жуков Фёдор Олегович;2023-06-13;Самара;Yandex Ads
201665;Хасанов Никита Романовна;2024-06-22;Екатеринбург;Organic
201666;Попов Никита Игоревич;2024-08-13;Челябинск;VK Ads
201667;Королёв Кристина Юрьевич;2023-10-04;Челябинск;Yandex Ads
201668;Савченко Александр Владимирович;2024-07-29;Москва;Direct
201669;Павлов Элина Романовна;2023-03-17;Челябинск;Organic
201670;Орлов Владимир Сергеевна;2023-07-08;Челябинск;Yandex Ads
201671;Соловьёв Алина Антонович;2024-08-05;Уфа;Direct
201672;Логинов Фёдор Игоревна;2024-07-13;Пермь;Yandex Ads
201673;Саркисян Валерий Олеговна;2023-07-23;Москва;Direct
201674;Арутюнян Анна Олегович;2024-08-09;Челябинск;Direct
201675;Ли Александр Романовна;2024-04-25;Копейск;Yandex Ads
201676;Яковлев Егор Николаевна;2023-05-21;Тюмень;Telegram
201677;Медведев Марина Павловна;2024-07-25;Челябинск;Organic
201678;Никитин Виктор Антонович;2023-11-20;Казань;Yandex Ads
201679;Петров Сергей Павловна;2024-05-13;Челябинск;Organic
201680;Рябов Дмитрий Олеговна;2024-01-31;Челябинск;Organic
201681;Исмаилов Юрий Андреевич;2023-01-05;Москва;Organic
201682;Шарипов Юлия Олеговна;2023-04-30;Сургут;Yandex Ads
201683;Яковлев Даниил Евгеньевич;2024-03-01;Уфа;Organic
201684;Саркисян Виктория Дмитриевич;2024-01-28;Челябинск;Direct
201685;Голубев Павел Николаевич;2024-02-04;Новосибирск;VK Ads
201686;Арутюнян Артём Ивановна;2024-08-06;Екатеринбург;VK Ads
201687;Быков Динара Антонович;2024-08-22;Курган;Yandex Ads
201688;Тулеев Яна Алексеевна;2023-12-28;Тюмень;Organic
201689;Фёдоров Оксана Романович;2024-02-27;Уфа;Organic
201690;Бойко Айгуль Сергеевич;2024-01-02;Нижневартовск;Direct
201691;Гарипов Елена Сергеевна;2023-10-31;Москва;Yandex Ads
201692;Мкртчян Анастасия Владимирович;2024-07-28;Сургут;Yandex Ads
201693;Мкртчян Мария Дмитриевна;2023-08-11;Уфа;Organic
201694;Ахметжанов Дмитрий Михайлович;2023-02-01;Челябинск;Yandex Ads
201695;Ильин Юлия Сергеевна;2023-05-31;Пермь;Organic
201696;Бойко Екатерина Николаевна;2024-08-07;Копейск;VK Ads
201697;Акопян Оксана Николаевич;2024-04-30;Магнитогорск;Direct
201698;Кудрявцев Софья Михайловна;2023-10-03;Копейск;Direct
201699;Орлов Владимир Романович;2024-04-04;Челябинск;Yandex Ads
201700;Хасанов Эдуард Игоревич;2023-11-29;Челябинск;Referral
201701;Мирзоян Михаил Александрович;2023-03-05;Златоуст;Email
201702;Соловьёв Ирина Олегович;2023-08-13;Челябинск;VK Ads
201703;Белов Марат Михайловна;2024-04-04;Курган;Organic
201704;Мельник Тимур Андреевич;2024-08-30;Тюмень;Yandex Ads
201705;Ковалёв Ксения Юрьевич;2024-04-07;Челябинск;Organic
201706;Миронов Артур Александрович;2024-06-24;Санкт-Петербург;Yandex Ads
201707;Савченко Татьяна Иванович;2024-06-25;Тюмень;Referral
201708;Капустин Милана Викторович;2023-11-18;Челябинск;Direct
201709;Тулеев Маргарита Сергеевич;2023-02-05;Оренбург;Direct
201710;Касымов Татьяна Игоревна;2023-07-04;Москва;Organic
201711;Иванов Софья Юрьевна;2023-04-15;Копейск;Direct
201712;Соколов Дмитрий Сергеевна;2023-09-05;Пермь;Organic
201713;Соловьёв Ярослав Андреевна;2024-07-06;Уфа;Organic
201714;Гусев Николай Евгеньевна;2024-01-29;Магнитогорск;Direct
201715;Алексеев Сергей Евгеньевич;2023-11-01;Челябинск;VK Ads
201716;Фомин Александр Олеговна;2023-08-16;Пермь;Telegram
201717;Сулейманов Георгий Юрьевич;2024-06-08;Уфа;VK Ads
201718;Петросян Кирилл Игоревна;2023-06-30;Уфа;VK Ads
201719;Романов Даниил Викторович;2023-06-18;Копейск;Organic
201720;Голубев Валерия Николаевна;2023-10-06;Челябинск;Direct
201721;Исмаилов Максим Евгеньевна;2024-06-04;Челябинск;Telegram
201722;Кадыров Надежда Дмитриевна;2024-02-10;Челябинск;Organic
201723;Ткаченко Зарина Юрьевич;2024-05-30;Пермь;Yandex Ads
201724;Кудрявцев Виктор Николаевич;2024-07-17;Курган;VK Ads
201725;Васильев Карен Александрович;2023-08-23;Челябинск;Referral
201726;Исмаилов Дмитрий Дмитриевич;2023-11-20;Нижневартовск;Organic
201727;Фомин Михаил Алексеевич;2024-03-03;Пермь;Organic
201728;Ахметов Вероника Николаевич;2023-04-14;Екатеринбург;Organic
201729;Виноградов Иван Романович;2023-06-13;Копейск;Direct
201730;Матвеев Маргарита Викторович;2023-08-16;Казань;Yandex Ads
201731;Киселёв Эмиль Александрович;2024-01-25;Миасс;Organic
201732;Жуков Алина Олегович;2023-09-03;Уфа;Organic
201733;Романов Андрей Михайлович;2023-04-16;Екатеринбург;VK Ads
201734;Смирнов Максим Андреевна;2023-03-26;Челябинск;VK Ads
201735;Жумабаев Екатерина Сергеевич;2024-05-29;Ижевск;Yandex Ads
201736;Коваленко Алина Антонович;2024-06-08;Челябинск;Direct
201737;Денисов Юрий Михайлович;2023-12-15;Магнитогорск;VK Ads
201738;Гарипов Павел Иванович;2023-06-10;Челябинск;Organic
201739;Герасимов Ксения Романовна;2024-06-27;Москва;Organic
201740;Орлов Ксения Сергеевна;2024-08-15;Магнитогорск;Organic
201741;Логинов Алексей Александрович;2023-08-23;Челябинск;VK Ads
201742;Захаров Роман Николаевич;2023-12-25;Курган;Telegram
201743;Виноградов Вероника Викторович;2023-07-26;Санкт-Петербург;Direct
201744;Цветков Динара Андреевич;2023-02-04;Златоуст;Referral
201745;Жуков Светлана Евгеньевна;2024-07-29;Челябинск;Direct
201746;Гусев Вероника Романович;2023-09-19;Уфа;Yandex Ads
201747;Омаров Татьяна Владимировна;2024-02-22;Челябинск;Direct
201748;Голубев Николай Андреевна;2024-01-16;Челябинск;Organic
201749;Романов Георгий Игоревна;2023-08-07;Ижевск;Yandex Ads
201750;Миронов Глеб Юрьевич;2024-08-18;Оренбург;VK Ads
201751;Сергеев Кристина Дмитриевич;2023-10-10;Магнитогорск;Yandex Ads
201752;Куликов Кирилл Евгеньевич;2023-06-26;Самара;Yandex Ads
201753;Киселёв Максим Александровна;2023-04-02;Курган;Organic
201754;Быков Оксана Дмитриевич;2023-02-25;Пермь;Direct
201755;Гасанов Лейла Сергеевич;2024-04-12;Копейск;Organic
201756;Фомин Николай Олегович;2023-03-05;Челябинск;Telegram
201757;Нуриев Вадим Алексеевна;2024-02-15;Копейск;Referral
201758;Рахимов Софья Романовна;2023-07-18;Челябинск;Organic
201759;Кудрявцев Руслан Ивановна;2023-11-20;Миасс;Organic
201760;Макаров Ирина Иванович;2024-08-19;Челябинск;Yandex Ads
201761;Мирзоян Глеб Алексеевич;2023-04-28;Ижевск;Telegram
201762;Ахметжанов Вадим Юрьевич;2023-07-26;Магнитогорск;Yandex Ads
201763;Миронов Антон Игоревна;2023-12-27;Копейск;Yandex Ads
201764;Хасанов Тигран Романовна;2023-10-14;Ижевск;VK Ads
201765;Гусев Мария Павловна;2024-04-14;Екатеринбург;Yandex Ads
201766;Волков Дмитрий Игоревна;2024-08-25;Москва;Organic
201767;Алексеев Егор Евгеньевна;2023-05-12;Самара;Direct
201768;Жуков Алина Владимирович;2024-01-10;Курган;Organic
201769;Щербаков Владимир Сергеевна;2024-01-13;Магнитогорск;Organic
201770;Ахметжанов Илья Николаевна;2023-01-25;Екатеринбург;Organic
201771;Королёв Руслан Иванович;2023-01-17;Пермь;Telegram
201772;Жумабаев Юрий Антонович;2024-03-05;Пермь;Direct
201773;Ахметжанов Надежда Игоревна;2023-01-03;Екатеринбург;Direct
201774;Денисов Анастасия Сергеевич;2023-10-09;Пермь;Organic
201775;Мартиросян Карина Дмитриевич;2024-08-08;Пермь;Organic
201776;Быков Евгений Иванович;2023-10-30;Челябинск;Organic
201777;Максимов Ольга Дмитриевич;2024-07-13;Челябинск;VK Ads
201778;Абдуллаев Алина Ивановна;2023-09-20;Магнитогорск;Direct
201779;Бекетов Вера Викторовна;2023-05-14;Копейск;Direct
201780;Щербаков Сергей Михайлович;2023-03-13;Москва;Yandex Ads
201781;Лазарев Элина Игоревич;2023-08-07;Копейск;Direct
201782;Орлов Павел Андреевич;2023-04-28;Магнитогорск;Yandex Ads
201783;Юн Александр Игоревна;2023-09-09;Челябинск;Direct
201784;Соловьёв Анна Ивановна;2023-01-17;Челябинск;Organic
201785;Фёдоров Ольга Ивановна;2023-02-02;Миасс;Organic
201786;Сорокин Антон Михайлович;2024-01-18;Копейск;Telegram
201787;Беляев Эдуард Иванович;2024-02-04;Челябинск;Referral
201788;Алиев Алёна Павловна;2023-08-03;Екатеринбург;Telegram
201789;Назаров Маргарита Олегович;2023-12-06;Челябинск;Organic
201790;Григорян Владимир Сергеевна;2023-09-11;Магнитогорск;Direct
201791;Степанов Роман Михайлович;2024-05-12;Санкт-Петербург;Organic
201792;Рябов Елена Юрьевна;2023-07-12;Тюмень;Email
201793;Цой Вероника Павловна;2024-03-31;Казань;Direct
201794;Титов Игорь Дмитриевна;2023-08-26;Магнитогорск;Email
201795;Герасимов Марина Романовна;2023-03-28;Миасс;VK Ads
201796;Макаров Тигран Александрович;2023-11-19;Пермь;VK Ads
201797;Иванов Ирина Иванович;2024-05-13;Казань;Yandex Ads
201798;Хабибуллин Тигран Ивановна;2024-04-23;Москва;Yandex Ads
201799;Титов Лилия Игоревна;2023-10-31;Москва;Organic
201800;Касымов Анна Романовна;2024-03-13;Челябинск;Email
201801;Бекетов Полина Романовна;2024-04-12;Курган;Direct
201802;Бекетов Евгения Владимирович;2023-07-10;Магнитогорск;Yandex Ads
201803;Комаров Виктор Викторович;2023-02-14;Уфа;Direct
201804;Матвеев Денис Викторовна;2024-07-19;Копейск;Organic
201805;Жуков Софья Алексеевич;2023-01-03;Челябинск;Direct
201806;Наумов Сергей Олеговна;2024-07-07;Златоуст;Organic
201807;Сергеев Фёдор Ивановна;2023-02-15;Санкт-Петербург;Organic
201808;Максимов Софья Иванович;2023-04-20;Челябинск;VK Ads
201809;Попов Марина Ивановна;2023-01-27;Златоуст;Yandex Ads
201810;Лазарев Михаил Евгеньевич;2023-09-16;Челябинск;Yandex Ads
201811;Исмаилов Анастасия Олеговна;2024-08-22;Челябинск;Direct
201812;Саркисян Роман Игоревич;2023-03-12;Пермь;Organic
201813;Фомин Аделина Юрьевич;2024-07-23;Магнитогорск;Organic
201814;Павлов Максим Викторовна;2023-01-24;Москва;Organic
201815;Фомин Даниил Викторовна;2024-03-18;Оренбург;Direct
201816;Жуков Анастасия Викторовна;2024-02-16;Самара;Organic
201817;Соколов Игорь Владимирович;2024-08-30;Копейск;VK Ads
201818;Борисов Николай Николаевна;2023-06-14;Миасс;VK Ads
201819;Смирнов Карен Дмитриевна;2023-05-29;Челябинск;Organic
201820;Чернов Полина Ивановна;2023-10-23;Казань;Organic
201821;Юн Вероника Владимирович;2023-10-05;Пермь;Telegram
201822;Герасимов Евгений Павлович;2023-07-09;Челябинск;Yandex Ads
201823;Белов Иван Евгеньевич;2023-10-10;Екатеринбург;Organic
201824;Белов Борис Михайловна;2023-02-07;Санкт-Петербург;Organic
201825;Наумов Марат Романович;2023-07-13;Тюмень;Referral
201826;Ли Дмитрий Игоревич;2024-08-28;Тюмень;Organic
201827;Капустин Юлия Михайлович;2024-06-03;Екатеринбург;Yandex Ads
201828;Андреев Наталья Михайлович;2023-01-06;Самара;Email
201829;Садыков Карен Юрьевич;2023-10-19;Челябинск;Organic
201830;Лебедев Анастасия Алексеевич;2024-03-29;Екатеринбург;Direct
201831;Григорян Олег Сергеевич;2023-01-31;Челябинск;Yandex Ads
201832;Максимов Владимир Евгеньевич;2024-08-30;Тюмень;Organic
201833;Оганесян Роман Михайлович;2023-09-25;Златоуст;Referral
201834;Хасанов Яна Владимировна;2024-08-23;Челябинск;Yandex Ads
201835;Сергеев Артём Юрьевна;2023-11-27;Копейск;Direct
201836;Белов Милана Романович;2024-01-21;Миасс;Direct
201837;Бойко Валерия Антонович;2024-06-26;Пермь;Yandex Ads
201838;Фролов Кирилл Викторович;2024-05-30;Челябинск;Yandex Ads
201839;Павлов Эдуард Александрович;2024-05-07;Челябинск;VK Ads
201840;Комаров Зарина Ивановна;2024-06-09;Копейск;Organic
201841;Орлов Станислав Викторовна;2024-05-31;Пермь;Telegram
201842;Кузьмин Оксана Иванович;2023-03-21;Уфа;Organic
201843;Петров Елена Николаевна;2024-01-31;Курган;Direct
201844;Фролов Полина Викторовна;2023-12-01;Пермь;Referral
201845;Кузнецов Наталья Игоревна;2024-03-06;Челябинск;Organic
201846;Голубев Анастасия Александрович;2023-05-30;Челябинск;Yandex Ads
201847;Виноградов Лейла Михайловна;2024-04-27;Ижевск;Organic
201848;Ли Оксана Александрович;2023-03-16;Златоуст;Email
201849;Валеев Ирина Олеговна;2024-03-29;Магнитогорск;Direct
201850;Омаров Маргарита Евгеньевна;2024-03-06;Челябинск;Yandex Ads
201851;Тарасов Артём Викторович;2023-11-23;Челябинск;VK Ads
201852;Васильев Руслан Юрьевна;2023-06-17;Екатеринбург;Referral
201853;Пак Артём Дмитриевна;2023-03-17;Челябинск;Organic
201854;Кузьмин Алексей Павловна;2023-07-18;Челябинск;Direct
201855;Сулейманов Олег Юрьевна;2023-12-31;Тюмень;Telegram
201856;Капустин Динара Дмитриевич;2024-01-16;Копейск;Yandex Ads
201857;Попов Полина Романовна;2024-05-27;Казань;VK Ads
201858;Белов Антон Алексеевна;2023-08-18;Уфа;Email
201859;Захаров Светлана Викторович;2024-01-25;Курган;Telegram
201860;Сафин Иван Евгеньевич;2023-10-12;Челябинск;Telegram
201861;Соловьёв Денис Алексеевич;2023-12-02;Челябинск;VK Ads
201862;Семёнов Борис Дмитриевич;2023-04-23;Курган;Organic
201863;Хасанов Юлия Юрьевич;2023-01-27;Тюмень;Referral
201864;Алексеев Никита Юрьевич;2023-08-13;Екатеринбург;VK Ads
201865;Наумов Наталья Владимировна;2023-07-14;Златоуст;Direct
201866;Кузьмин Екатерина Александрович;2024-02-10;Екатеринбург;Yandex Ads
201867;Голубев Светлана Антонович;2023-02-07;Челябинск;Organic
201868;Медведев Валерия Михайловна;2024-03-16;Челябинск;VK Ads
201869;Цветков Надежда Павловна;2024-05-29;Челябинск;Organic
201870;Сергеев Самвел Андреевна;2024-04-09;Уфа;VK Ads
201871;Мухаметшин Денис Николаевна;2023-10-24;Уфа;Yandex Ads
201872;Белов Павел Михайловна;2024-08-01;Челябинск;Direct
201873;Савченко Игорь Романовна;2023-11-25;Екатеринбург;Referral
201874;Баранов Светлана Владимирович;2024-04-10;Челябинск;Direct
201875;Комаров Амина Сергеевна;2024-08-18;Екатеринбург;Referral
201876;Ершов Ольга Олеговна;2024-01-19;Москва;Yandex Ads
201877;Абдуллаев Владимир Игоревна;2023-09-17;Магнитогорск;Direct
201878;Ильин Мария Дмитриевич;2023-11-09;Челябинск;Referral
201879;Григорян Яна Евгеньевич;2024-08-22;Сургут;Telegram
201880;Григорьев Павел Юрьевна;2023-04-01;Челябинск;Organic
201881;Иванов Вадим Николаевна;2024-08-16;Челябинск;Email
201882;Воробьёв Самвел Викторович;2023-02-19;Челябинск;Referral
201883;Зайцев Игорь Сергеевна;2023-01-27;Уфа;Referral
201884;Соловьёв Карина Игоревна;2023-07-08;Магнитогорск;Yandex Ads
201885;Мамедов Оксана Михайловна;2024-04-10;Пермь;Direct
201886;Сафонов Алексей Викторович;2023-06-27;Оренбург;VK Ads
201887;Васильев Ярослав Романовна;2024-05-30;Копейск;Yandex Ads
201888;Фролов Фёдор Дмитриевна;2023-01-13;Казань;Direct
201889;Абдуллаев Юрий Андреевна;2023-02-09;Екатеринбург;Direct
201890;Григорян Кирилл Михайлович;2024-05-15;Уфа;VK Ads
201891;Денисов Вероника Алексеевна;2024-02-12;Нижневартовск;Telegram
201892;Максимов Олег Павловна;2023-07-29;Челябинск;Telegram
201893;Миронов Светлана Николаевич;2024-05-02;Златоуст;Organic
201894;Афанасьев Вадим Ивановна;2024-03-11;Копейск;Organic
201895;Сафонов Полина Викторовна;2023-08-12;Челябинск;VK Ads
201896;Котов Глеб Андреевич;2024-01-31;Казань;VK Ads
201897;Смирнов Егор Иванович;2023-01-14;Оренбург;Direct
201898;Котов Милана Александровна;2024-05-07;Санкт-Петербург;VK Ads
201899;Назаров Алина Евгеньевна;2024-07-05;Миасс;Yandex Ads
201900;Иванов Гузель Юрьевич;2024-06-17;Миасс;Telegram
201901;Кадыров Олег Сергеевна;2023-01-22;Самара;Direct
201902;Богданов Кирилл Дмитриевна;2023-09-27;Челябинск;Organic
201903;Исмаилов Карен Александровна;2023-04-12;Ижевск;Yandex Ads
201904;Валеев Татьяна Дмитриевна;2024-02-19;Казань;Organic
201905;Захаров Николай Викторовна;2023-10-04;Челябинск;VK Ads
201906;Никитин Павел Антонович;2023-04-18;Пермь;Telegram
201907;Павлов Алина Михайловна;2023-10-24;Екатеринбург;Referral
201908;Михайлов Юлия Павловна;2023-12-26;Челябинск;VK Ads
201909;Назаров Софья Михайлович;2024-08-28;Екатеринбург;Referral
201910;Ахметжанов Карен Олегович;2023-11-13;Златоуст;Direct
201911;Цой Маргарита Дмитриевич;2024-08-12;Магнитогорск;Organic
201912;Макаров Наталья Александровна;2024-06-08;Тюмень;VK Ads
201913;Соболев Валерий Владимирович;2023-11-13;Екатеринбург;Direct
201914;Морозов Зарина Владимирович;2023-02-26;Курган;Yandex Ads
201915;Юсупов Константин Сергеевна;2023-03-21;Златоуст;Yandex Ads
201916;Бондаренко Даниил Иванович;2023-09-09;Пермь;Yandex Ads
201917;Захаров Иван Павлович;2023-06-27;Магнитогорск;Direct
201918;Рябов Марат Иванович;2023-11-08;Челябинск;Referral
201919;Петросян Ярослав Николаевич;2023-07-01;Пермь;Organic
201920;Власов Артём Алексеевна;2024-01-04;Златоуст;Organic
201921;Андреев Иван Романович;2023-04-27;Курган;Yandex Ads
201922;Бондаренко Борис Романович;2023-04-03;Челябинск;Direct
201923;Мамедов Максим Николаевич;2024-08-29;Копейск;Yandex Ads
201924;Сафин Мария Александровна;2023-09-12;Ижевск;Email
201925;Назаров Глеб Алексеевич;2023-07-23;Челябинск;Direct
201926;Оганесян Виктория Евгеньевич;2023-02-11;Челябинск;Email
201927;Титов Елена Александровна;2023-04-14;Челябинск;Referral
201928;Петросян Самвел Николаевич;2023-10-14;Магнитогорск;Yandex Ads
201929;Нуриев Дмитрий Павлович;2023-04-20;Челябинск;Direct
201930;Соколов Николай Олеговна;2023-08-12;Миасс;Organic
201931;Ильин Денис Игоревна;2023-10-17;Самара;Organic
201932;Юсупов Вадим Алексеевич;2023-09-10;Челябинск;Organic
201933;Тарасенко Эмиль Олеговна;2024-01-31;Магнитогорск;Direct
201934;Хабибуллин Алексей Романовна;2024-05-03;Златоуст;Yandex Ads
201935;Сеитов Роман Алексеевич;2023-07-26;Челябинск;Yandex Ads
201936;Ибрагимов Виктор Дмитриевич;2024-08-17;Челябинск;Yandex Ads
201937;Ахметов Лилия Павловна;2024-06-08;Челябинск;Telegram
201938;Гасанов Айгуль Антонович;2023-01-27;Уфа;Email
201939;Ахметжанов Наталья Михайловна;2024-05-04;Челябинск;Organic
201940;Юн Роман Александрович;2023-11-29;Нижневартовск;Yandex Ads
201941;Беляев Александр Владимировна;2024-08-05;Челябинск;Organic
201942;Котов Олег Олегович;2023-08-13;Курган;Organic
201943;Никитин Амина Викторовна;2023-12-14;Курган;Telegram
201944;Быков Амина Викторовна;2023-08-26;Челябинск;Yandex Ads
201945;Данилов Самвел Михайлович;2023-09-23;Магнитогорск;VK Ads
201946;Коваленко Яна Евгеньевна;2023-06-13;Челябинск;Telegram
201947;Алексеев Надежда Алексеевна;2023-05-30;Уфа;Direct
201948;Соколов Яна Михайловна;2024-07-02;Челябинск;Direct
201949;Ким Сергей Евгеньевна;2023-04-04;Челябинск;VK Ads
201950;Мухаметшин Полина Романович;2024-06-22;Челябинск;Yandex Ads
201951;Лазарев Арсен Дмитриевна;2024-08-20;Миасс;Referral
201952;Фролов Элина Павловна;2023-11-16;Челябинск;Direct
201953;Власов Евгения Олеговна;2023-03-26;Магнитогорск;Telegram
201954;Титов Ольга Юрьевич;2023-06-11;Челябинск;Direct
201955;Гусев Глеб Антонович;2023-09-19;Челябинск;Yandex Ads
201956;Воробьёв Виктория Александрович;2023-09-16;Челябинск;Organic
201957;Никитин Виктория Сергеевич;2024-03-29;Челябинск;Yandex Ads
201958;Фёдоров Эмиль Дмитриевич;2023-12-11;Москва;VK Ads
201959;Оганесян Игорь Романовна;2024-02-16;Тюмень;Telegram
201960;Алексеев Карина Михайловна;2024-02-14;Челябинск;Organic
201961;Попов Елена Николаевич;2023-11-04;Екатеринбург;Organic
201962;Фомин Илья Дмитриевич;2023-08-06;Екатеринбург;Organic
201963;Арутюнян Виктор Романовна;2024-08-21;Курган;Organic
201964;Егоров Мария Александровна;2023-11-09;Челябинск;Referral
201965;Кравченко Анастасия Романовна;2024-01-10;Миасс;Email
201966;Сеитов Амина Александровна;2023-10-18;Челябинск;Organic
201967;Кондратьев Иван Михайлович;2024-08-12;Челябинск;Organic
201968;Бойко Эдуард Андреевна;2024-03-06;Тюмень;Referral
201969;Цой Динара Ивановна;2023-06-05;Челябинск;VK Ads
201970;Омаров Валерий Михайловна;2023-02-22;Тюмень;Organic
201971;Оганесян Наталья Романович;2023-02-15;Курган;Yandex Ads
201972;Сулейманов Маргарита Романовна;2023-04-22;Миасс;Yandex Ads
201973;Галимов Егор Алексеевич;2023-06-17;Магнитогорск;Telegram
201974;Абдуллаев Георгий Игоревна;2024-07-16;Самара;Direct
201975;Афанасьев Анастасия Романович;2023-05-01;Челябинск;Organic
201976;Юсупов Павел Дмитриевна;2023-09-05;Тюмень;VK Ads
201977;Гусев Наталья Михайлович;2023-01-07;Челябинск;Organic
201978;Григорьев Гузель Андреевна;2023-10-19;Челябинск;Yandex Ads
201979;Афанасьев Софья Игоревна;2024-02-20;Челябинск;VK Ads
201980;Жуков Павел Павловна;2024-05-05;Копейск;Direct
201981;Соболев Ярослав Владимирович;2024-08-21;Казань;Referral
201982;Ковалёв Виктория Юрьевич;2024-05-25;Златоуст;Referral
201983;Быков Иван Владимировна;2023-10-10;Челябинск;Organic
201984;Арутюнян Антон Олегович;2023-08-25;Златоуст;Telegram
201985;Ковалёв Дмитрий Сергеевич;2023-09-22;Челябинск;Organic
201986;Омаров Ярослав Игоревна;2023-05-28;Миасс;Telegram
201987;Гончаренко Карен Олеговна;2023-12-26;Челябинск;Direct
201988;Лазарев Зарина Сергеевич;2024-04-01;Екатеринбург;Organic
201989;Максимов Евгения Викторовна;2024-08-27;Уфа;Organic
201990;Захаров Анна Дмитриевна;2024-03-03;Челябинск;Referral
201991;Логинов Анна Владимировна;2023-07-26;Челябинск;Yandex Ads
201992;Нуржанов Андрей Антонович;2024-04-18;Казань;Yandex Ads
201993;Егоров Фёдор Ивановна;2023-05-03;Челябинск;Email
201994;Рахимов Самвел Викторович;2023-02-04;Магнитогорск;Direct
201995;Бекетов Оксана Викторовна;2023-02-28;Екатеринбург;Yandex Ads
201996;Тулеев Айгуль Михайловна;2023-11-18;Челябинск;Organic
201997;Миронов Динара Сергеевич;2024-02-24;Тюмень;VK Ads
201998;Соколов Антон Викторовна;2023-07-22;Златоуст;Direct
201999;Киселёв Мария Сергеевна;2023-07-13;Миасс;Yandex Ads
202000;Фёдоров Марина Дмитриевич;2023-01-03;Курган;Email
202001;Баранов Маргарита Павлович;2023-11-08;Москва;Email
202002;Ковалёв Тигран Владимирович;2023-03-18;Курган;Organic
202003;Цветков Диана Владимирович;2023-06-27;Магнитогорск;Telegram
202004;Омаров Николай Михайловна;2024-07-14;Челябинск;Yandex Ads
202005;Романов Марат Владимирович;2024-07-23;Москва;Direct
202006;Ильин Эдуард Юрьевна;2023-11-22;Челябинск;Yandex Ads
202007;Никитин Владимир Сергеевич;2023-04-20;Пермь;Telegram
202008;Григорян Марина Владимировна;2023-03-29;Москва;Yandex Ads
202009;Оганесян Лейла Олеговна;2023-10-09;Челябинск;Direct
202010;Макаров Михаил Николаевич;2024-04-12;Челябинск;Email
202011;Тен Олег Алексеевна;2023-09-25;Челябинск;Yandex Ads
202012;Аветисян Тигран Александрович;2024-04-09;Челябинск;Email
202013;Герасимов Михаил Дмитриевич;2024-03-18;Челябинск;Organic
202014;Тарасенко Иван Владимирович;2024-05-17;Москва;Telegram
202015;Кадыров Михаил Викторович;2024-06-04;Москва;Referral
202016;Орлов Мария Романовна;2023-04-13;Челябинск;Organic
202017;Абдуллаев Ксения Алексеевна;2023-09-30;Челябинск;Direct
202018;Ткаченко Лейла Викторович;2023-09-27;Новосибирск;Organic
202019;Козлов Екатерина Дмитриевна;2024-01-18;Челябинск;Direct
202020;Галимов Полина Алексеевна;2024-01-15;Магнитогорск;Yandex Ads
202021;Богданов Вера Николаевич;2023-01-17;Копейск;Yandex Ads
202022;Титов Михаил Владимировна;2023-01-17;Челябинск;Referral
202023;Галимов Дарья Николаевна;2024-02-17;Копейск;Organic
202024;Акопян Амина Ивановна;2024-07-17;Миасс;Direct
202025;Киселёв Лилия Владимирович;2024-01-22;Уфа;Telegram
202026;Наумов Самвел Антонович;2024-08-06;Челябинск;Email
202027;Григорьев Маргарита Михайлович;2023-06-29;Тюмень;Telegram
202028;Щербаков Андрей Владимировна;2024-03-12;Челябинск;Email
202029;Кадыров Светлана Александровна;2023-08-19;Магнитогорск;Yandex Ads
202030;Хабибуллин Анна Евгеньевна;2024-08-20;Москва;Referral
202031;Жумабаев Ксения Владимирович;2023-07-18;Копейск;Direct
202032;Никитин Вероника Алексеевич;2023-07-03;Копейск;Organic
202033;Хабибуллин Тигран Игоревна;2023-04-27;Уфа;Direct
202034;Сафин Дарья Павлович;2024-08-10;Казань;VK Ads
202035;Поляков Тигран Викторович;2024-04-21;Нижневартовск;Yandex Ads
202036;Соловьёв Владимир Викторович;2023-08-30;Миасс;VK Ads
202037;Тарасенко Валерия Игоревич;2024-06-24;Ижевск;Organic
202038;Семёнов Алёна Евгеньевич;2024-08-10;Челябинск;Yandex Ads
202039;Виноградов Наталья Александрович;2024-01-18;Тюмень;Organic
202040;Миронов Денис Сергеевна;2023-10-30;Москва;Direct
202041;Кадыров Лилия Алексеевна;2023-09-21;Златоуст;Email
202042;Бекетов Ярослав Александрович;2023-06-26;Тюмень;Referral
202043;Волков Татьяна Иванович;2023-08-07;Пермь;Yandex Ads
202044;Андреев Борис Алексеевна;2024-01-02;Миасс;Direct
202045;Ковалёв Лилия Михайловна;2023-01-19;Челябинск;VK Ads
202046;Рябов Виктория Михайловна;2024-06-01;Тюмень;Organic
202047;Сергеев Виктор Олеговна;2023-10-07;Магнитогорск;Direct
202048;Жумабаев Глеб Михайловна;2023-02-27;Копейск;Direct
202049;Семёнов Зарина Сергеевна;2024-08-16;Курган;VK Ads
202050;Аветисян Станислав Алексеевна;2023-08-06;Челябинск;Organic
202051;Кузьмин Милана Николаевич;2023-12-19;Уфа;Organic
202052;Алексеев Виктория Николаевич;2024-06-03;Магнитогорск;Organic
202053;Фролов Виктория Алексеевич;2023-12-12;Челябинск;Organic
202054;Баранов Полина Юрьевна;2023-12-04;Екатеринбург;Direct
202055;Тарасов Валерий Ивановна;2023-12-22;Златоуст;Email
202056;Рябов Дарья Евгеньевич;2023-01-22;Тюмень;Yandex Ads
202057;Ким Динара Игоревич;2023-06-09;Ижевск;Referral
202058;Максимов Роман Антонович;2023-12-07;Челябинск;VK Ads
202059;Ли Софья Романович;2023-07-14;Миасс;Yandex Ads
202060;Касымов Кристина Александровна;2023-06-01;Челябинск;VK Ads
202061;Касымов Артём Андреевна;2024-03-13;Челябинск;Direct
202062;Максимов Павел Алексеевна;2023-08-18;Курган;Yandex Ads
202063;Тен Алёна Олеговна;2023-09-30;Челябинск;Direct
202064;Ильин Лейла Андреевна;2024-03-04;Челябинск;Organic
202065;Григорян Андрей Михайлович;2024-03-26;Златоуст;Organic
202066;Афанасьев Валерий Сергеевна;2024-07-26;Магнитогорск;Organic
202067;Кондратьев Амина Романович;2024-08-10;Миасс;Direct
202068;Ли Фёдор Павловна;2024-02-13;Челябинск;Organic
202069;Бондаренко Борис Викторович;2024-05-08;Магнитогорск;Yandex Ads
202070;Хасанов Павел Дмитриевна;2023-08-08;Уфа;Direct
202071;Ильин Самвел Олеговна;2023-08-17;Новосибирск;Yandex Ads
202072;Абдуллаев Антон Алексеевна;2024-06-09;Челябинск;Direct
202073;Волков Вера Дмитриевич;2023-03-06;Челябинск;VK Ads
202074;Тен Маргарита Олеговна;2023-12-05;Копейск;VK Ads
202075;Щербаков Егор Сергеевич;2023-12-30;Миасс;Referral
202076;Королёв Вероника Андреевна;2023-02-25;Челябинск;Telegram
202077;Иванов Марат Романович;2023-02-08;Тюмень;Direct
202078;Нуриев Ксения Михайлович;2024-04-03;Челябинск;Organic
202079;Богданов Евгения Михайлович;2024-06-13;Магнитогорск;Yandex Ads
202080;Поляков Евгений Алексеевна;2024-07-17;Москва;VK Ads
202081;Маслов Тимур Дмитриевна;2024-02-05;Челябинск;Direct
202082;Валеев Юрий Алексеевна;2023-04-19;Новосибирск;Organic
202083;Герасимов Юлия Ивановна;2024-02-16;Екатеринбург;Organic
202084;Логинов Егор Владимировна;2024-03-10;Уфа;Direct
202085;Иванов Карен Олеговна;2023-08-04;Магнитогорск;Organic
202086;Котов Константин Михайловна;2023-04-27;Тюмень;Direct
202087;Лебедев Даниил Владимировна;2023-06-02;Москва;Direct
202088;Романов Гузель Михайловна;2024-08-12;Челябинск;Email
202089;Сергеев Эдуард Сергеевич;2023-03-02;Копейск;Referral
202090;Ким Виктория Николаевич;2024-02-02;Москва;Direct
202091;Егоров Евгений Андреевна;2023-04-13;Уфа;Email
202092;Юн Айгуль Михайловна;2023-06-14;Самара;Email
202093;Баранов Алексей Дмитриевна;2023-09-28;Екатеринбург;Yandex Ads
202094;Щербаков Карина Павлович;2023-03-27;Челябинск;Organic
202095;Рябов Евгения Павловна;2024-08-06;Челябинск;Telegram
202096;Бондаренко Константин Олегович;2023-02-18;Екатеринбург;Referral
202097;Петросян Николай Юрьевич;2023-08-15;Челябинск;Referral
202098;Иванов Валерия Андреевич;2024-02-26;Копейск;Email
202099;Ковалёв Арсен Николаевна;2024-05-07;Екатеринбург;Direct
202100;Ильин Алина Иванович;2024-06-04;Магнитогорск;Direct
202101;Чернов Зарина Викторович;2023-03-31;Миасс;Organic
202102;Григорьев Кристина Викторовна;2024-02-27;Челябинск;Organic
202103;Павлов Тигран Михайлович;2023-06-13;Казань;Organic
202104;Хабибуллин Самвел Антонович;2023-07-12;Челябинск;Direct
202105;Нуриев Олег Михайловна;2023-07-05;Тюмень;Organic
202106;Мельник Денис Алексеевна;2024-02-07;Магнитогорск;Direct
202107;Лазарев Ксения Олегович;2023-09-22;Копейск;Direct
202108;Андреев Фёдор Евгеньевич;2023-09-11;Копейск;Telegram
202109;Назаров Михаил Дмитриевна;2024-04-21;Пермь;Direct
202110;Иванов Гузель Сергеевич;2023-01-15;Челябинск;Organic
202111;Алиев Арсен Олегович;2023-05-31;Челябинск;Email
202112;Воробьёв Вероника Сергеевна;2024-02-27;Магнитогорск;Referral
202113;Назаров Валерий Дмитриевич;2023-05-12;Ижевск;Direct
202114;Ибрагимов Ольга Дмитриевич;2023-04-18;Челябинск;Organic
202115;Котов Валерия Михайловна;2023-03-02;Уфа;Direct
202116;Григорьев Александр Дмитриевич;2024-05-20;Златоуст;Organic
202117;Каримов Сергей Иванович;2024-02-25;Екатеринбург;Direct
202118;Сеитов Максим Олегович;2024-04-13;Челябинск;Organic
202119;Тарасенко Елена Дмитриевна;2023-05-05;Миасс;Direct
202120;Омаров Егор Евгеньевна;2023-07-14;Копейск;Telegram
202121;Галимов Эмиль Дмитриевич;2023-07-08;Челябинск;Direct
202122;Ильин Татьяна Владимирович;2023-02-06;Челябинск;Referral
202123;Никитин Светлана Ивановна;2023-10-11;Тюмень;VK Ads
202124;Макаров Арсен Сергеевич;2023-01-16;Челябинск;VK Ads
202125;Сорокин Никита Евгеньевич;2024-06-02;Челябинск;Organic
202126;Ершов Марат Олегович;2024-01-22;Москва;VK Ads
202127;Кравченко Александр Павлович;2024-04-09;Курган;Email
202128;Нуржанов Вероника Сергеевна;2023-11-30;Ижевск;Organic
202129;Чернов Николай Михайловна;2024-03-31;Златоуст;Direct
202130;Бойко Эдуард Иванович;2023-08-27;Челябинск;Organic
202131;Баранов Елена Антонович;2024-06-10;Уфа;Email
202132;Гончаренко Екатерина Юрьевна;2023-07-10;Уфа;Yandex Ads
202133;Захаров Надежда Павлович;2024-06-05;Курган;VK Ads
202134;Коваленко Анастасия Михайловна;2023-09-20;Магнитогорск;Direct
202135;Ахметов Михаил Юрьевич;2023-07-28;Челябинск;VK Ads
202136;Абдуллаев Анна Евгеньевна;2023-02-02;Челябинск;Yandex Ads
202137;Максимов Оксана Дмитриевна;2024-08-25;Копейск;Organic
202138;Волков Марина Олегович;2024-07-24;Тюмень;VK Ads
202139;Смирнов Максим Олегович;2023-03-24;Копейск;Direct
202140;Бойко Марина Андреевич;2024-07-21;Казань;Referral
202141;Виноградов Яна Ивановна;2023-08-03;Екатеринбург;Direct
202142;Мельник Артур Павлович;2023-07-08;Копейск;Organic
202143;Кравченко Вера Романовна;2023-09-18;Челябинск;Telegram
202144;Власов Екатерина Николаевич;2023-06-13;Курган;Organic
202145;Каримов Артём Сергеевна;2023-02-12;Златоуст;Referral
202146;Гончаренко Марат Игоревна;2023-03-03;Москва;Yandex Ads
202147;Борисов Иван Иванович;2024-08-27;Пермь;Organic
202148;Куликов Кирилл Иванович;2024-04-24;Тюмень;Organic
202149;Петросян Карен Дмитриевич;2024-08-13;Уфа;Yandex Ads
202150;Петросян Арсен Владимирович;2023-10-13;Челябинск;Organic
202151;Оганесян Михаил Олеговна;2023-09-20;Миасс;Telegram
202152;Гасанов Вероника Александрович;2023-04-11;Челябинск;Yandex Ads
202153;Кравченко Карен Евгеньевич;2023-09-03;Курган;Yandex Ads
202154;Юсупов Яна Сергеевна;2024-07-07;Тюмень;Direct
202155;Назаров Кирилл Иванович;2023-06-08;Самара;Yandex Ads
202156;Воробьёв Гузель Александрович;2023-06-23;Копейск;Referral
202157;Романов Кристина Ивановна;2024-06-26;Копейск;Yandex Ads
202158;Абдуллаев Роман Андреевич;2023-06-13;Копейск;Yandex Ads
202159;Абдуллаев Павел Евгеньевич;2023-07-25;Екатеринбург;VK Ads
202160;Андреев Вера Андреевич;2023-11-11;Екатеринбург;Organic
202161;Романов Элина Павловна;2024-02-29;Уфа;Direct
202162;Максимов Вероника Викторович;2023-07-05;Челябинск;Direct
202163;Шарипов Егор Юрьевич;2024-03-06;Уфа;VK Ads
202164;Голубев Лейла Сергеевна;2024-05-08;Миасс;Email
202165;Михайлов Милана Павловна;2023-10-21;Миасс;VK Ads
202166;Кондратьев Глеб Александровна;2023-12-15;Магнитогорск;Direct
202167;Жумабаев Светлана Викторовна;2023-12-21;Уфа;Yandex Ads
202168;Ли Борис Ивановна;2024-07-02;Копейск;Email
202169;Матвеев Георгий Сергеевна;2023-03-15;Челябинск;Yandex Ads
202170;Павлов Илья Александровна;2024-03-13;Екатеринбург;Email
202171;Новиков Сергей Павловна;2023-12-23;Челябинск;Organic
202172;Соболев Мария Антонович;2024-06-28;Магнитогорск;Direct
202173;Григорьев Павел Юрьевна;2024-04-28;Магнитогорск;Yandex Ads
202174;Васильев Олег Юрьевич;2024-06-23;Челябинск;Email
202175;Галимов Айгуль Дмитриевна;2023-09-07;Копейск;Email
202176;Тарасов Диана Сергеевич;2023-04-07;Челябинск;Organic
202177;Юсупов Вадим Сергеевич;2024-05-24;Екатеринбург;Referral
202178;Никитин Фёдор Александровна;2023-11-24;Миасс;Organic
202179;Герасимов Георгий Владимировна;2023-09-29;Сургут;Organic
202180;Макаров Карен Дмитриевна;2023-11-03;Ижевск;Telegram
202181;Капустин Станислав Олеговна;2023-07-11;Златоуст;Telegram
202182;Михайлов Александр Юрьевич;2024-05-26;Челябинск;Referral
202183;Кадыров Даниил Юрьевна;2023-12-08;Москва;Organic
202184;Савченко Борис Николаевич;2023-08-18;Самара;VK Ads
202185;Сорокин Глеб Олеговна;2024-08-21;Челябинск;Organic
202186;Яковлев Диана Юрьевна;2024-07-15;Екатеринбург;Organic
202187;Мухаметшин Ксения Андреевна;2023-02-21;Курган;VK Ads
202188;Афанасьев Виктор Викторович;2023-08-28;Миасс;Organic
202189;Сафин Марат Николаевич;2024-06-28;Екатеринбург;Yandex Ads
202190;Алексеев Софья Андреевич;2023-05-23;Челябинск;Organic
202191;Сорокин Алексей Андреевич;2024-03-12;Челябинск;Direct
202192;Шарипов Анна Романович;2023-04-30;Магнитогорск;Yandex Ads
202193;Голубев Даниил Юрьевна;2023-07-29;Тюмень;Organic
202194;Белов Сергей Николаевич;2024-06-28;Копейск;Organic
202195;Логинов Оксана Ивановна;2023-05-18;Курган;Organic
202196;Аветисян Игорь Владимирович;2023-05-31;Екатеринбург;Direct
202197;Захаров Дарья Александровна;2023-04-10;Челябинск;VK Ads
202198;Капустин Софья Юрьевич;2023-01-20;Ижевск;Organic
202199;Ахметжанов Анна Сергеевна;2023-07-16;Копейск;VK Ads
202200;Кудрявцев Светлана Николаевич;2023-11-06;Екатеринбург;VK Ads
202201;Котов Роман Алексеевна;2023-12-15;Челябинск;Referral
202202;Ким Игорь Олегович;2024-06-29;Челябинск;Organic
202203;Абрамян Алёна Дмитриевна;2023-04-17;Уфа;Referral
202204;Рябов Лилия Михайловна;2024-01-20;Казань;Organic
202205;Кравченко Егор Александрович;2023-04-21;Уфа;Organic
202206;Гарипов Станислав Игоревич;2023-10-04;Екатеринбург;Telegram
202207;Юсупов Станислав Дмитриевна;2023-07-02;Оренбург;Yandex Ads
202208;Наумов Аделина Алексеевич;2023-09-25;Челябинск;Direct
202209;Иванов Зарина Владимирович;2023-10-05;Екатеринбург;Direct
202210;Борисов Георгий Викторовна;2024-07-13;Златоуст;Yandex Ads
202211;Омаров Антон Владимировна;2023-08-11;Миасс;Yandex Ads
202212;Исмаилов Виктор Викторович;2024-06-24;Москва;Yandex Ads
202213;Баранов Екатерина Сергеевич;2023-02-02;Миасс;Direct
202214;Фёдоров Георгий Андреевич;2024-03-07;Челябинск;Email
202215;Соловьёв Оксана Александрович;2023-04-12;Челябинск;Organic
202216;Тарасов Максим Николаевич;2023-02-11;Челябинск;Organic
202217;Шевченко Евгения Михайловна;2023-06-21;Магнитогорск;Direct
202218;Садыков Дмитрий Михайловна;2023-11-07;Челябинск;Organic
202219;Орлов Эдуард Игоревна;2024-04-11;Челябинск;Yandex Ads
202220;Белов Юрий Алексеевна;2024-04-28;Челябинск;Direct
202221;Романов Лейла Михайлович;2024-01-25;Москва;Yandex Ads
202222;Филатов Карен Владимировна;2024-01-31;Миасс;Yandex Ads
202223;Фомин Игорь Юрьевич;2024-07-03;Копейск;Yandex Ads
202224;Быков Вера Иванович;2023-06-19;Магнитогорск;Organic
202225;Валеев Дмитрий Евгеньевич;2023-02-14;Уфа;Direct
202226;Хасанов Марат Сергеевна;2023-11-17;Копейск;Telegram
202227;Сулейманов Руслан Сергеевич;2024-03-22;Новосибирск;Organic
202228;Щербаков Станислав Игоревич;2024-07-06;Екатеринбург;Direct
202229;Алексеев Юрий Павлович;2024-05-06;Уфа;Organic
202230;Наумов Динара Викторовна;2023-04-17;Челябинск;Organic
202231;Голубев Вадим Романовна;2023-10-26;Казань;Telegram
202232;Беляев Карина Романович;2023-03-25;Казань;Organic
202233;Шарипов Динара Ивановна;2023-05-21;Челябинск;Yandex Ads
202234;Садыков Иван Александрович;2023-02-23;Челябинск;Email
202235;Егоров Яна Евгеньевна;2024-06-20;Златоуст;Organic
202236;Тулеев Маргарита Евгеньевич;2023-05-08;Златоуст;Referral
202237;Валеев Борис Олеговна;2023-11-02;Златоуст;Yandex Ads
202238;Гончаренко Мария Андреевич;2024-05-24;Челябинск;Yandex Ads
202239;Павлов Руслан Сергеевна;2024-03-11;Златоуст;Direct
202240;Коваленко Владимир Михайлович;2023-07-28;Копейск;Yandex Ads
202241;Борисов Антон Павловна;2024-04-18;Копейск;VK Ads
202242;Каримов Диана Олеговна;2023-10-05;Курган;Telegram
202243;Пономарёв Мария Игоревна;2024-04-08;Челябинск;VK Ads
202244;Кузнецов Карен Андреевна;2024-06-12;Екатеринбург;Direct
202245;Арутюнян Айгуль Антонович;2023-06-27;Челябинск;VK Ads
202246;Андреев Наталья Михайловна;2024-07-28;Екатеринбург;Yandex Ads
202247;Юсупов Зарина Николаевич;2024-01-31;Челябинск;VK Ads
202248;Фёдоров Ксения Дмитриевна;2024-04-05;Пермь;Organic
202249;Голубев Максим Ивановна;2023-12-01;Копейск;Telegram
202250;Беляев Софья Павловна;2023-11-11;Челябинск;Yandex Ads
202251;Быков Вадим Юрьевич;2024-06-10;Уфа;Referral
202252;Медведев Фёдор Алексеевич;2024-07-25;Челябинск;VK Ads
202253;Чернов Ярослав Павлович;2024-06-19;Челябинск;VK Ads
202254;Данилов Алина Дмитриевна;2023-10-07;Тюмень;Organic
202255;Белов Карен Андреевна;2023-07-24;Челябинск;Direct
202256;Сулейманов Станислав Владимировна;2024-06-14;Челябинск;Direct
202257;Цветков Евгения Иванович;2024-03-27;Магнитогорск;Telegram
202258;Оганесян Аделина Дмитриевна;2023-05-30;Казань;Referral
202259;Никитин Ярослав Викторовна;2024-07-24;Челябинск;Direct
202260;Мирзоян Марат Игоревич;2023-02-07;Челябинск;Organic
202261;Назаров Артём Сергеевич;2023-09-24;Магнитогорск;Organic
202262;Бекетов Элина Евгеньевич;2024-02-04;Челябинск;VK Ads
202263;Макаров Ярослав Павлович;2023-03-19;Пермь;Telegram
202264;Романов Андрей Романовна;2023-12-23;Екатеринбург;VK Ads
202265;Матвеев Евгений Юрьевна;2023-05-24;Екатеринбург;VK Ads
202266;Гончаренко Алина Николаевич;2023-08-06;Магнитогорск;Organic
202267;Тарасенко Евгений Евгеньевич;2024-02-03;Копейск;Telegram
202268;Сеитов Николай Николаевна;2024-04-22;Москва;VK Ads
202269;Абрамян Алексей Евгеньевна;2023-03-15;Санкт-Петербург;Direct
202270;Козлов Валерий Игоревна;2023-04-07;Копейск;Direct
202271;Мирзоян Яна Михайловна;2023-08-27;Копейск;Direct
202272;Логинов Виктория Дмитриевич;2023-09-13;Москва;Telegram
202273;Акопян Валерия Романовна;2023-01-19;Екатеринбург;Organic
202274;Назаров Кристина Владимировна;2024-04-28;Пермь;Telegram
202275;Голубев Антон Юрьевна;2024-05-23;Ижевск;VK Ads
202276;Воробьёв Тигран Антонович;2023-05-09;Челябинск;Direct
202277;Беляев Максим Викторовна;2023-05-03;Копейск;Organic
202278;Быков Софья Михайлович;2023-06-22;Челябинск;Referral
202279;Голубев Яна Олеговна;2024-08-04;Златоуст;Yandex Ads
202280;Котов Яна Сергеевна;2024-08-16;Пермь;Yandex Ads
202281;Лазарев Ирина Иванович;2023-02-09;Челябинск;Referral
202282;Галимов Николай Алексеевич;2023-06-28;Челябинск;Direct
202283;Соловьёв Антон Сергеевна;2023-01-04;Челябинск;Organic
202284;Ахметов Амина Сергеевна;2023-05-16;Челябинск;Organic
202285;Никитин Алёна Олеговна;2024-05-18;Златоуст;Organic
202286;Садыков Виктория Владимировна;2023-02-02;Челябинск;Telegram
202287;Юн Алина Николаевна;2024-07-23;Санкт-Петербург;Telegram
202288;Волков Амина Романовна;2023-11-28;Екатеринбург;VK Ads
202289;Петросян Илья Олеговна;2023-10-02;Екатеринбург;Organic
202290;Соловьёв Алина Сергеевич;2023-03-19;Челябинск;Yandex Ads
202291;Максимов Михаил Романовна;2023-11-25;Екатеринбург;Yandex Ads
202292;Морозов Константин Сергеевна;2024-04-21;Челябинск;Direct
202293;Галимов Дмитрий Игоревич;2024-03-07;Челябинск;Referral
202294;Тарасенко Никита Евгеньевна;2024-07-01;Курган;Organic
202295;Ершов Вадим Сергеевна;2023-08-14;Пермь;Yandex Ads
202296;Саркисян Юлия Романовна;2024-05-30;Златоуст;Direct
202297;Садыков Сергей Сергеевна;2024-05-23;Уфа;Direct
202298;Макаров Артур Викторовна;2023-12-05;Челябинск;VK Ads
202299;Хасанов Элина Игоревич;2024-03-29;Екатеринбург;Yandex Ads
202300;Максимов Кристина Александрович;2024-07-07;Казань;Direct
202301;Максимов Павел Александрович;2024-08-22;Челябинск;Organic
202302;Фролов Айгуль Николаевна;2023-08-31;Челябинск;Referral
202303;Морозов Юрий Владимирович;2023-03-07;Копейск;Organic
202304;Данилов Арсен Михайлович;2024-05-08;Челябинск;Direct
202305;Баранов Гузель Михайловна;2024-02-14;Челябинск;VK Ads
202306;Шевченко Тигран Андреевна;2023-02-26;Самара;Organic
202307;Наумов Борис Алексеевич;2024-03-08;Челябинск;Direct
202308;Гусев Павел Александровна;2024-01-26;Уфа;Organic
202309;Пономарёв Евгения Михайлович;2024-01-28;Москва;Yandex Ads
202310;Мельник Станислав Евгеньевич;2024-07-05;Копейск;Direct
202311;Цой Владимир Юрьевна;2024-03-08;Магнитогорск;Yandex Ads
202312;Поляков Кристина Александрович;2024-04-24;Тюмень;Direct
202313;Гасанов Яна Сергеевич;2023-04-05;Екатеринбург;Organic
202314;Капустин Эдуард Юрьевна;2023-10-10;Уфа;Organic
202315;Пак Карина Дмитриевна;2023-11-11;Челябинск;Direct
202316;Алиев Игорь Михайлович;2023-07-08;Копейск;Organic
202317;Жумабаев Милана Викторович;2023-03-10;Челябинск;Organic
202318;Соловьёв Ирина Алексеевич;2024-07-20;Копейск;Organic
202319;Григорьев Николай Владимировна;2023-10-19;Челябинск;Email
202320;Поляков Николай Игоревна;2023-09-17;Сургут;Yandex Ads
202321;Сафонов Вадим Александровна;2023-10-30;Златоуст;Organic
202322;Богданов Николай Иванович;2024-06-21;Челябинск;Referral
202323;Коваленко Ксения Владимировна;2024-06-26;Челябинск;Referral
202324;Белов Полина Александрович;2024-07-27;Копейск;Yandex Ads
202325;Бекетов Руслан Олегович;2024-06-16;Екатеринбург;Direct
202326;Романов Елена Романович;2023-02-08;Оренбург;Referral
202327;Мамедов Станислав Романович;2024-05-30;Челябинск;Email
202328;Денисов Екатерина Сергеевич;2024-08-21;Копейск;VK Ads
202329;Ковалёв Андрей Андреевна;2023-11-05;Челябинск;Organic
202330;Ахметов Диана Николаевич;2023-12-13;Магнитогорск;Email
202331;Касымов Роман Ивановна;2023-03-28;Челябинск;Organic
202332;Каримов Николай Дмитриевна;2024-05-20;Магнитогорск;Referral
202333;Бекетов Амина Дмитриевич;2023-08-25;Миасс;Organic
202334;Максимов Самвел Николаевич;2023-12-19;Миасс;Organic
202335;Кузнецов Оксана Павлович;2024-08-19;Магнитогорск;Organic
202336;Ковалёв Константин Викторовна;2023-10-18;Миасс;Yandex Ads
202337;Быков Борис Сергеевич;2024-03-28;Копейск;Direct
202338;Быков Оксана Юрьевна;2024-04-17;Челябинск;Email
202339;Гарипов Зарина Александровна;2023-01-10;Челябинск;Yandex Ads
202340;Коваленко Егор Сергеевич;2023-09-14;Екатеринбург;VK Ads
202341;Новиков Алёна Николаевич;2023-10-04;Курган;Organic
202342;Ершов Елена Павлович;2024-03-01;Челябинск;Yandex Ads
202343;Белов Анна Викторовна;2023-11-04;Екатеринбург;Organic
202344;Сафин Арсен Евгеньевич;2023-05-07;Самара;Organic
202345;Рахимов Карина Сергеевич;2024-02-06;Магнитогорск;Direct
202346;Шин Екатерина Романовна;2024-08-03;Казань;Referral
202347;Юсупов Валерия Викторовна;2024-07-23;Пермь;Organic
202348;Филатов Вадим Романовна;2023-09-16;Самара;Yandex Ads
202349;Бекетов Алексей Владимирович;2023-07-05;Копейск;Yandex Ads
202350;Абрамян Самвел Александровна;2024-04-25;Ижевск;Yandex Ads
202351;Медведев Эдуард Романович;2023-11-25;Челябинск;Email
202352;Комаров Татьяна Викторович;2024-07-08;Магнитогорск;Direct
202353;Белов Анна Александровна;2023-01-28;Челябинск;Email
202354;Белов Лилия Игоревна;2023-09-12;Миасс;Organic
202355;Сафонов Тимур Юрьевна;2023-10-29;Магнитогорск;Organic
202356;Миронов Карина Владимирович;2023-07-30;Челябинск;Yandex Ads
202357;Сафонов Георгий Антонович;2024-07-07;Челябинск;Organic
202358;Рябов Артур Михайлович;2024-06-08;Челябинск;Referral
202359;Бойко Георгий Алексеевич;2023-01-30;Екатеринбург;Yandex Ads
202360;Цой Лилия Романовна;2023-02-19;Курган;VK Ads
202361;Жуков Елена Павловна;2023-08-17;Курган;Organic
202362;Куликов Никита Алексеевна;2023-05-01;Челябинск;Referral
202363;Киселёв Виктория Николаевич;2023-05-13;Челябинск;Telegram
202364;Пак Михаил Александрович;2023-10-31;Екатеринбург;Direct
202365;Волков Елена Андреевич;2023-10-10;Челябинск;Direct
202366;Цветков Аделина Михайлович;2023-10-03;Нижневартовск;Yandex Ads
202367;Кадыров Андрей Евгеньевна;2024-01-11;Екатеринбург;Yandex Ads
202368;Белов Сергей Игоревна;2024-03-31;Санкт-Петербург;Organic
202369;Смирнов Вадим Дмитриевна;2023-04-29;Курган;Direct
202370;Воробьёв Екатерина Евгеньевна;2023-07-24;Сургут;Direct
202371;Гончаренко Роман Олегович;2023-01-20;Челябинск;Direct
202372;Герасимов Валерий Сергеевич;2024-08-14;Челябинск;VK Ads
202373;Назаров Лейла Алексеевич;2023-05-14;Челябинск;Direct
202374;Королёв Ксения Ивановна;2024-04-16;Челябинск;Yandex Ads
202375;Щербаков Тигран Олегович;2023-11-19;Челябинск;Telegram
202376;Шевченко Марина Романович;2023-03-17;Уфа;Organic
202377;Беляев Олег Романовна;2024-07-08;Челябинск;VK Ads
202378;Киселёв Марат Игоревич;2024-05-23;Челябинск;Organic
202379;Куликов Динара Андреевна;2024-08-14;Курган;Yandex Ads
202380;Ткаченко Дмитрий Сергеевна;2023-02-25;Челябинск;Email
202381;Кондратьев Артём Олегович;2023-09-29;Самара;Email
202382;Тарасенко Фёдор Олегович;2023-07-25;Златоуст;Direct
202383;Григорьев Никита Сергеевич;2023-06-28;Самара;Organic
202384;Фомин Софья Михайловна;2023-10-07;Тюмень;Telegram
202385;Тен Денис Иванович;2023-04-05;Санкт-Петербург;Direct
202386;Волков Илья Романович;2024-01-16;Оренбург;Organic
202387;Виноградов Никита Павловна;2023-08-02;Копейск;Organic
202388;Исмаилов Вера Викторовна;2023-06-29;Магнитогорск;Organic
202389;Шарипов Евгения Юрьевна;2023-01-09;Копейск;VK Ads
202390;Мартиросян Татьяна Андреевна;2024-07-17;Екатеринбург;Direct
202391;Чернов Виктория Александровна;2023-08-22;Златоуст;Referral
202392;Алиев Виктория Павловна;2023-11-05;Челябинск;VK Ads
202393;Алиев Глеб Владимирович;2024-05-30;Екатеринбург;Yandex Ads
202394;Никитин Марина Андреевна;2024-02-15;Миасс;Email
202395;Каримов Виктор Михайлович;2023-02-10;Челябинск;VK Ads
202396;Щербаков Софья Александровна;2023-10-11;Казань;VK Ads
202397;Борисов Дмитрий Олегович;2024-08-05;Челябинск;Telegram
202398;Ткаченко Артём Игоревич;2023-06-05;Златоуст;Organic
202399;Виноградов Глеб Николаевна;2024-05-24;Челябинск;Referral
202400;Богданов Андрей Игоревич;2023-06-27;Челябинск;Yandex Ads
202401;Ершов Иван Владимировна;2023-07-24;Курган;Yandex Ads
202402;Логинов Борис Сергеевич;2023-01-29;Пермь;Yandex Ads
202403;Сергеев Светлана Антонович;2024-01-02;Оренбург;Direct
202404;Комаров Юрий Викторовна;2023-11-07;Екатеринбург;Organic
202405;Васильев Полина Сергеевна;2024-01-12;Оренбург;Organic
202406;Юн Евгений Антонович;2023-07-31;Челябинск;Telegram
202407;Лебедев Светлана Олеговна;2023-08-07;Челябинск;Telegram
202408;Сафин Карен Олеговна;2023-09-10;Тюмень;VK Ads
202409;Андреев Арсен Романович;2024-02-09;Челябинск;Organic
202410;Иванов Егор Викторовна;2024-02-10;Челябинск;Telegram
202411;Котов Виктория Евгеньевна;2023-08-25;Челябинск;Direct
202412;Аветисян Валерия Игоревич;2024-06-16;Челябинск;Telegram
202413;Медведев Лилия Владимировна;2023-11-09;Челябинск;Yandex Ads
202414;Семёнов Диана Иванович;2023-12-24;Копейск;Yandex Ads
202415;Исмаилов Юлия Романовна;2024-07-19;Курган;Yandex Ads
202416;Ковалёв Яна Сергеевна;2024-03-26;Тюмень;Direct
202417;Рябов Константин Ивановна;2023-05-26;Москва;Yandex Ads
202418;Степанов Николай Павлович;2023-08-20;Челябинск;Organic
202419;Тарасов Лейла Романович;2024-07-30;Челябинск;VK Ads
202420;Орлов Ирина Павловна;2023-11-16;Оренбург;Direct
202421;Капустин Маргарита Викторович;2024-06-13;Челябинск;VK Ads
202422;Кузьмин Марина Сергеевна;2024-08-20;Копейск;Telegram
202423;Галимов Самвел Андреевна;2024-05-07;Тюмень;Telegram
202424;Юн Артём Евгеньевич;2023-12-20;Оренбург;Organic
202425;Омаров Марина Викторовна;2023-01-04;Екатеринбург;Referral
202426;Арутюнян Тигран Андреевна;2023-04-11;Челябинск;Organic
202427;Беляев Эдуард Сергеевич;2024-06-29;Самара;Yandex Ads
202428;Рахимов Карен Владимирович;2023-03-24;Магнитогорск;VK Ads
202429;Морозов Ирина Викторовна;2023-12-04;Казань;VK Ads
202430;Бондаренко Светлана Михайлович;2023-06-16;Москва;Email
202431;Медведев Эдуард Викторович;2024-06-20;Челябинск;VK Ads
202432;Нуржанов Элина Сергеевна;2024-06-14;Уфа;Direct
202433;Бекетов Ирина Романович;2024-02-24;Челябинск;Direct
202434;Комаров Станислав Николаевич;2024-01-19;Магнитогорск;Direct
202435;Ахметов Иван Романовна;2023-03-27;Челябинск;Email
202436;Арутюнян Айгуль Андреевна;2024-03-19;Казань;Referral
202437;Омаров Ксения Николаевич;2024-04-14;Челябинск;Referral
202438;Тарасов Ирина Олегович;2023-11-10;Курган;Referral
202439;Сулейманов Аделина Викторович;2023-11-03;Челябинск;Yandex Ads
202440;Нуржанов Илья Николаевич;2023-06-22;Уфа;Referral
202441;Тарасенко Ксения Олеговна;2023-09-02;Уфа;Direct
202442;Павлов Диана Сергеевич;2024-08-13;Курган;Organic
202443;Кадыров Олег Алексеевич;2023-08-15;Курган;Yandex Ads
202444;Сулейманов Маргарита Антонович;2023-07-17;Курган;Direct
202445;Новиков Милана Игоревич;2024-08-05;Копейск;Referral
202446;Тулеев Динара Михайловна;2024-04-12;Копейск;Organic
202447;Виноградов Даниил Евгеньевич;2023-02-09;Копейск;Telegram
202448;Власов Валерия Михайловна;2023-06-26;Челябинск;Referral
202449;Григорьев Вера Юрьевна;2023-12-25;Уфа;Telegram
202450;Арутюнян Ольга Антонович;2023-10-05;Москва;VK Ads
202451;Кузьмин Динара Алексеевна;2024-05-15;Тюмень;VK Ads
202452;Шин Лейла Викторович;2023-07-21;Москва;VK Ads
202453;Петросян Мария Иванович;2024-02-04;Златоуст;Organic
202454;Беляев Элина Игоревич;2023-11-26;Челябинск;Referral
202455;Ибрагимов Фёдор Павлович;2024-01-07;Челябинск;Yandex Ads
202456;Ибрагимов Кристина Андреевна;2024-03-29;Челябинск;Email
202457;Хабибуллин Самвел Юрьевич;2023-05-13;Челябинск;Direct
202458;Рябов Андрей Романович;2023-03-08;Магнитогорск;Organic
202459;Сорокин Николай Александровна;2023-10-04;Челябинск;Direct
202460;Хабибуллин Евгений Игоревич;2024-03-03;Челябинск;VK Ads
202461;Лебедев Анастасия Сергеевна;2023-01-07;Челябинск;Yandex Ads
202462;Гончаренко Владимир Евгеньевна;2024-02-19;Челябинск;Direct
202463;Капустин Гузель Игоревич;2023-11-22;Новосибирск;Organic
202464;Сафонов Станислав Дмитриевич;2024-05-10;Оренбург;Organic
202465;Кудрявцев Артём Андреевна;2023-01-21;Екатеринбург;Direct
202466;Семёнов Никита Олеговна;2023-07-28;Челябинск;Organic
202467;Ахметжанов Маргарита Романович;2024-07-04;Копейск;Direct
202468;Данилов Павел Олеговна;2023-04-12;Златоуст;Email
202469;Жуков Самвел Ивановна;2024-04-02;Екатеринбург;Referral
202470;Абдуллаев Павел Николаевич;2024-04-30;Челябинск;Telegram
202471;Сафин Аделина Романовна;2024-06-22;Казань;Direct
202472;Данилов Ксения Олеговна;2023-12-25;Сургут;Organic
202473;Гусев Кирилл Михайловна;2024-03-04;Екатеринбург;Direct
202474;Яковлев Наталья Олегович;2023-09-23;Магнитогорск;Referral
202475;Быков Наталья Владимировна;2023-04-17;Магнитогорск;Organic
202476;Тен Аделина Андреевна;2023-02-09;Челябинск;Email
202477;Каримов Диана Дмитриевич;2024-01-01;Челябинск;Yandex Ads
202478;Богданов Руслан Романович;2024-08-05;Челябинск;Organic
202479;Назаров Валерия Михайловна;2023-04-02;Челябинск;Referral
202480;Михайлов Игорь Сергеевич;2023-04-14;Челябинск;Organic
202481;Юсупов Валерий Михайловна;2024-04-02;Екатеринбург;Referral
202482;Воробьёв Максим Романович;2024-04-19;Миасс;Organic
202483;Киселёв Самвел Романовна;2023-06-09;Копейск;Direct
202484;Щербаков Алёна Николаевна;2024-01-03;Копейск;Direct
202485;Петросян Руслан Алексеевна;2023-03-12;Тюмень;Yandex Ads
202486;Пономарёв Тигран Юрьевич;2024-01-02;Копейск;Direct
202487;Воробьёв Михаил Дмитриевна;2024-03-29;Оренбург;Organic
202488;Жумабаев Ольга Андреевич;2023-01-20;Копейск;Yandex Ads
202489;Арутюнян Юлия Николаевна;2023-02-10;Санкт-Петербург;Direct
202490;Соловьёв Андрей Павлович;2023-07-28;Магнитогорск;Direct
202491;Сулейманов Сергей Евгеньевна;2023-09-17;Казань;Organic
202492;Беляев Кристина Алексеевич;2024-02-24;Челябинск;Organic
202493;Тен Олег Михайловна;2024-05-03;Екатеринбург;Referral
202494;Валеев Юлия Николаевна;2023-05-22;Челябинск;Email
202495;Цой Павел Евгеньевна;2023-12-24;Челябинск;Telegram
202496;Ткаченко Артём Викторовна;2023-10-04;Челябинск;VK Ads
202497;Борисов Никита Алексеевич;2023-04-12;Уфа;Direct
202498;Данилов Георгий Игоревич;2024-05-19;Челябинск;Direct
202499;Михайлов Егор Александрович;2023-12-10;Новосибирск;VK Ads
202500;Ершов Игорь Андреевна;2024-06-20;Челябинск;Organic
202501;Лазарев Надежда Романовна;2023-10-11;Уфа;VK Ads
202502;Каримов Игорь Андреевич;2024-03-11;Челябинск;Referral
202503;Филатов Диана Викторович;2023-05-14;Челябинск;Email
202504;Шин Юлия Иванович;2023-09-19;Магнитогорск;Yandex Ads
202505;Киселёв Игорь Николаевна;2024-08-14;Санкт-Петербург;Telegram
202506;Кудрявцев Светлана Николаевна;2023-11-08;Пермь;Organic
202507;Капустин Валерия Дмитриевич;2024-01-30;Москва;Direct
202508;Капустин Елена Антонович;2023-07-06;Санкт-Петербург;Yandex Ads
202509;Семёнов Тимур Евгеньевич;2023-06-13;Екатеринбург;Organic
202510;Медведев Ксения Юрьевич;2023-05-10;Челябинск;Direct
202511;Васильев Даниил Юрьевич;2024-07-08;Копейск;VK Ads
202512;Шевченко Айгуль Викторовна;2023-09-13;Курган;Direct
202513;Котов Арсен Андреевна;2024-08-18;Казань;Yandex Ads
202514;Виноградов Мария Владимирович;2023-11-14;Миасс;Yandex Ads
202515;Гарипов Павел Романовна;2024-06-02;Миасс;Yandex Ads
202516;Чернов Эмиль Антонович;2024-01-26;Челябинск;Organic
202517;Воробьёв Вадим Антонович;2023-01-10;Челябинск;Referral
202518;Орлов Тимур Александровна;2023-01-26;Пермь;Direct
202519;Абрамян Игорь Михайловна;2023-10-21;Тюмень;Direct
202520;Соболев Константин Олегович;2023-12-14;Челябинск;Organic
202521;Киселёв Алина Алексеевич;2023-02-04;Челябинск;Referral
202522;Шевченко Гузель Юрьевна;2023-10-02;Новосибирск;Direct
202523;Бойко Тигран Юрьевич;2024-08-22;Тюмень;Organic
202524;Тулеев Софья Алексеевна;2024-03-02;Челябинск;Direct
202525;Беляев Самвел Михайлович;2024-05-30;Курган;Referral
202526;Белов Яна Андреевна;2023-06-28;Пермь;Referral
202527;Баранов Самвел Михайлович;2023-11-09;Екатеринбург;Organic
202528;Белов Денис Андреевна;2023-03-26;Пермь;Telegram
202529;Комаров Дмитрий Александровна;2023-02-01;Казань;Telegram
202530;Тен Арсен Олегович;2023-07-10;Магнитогорск;VK Ads
202531;Ибрагимов Владимир Викторович;2024-04-17;Новосибирск;Direct
202532;Абдуллаев Полина Романовна;2024-02-12;Копейск;Yandex Ads
202533;Цветков Марина Алексеевич;2024-08-03;Копейск;Organic
202534;Капустин Кристина Викторович;2023-01-14;Курган;Direct
202535;Морозов Денис Евгеньевна;2023-05-23;Челябинск;Organic
202536;Белов Элина Николаевна;2023-02-12;Челябинск;Direct
202537;Павлов Яна Романович;2023-05-19;Челябинск;Email
202538;Цветков Виктор Викторовна;2024-06-16;Магнитогорск;Direct
202539;Медведев Полина Андреевич;2023-08-17;Златоуст;Direct
202540;Ершов Зарина Алексеевна;2023-06-21;Казань;Email
202541;Абдуллаев Тимур Евгеньевич;2023-08-28;Магнитогорск;Email
202542;Шевченко Юрий Павловна;2024-07-19;Челябинск;Direct
202543;Юн Ирина Сергеевич;2023-06-04;Тюмень;Referral
202544;Романов Гузель Дмитриевич;2024-01-19;Миасс;VK Ads
202545;Королёв Маргарита Павловна;2023-07-03;Челябинск;Yandex Ads
202546;Наумов Максим Александровна;2023-10-28;Пермь;VK Ads
202547;Васильев Арсен Игоревна;2023-08-02;Челябинск;Telegram
202548;Ильин Георгий Александрович;2024-07-25;Челябинск;Direct
202549;Медведев Светлана Алексеевна;2024-02-25;Ижевск;Yandex Ads
202550;Жумабаев Анастасия Андреевна;2023-09-10;Пермь;Direct
202551;Афанасьев Лейла Юрьевна;2024-04-11;Оренбург;VK Ads
202552;Жумабаев Эдуард Олегович;2024-07-21;Москва;Yandex Ads
202553;Чернов Дарья Евгеньевна;2023-10-28;Пермь;Telegram
202554;Иванов Дмитрий Николаевич;2024-02-20;Самара;Direct
202555;Григорян Илья Игоревна;2024-04-29;Оренбург;Direct
202556;Васильев Марат Олегович;2023-09-25;Златоуст;Organic
202557;Маслов Ольга Викторович;2024-05-21;Челябинск;Organic
202558;Денисов Зарина Олегович;2024-03-26;Магнитогорск;Yandex Ads
202559;Волков Алина Иванович;2024-02-28;Златоуст;Referral
202560;Гарипов Мария Алексеевна;2023-04-11;Пермь;Direct
202561;Арутюнян Артём Андреевна;2023-07-20;Москва;Email
202562;Ткаченко Кристина Павловна;2023-03-11;Миасс;Direct
202563;Макаров Валерий Игоревич;2024-08-13;Челябинск;Telegram
202564;Захаров Кирилл Евгеньевич;2023-04-15;Челябинск;Organic
202565;Белов Даниил Андреевна;2023-11-14;Ижевск;Direct
202566;Мухаметшин Иван Юрьевна;2024-08-17;Санкт-Петербург;Direct
202567;Щербаков Даниил Алексеевна;2024-01-08;Челябинск;Direct
202568;Тарасенко Лилия Александрович;2023-07-08;Миасс;Yandex Ads
202569;Петросян Владимир Алексеевна;2024-03-01;Санкт-Петербург;VK Ads
202570;Смирнов Вера Николаевна;2023-08-30;Ижевск;Direct
202571;Медведев Вероника Дмитриевна;2024-08-08;Челябинск;Organic
202572;Белов Илья Павлович;2023-06-24;Москва;Yandex Ads
202573;Захаров Анна Алексеевна;2024-04-02;Казань;Telegram
202574;Тарасенко Борис Михайловна;2023-08-04;Миасс;Yandex Ads
202575;Бондаренко Никита Романович;2024-03-03;Челябинск;Yandex Ads
202576;Юсупов Даниил Дмитриевна;2024-06-16;Копейск;Organic
202577;Саркисян Алексей Олеговна;2023-09-07;Златоуст;Email
202578;Гусев Анна Евгеньевна;2023-01-15;Екатеринбург;Direct
202579;Павлов Артур Павлович;2023-06-03;Челябинск;VK Ads
202580;Назаров Софья Андреевич;2024-07-13;Златоуст;VK Ads
202581;Максимов Наталья Алексеевна;2023-12-24;Магнитогорск;Organic
202582;Кадыров Артём Дмитриевич;2023-03-24;Челябинск;Organic
202583;Денисов Ольга Александровна;2024-04-29;Магнитогорск;Referral
202584;Лебедев Евгения Михайловна;2023-07-21;Пермь;Referral
202585;Котов Виктория Евгеньевич;2023-12-08;Миасс;Email
202586;Сафин Руслан Романовна;2023-12-23;Миасс;Yandex Ads
202587;Лебедев Фёдор Александрович;2024-08-07;Миасс;Referral
202588;Садыков Ольга Павловна;2023-02-26;Москва;Organic
202589;Сергеев Полина Павлович;2024-06-17;Уфа;Referral
202590;Жуков Айгуль Антонович;2023-07-14;Уфа;Direct
202591;Абрамян Константин Романович;2023-09-25;Самара;Direct
202592;Валеев Вера Игоревна;2023-09-10;Пермь;VK Ads
202593;Яковлев Георгий Алексеевна;2024-06-16;Курган;VK Ads
202594;Куликов Милана Игоревна;2024-02-12;Тюмень;Organic
202595;Ершов Вероника Николаевич;2023-06-15;Екатеринбург;Referral
202596;Смирнов Георгий Дмитриевич;2023-09-13;Копейск;Direct
202597;Соловьёв Софья Владимировна;2024-02-02;Челябинск;Telegram
202598;Ахметжанов Ярослав Владимировна;2023-02-23;Челябинск;Direct
202599;Оганесян Фёдор Юрьевна;2024-04-28;Оренбург;Organic
202600;Максимов Надежда Евгеньевна;2024-01-11;Копейск;VK Ads
202601;Козлов Егор Павлович;2024-05-01;Челябинск;VK Ads
202602;Мухаметшин Зарина Иванович;2023-12-09;Самара;VK Ads
202603;Лебедев Антон Александровна;2023-01-10;Челябинск;Yandex Ads
202604;Гасанов Динара Романовна;2024-05-12;Казань;Direct
202605;Беляев Артём Романовна;2023-12-11;Челябинск;Organic
202606;Саркисян Руслан Андреевич;2024-01-31;Магнитогорск;Direct
202607;Соколов Юлия Романович;2024-05-19;Уфа;Direct
202608;Соловьёв Милана Евгеньевич;2024-01-09;Екатеринбург;Organic
202609;Сергеев Денис Николаевна;2023-09-01;Пермь;Direct
202610;Степанов Ирина Алексеевич;2024-04-20;Екатеринбург;Yandex Ads
202611;Яковлев Кристина Олегович;2023-07-07;Челябинск;Organic
202612;Оганесян Тимур Алексеевна;2023-03-30;Казань;Yandex Ads
202613;Мкртчян Павел Алексеевич;2023-12-14;Челябинск;Email
202614;Тарасов Динара Романович;2023-06-10;Челябинск;Yandex Ads
202615;Ковалёв Мария Олеговна;2024-07-15;Челябинск;VK Ads
202616;Комаров Анастасия Александрович;2024-01-15;Челябинск;Referral
202617;Шарипов Олег Иванович;2023-10-18;Челябинск;Yandex Ads
202618;Баранов Станислав Михайлович;2024-05-06;Уфа;Telegram
202619;Голубев Фёдор Сергеевич;2024-04-16;Челябинск;Telegram
202620;Оганесян Элина Юрьевич;2023-10-04;Златоуст;Yandex Ads
202621;Каримов Самвел Павлович;2023-05-13;Магнитогорск;Yandex Ads
202622;Лебедев Антон Ивановна;2023-07-12;Сургут;Referral
202623;Садыков Вадим Сергеевич;2023-05-11;Челябинск;Direct
202624;Ковалёв Ярослав Павлович;2023-12-08;Санкт-Петербург;Organic
202625;Пак Милана Юрьевич;2024-02-17;Миасс;Direct
202626;Белов Юрий Андреевич;2024-02-02;Уфа;Organic
202627;Куликов Олег Викторович;2023-03-01;Копейск;Organic
202628;Козлов Станислав Евгеньевич;2023-05-14;Челябинск;Referral
202629;Титов Максим Михайловна;2023-08-18;Миасс;Telegram
202630;Аветисян Вероника Романовна;2024-01-31;Москва;Direct
202631;Виноградов Амина Михайловна;2023-08-07;Челябинск;Organic
202632;Миронов Ирина Владимировна;2023-02-09;Челябинск;Email
202633;Соболев Полина Игоревна;2023-11-27;Курган;Email
202634;Соболев Фёдор Николаевич;2023-03-30;Тюмень;Direct
202635;Макаров Роман Дмитриевич;2023-11-13;Миасс;Direct
202636;Ибрагимов Валерий Николаевна;2023-05-17;Курган;VK Ads
202637;Ким Никита Сергеевич;2024-08-24;Магнитогорск;Organic
202638;Ким Юрий Дмитриевич;2023-08-22;Магнитогорск;VK Ads
202639;Миронов Надежда Романович;2023-01-23;Москва;Yandex Ads
202640;Зайцев Виктор Юрьевич;2024-02-05;Челябинск;Direct
202641;Егоров Яна Игоревна;2023-03-19;Магнитогорск;Yandex Ads
202642;Ли Кирилл Александрович;2024-04-06;Тюмень;Direct
202643;Цветков Яна Евгеньевна;2024-08-22;Челябинск;Direct
202644;Степанов Карен Юрьевна;2024-03-22;Магнитогорск;Direct
202645;Абрамян Маргарита Викторовна;2024-06-25;Челябинск;Direct
202646;Касымов Алёна Дмитриевич;2023-06-19;Миасс;Yandex Ads
202647;Алиев Игорь Михайлович;2024-01-16;Нижневартовск;Direct
202648;Быков Эмиль Евгеньевич;2024-05-08;Челябинск;Organic
202649;Ахметжанов Иван Андреевич;2023-01-15;Курган;VK Ads
202650;Шевченко Валерий Александрович;2024-06-02;Челябинск;Organic
202651;Тарасов Антон Антонович;2024-08-03;Казань;Organic
202652;Власов Карен Алексеевич;2024-01-13;Челябинск;Organic
202653;Рахимов Олег Алексеевна;2023-06-08;Пермь;Organic
202654;Сафонов Валерия Николаевич;2023-08-12;Копейск;Organic
202655;Соколов Илья Александрович;2024-04-14;Магнитогорск;Direct
202656;Абрамян Фёдор Николаевна;2023-05-03;Челябинск;Organic
202657;Ершов Валерия Викторовна;2024-08-16;Копейск;Yandex Ads
202658;Нуржанов Никита Антонович;2024-01-29;Копейск;Yandex Ads
202659;Маслов Александр Владимирович;2024-05-22;Уфа;Email
202660;Оганесян Глеб Антонович;2024-01-29;Уфа;Organic
202661;Егоров Ирина Евгеньевна;2023-02-26;Тюмень;Yandex Ads
202662;Юсупов Эдуард Андреевна;2024-06-17;Тюмень;Direct
202663;Кузнецов Елена Олегович;2023-02-09;Челябинск;Direct
202664;Новиков Илья Романович;2024-04-17;Казань;Direct
202665;Абрамян Кристина Николаевна;2024-05-06;Казань;Telegram
202666;Кравченко Владимир Михайловна;2024-04-02;Челябинск;Direct
202667;Каримов Евгения Игоревич;2024-08-01;Магнитогорск;Yandex Ads
202668;Козлов Наталья Сергеевна;2023-05-17;Челябинск;Direct
202669;Бойко Марат Алексеевна;2024-01-19;Челябинск;Organic
202670;Кадыров Сергей Алексеевич;2024-07-01;Копейск;VK Ads
202671;Миронов Айгуль Михайлович;2024-06-03;Екатеринбург;Direct
202672;Баранов Артём Михайловна;2024-05-15;Златоуст;Referral
202673;Жуков Элина Романовна;2024-04-27;Уфа;Direct
202674;Гасанов Эмиль Антонович;2024-01-02;Челябинск;Organic
202675;Рахимов Маргарита Павлович;2024-06-09;Златоуст;Yandex Ads
202676;Баранов Милана Михайловна;2023-06-18;Уфа;Direct
202677;Мамедов Елена Дмитриевич;2024-03-17;Казань;Telegram
202678;Андреев Ксения Михайлович;2023-06-11;Курган;Direct
202679;Яковлев Иван Сергеевна;2023-06-24;Екатеринбург;Organic
202680;Ершов Кирилл Евгеньевна;2023-01-24;Челябинск;Organic
202681;Мухаметшин Максим Дмитриевна;2024-07-06;Казань;Referral
202682;Васильев Денис Дмитриевич;2024-03-18;Челябинск;Organic
202683;Смирнов Анастасия Евгеньевна;2023-04-08;Ижевск;Direct
202684;Абдуллаев Евгения Николаевич;2023-05-06;Челябинск;Direct
202685;Галимов Юрий Антонович;2023-07-25;Уфа;Yandex Ads
202686;Данилов Артём Николаевич;2023-06-01;Челябинск;Organic
202687;Морозов Борис Олеговна;2023-06-22;Челябинск;Yandex Ads
202688;Кравченко Михаил Николаевич;2023-09-12;Миасс;VK Ads
202689;Баранов Илья Антонович;2024-06-08;Копейск;Referral
202690;Бойко Дарья Николаевич;2023-07-25;Курган;Organic
202691;Гасанов Олег Дмитриевич;2024-02-23;Уфа;Direct
202692;Попов Динара Игоревна;2023-10-16;Челябинск;Referral
202693;Нуриев Марат Викторович;2023-06-04;Магнитогорск;Yandex Ads
202694;Попов Олег Романовна;2024-06-14;Челябинск;Direct
202695;Зайцев Оксана Павлович;2023-07-16;Миасс;Referral
202696;Белов Эдуард Андреевна;2023-06-02;Челябинск;Organic
202697;Мамедов Павел Александровна;2024-03-09;Уфа;Organic
202698;Пономарёв Егор Евгеньевна;2023-08-02;Челябинск;VK Ads
202699;Сафонов Илья Антонович;2024-05-10;Челябинск;VK Ads
202700;Сафонов Игорь Евгеньевна;2023-01-28;Челябинск;Email
202701;Васильев Олег Евгеньевна;2024-06-06;Ижевск;Organic
202702;Щербаков Илья Олеговна;2024-03-17;Тюмень;Direct
202703;Арутюнян Полина Игоревна;2024-03-15;Миасс;Direct
202704;Морозов Артур Евгеньевна;2024-03-20;Челябинск;Organic
202705;Григорян Андрей Ивановна;2023-06-22;Миасс;Direct
202706;Орлов Елена Михайлович;2024-08-14;Златоуст;Direct
202707;Зайцев Эмиль Олегович;2024-07-11;Казань;Telegram
202708;Иванов Олег Алексеевич;2024-05-05;Челябинск;Email
202709;Герасимов Юрий Евгеньевна;2024-02-12;Миасс;Organic
202710;Мамедов Илья Викторовна;2023-08-14;Челябинск;Email
202711;Петросян Амина Ивановна;2023-06-09;Златоуст;Email
202712;Андреев Илья Иванович;2023-07-15;Челябинск;Organic
202713;Волков Виктор Иванович;2024-04-26;Екатеринбург;VK Ads
202714;Маслов Илья Сергеевич;2023-10-21;Челябинск;Organic
202715;Киселёв Ярослав Викторович;2023-09-15;Челябинск;Email
202716;Григорян Татьяна Андреевич;2023-06-19;Тюмень;Yandex Ads
202717;Смирнов Сергей Николаевич;2024-01-11;Курган;Organic
202718;Кондратьев Надежда Михайловна;2023-11-10;Казань;Yandex Ads
202719;Тарасов Елена Владимировна;2023-05-29;Сургут;Direct
202720;Тулеев Эмиль Олеговна;2023-02-13;Копейск;Direct
202721;Фомин Диана Юрьевна;2024-05-08;Пермь;Yandex Ads
202722;Тарасов Тигран Викторович;2023-04-05;Миасс;Direct
202723;Медведев Никита Юрьевна;2023-01-09;Челябинск;Organic
202724;Сулейманов Тимур Ивановна;2024-03-24;Челябинск;Organic
202725;Григорян Виктор Владимировна;2024-08-02;Копейск;Direct
202726;Савченко Фёдор Олеговна;2024-01-31;Копейск;Organic
202727;Исмаилов Станислав Владимирович;2023-12-20;Курган;Email
202728;Оганесян Дарья Юрьевна;2024-06-17;Челябинск;Email
202729;Денисов Татьяна Сергеевич;2023-11-03;Челябинск;Yandex Ads
202730;Акопян Динара Игоревна;2024-06-20;Магнитогорск;Telegram
202731;Зайцев Валерия Евгеньевна;2023-07-20;Миасс;Yandex Ads
202732;Алиев Эдуард Дмитриевич;2024-01-27;Копейск;Organic
202733;Медведев Диана Романович;2023-07-17;Челябинск;Yandex Ads
202734;Миронов Ирина Павлович;2023-09-27;Тюмень;Organic
202735;Соколов Егор Андреевич;2023-10-20;Екатеринбург;Organic
202736;Миронов Никита Ивановна;2023-07-21;Миасс;Telegram
202737;Филатов Зарина Николаевна;2024-08-19;Челябинск;Direct
202738;Жумабаев Виктор Андреевна;2023-05-11;Копейск;VK Ads
202739;Соболев Маргарита Сергеевна;2023-04-07;Миасс;Organic
202740;Матвеев Руслан Антонович;2023-12-19;Самара;Organic
202741;Ахметов Валерий Владимирович;2023-12-14;Челябинск;Telegram
202742;Максимов Олег Владимирович;2023-01-01;Екатеринбург;Yandex Ads
202743;Орлов Наталья Игоревич;2023-11-06;Челябинск;Organic
202744;Медведев Самвел Ивановна;2024-02-18;Копейск;Organic
202745;Исмаилов Лилия Юрьевна;2024-03-19;Екатеринбург;Yandex Ads
202746;Рябов Ольга Дмитриевна;2023-04-15;Москва;Yandex Ads
202747;Ахметов Денис Павловна;2024-08-13;Екатеринбург;Direct
202748;Денисов Юлия Олеговна;2024-04-29;Магнитогорск;Direct
202749;Киселёв Светлана Дмитриевич;2024-06-13;Сургут;Direct
202750;Виноградов Константин Евгеньевна;2024-02-23;Челябинск;Telegram
202751;Акопян Алёна Павлович;2023-05-10;Челябинск;Yandex Ads
202752;Сергеев Андрей Олеговна;2023-08-16;Челябинск;Direct
202753;Иванов Дмитрий Андреевич;2024-06-20;Челябинск;Direct
202754;Беляев Анастасия Олегович;2023-12-03;Нижневартовск;Organic
202755;Смирнов Ксения Михайловна;2023-09-16;Москва;Organic
202756;Исмаилов Карина Романович;2024-08-25;Миасс;Organic
202757;Киселёв Евгения Романович;2024-03-21;Москва;Direct
202758;Бойко Дмитрий Павловна;2024-08-08;Пермь;Email
202759;Соловьёв Софья Павловна;2023-07-21;Сургут;Telegram
202760;Фёдоров Иван Владимирович;2024-06-08;Оренбург;Yandex Ads
202761;Борисов Борис Алексеевич;2024-06-06;Ижевск;Email
202762;Павлов Маргарита Игоревич;2024-04-20;Челябинск;Organic
202763;Оганесян Динара Юрьевич;2023-07-25;Новосибирск;Yandex Ads
202764;Ли Валерий Олеговна;2023-06-20;Челябинск;Organic
202765;Савченко Валерий Олегович;2023-02-07;Челябинск;Email
202766;Рябов Николай Алексеевич;2023-09-24;Екатеринбург;Direct
202767;Савченко Константин Алексеевич;2024-03-09;Челябинск;Organic
202768;Ибрагимов Фёдор Алексеевна;2024-01-11;Нижневартовск;Organic
202769;Цой Егор Романовна;2023-12-19;Копейск;Telegram
202770;Богданов Никита Романович;2023-07-11;Челябинск;Email
202771;Фролов Полина Владимировна;2024-04-25;Челябинск;Direct
202772;Ершов Николай Олеговна;2024-02-04;Оренбург;Referral
202773;Кондратьев Тимур Андреевич;2023-07-03;Магнитогорск;Direct
202774;Голубев Станислав Романович;2023-10-25;Челябинск;Referral
202775;Абрамян Самвел Александрович;2023-09-08;Челябинск;Organic
202776;Соболев Динара Олеговна;2023-05-31;Копейск;Organic
202777;Абдуллаев Георгий Алексеевна;2023-11-17;Тюмень;Telegram
202778;Щербаков Алёна Викторович;2023-03-02;Челябинск;Email
202779;Юн Айгуль Романовна;2023-05-22;Москва;Direct
202780;Матвеев Николай Алексеевич;2023-09-25;Челябинск;Yandex Ads
202781;Гарипов Софья Романович;2023-02-05;Екатеринбург;Organic
202782;Валеев Юлия Юрьевич;2023-05-26;Челябинск;Direct
202783;Хабибуллин Роман Викторович;2024-05-31;Челябинск;Yandex Ads
202784;Попов Карина Дмитриевна;2023-01-10;Магнитогорск;Yandex Ads
202785;Касымов Кирилл Игоревич;2024-02-28;Казань;Telegram
202786;Медведев Полина Александровна;2023-10-13;Златоуст;Email
202787;Нуржанов Георгий Михайлович;2023-02-19;Магнитогорск;Direct
202788;Хасанов Ксения Антонович;2024-08-25;Москва;Organic
202789;Михайлов Денис Евгеньевна;2024-03-25;Уфа;VK Ads
202790;Сеитов Лилия Дмитриевич;2023-10-26;Екатеринбург;Telegram
202791;Максимов Валерий Николаевна;2023-05-28;Миасс;Referral
202792;Сеитов Зарина Алексеевна;2024-08-29;Санкт-Петербург;Organic
202793;Котов Вера Игоревич;2023-07-10;Курган;Telegram
202794;Мартиросян Карина Викторовна;2023-12-06;Пермь;Organic
202795;Жумабаев Маргарита Алексеевич;2023-07-14;Копейск;VK Ads
202796;Юсупов Валерия Олегович;2023-01-30;Челябинск;VK Ads
202797;Шарипов Самвел Сергеевна;2024-07-23;Екатеринбург;Organic
202798;Бойко Руслан Николаевич;2023-08-06;Сургут;Yandex Ads
202799;Богданов Денис Дмитриевич;2023-09-09;Ижевск;Organic
202800;Ким Егор Викторовна;2024-08-21;Челябинск;Email
202801;Соловьёв Динара Романович;2023-08-26;Тюмень;Organic
202802;Никитин Тимур Алексеевич;2023-12-17;Тюмень;VK Ads
202803;Куликов Борис Андреевич;2023-02-15;Златоуст;Yandex Ads
202804;Сафин Марат Александровна;2023-02-19;Миасс;Yandex Ads
202805;Попов Лейла Михайловна;2023-05-05;Екатеринбург;Organic
202806;Чернов Анна Николаевич;2023-05-02;Челябинск;Referral
202807;Морозов Максим Иванович;2024-06-12;Екатеринбург;Email
202808;Юн Максим Алексеевич;2024-03-22;Челябинск;Email
202809;Сорокин Роман Владимировна;2023-10-17;Казань;Telegram
202810;Никитин Айгуль Игоревич;2024-08-02;Челябинск;Direct
202811;Сеитов Елена Ивановна;2024-07-05;Челябинск;VK Ads
202812;Комаров Амина Иванович;2023-10-17;Челябинск;VK Ads
202813;Нуржанов Виктор Олегович;2023-08-11;Челябинск;Organic
202814;Маслов Эмиль Алексеевич;2023-01-25;Челябинск;Organic
202815;Алиев Павел Андреевич;2023-06-04;Челябинск;Direct
202816;Максимов Сергей Юрьевич;2024-02-03;Челябинск;Direct
202817;Логинов Ольга Ивановна;2024-05-21;Миасс;Yandex Ads
202818;Гончаренко Зарина Павлович;2023-10-26;Миасс;Yandex Ads
202819;Мкртчян Фёдор Владимировна;2023-03-29;Миасс;Email
202820;Поляков Гузель Олеговна;2023-05-21;Челябинск;VK Ads
202821;Абрамян Денис Иванович;2024-02-26;Челябинск;Organic
202822;Бондаренко Марат Антонович;2024-05-21;Копейск;Email
202823;Сорокин Аделина Иванович;2023-05-19;Челябинск;VK Ads
202824;Каримов Максим Викторович;2024-05-08;Челябинск;VK Ads
202825;Сулейманов Айгуль Дмитриевна;2023-09-04;Ижевск;Organic
202826;Кондратьев Наталья Алексеевна;2023-07-03;Уфа;Referral
202827;Попов Ярослав Юрьевич;2023-05-13;Миасс;Yandex Ads
202828;Ильин Константин Павловна;2024-01-29;Екатеринбург;VK Ads
202829;Жумабаев Артур Ивановна;2024-05-11;Челябинск;Organic
202830;Лебедев Ольга Юрьевич;2023-03-19;Уфа;VK Ads
202831;Бондаренко Эмиль Алексеевич;2024-06-28;Пермь;Yandex Ads
202832;Оганесян Дмитрий Игоревна;2023-09-03;Копейск;Email
202833;Ахметжанов Олег Олеговна;2024-03-21;Челябинск;Referral
202834;Сергеев Андрей Романовна;2023-07-13;Челябинск;Direct
202835;Маслов Тимур Антонович;2024-08-08;Челябинск;Organic
202836;Жумабаев Алина Алексеевна;2024-07-18;Челябинск;Telegram
202837;Павлов Эмиль Сергеевна;2024-01-17;Москва;Organic
202838;Арутюнян Илья Владимирович;2024-03-28;Челябинск;Yandex Ads
202839;Яковлев Лейла Павловна;2023-07-23;Миасс;Organic
202840;Воробьёв Оксана Иванович;2023-02-14;Магнитогорск;Referral
202841;Егоров Ольга Романович;2023-08-18;Челябинск;VK Ads
202842;Морозов Николай Александрович;2023-06-01;Миасс;Yandex Ads
202843;Афанасьев Илья Алексеевна;2023-05-28;Челябинск;Direct
202844;Алиев Артём Андреевна;2024-04-23;Уфа;Direct
202845;Бойко Елена Михайловна;2023-04-30;Екатеринбург;VK Ads
202846;Ким Лилия Сергеевич;2023-12-02;Екатеринбург;Yandex Ads
202847;Киселёв Самвел Дмитриевна;2024-06-11;Челябинск;Direct
202848;Абрамян Самвел Юрьевна;2023-01-12;Москва;Direct
202849;Аветисян Денис Александрович;2023-03-03;Москва;Organic
202850;Иванов Татьяна Андреевич;2023-10-29;Челябинск;VK Ads
202851;Козлов Эдуард Павлович;2023-11-16;Златоуст;Organic
202852;Власов Роман Викторовна;2023-06-15;Екатеринбург;Organic
202853;Оганесян Евгения Юрьевич;2024-07-02;Екатеринбург;Direct
202854;Лазарев Алёна Викторович;2023-07-21;Копейск;VK Ads
202855;Белов Вера Игоревна;2023-07-01;Миасс;Referral
202856;Мартиросян Софья Сергеевна;2023-02-19;Челябинск;Direct
202857;Ибрагимов Руслан Игоревна;2023-07-09;Ижевск;VK Ads
202858;Захаров Тимур Олегович;2024-02-08;Челябинск;Yandex Ads
202859;Арутюнян Андрей Александровна;2023-03-12;Челябинск;Telegram
202860;Мамедов Алина Юрьевна;2024-03-11;Оренбург;Telegram
202861;Чернов Артём Алексеевна;2023-01-27;Миасс;Organic
202862;Бондаренко Фёдор Игоревич;2023-02-26;Санкт-Петербург;Direct
202863;Афанасьев Полина Олегович;2023-12-24;Казань;Yandex Ads
202864;Кравченко Роман Александрович;2023-10-26;Челябинск;VK Ads
202865;Шарипов Вера Александровна;2024-02-02;Магнитогорск;Yandex Ads
202866;Смирнов Алёна Павлович;2023-04-11;Копейск;Organic
202867;Хасанов Иван Олегович;2023-10-28;Челябинск;Yandex Ads
202868;Тулеев Руслан Иванович;2023-01-08;Челябинск;VK Ads
202869;Тен Александр Алексеевна;2023-06-08;Челябинск;Yandex Ads
202870;Богданов Иван Антонович;2023-05-17;Екатеринбург;Direct
202871;Бойко Айгуль Олеговна;2023-08-10;Самара;Yandex Ads
202872;Тарасенко Амина Павловна;2024-08-10;Челябинск;Organic
202873;Саркисян Лилия Евгеньевна;2024-03-17;Миасс;VK Ads
202874;Ильин Милана Сергеевна;2023-05-24;Пермь;VK Ads
202875;Мухаметшин Светлана Юрьевич;2023-04-03;Тюмень;Organic
202876;Тулеев Андрей Юрьевна;2024-06-26;Магнитогорск;Referral
202877;Сорокин Артём Павлович;2024-01-12;Челябинск;Referral
202878;Рахимов Вероника Дмитриевич;2023-03-11;Москва;Direct
202879;Логинов Борис Сергеевна;2023-06-30;Екатеринбург;Yandex Ads
202880;Ткаченко Оксана Юрьевна;2024-07-02;Уфа;Direct
202881;Матвеев Зарина Михайлович;2023-06-29;Магнитогорск;Referral
202882;Миронов Арсен Алексеевна;2023-08-14;Челябинск;Direct
202883;Яковлев Эмиль Владимирович;2023-03-15;Златоуст;VK Ads
202884;Ткаченко Надежда Иванович;2023-04-30;Москва;Organic
202885;Макаров Руслан Андреевич;2024-06-19;Златоуст;Organic
202886;Макаров Елена Юрьевна;2023-08-04;Челябинск;Organic
202887;Ткаченко Зарина Евгеньевич;2023-10-05;Магнитогорск;Organic
202888;Мирзоян Надежда Владимировна;2024-07-22;Челябинск;Direct
202889;Афанасьев Ольга Викторовна;2023-11-04;Челябинск;Yandex Ads
202890;Борисов Софья Михайловна;2023-07-15;Тюмень;VK Ads
202891;Соловьёв Константин Игоревич;2024-02-02;Екатеринбург;Organic
202892;Садыков Кирилл Игоревна;2023-07-28;Челябинск;Yandex Ads
202893;Медведев Виктор Викторович;2024-01-17;Челябинск;VK Ads
202894;Галимов Аделина Алексеевна;2023-09-12;Златоуст;Telegram
202895;Воробьёв Глеб Александрович;2023-05-30;Челябинск;Email
202896;Афанасьев Елена Евгеньевна;2023-08-09;Златоуст;Yandex Ads
202897;Борисов Софья Владимировна;2023-11-19;Копейск;VK Ads
202898;Алексеев Гузель Николаевна;2024-04-24;Челябинск;Yandex Ads
202899;Попов Эмиль Евгеньевна;2023-02-12;Москва;Organic
202900;Беляев Фёдор Сергеевна;2024-02-08;Челябинск;Referral
202901;Котов Егор Игоревич;2024-07-23;Казань;Yandex Ads
202902;Щербаков Роман Андреевич;2024-05-14;Миасс;Direct
202903;Петросян Оксана Алексеевна;2024-01-29;Магнитогорск;Yandex Ads
202904;Кузнецов Ольга Ивановна;2024-03-25;Оренбург;Direct
202905;Белов Екатерина Антонович;2023-09-29;Челябинск;VK Ads
202906;Захаров Роман Павловна;2023-09-15;Челябинск;Telegram
202907;Гасанов Амина Ивановна;2024-08-27;Екатеринбург;Yandex Ads
202908;Сеитов Лилия Олегович;2024-04-29;Челябинск;Telegram
202909;Григорьев Надежда Евгеньевич;2024-04-17;Миасс;VK Ads
202910;Богданов Руслан Иванович;2024-03-18;Челябинск;Organic
202911;Ким Светлана Владимировна;2023-11-12;Челябинск;Yandex Ads
202912;Арутюнян Элина Юрьевич;2023-02-10;Челябинск;Yandex Ads
202913;Гончаренко Валерий Ивановна;2023-04-01;Санкт-Петербург;Yandex Ads
202914;Лазарев Татьяна Андреевна;2024-03-20;Москва;VK Ads
202915;Кравченко Максим Сергеевич;2023-03-05;Москва;Yandex Ads
202916;Жуков Алексей Александрович;2023-08-08;Ижевск;Direct
202917;Аветисян Тигран Олегович;2023-04-03;Копейск;VK Ads
202918;Ким Алёна Владимировна;2024-02-13;Пермь;Organic
202919;Юсупов Оксана Игоревич;2024-02-05;Магнитогорск;Organic
202920;Васильев Станислав Ивановна;2024-02-03;Москва;Organic
202921;Мирзоян Вера Юрьевич;2023-07-29;Сургут;Organic
202922;Королёв Олег Андреевич;2023-01-20;Магнитогорск;Direct
202923;Егоров Ирина Антонович;2023-07-23;Челябинск;Organic
202924;Григорьев Арсен Сергеевич;2023-06-01;Курган;Direct
202925;Арутюнян Оксана Викторович;2023-12-30;Тюмень;Direct
202926;Галимов Глеб Николаевич;2024-03-14;Казань;Organic
202927;Ахметжанов Лейла Ивановна;2024-06-15;Челябинск;Direct
202928;Котов Артур Евгеньевна;2024-08-03;Челябинск;Organic
202929;Петров Ксения Иванович;2023-08-21;Златоуст;Direct
202930;Кузьмин Руслан Николаевна;2024-04-27;Челябинск;Yandex Ads
202931;Аветисян Андрей Игоревич;2023-03-14;Новосибирск;Organic
202932;Поляков Зарина Викторовна;2023-03-03;Нижневартовск;Direct
202933;Поляков Эдуард Михайловна;2023-09-22;Курган;Yandex Ads
202934;Зайцев Павел Игоревна;2024-02-23;Москва;Yandex Ads
202935;Кузнецов Лейла Антонович;2023-11-19;Тюмень;Referral
202936;Миронов Кристина Павлович;2023-01-26;Екатеринбург;VK Ads
202937;Абдуллаев Лилия Юрьевич;2024-01-01;Тюмень;Yandex Ads
202938;Тарасенко Динара Олеговна;2023-08-15;Копейск;Email
202939;Королёв Арсен Олеговна;2023-02-18;Пермь;Organic
202940;Галимов Светлана Андреевич;2023-05-16;Уфа;Referral
202941;Аветисян Ксения Николаевич;2024-02-21;Уфа;Yandex Ads
202942;Петров Виктор Олегович;2024-04-30;Ижевск;Organic
202943;Степанов Светлана Николаевна;2024-01-31;Челябинск;Direct
202944;Хасанов Наталья Сергеевич;2024-06-26;Миасс;Organic
202945;Гончаренко Маргарита Романович;2024-08-13;Челябинск;VK Ads
202946;Герасимов Надежда Николаевна;2023-03-27;Челябинск;Telegram
202947;Цой Даниил Антонович;2023-07-13;Челябинск;Email
202948;Сафин Элина Евгеньевич;2023-03-28;Казань;Organic
202949;Белов Яна Дмитриевич;2023-07-07;Магнитогорск;VK Ads
202950;Коваленко Руслан Сергеевна;2023-01-05;Челябинск;VK Ads
202951;Бондаренко Александр Евгеньевич;2023-07-29;Екатеринбург;Referral
202952;Гасанов Глеб Романович;2024-03-15;Миасс;Organic
202953;Капустин Алёна Николаевич;2024-08-22;Челябинск;Organic
202954;Галимов Тимур Павлович;2024-01-28;Челябинск;Yandex Ads
202955;Афанасьев Андрей Игоревна;2023-04-13;Оренбург;Organic
202956;Петров Олег Ивановна;2024-06-26;Оренбург;VK Ads
202957;Новиков Никита Юрьевна;2024-05-04;Миасс;Referral
202958;Мухаметшин Полина Александровна;2023-08-25;Копейск;Organic
202959;Сулейманов Татьяна Юрьевич;2023-12-16;Челябинск;Yandex Ads
202960;Фёдоров Олег Дмитриевич;2023-11-03;Магнитогорск;Yandex Ads
202961;Кадыров Владимир Николаевна;2023-03-26;Новосибирск;Telegram
202962;Комаров Антон Дмитриевич;2023-08-11;Курган;Organic
202963;Аветисян Наталья Михайлович;2024-01-29;Челябинск;VK Ads
202964;Бойко Николай Романовна;2023-06-11;Тюмень;VK Ads
202965;Васильев Юлия Иванович;2023-05-19;Пермь;Organic
202966;Валеев Руслан Николаевна;2024-05-26;Пермь;Organic
202967;Мельник Максим Юрьевна;2024-05-04;Копейск;Telegram
202968;Ким Элина Юрьевич;2023-02-20;Миасс;Direct
202969;Соколов Валерий Олегович;2023-11-30;Челябинск;Direct
202970;Быков Светлана Юрьевич;2024-05-18;Миасс;VK Ads
202971;Кадыров Милана Александрович;2023-10-01;Челябинск;Yandex Ads
202972;Сергеев Виктория Алексеевна;2023-08-16;Челябинск;Email
202973;Мартиросян Александр Алексеевна;2023-11-02;Самара;Direct
202974;Исмаилов Светлана Иванович;2024-01-20;Курган;VK Ads
202975;Тулеев Полина Олегович;2023-02-17;Пермь;Organic
202976;Оганесян Олег Дмитриевич;2023-04-11;Челябинск;Direct
202977;Лазарев Роман Викторович;2023-05-01;Нижневартовск;Email
202978;Белов Артур Михайлович;2024-04-02;Златоуст;Yandex Ads
202979;Лебедев Элина Владимирович;2024-04-21;Екатеринбург;Referral
202980;Назаров Юрий Игоревич;2023-06-06;Копейск;Email
202981;Фролов Максим Михайлович;2023-05-10;Челябинск;Organic
202982;Галимов Надежда Романович;2024-07-07;Челябинск;Direct
202983;Куликов Эдуард Викторовна;2023-06-22;Сургут;Yandex Ads
202984;Савченко Андрей Игоревич;2023-05-27;Копейск;Organic
202985;Ибрагимов Елена Романович;2023-01-31;Миасс;Organic
202986;Шевченко Антон Юрьевна;2024-05-03;Тюмень;Direct
202987;Сафонов Владимир Дмитриевна;2023-08-03;Копейск;VK Ads
202988;Кудрявцев Михаил Алексеевна;2023-06-23;Челябинск;Yandex Ads
202989;Ткаченко Динара Николаевна;2024-03-22;Челябинск;Direct
202990;Лазарев Марина Ивановна;2024-04-24;Санкт-Петербург;Telegram
202991;Куликов Павел Олеговна;2023-07-14;Уфа;Yandex Ads
202992;Ли Евгения Михайлович;2023-03-29;Челябинск;Yandex Ads
202993;Нуриев Кристина Алексеевич;2023-04-01;Пермь;VK Ads
202994;Ибрагимов Константин Михайловна;2023-12-17;Миасс;Telegram
202995;Алексеев Тигран Евгеньевич;2023-01-11;Челябинск;Yandex Ads
202996;Куликов Борис Антонович;2024-02-03;Копейск;Yandex Ads
202997;Ткаченко Глеб Николаевна;2023-09-03;Уфа;Organic
202998;Исмаилов Андрей Юрьевна;2024-01-04;Челябинск;Direct
202999;Павлов Игорь Игоревна;2023-03-16;Магнитогорск;Direct
203000;Баранов Алексей Ивановна;2024-02-23;Пермь;Yandex Ads
203001;Егоров Амина Иванович;2024-02-08;Москва;Direct
203002;Медведев Руслан Дмитриевна;2023-06-22;Копейск;Direct
203003;Садыков Мария Николаевич;2023-08-14;Магнитогорск;Referral
203004;Гончаренко Алёна Владимирович;2023-12-13;Челябинск;Organic
203005;Котов Антон Андреевич;2024-05-23;Копейск;Organic
203006;Кравченко Юрий Игоревна;2024-08-06;Челябинск;VK Ads
203007;Оганесян Татьяна Николаевич;2023-09-30;Тюмень;Telegram
203008;Ильин Артур Игоревич;2023-10-15;Копейск;Direct
203009;Бондаренко Евгения Олеговна;2023-04-07;Москва;Referral
203010;Власов Глеб Евгеньевна;2024-05-04;Казань;Yandex Ads
203011;Цой Станислав Алексеевич;2023-05-19;Челябинск;Organic
203012;Мартиросян Наталья Антонович;2023-12-14;Челябинск;Telegram
203013;Валеев Юрий Игоревич;2023-05-03;Екатеринбург;VK Ads
203014;Михайлов Андрей Дмитриевна;2023-03-22;Тюмень;Organic
203015;Омаров Оксана Романовна;2024-06-18;Челябинск;Yandex Ads
203016;Мухаметшин Дмитрий Юрьевна;2023-12-24;Курган;VK Ads
203017;Галимов Глеб Владимирович;2024-05-05;Миасс;Organic
203018;Мухаметшин Светлана Николаевич;2023-05-28;Магнитогорск;Organic
203019;Денисов Лилия Алексеевич;2023-02-13;Тюмень;Direct
203020;Андреев Милана Олеговна;2023-12-23;Миасс;Direct
203021;Касымов Арсен Андреевна;2024-01-12;Челябинск;Direct
203022;Бондаренко Тигран Евгеньевна;2024-07-04;Челябинск;Organic
203023;Кузнецов Иван Романович;2024-04-11;Тюмень;Telegram
203024;Маслов Оксана Владимировна;2024-05-21;Курган;Direct
203025;Ковалёв Артур Игоревна;2023-02-22;Оренбург;Referral
203026;Волков Яна Алексеевич;2023-04-01;Магнитогорск;Yandex Ads
203027;Никитин Виктория Юрьевна;2024-05-13;Новосибирск;Organic
203028;Шарипов Эмиль Евгеньевна;2023-05-23;Челябинск;Yandex Ads
203029;Шин Евгения Павлович;2023-03-28;Миасс;Organic
203030;Павлов Маргарита Евгеньевна;2024-01-16;Ижевск;Referral
203031;Мкртчян Руслан Михайлович;2023-12-09;Челябинск;Direct
203032;Кондратьев Дарья Викторовна;2023-01-24;Казань;Telegram
203033;Хабибуллин Роман Романовна;2024-06-05;Магнитогорск;Organic
203034;Богданов Алина Александровна;2023-03-15;Екатеринбург;Direct
203035;Морозов Евгения Игоревна;2023-06-15;Челябинск;Yandex Ads
203036;Алиев Борис Алексеевна;2023-04-05;Челябинск;Organic
203037;Мкртчян Иван Михайлович;2023-03-22;Курган;Organic
203038;Поляков Алексей Евгеньевна;2023-01-27;Копейск;Organic
203039;Ткаченко Екатерина Викторович;2023-09-17;Екатеринбург;VK Ads
203040;Мирзоян Юрий Иванович;2023-12-08;Нижневартовск;Referral
203041;Фомин Иван Иванович;2023-07-12;Миасс;Organic
203042;Голубев Арсен Андреевич;2024-04-11;Челябинск;Direct
203043;Ким Николай Михайлович;2023-11-12;Златоуст;Direct
203044;Жуков Дарья Викторович;2023-10-16;Златоуст;Direct
203045;Сулейманов Алина Дмитриевна;2024-03-24;Челябинск;Organic
203046;Сергеев Айгуль Алексеевна;2023-05-11;Копейск;Organic
203047;Белов Карен Сергеевич;2023-09-18;Копейск;Yandex Ads
203048;Миронов Даниил Павловна;2023-04-05;Магнитогорск;Yandex Ads
203049;Саркисян Вероника Дмитриевна;2024-05-20;Челябинск;Yandex Ads
203050;Петров Евгений Александровна;2024-04-15;Москва;Direct
203051;Назаров Роман Викторович;2024-08-03;Новосибирск;Organic
203052;Ким Алина Андреевич;2023-02-23;Челябинск;Direct
203053;Титов Оксана Михайлович;2023-05-11;Миасс;Yandex Ads
203054;Морозов Тигран Викторович;2023-12-10;Нижневартовск;Referral
203055;Мухаметшин Егор Евгеньевна;2024-08-03;Копейск;VK Ads
203056;Петросян Дмитрий Евгеньевна;2023-09-12;Челябинск;Direct
203057;Макаров Амина Олегович;2023-08-10;Магнитогорск;VK Ads
203058;Макаров Георгий Александровна;2023-10-13;Златоуст;Yandex Ads
203059;Ершов Роман Романович;2024-06-14;Златоуст;Yandex Ads
203060;Ковалёв Алина Игоревич;2024-01-10;Екатеринбург;Direct
203061;Савченко Денис Олегович;2023-05-22;Челябинск;Direct
203062;Шин Софья Владимировна;2023-12-02;Ижевск;Yandex Ads
203063;Шарипов Диана Николаевич;2023-02-28;Самара;Organic
203064;Маслов Динара Антонович;2023-08-01;Копейск;Direct
203065;Голубев Софья Владимировна;2023-06-15;Челябинск;Yandex Ads
203066;Иванов Георгий Николаевна;2024-06-13;Челябинск;Organic
203067;Соболев Георгий Владимирович;2023-01-15;Уфа;Yandex Ads
203068;Мельник Наталья Игоревна;2023-03-14;Казань;Direct
203069;Гончаренко Руслан Алексеевич;2024-01-24;Тюмень;Direct
203070;Сафонов Евгения Иванович;2023-07-05;Челябинск;Organic
203071;Ильин Алексей Игоревич;2024-01-06;Курган;Direct
203072;Юн Евгения Александрович;2024-06-27;Челябинск;Organic
203073;Касымов Анастасия Игоревна;2024-01-05;Ижевск;VK Ads
203074;Тен Роман Антонович;2024-06-03;Челябинск;Telegram
203075;Яковлев Анна Иванович;2023-08-07;Челябинск;Yandex Ads
203076;Тен Аделина Николаевич;2023-04-25;Курган;Direct
203077;Ли Яна Викторович;2023-06-15;Курган;Yandex Ads
203078;Абрамян Алина Дмитриевич;2023-03-02;Уфа;VK Ads
203079;Валеев Диана Владимировна;2023-06-04;Челябинск;Direct
203080;Петросян Арсен Михайловна;2024-08-15;Оренбург;Telegram
203081;Лебедев Руслан Ивановна;2023-07-13;Челябинск;Yandex Ads
203082;Капустин Борис Александрович;2023-11-20;Уфа;Direct
203083;Соболев Айгуль Михайловна;2023-05-06;Челябинск;Direct
203084;Мухаметшин Зарина Николаевна;2024-05-01;Самара;Direct
203085;Тарасов Вероника Олеговна;2023-10-20;Курган;Direct
203086;Сафин Кирилл Игоревна;2023-12-08;Магнитогорск;Telegram
203087;Рахимов Сергей Александрович;2023-08-20;Самара;VK Ads
203088;Сафонов Станислав Юрьевна;2023-01-09;Челябинск;Organic
203089;Алексеев Евгений Антонович;2023-10-09;Копейск;Organic
203090;Сафин Динара Владимировна;2024-07-13;Златоуст;VK Ads
203091;Иванов Амина Викторович;2023-08-11;Копейск;Direct
203092;Кондратьев Маргарита Николаевна;2024-03-03;Казань;Yandex Ads
203093;Герасимов Айгуль Игоревич;2024-05-19;Челябинск;Yandex Ads
203094;Морозов Самвел Олегович;2023-05-03;Казань;Direct
203095;Кузнецов Надежда Алексеевна;2024-05-03;Челябинск;VK Ads
203096;Яковлев Лейла Олегович;2023-01-21;Челябинск;VK Ads
203097;Абрамян Олег Викторович;2024-07-27;Челябинск;Organic
203098;Тарасенко Павел Алексеевич;2024-06-16;Уфа;Direct
203099;Васильев Ирина Михайловна;2024-05-06;Санкт-Петербург;Organic
203100;Исмаилов Екатерина Сергеевна;2024-01-21;Курган;Email
203101;Кадыров Антон Евгеньевич;2024-04-28;Уфа;Organic
203102;Герасимов Светлана Алексеевна;2023-10-05;Нижневартовск;Direct
203103;Сорокин Артур Викторовна;2023-01-12;Челябинск;VK Ads
203104;Гусев Ярослав Викторовна;2024-06-20;Магнитогорск;Organic
203105;Степанов Карен Сергеевич;2024-06-30;Челябинск;VK Ads
203106;Зайцев Карина Владимирович;2023-09-18;Копейск;Direct
203107;Хасанов Николай Владимировна;2023-07-18;Москва;Direct
203108;Котов Денис Александрович;2023-02-03;Тюмень;Organic
203109;Егоров Елена Сергеевна;2024-08-17;Оренбург;Yandex Ads
203110;Лебедев Полина Николаевна;2023-04-13;Пермь;VK Ads
203111;Тулеев Лейла Олегович;2023-02-04;Миасс;Yandex Ads
203112;Михайлов Ярослав Юрьевич;2023-01-24;Уфа;Organic
203113;Абдуллаев Виктория Павловна;2023-02-01;Челябинск;Telegram
203114;Кадыров Виктория Алексеевна;2024-08-25;Уфа;Organic
203115;Макаров Айгуль Романовна;2024-07-23;Миасс;Direct
203116;Шарипов Владимир Олегович;2023-10-24;Новосибирск;Yandex Ads
203117;Савченко Иван Павлович;2024-02-21;Челябинск;Direct
203118;Филатов Татьяна Викторович;2024-07-20;Пермь;Organic
203119;Пономарёв Артур Михайловна;2023-10-10;Тюмень;Organic
203120;Богданов Артур Алексеевна;2024-04-07;Магнитогорск;Direct
203121;Оганесян Зарина Сергеевна;2023-08-18;Тюмень;Organic
203122;Акопян Глеб Дмитриевич;2023-05-02;Челябинск;VK Ads
203123;Ковалёв Тигран Михайловна;2023-07-17;Пермь;Yandex Ads
203124;Мамедов Анна Сергеевна;2023-01-16;Магнитогорск;Organic
203125;Иванов Марат Владимировна;2024-02-21;Миасс;Telegram
203126;Мельник Татьяна Олеговна;2023-09-19;Миасс;Yandex Ads
203127;Ковалёв Кирилл Михайловна;2023-09-06;Нижневартовск;Yandex Ads
203128;Морозов Алексей Юрьевич;2024-05-19;Челябинск;Direct
203129;Егоров Арсен Александровна;2023-05-24;Уфа;VK Ads
203130;Ли Маргарита Сергеевич;2024-04-07;Пермь;Direct
203131;Савченко Евгений Владимировна;2024-01-17;Казань;Organic
203132;Сафонов Ксения Павловна;2023-11-17;Нижневартовск;VK Ads
203133;Попов Николай Дмитриевна;2023-12-17;Сургут;Organic
203134;Королёв Руслан Викторовна;2024-07-28;Челябинск;Yandex Ads
203135;Кузьмин Карен Дмитриевич;2023-08-26;Санкт-Петербург;Direct
203136;Тарасов Валерия Михайловна;2023-02-28;Миасс;Direct
203137;Сергеев Екатерина Евгеньевич;2023-06-12;Казань;Referral
203138;Фролов Валерия Сергеевич;2023-07-29;Уфа;Organic
203139;Власов Егор Романовна;2024-04-01;Челябинск;Direct
203140;Ким Игорь Павлович;2024-08-19;Курган;Yandex Ads
203141;Логинов Игорь Олеговна;2023-10-22;Челябинск;Direct
203142;Каримов Владимир Дмитриевич;2023-11-12;Курган;Yandex Ads
203143;Шин Елена Ивановна;2024-01-30;Челябинск;Referral
203144;Кондратьев Олег Алексеевич;2023-08-28;Челябинск;VK Ads
203145;Гусев Анна Олегович;2023-12-09;Курган;VK Ads
203146;Акопян Тигран Алексеевна;2024-02-10;Челябинск;Direct
203147;Григорян Фёдор Иванович;2023-04-25;Челябинск;Organic
203148;Рябов Сергей Николаевна;2023-05-05;Копейск;Yandex Ads
203149;Михайлов Иван Андреевич;2023-05-02;Магнитогорск;Yandex Ads
203150;Соловьёв Ксения Павлович;2024-04-16;Челябинск;Direct
203151;Алексеев Георгий Игоревич;2024-02-24;Магнитогорск;Telegram
203152;Григорьев Дмитрий Евгеньевич;2023-09-17;Копейск;Organic
203153;Абрамян Евгений Павловна;2023-08-28;Москва;Organic
203154;Алиев Ксения Алексеевна;2023-10-25;Миасс;VK Ads
203155;Тарасов Алексей Ивановна;2024-07-24;Москва;Organic
203156;Исмаилов Ярослав Ивановна;2024-05-07;Миасс;Telegram
203157;Волков Олег Николаевна;2023-09-11;Екатеринбург;Organic
203158;Ким Елена Алексеевич;2023-03-08;Копейск;VK Ads
203159;Кравченко Карен Евгеньевна;2023-01-23;Челябинск;VK Ads
203160;Кузьмин Тимур Павловна;2023-03-02;Копейск;Yandex Ads
203161;Мельник Ирина Романовна;2023-05-05;Магнитогорск;Referral
203162;Кадыров Оксана Михайлович;2023-03-10;Новосибирск;Referral
203163;Лебедев Евгений Владимирович;2024-03-02;Челябинск;Yandex Ads
203164;Беляев Вадим Олеговна;2024-05-23;Москва;VK Ads
203165;Кудрявцев Полина Юрьевич;2023-07-05;Пермь;Direct
203166;Филатов Екатерина Владимирович;2023-11-21;Челябинск;VK Ads
203167;Тарасов Евгений Олегович;2023-12-17;Оренбург;Yandex Ads
203168;Пак Айгуль Николаевич;2024-04-19;Челябинск;Yandex Ads
203169;Акопян Маргарита Антонович;2023-01-05;Челябинск;Organic
203170;Чернов Егор Андреевич;2023-07-06;Миасс;Telegram
203171;Бекетов Анна Андреевна;2023-02-18;Нижневартовск;Telegram
203172;Фролов Юлия Иванович;2023-09-02;Челябинск;Telegram
203173;Ким Эдуард Сергеевич;2024-01-11;Казань;Organic
203174;Касымов Лилия Ивановна;2023-10-27;Екатеринбург;VK Ads
203175;Смирнов Анна Павлович;2023-12-17;Тюмень;Yandex Ads
203176;Оганесян Лилия Павловна;2023-06-30;Челябинск;Organic
203177;Гончаренко Илья Алексеевна;2023-06-13;Сургут;Organic
203178;Валеев Ярослав Алексеевна;2024-04-04;Екатеринбург;Yandex Ads
203179;Ахметжанов Мария Викторович;2024-03-24;Челябинск;Organic
203180;Быков Николай Николаевич;2024-06-01;Миасс;VK Ads
203181;Миронов Тимур Романович;2024-03-25;Челябинск;Referral
203182;Хабибуллин Павел Иванович;2023-01-28;Сургут;Direct
203183;Шин Иван Николаевич;2024-04-08;Челябинск;Organic
203184;Кузнецов Николай Андреевна;2023-09-26;Казань;Organic
203185;Богданов Маргарита Антонович;2023-12-09;Миасс;Email
203186;Ильин Анастасия Павловна;2024-06-27;Челябинск;Yandex Ads
203187;Мамедов Вера Николаевна;2023-06-23;Челябинск;Yandex Ads
203188;Григорян Сергей Юрьевна;2024-01-19;Курган;Direct
203189;Ли Тимур Викторович;2023-09-13;Магнитогорск;Organic
203190;Тен Вероника Викторовна;2024-05-13;Екатеринбург;Direct
203191;Миронов Марина Евгеньевна;2023-07-01;Челябинск;Yandex Ads
203192;Сафин Борис Сергеевна;2024-04-03;Уфа;Direct
203193;Матвеев Михаил Романович;2024-06-11;Оренбург;Direct
203194;Пономарёв Станислав Александровна;2023-07-31;Миасс;Organic
203195;Бойко Валерия Игоревна;2023-03-13;Москва;Direct
203196;Попов Самвел Сергеевич;2023-09-23;Пермь;VK Ads
203197;Юсупов Аделина Николаевич;2024-01-07;Казань;Referral
203198;Наумов Фёдор Романовна;2024-03-27;Челябинск;Direct
203199;Сергеев Евгений Дмитриевна;2023-12-18;Челябинск;VK Ads
203200;Григорьев Евгения Андреевна;2024-03-21;Челябинск;Telegram
203201;Морозов Руслан Антонович;2023-08-18;Копейск;Organic
203202;Ким Анна Александрович;2024-08-11;Челябинск;Organic
203203;Рябов Кристина Юрьевич;2024-06-18;Казань;Telegram
203204;Оганесян Дарья Алексеевна;2024-08-20;Челябинск;Yandex Ads
203205;Садыков Евгения Дмитриевич;2023-05-02;Курган;Yandex Ads
203206;Павлов Карина Евгеньевна;2023-03-09;Миасс;Direct
203207;Сергеев Валерия Алексеевна;2023-09-28;Москва;Direct
203208;Михайлов Руслан Александрович;2023-11-14;Оренбург;Email
203209;Нуриев Георгий Юрьевна;2024-04-19;Магнитогорск;Organic
203210;Каримов Артур Павловна;2023-11-26;Копейск;Yandex Ads
203211;Гарипов Елена Евгеньевич;2024-06-10;Магнитогорск;Direct
203212;Котов Самвел Дмитриевна;2023-12-13;Челябинск;Organic
203213;Юсупов Константин Евгеньевич;2023-07-07;Челябинск;Direct
203214;Козлов Карен Олегович;2023-09-08;Челябинск;Direct
203215;Лебедев Денис Владимирович;2024-05-03;Тюмень;Yandex Ads
203216;Кудрявцев Элина Александровна;2024-05-02;Сургут;Organic
203217;Тен Руслан Алексеевна;2024-01-07;Челябинск;Yandex Ads
203218;Новиков Анастасия Михайловна;2024-06-03;Ижевск;Yandex Ads
203219;Щербаков Павел Евгеньевна;2023-01-05;Нижневартовск;VK Ads
203220;Мкртчян Лилия Олегович;2023-03-01;Москва;Direct
203221;Богданов Маргарита Ивановна;2023-07-14;Копейск;Direct
203222;Никитин Милана Олегович;2023-03-04;Пермь;Direct
203223;Баранов Маргарита Сергеевна;2023-11-02;Миасс;Telegram
203224;Куликов Андрей Николаевич;2023-04-07;Челябинск;Yandex Ads
203225;Жуков Владимир Сергеевна;2023-09-19;Копейск;Yandex Ads
203226;Петросян Наталья Дмитриевич;2023-07-04;Челябинск;Yandex Ads
203227;Попов Татьяна Игоревна;2024-02-08;Тюмень;Direct
203228;Пономарёв Вадим Викторович;2023-05-24;Челябинск;Organic
203229;Королёв Алёна Викторович;2024-07-11;Магнитогорск;VK Ads
203230;Зайцев Тимур Антонович;2023-02-04;Оренбург;VK Ads
203231;Беляев Тигран Юрьевна;2023-09-09;Челябинск;Referral
203232;Гасанов Илья Николаевна;2023-12-03;Челябинск;Organic
203233;Борисов Артур Романовна;2023-12-23;Челябинск;VK Ads
203234;Ковалёв Мария Михайловна;2023-06-04;Челябинск;Organic
203235;Королёв Айгуль Михайлович;2024-04-14;Нижневартовск;Yandex Ads
203236;Кравченко Фёдор Дмитриевич;2024-06-07;Копейск;Yandex Ads
203237;Сеитов Лейла Романович;2023-11-28;Челябинск;Direct
203238;Касымов Игорь Владимирович;2023-01-05;Челябинск;Telegram
203239;Соловьёв Виктор Романович;2023-08-26;Новосибирск;Direct
203240;Киселёв Мария Олегович;2024-03-24;Москва;Yandex Ads
203241;Воробьёв Ирина Андреевич;2024-02-15;Челябинск;Organic
203242;Бекетов Станислав Романович;2023-02-15;Челябинск;Organic
203243;Смирнов Наталья Александровна;2023-03-26;Копейск;Direct
203244;Гусев Александр Михайловна;2023-12-14;Москва;Organic
203245;Садыков Анна Евгеньевич;2024-08-22;Пермь;Direct
203246;Макаров Яна Евгеньевич;2023-04-23;Челябинск;Yandex Ads
203247;Касымов Анастасия Викторовна;2023-09-01;Ижевск;Yandex Ads
203248;Шевченко Тигран Михайлович;2023-09-03;Оренбург;Organic
203249;Шин Михаил Олегович;2023-04-18;Магнитогорск;Direct
203250;Бойко Артур Андреевна;2023-05-02;Челябинск;Telegram
203251;Абдуллаев Наталья Павлович;2024-04-17;Челябинск;Direct
203252;Кузнецов Анна Андреевна;2023-11-29;Челябинск;Referral
203253;Григорьев Максим Романовна;2024-07-10;Казань;Organic
203254;Мамедов Дарья Олеговна;2023-10-26;Уфа;Direct
203255;Ковалёв Ольга Дмитриевна;2023-12-14;Челябинск;Direct
203256;Мельник Руслан Ивановна;2024-06-07;Челябинск;Yandex Ads
203257;Орлов Карен Романовна;2023-08-28;Самара;Organic
203258;Кузнецов Гузель Игоревич;2024-05-22;Казань;Yandex Ads
203259;Иванов Даниил Дмитриевич;2023-02-26;Челябинск;Organic
203260;Ершов Карина Игоревна;2023-04-19;Екатеринбург;Yandex Ads
203261;Павлов Ольга Евгеньевич;2024-08-07;Магнитогорск;Organic
203262;Хасанов Алёна Сергеевич;2023-02-14;Челябинск;Direct
203263;Исмаилов Ольга Андреевич;2023-03-29;Челябинск;Yandex Ads
203264;Омаров Кристина Сергеевна;2023-11-13;Челябинск;Organic
203265;Шин Аделина Николаевич;2024-01-31;Челябинск;Yandex Ads
203266;Кадыров Анна Владимировна;2023-10-08;Екатеринбург;Direct
203267;Миронов Самвел Викторович;2024-04-26;Самара;Referral
203268;Павлов Константин Романович;2023-09-04;Челябинск;VK Ads
203269;Воробьёв Евгения Дмитриевич;2024-01-10;Тюмень;Organic
203270;Мельник Валерий Игоревич;2023-01-17;Челябинск;Direct
203271;Сорокин Роман Дмитриевич;2024-04-10;Златоуст;Telegram
203272;Касымов Ксения Алексеевна;2023-11-10;Екатеринбург;Organic
203273;Бекетов Эдуард Павлович;2024-07-24;Челябинск;VK Ads
203274;Бондаренко Анна Олеговна;2023-10-14;Екатеринбург;Yandex Ads
203275;Богданов Айгуль Александровна;2024-06-16;Оренбург;Direct
203276;Фролов Эмиль Михайлович;2024-01-25;Москва;Organic
203277;Мирзоян Евгений Павловна;2023-04-25;Нижневартовск;Direct
203278;Мамедов Никита Олегович;2023-11-01;Уфа;Direct
203279;Егоров Руслан Игоревна;2024-05-15;Новосибирск;VK Ads
203280;Ткаченко Тимур Андреевна;2023-04-17;Оренбург;Yandex Ads
203281;Фролов Денис Павлович;2023-11-02;Екатеринбург;Direct
203282;Орлов Борис Евгеньевич;2023-08-23;Златоуст;Direct
203283;Хасанов Валерия Юрьевна;2023-05-07;Уфа;Email
203284;Данилов Виктория Михайлович;2023-11-22;Магнитогорск;Organic
203285;Щербаков Милана Романович;2024-07-22;Челябинск;Yandex Ads
203286;Киселёв Лейла Юрьевич;2023-02-17;Миасс;Organic
203287;Ершов Владимир Владимировна;2024-06-04;Оренбург;Yandex Ads
203288;Фомин Борис Владимирович;2023-12-25;Екатеринбург;Referral
203289;Лебедев Ксения Евгеньевна;2024-07-13;Копейск;Direct
203290;Ахметов Лейла Антонович;2024-03-05;Москва;Organic
203291;Ли Полина Михайлович;2024-06-23;Миасс;Direct
203292;Каримов Даниил Романовна;2023-07-25;Уфа;Telegram
203293;Рябов Зарина Андреевна;2023-12-25;Уфа;VK Ads
203294;Денисов Валерия Дмитриевич;2023-10-10;Екатеринбург;VK Ads
203295;Шарипов Лилия Евгеньевич;2024-08-24;Челябинск;Telegram
203296;Баранов Наталья Антонович;2023-02-10;Копейск;Organic
203297;Котов Александр Иванович;2023-01-29;Челябинск;Yandex Ads
203298;Исмаилов Полина Сергеевич;2023-05-16;Москва;Yandex Ads
203299;Ершов Ирина Дмитриевна;2023-01-22;Челябинск;Referral
203300;Егоров Гузель Викторовна;2023-09-26;Челябинск;Organic
203301;Бойко Анастасия Романович;2023-12-10;Пермь;Referral
203302;Акопян Эдуард Алексеевна;2024-08-19;Челябинск;Organic
203303;Григорян Антон Сергеевич;2023-03-16;Магнитогорск;Telegram
203304;Егоров Полина Андреевич;2023-09-09;Курган;Organic
203305;Комаров Вера Олеговна;2023-02-21;Челябинск;Direct
203306;Кузнецов Олег Алексеевич;2024-03-27;Челябинск;Organic
203307;Рахимов Виктор Дмитриевич;2023-04-27;Челябинск;Direct
203308;Сулейманов Полина Игоревич;2024-03-20;Санкт-Петербург;Yandex Ads
203309;Титов Надежда Сергеевич;2024-08-10;Златоуст;Organic
203310;Смирнов Ксения Алексеевич;2024-02-08;Челябинск;VK Ads
203311;Петросян Анна Евгеньевна;2023-09-02;Оренбург;Organic
203312;Мухаметшин Юлия Романович;2024-02-13;Миасс;Direct
203313;Орлов Вероника Игоревич;2024-08-31;Челябинск;Direct
203314;Ахметов Антон Михайловна;2024-01-09;Челябинск;Telegram
203315;Сорокин Михаил Николаевич;2023-01-21;Миасс;Telegram
203316;Савченко Тимур Николаевна;2023-03-14;Новосибирск;Organic
203317;Тарасов Эмиль Алексеевна;2024-06-17;Копейск;Referral
203318;Щербаков Юлия Юрьевич;2023-05-28;Екатеринбург;Yandex Ads
203319;Афанасьев Лейла Сергеевич;2023-05-25;Челябинск;Organic
203320;Мельник Татьяна Олегович;2024-02-04;Санкт-Петербург;VK Ads
203321;Ким Никита Павловна;2023-08-15;Челябинск;Yandex Ads
203322;Абрамян Андрей Андреевич;2023-09-30;Уфа;Yandex Ads
203323;Медведев Татьяна Владимирович;2023-06-06;Челябинск;Direct
203324;Юн Алина Михайлович;2023-09-04;Златоуст;Yandex Ads
203325;Алиев Никита Александрович;2023-01-03;Пермь;Referral
203326;Кравченко Константин Владимирович;2024-01-14;Челябинск;Yandex Ads
203327;Арутюнян Константин Дмитриевич;2024-03-05;Екатеринбург;Referral
203328;Ли Зарина Андреевич;2024-01-22;Уфа;Direct
203329;Нуриев Анна Юрьевич;2023-06-10;Уфа;Referral
203330;Никитин Сергей Игоревна;2023-09-02;Челябинск;Direct
203331;Андреев Владимир Юрьевич;2023-11-08;Москва;Organic
203332;Соловьёв Павел Викторовна;2024-02-08;Самара;Organic
203333;Капустин Оксана Юрьевич;2024-06-30;Челябинск;Organic
203334;Лебедев Екатерина Дмитриевна;2023-09-13;Златоуст;Organic
203335;Андреев Андрей Юрьевич;2023-05-06;Миасс;Direct
203336;Ахметов Милана Алексеевич;2023-12-11;Челябинск;Organic
203337;Ершов Андрей Владимировна;2024-05-29;Уфа;Yandex Ads
203338;Иванов Валерия Сергеевна;2024-06-15;Санкт-Петербург;Direct
203339;Смирнов Игорь Александровна;2024-04-10;Челябинск;Organic
203340;Сергеев Дарья Сергеевна;2023-07-24;Челябинск;VK Ads
203341;Иванов Марат Андреевна;2024-02-25;Миасс;VK Ads
203342;Каримов Фёдор Юрьевич;2023-09-14;Миасс;Organic
203343;Петров Фёдор Владимирович;2023-03-29;Челябинск;Referral
203344;Юн Вера Игоревна;2024-04-11;Челябинск;Telegram
203345;Виноградов Мария Евгеньевич;2023-12-02;Челябинск;Telegram
203346;Сафонов Диана Алексеевич;2024-01-31;Челябинск;Direct
203347;Григорян Илья Михайловна;2023-06-23;Челябинск;Yandex Ads
203348;Гасанов Андрей Дмитриевна;2023-04-27;Миасс;Direct
203349;Наумов Светлана Евгеньевна;2024-01-04;Челябинск;Telegram
203350;Сорокин Оксана Антонович;2023-09-20;Екатеринбург;Direct
203351;Григорян Марат Павловна;2023-05-27;Санкт-Петербург;Yandex Ads
203352;Каримов Виктор Иванович;2024-04-17;Миасс;Organic
203353;Цой Егор Сергеевна;2024-06-09;Екатеринбург;VK Ads
203354;Коваленко Валерий Дмитриевич;2024-01-08;Магнитогорск;Organic
203355;Мельник Ольга Юрьевич;2023-09-13;Курган;Referral
203356;Гончаренко Александр Антонович;2024-04-21;Ижевск;Referral
203357;Белов Вероника Павлович;2023-07-28;Миасс;Yandex Ads
203358;Ахметов Илья Михайловна;2023-08-20;Копейск;Direct
203359;Королёв Борис Андреевна;2024-02-21;Миасс;Organic
203360;Кадыров Тимур Викторовна;2023-04-23;Самара;Organic
203361;Павлов Юлия Дмитриевна;2024-05-05;Копейск;Telegram
203362;Комаров Кирилл Владимировна;2024-06-13;Челябинск;Organic
203363;Логинов Марат Николаевич;2023-05-19;Миасс;Organic
203364;Степанов Виктор Дмитриевич;2024-01-13;Тюмень;Direct
203365;Ткаченко Кристина Алексеевна;2024-02-16;Челябинск;VK Ads
203366;Сулейманов Владимир Дмитриевич;2023-10-01;Челябинск;Organic
203367;Сеитов Вадим Евгеньевич;2023-03-22;Екатеринбург;Direct
203368;Григорян Алёна Владимирович;2024-05-27;Челябинск;Direct
203369;Абдуллаев Наталья Сергеевич;2024-06-05;Златоуст;Yandex Ads
203370;Савченко Марина Николаевич;2024-08-29;Москва;Yandex Ads
203371;Данилов Кристина Владимирович;2023-01-15;Копейск;Organic
203372;Пономарёв Денис Павлович;2024-05-24;Магнитогорск;Organic
203373;Баранов Динара Владимирович;2023-07-17;Миасс;Organic
203374;Тарасов Анна Олегович;2023-03-02;Ижевск;Organic
203375;Беляев Яна Михайлович;2023-11-30;Копейск;Yandex Ads
203376;Филатов Виктор Викторович;2023-09-08;Златоуст;Direct
203377;Данилов Арсен Павлович;2024-08-30;Челябинск;Yandex Ads
203378;Щербаков Виктор Евгеньевич;2023-06-01;Магнитогорск;Yandex Ads
203379;Куликов Екатерина Ивановна;2024-04-05;Челябинск;VK Ads
203380;Гасанов Яна Антонович;2024-04-14;Ижевск;VK Ads
203381;Пономарёв Виктория Олеговна;2023-01-03;Челябинск;Organic
203382;Королёв Маргарита Алексеевич;2023-04-04;Магнитогорск;Direct
203383;Мамедов Алёна Дмитриевич;2023-01-23;Челябинск;Referral
203384;Шевченко Наталья Алексеевна;2024-02-22;Магнитогорск;Telegram
203385;Абрамян Михаил Владимировна;2023-04-02;Ижевск;Organic
203386;Виноградов Лилия Антонович;2023-06-10;Тюмень;Telegram
203387;Богданов Татьяна Игоревич;2023-06-05;Миасс;Yandex Ads
203388;Романов Олег Игоревна;2024-03-12;Сургут;VK Ads
203389;Алиев Валерий Викторовна;2023-06-29;Магнитогорск;Referral
203390;Акопян Милана Игоревна;2024-05-02;Челябинск;Organic
203391;Сулейманов Игорь Андреевна;2024-06-12;Новосибирск;Direct
203392;Титов Милана Михайлович;2024-06-03;Челябинск;Email
203393;Тарасенко Георгий Дмитриевна;2023-08-10;Екатеринбург;Yandex Ads
203394;Бойко Айгуль Дмитриевна;2023-08-08;Копейск;Direct
203395;Касымов Алёна Владимирович;2023-09-08;Челябинск;Yandex Ads
203396;Яковлев Тимур Михайлович;2023-01-17;Тюмень;Organic
203397;Мухаметшин Маргарита Юрьевич;2023-10-24;Магнитогорск;Organic
203398;Галимов Анна Дмитриевич;2023-12-22;Самара;Organic
203399;Денисов Артур Алексеевна;2024-02-15;Екатеринбург;Direct
203400;Кузнецов Олег Олегович;2023-02-22;Пермь;Referral
203401;Рябов Егор Ивановна;2024-05-10;Уфа;Direct
203402;Быков Элина Андреевич;2023-05-11;Екатеринбург;Yandex Ads
203403;Васильев Тигран Юрьевич;2024-03-10;Уфа;Referral
203404;Ершов Мария Владимировна;2024-03-15;Курган;VK Ads
203405;Омаров Марина Игоревич;2024-08-05;Челябинск;Organic
203406;Богданов Дмитрий Сергеевич;2024-02-20;Екатеринбург;Telegram
203407;Денисов Евгений Дмитриевич;2023-02-28;Челябинск;Direct
203408;Белов Кирилл Сергеевич;2024-08-04;Тюмень;Yandex Ads
203409;Жуков Иван Иванович;2023-07-14;Челябинск;Email
203410;Мухаметшин Михаил Евгеньевна;2023-12-02;Оренбург;Direct
203411;Новиков Вадим Евгеньевич;2024-04-27;Ижевск;Email
203412;Лебедев Карина Павловна;2024-06-25;Тюмень;Direct
203413;Щербаков Даниил Александрович;2023-05-01;Челябинск;Organic
203414;Щербаков Вероника Викторович;2024-02-23;Миасс;Yandex Ads
203415;Ахметжанов Гузель Ивановна;2024-05-26;Тюмень;Referral
203416;Ахметжанов Гузель Евгеньевна;2024-08-23;Челябинск;Direct
203417;Капустин Милана Алексеевна;2023-06-13;Челябинск;Yandex Ads
203418;Фёдоров Никита Иванович;2023-04-17;Екатеринбург;Direct
203419;Козлов Александр Антонович;2023-12-23;Курган;Referral
203420;Тарасенко Никита Игоревна;2023-08-21;Челябинск;Organic
203421;Афанасьев Артур Павловна;2023-05-05;Челябинск;Telegram
203422;Белов Алёна Иванович;2023-04-25;Челябинск;Referral
203423;Кузнецов Дарья Михайловна;2024-01-27;Челябинск;Organic
203424;Мартиросян Юлия Павлович;2023-06-03;Пермь;Direct
203425;Новиков Вадим Антонович;2023-01-21;Казань;VK Ads
203426;Сафин Надежда Викторовна;2024-04-12;Челябинск;Direct
203427;Мкртчян Карен Ивановна;2023-09-24;Копейск;Email
203428;Соболев Илья Евгеньевна;2023-04-26;Оренбург;Referral
203429;Тарасов Станислав Иванович;2023-10-04;Казань;Organic
203430;Ким Марина Александровна;2024-01-05;Ижевск;Referral
203431;Оганесян Вера Олегович;2023-06-17;Миасс;Yandex Ads
203432;Зайцев Валерий Игоревич;2024-02-11;Челябинск;Organic
203433;Жумабаев Павел Олеговна;2023-09-30;Копейск;Direct
203434;Исмаилов Константин Павловна;2023-02-12;Копейск;Yandex Ads
203435;Логинов Илья Романович;2023-01-19;Пермь;Yandex Ads
203436;Исмаилов Надежда Олеговна;2023-02-24;Копейск;Direct
203437;Шин Игорь Сергеевич;2023-02-03;Златоуст;Yandex Ads
203438;Белов Светлана Михайловна;2024-07-12;Златоуст;Direct
203439;Касымов Маргарита Романовна;2023-12-19;Миасс;Organic
203440;Соколов Евгений Романович;2024-04-11;Магнитогорск;Yandex Ads
203441;Мельник Самвел Ивановна;2023-12-26;Челябинск;Organic
203442;Белов Виктория Александрович;2024-05-15;Челябинск;Email
203443;Захаров Тимур Ивановна;2023-04-04;Тюмень;Direct
203444;Кондратьев Зарина Евгеньевна;2024-06-13;Челябинск;VK Ads
203445;Садыков Марина Викторович;2023-08-20;Златоуст;Organic
203446;Абрамян Вероника Юрьевна;2024-07-02;Москва;Email
203447;Васильев Лейла Андреевич;2023-06-12;Уфа;Direct
203448;Логинов Самвел Сергеевич;2023-11-09;Москва;Organic
203449;Новиков Марина Дмитриевна;2024-01-13;Уфа;Telegram
203450;Денисов Виктория Александровна;2023-05-14;Копейск;Organic
203451;Кузнецов Диана Михайлович;2023-06-05;Копейск;Organic
203452;Ли Вера Александровна;2024-03-13;Москва;Organic
203453;Сорокин Марат Павловна;2023-10-20;Уфа;VK Ads
203454;Григорян Карина Дмитриевич;2024-05-11;Копейск;Organic
203455;Тарасов Иван Иванович;2023-08-12;Челябинск;Direct
203456;Денисов Алексей Павлович;2023-12-13;Златоуст;Yandex Ads
203457;Мартиросян Софья Антонович;2023-07-22;Пермь;Yandex Ads
203458;Тулеев Иван Евгеньевич;2024-05-17;Челябинск;Organic
203459;Мамедов Валерия Викторовна;2023-01-14;Уфа;Direct
203460;Аветисян Зарина Евгеньевна;2023-06-12;Челябинск;Organic
203461;Власов Яна Владимирович;2023-03-12;Москва;Organic
203462;Капустин Кристина Викторович;2024-05-06;Копейск;Direct
203463;Тулеев Денис Павлович;2024-06-13;Челябинск;Referral
203464;Пак Ирина Дмитриевич;2023-03-24;Уфа;Organic
203465;Кузьмин Олег Михайловна;2024-05-31;Челябинск;Organic
203466;Козлов Гузель Евгеньевна;2024-06-05;Миасс;Email
203467;Богданов Роман Юрьевна;2023-02-04;Казань;Telegram
203468;Ибрагимов Ольга Олеговна;2023-07-06;Санкт-Петербург;Referral
203469;Козлов Константин Сергеевич;2023-05-23;Миасс;VK Ads
203470;Гусев Николай Николаевна;2023-10-08;Миасс;Yandex Ads
203471;Филатов Елена Юрьевна;2024-01-07;Копейск;Direct
203472;Гарипов Ирина Александровна;2023-10-10;Сургут;Organic
203473;Сафин Ирина Викторович;2023-12-16;Екатеринбург;Email
203474;Ли Маргарита Игоревич;2023-01-18;Казань;Direct
203475;Данилов Вера Андреевна;2024-03-06;Санкт-Петербург;Direct
203476;Денисов Карина Евгеньевич;2023-12-24;Миасс;Email
203477;Котов Наталья Евгеньевна;2023-07-08;Магнитогорск;Organic
203478;Ахметов Владимир Викторович;2024-06-26;Сургут;Direct
203479;Мельник Лейла Сергеевич;2024-07-12;Екатеринбург;Organic
203480;Сафин Оксана Алексеевич;2023-07-26;Копейск;Yandex Ads
203481;Фролов Ольга Сергеевна;2023-09-29;Челябинск;Direct
203482;Поляков Денис Антонович;2024-01-26;Курган;Telegram
203483;Быков Андрей Александрович;2023-02-14;Челябинск;Organic
203484;Павлов Ярослав Юрьевна;2024-05-23;Челябинск;Yandex Ads
203485;Сафин Светлана Романович;2023-07-21;Магнитогорск;Direct
203486;Саркисян Андрей Викторович;2024-07-16;Магнитогорск;Yandex Ads
203487;Яковлев Георгий Олеговна;2023-12-26;Копейск;VK Ads
203488;Тулеев Анна Михайлович;2023-08-26;Пермь;Telegram
203489;Пономарёв Ирина Иванович;2023-12-06;Уфа;Yandex Ads
203490;Гасанов Андрей Игоревна;2024-03-19;Копейск;Direct
203491;Миронов Алексей Романович;2023-07-02;Екатеринбург;Yandex Ads
203492;Пак Алёна Романовна;2023-02-24;Челябинск;Organic
203493;Афанасьев Эдуард Антонович;2023-02-22;Казань;Organic
203494;Сергеев Гузель Николаевич;2024-05-21;Челябинск;Yandex Ads
203495;Белов Валерий Николаевна;2024-04-21;Челябинск;Telegram
203496;Денисов Самвел Викторович;2024-05-12;Копейск;Direct
203497;Гусев Кристина Дмитриевич;2023-07-15;Челябинск;Organic
203498;Афанасьев Фёдор Сергеевна;2024-06-10;Уфа;Yandex Ads
203499;Павлов Полина Александрович;2023-08-13;Екатеринбург;Yandex Ads
203500;Фёдоров Маргарита Иванович;2023-06-29;Курган;VK Ads
203501;Семёнов Милана Андреевна;2023-10-24;Нижневартовск;Direct
203502;Сафин Лилия Андреевна;2024-01-11;Магнитогорск;Yandex Ads
203503;Лебедев Иван Алексеевна;2023-01-27;Челябинск;Yandex Ads
203504;Алиев Анна Игоревич;2024-04-05;Екатеринбург;Yandex Ads
203505;Романов Дарья Андреевич;2023-09-01;Казань;Organic
203506;Кузьмин Лейла Дмитриевич;2023-03-31;Челябинск;Organic
203507;Миронов Анна Викторовна;2023-09-27;Санкт-Петербург;Organic
203508;Быков Николай Юрьевич;2023-11-07;Екатеринбург;Organic
203509;Романов Никита Викторовна;2023-02-09;Челябинск;VK Ads
203510;Егоров Павел Андреевна;2024-07-14;Миасс;Telegram
203511;Гарипов Айгуль Павловна;2023-06-28;Челябинск;Yandex Ads
203512;Петросян Эмиль Дмитриевич;2023-06-15;Челябинск;Direct
203513;Садыков Яна Викторович;2023-05-01;Москва;Yandex Ads
203514;Алиев Вероника Дмитриевич;2023-10-08;Екатеринбург;Yandex Ads
203515;Власов Игорь Александрович;2023-09-06;Челябинск;Direct
203516;Ковалёв Владимир Романович;2023-09-04;Челябинск;Yandex Ads
203517;Волков Денис Игоревна;2024-07-20;Уфа;Organic
203518;Цой Юрий Александровна;2023-01-17;Москва;Direct
203519;Пономарёв Лилия Олегович;2023-05-16;Челябинск;Organic
203520;Ковалёв Вера Николаевна;2024-06-07;Миасс;Direct
203521;Гончаренко Динара Игоревич;2024-01-23;Челябинск;Organic
203522;Кравченко Юрий Владимирович;2023-07-11;Челябинск;Telegram
203523;Герасимов Милана Викторовна;2024-04-05;Ижевск;VK Ads
203524;Баранов Артём Андреевна;2023-09-11;Челябинск;Direct
203525;Титов Ксения Сергеевич;2023-02-20;Челябинск;Organic
203526;Мартиросян Станислав Дмитриевна;2023-03-05;Уфа;Referral
203527;Гасанов Алина Евгеньевич;2023-01-03;Пермь;Direct
203528;Коваленко Анна Олеговна;2024-04-22;Москва;VK Ads
203529;Филатов Иван Николаевич;2023-09-20;Челябинск;VK Ads
203530;Абдуллаев Вадим Николаевич;2023-08-26;Челябинск;Organic
203531;Сорокин Айгуль Михайловна;2023-04-07;Копейск;Organic
203532;Сафонов Дмитрий Павлович;2024-07-22;Копейск;Direct
203533;Семёнов Руслан Павловна;2023-09-07;Ижевск;Organic
203534;Рахимов Иван Дмитриевич;2023-02-26;Челябинск;Direct
203535;Сафонов Виктор Павловна;2023-10-12;Копейск;VK Ads
203536;Иванов Виктор Сергеевич;2023-02-04;Челябинск;Organic
203537;Сеитов Самвел Евгеньевич;2023-09-20;Копейск;Direct
203538;Шевченко Марина Михайлович;2023-12-31;Копейск;Telegram
203539;Валеев Валерий Андреевна;2023-03-05;Челябинск;VK Ads
203540;Власов Дмитрий Михайловна;2023-11-08;Челябинск;Yandex Ads
203541;Абрамян Динара Викторовна;2024-07-02;Челябинск;VK Ads
203542;Сеитов Арсен Александровна;2023-04-23;Челябинск;VK Ads
203543;Акопян Михаил Александрович;2024-03-07;Миасс;Telegram
203544;Галимов Милана Павловна;2023-03-07;Златоуст;Organic
203545;Киселёв Игорь Дмитриевич;2024-08-24;Уфа;Direct
203546;Афанасьев Павел Сергеевна;2023-07-25;Самара;Referral
203547;Мельник Евгения Михайловна;2023-10-05;Магнитогорск;VK Ads
203548;Ахметжанов Тимур Михайловна;2023-08-31;Челябинск;Organic
203549;Алиев Игорь Александровна;2023-02-15;Челябинск;Organic
203550;Абрамян Татьяна Павловна;2024-04-19;Екатеринбург;Email
203551;Тарасов Самвел Евгеньевна;2023-12-15;Уфа;Direct
203552;Саркисян Яна Дмитриевна;2023-06-14;Челябинск;Direct
203553;Данилов Карен Михайловна;2024-06-23;Копейск;VK Ads
203554;Морозов Анастасия Романовна;2023-11-04;Челябинск;Direct
203555;Сорокин Карина Дмитриевич;2023-11-24;Челябинск;Yandex Ads
203556;Киселёв Виктория Евгеньевич;2023-03-29;Уфа;Direct
203557;Соколов Карина Сергеевна;2024-01-27;Челябинск;Referral
203558;Кондратьев Роман Евгеньевич;2023-02-10;Копейск;Organic
203559;Гончаренко Руслан Алексеевна;2024-08-25;Челябинск;Yandex Ads
203560;Медведев Карина Сергеевич;2023-01-09;Челябинск;Organic
203561;Нуржанов Денис Евгеньевич;2023-06-01;Сургут;Yandex Ads
203562;Мартиросян Игорь Дмитриевна;2024-06-16;Златоуст;Direct
203563;Мамедов Амина Юрьевич;2023-12-23;Уфа;Email
203564;Борисов Роман Иванович;2023-01-11;Миасс;Yandex Ads
203565;Кузнецов Роман Алексеевна;2024-04-21;Челябинск;Direct
203566;Сеитов Софья Юрьевна;2024-05-16;Пермь;Direct
203567;Ильин Амина Владимировна;2023-03-05;Курган;VK Ads
203568;Сорокин Анна Николаевич;2023-10-29;Челябинск;Referral
203569;Попов Ирина Юрьевна;2024-06-04;Курган;Direct
203570;Королёв Дарья Сергеевна;2024-08-03;Магнитогорск;VK Ads
203571;Фомин Татьяна Евгеньевна;2023-09-23;Челябинск;Organic
203572;Юсупов Милана Александрович;2023-07-25;Новосибирск;Email
203573;Мкртчян Маргарита Михайловна;2023-09-24;Челябинск;Direct
203574;Юсупов Александр Алексеевна;2024-04-02;Курган;VK Ads
203575;Петров Наталья Евгеньевич;2024-08-13;Магнитогорск;Yandex Ads
203576;Фёдоров Эмиль Николаевна;2024-02-11;Уфа;Yandex Ads
203577;Захаров Маргарита Евгеньевна;2023-05-14;Казань;Email
203578;Оганесян Татьяна Викторовна;2023-06-23;Пермь;Yandex Ads
203579;Никитин Валерий Андреевич;2023-12-19;Пермь;Organic
203580;Тен Артём Андреевна;2024-07-20;Магнитогорск;Organic
203581;Тарасов Игорь Александровна;2023-04-13;Курган;VK Ads
203582;Иванов Софья Андреевна;2023-04-18;Челябинск;VK Ads
203583;Ли Екатерина Олеговна;2024-07-12;Санкт-Петербург;VK Ads
203584;Кондратьев Эдуард Николаевна;2023-05-16;Сургут;Direct
203585;Ибрагимов Лейла Дмитриевна;2023-06-19;Миасс;Yandex Ads
203586;Пономарёв Софья Ивановна;2023-06-09;Екатеринбург;Yandex Ads
203587;Соловьёв Самвел Иванович;2024-01-04;Миасс;Organic
203588;Ахметжанов Кристина Александрович;2024-07-25;Миасс;Yandex Ads
203589;Макаров Артур Антонович;2023-09-29;Челябинск;Direct
203590;Воробьёв Гузель Юрьевич;2023-10-28;Челябинск;Yandex Ads
203591;Омаров Аделина Владимирович;2024-07-19;Уфа;Yandex Ads
203592;Смирнов Ярослав Романович;2024-05-15;Копейск;Referral
203593;Сулейманов Денис Евгеньевич;2023-04-10;Челябинск;Yandex Ads
203594;Киселёв Валерия Андреевич;2024-04-20;Челябинск;Yandex Ads
203595;Чернов Александр Евгеньевич;2024-02-09;Сургут;Direct
203596;Григорян Полина Антонович;2024-08-22;Челябинск;Referral
203597;Поляков Дмитрий Михайловна;2023-01-23;Челябинск;Yandex Ads
203598;Каримов Карен Сергеевич;2023-02-06;Миасс;Organic
203599;Акопян Надежда Романовна;2023-08-10;Копейск;VK Ads
203600;Саркисян Вера Викторович;2023-10-08;Челябинск;Telegram
203601;Быков Константин Андреевич;2023-09-02;Челябинск;Telegram
203602;Яковлев Вероника Викторович;2023-11-09;Челябинск;VK Ads
203603;Смирнов Дарья Николаевич;2023-02-11;Казань;Yandex Ads
203604;Назаров Елена Антонович;2023-12-22;Уфа;Yandex Ads
203605;Логинов Анна Евгеньевич;2024-06-18;Магнитогорск;Direct
203606;Никитин Роман Олеговна;2024-03-31;Екатеринбург;Yandex Ads
203607;Нуриев Татьяна Игоревна;2023-02-13;Москва;Direct
203608;Королёв Самвел Юрьевич;2023-07-27;Москва;Yandex Ads
203609;Лазарев Максим Алексеевич;2024-07-19;Уфа;Direct
203610;Миронов Софья Романович;2024-01-29;Челябинск;Yandex Ads
203611;Алексеев Олег Дмитриевна;2024-04-20;Оренбург;Direct
203612;Медведев Маргарита Романович;2023-01-18;Челябинск;Organic
203613;Касымов Борис Викторовна;2023-11-01;Магнитогорск;Referral
203614;Соколов Елена Александровна;2024-08-06;Челябинск;Organic
203615;Рябов Дмитрий Игоревна;2023-04-14;Тюмень;Email
203616;Рябов Владимир Викторович;2023-10-08;Челябинск;Organic
203617;Нуржанов Ирина Олегович;2023-03-05;Курган;Direct
203618;Юсупов Ксения Иванович;2024-02-29;Миасс;Organic
203619;Гасанов Аделина Николаевна;2023-10-21;Курган;Referral
203620;Акопян Тимур Николаевич;2023-09-16;Оренбург;Organic
203621;Яковлев Аделина Ивановна;2024-04-11;Челябинск;VK Ads
203622;Сорокин Игорь Алексеевич;2023-04-15;Нижневартовск;Organic
203623;Соколов Николай Павлович;2023-11-29;Москва;Direct
203624;Морозов Светлана Романович;2024-07-22;Магнитогорск;Email
203625;Рахимов Олег Юрьевич;2024-01-26;Челябинск;Organic
203626;Тулеев Элина Михайлович;2024-03-08;Казань;Direct
203627;Петросян Алексей Павлович;2023-06-02;Пермь;Yandex Ads
203628;Герасимов Валерий Андреевна;2024-05-12;Уфа;VK Ads
203629;Валеев Виктор Павловна;2023-06-12;Магнитогорск;Telegram
203630;Фролов Ксения Михайловна;2024-03-23;Златоуст;Organic
203631;Григорьев Максим Олеговна;2023-05-12;Пермь;Organic
203632;Арутюнян Фёдор Николаевна;2023-04-12;Челябинск;Organic
203633;Фёдоров Александр Романовна;2024-03-01;Уфа;Organic
203634;Иванов Амина Александровна;2024-03-12;Златоуст;Direct
203635;Мирзоян Элина Михайловна;2024-06-22;Копейск;Organic
203636;Жуков Татьяна Евгеньевна;2024-04-12;Челябинск;Organic
203637;Арутюнян Алексей Антонович;2023-03-03;Копейск;Direct
203638;Пономарёв Валерия Юрьевна;2024-06-08;Челябинск;Organic
203639;Кудрявцев Ольга Евгеньевна;2023-09-07;Миасс;Direct
203640;Абрамян Аделина Олегович;2024-04-20;Казань;Direct
203641;Воробьёв Кирилл Алексеевич;2024-02-10;Уфа;Organic
203642;Сафин Марат Олеговна;2024-07-22;Челябинск;Organic
203643;Рябов Кирилл Юрьевич;2023-06-15;Самара;Referral
203644;Беляев Вероника Олегович;2023-03-29;Челябинск;Organic
203645;Кузнецов Михаил Олеговна;2023-06-26;Копейск;Yandex Ads
203646;Гарипов Эдуард Ивановна;2023-02-15;Екатеринбург;Organic
203647;Хабибуллин Виктория Сергеевич;2024-05-28;Магнитогорск;VK Ads
203648;Мирзоян Вадим Викторович;2024-02-06;Копейск;Organic
203649;Мартиросян Марат Игоревич;2024-08-15;Тюмень;Organic
203650;Тен Игорь Алексеевна;2024-06-05;Челябинск;Direct
203651;Акопян Юрий Павловна;2024-02-27;Миасс;Organic
203652;Бекетов Амина Игоревна;2023-11-18;Челябинск;Direct
203653;Сеитов Артур Михайловна;2023-09-30;Челябинск;Yandex Ads
203654;Цветков Эдуард Антонович;2024-02-21;Челябинск;Email
203655;Юсупов Ярослав Сергеевна;2023-04-23;Тюмень;Yandex Ads
203656;Семёнов Екатерина Дмитриевна;2023-08-15;Челябинск;Organic
203657;Жуков Иван Антонович;2023-04-18;Челябинск;Organic
203658;Сафонов Юрий Евгеньевич;2023-08-15;Уфа;Yandex Ads
203659;Фёдоров Станислав Андреевна;2024-07-27;Екатеринбург;Organic
203660;Голубев Игорь Юрьевна;2024-05-08;Тюмень;Direct
203661;Королёв Арсен Андреевич;2023-03-08;Миасс;Organic
203662;Акопян Алексей Александрович;2023-12-22;Копейск;Yandex Ads
203663;Лебедев Алёна Павлович;2023-10-24;Челябинск;Organic
203664;Тен Артём Владимировна;2023-12-24;Санкт-Петербург;Organic
203665;Жуков Эмиль Александрович;2024-07-08;Тюмень;VK Ads
203666;Новиков Артём Романович;2024-02-05;Москва;Direct
203667;Савченко Мария Романовна;2024-04-17;Челябинск;Organic
203668;Соколов Кристина Евгеньевна;2024-01-04;Тюмень;Direct
203669;Титов Роман Дмитриевич;2023-07-15;Златоуст;Direct
203670;Миронов Вероника Олеговна;2023-10-27;Челябинск;VK Ads
203671;Касымов Яна Юрьевна;2024-06-07;Челябинск;Organic
203672;Щербаков Тигран Игоревич;2024-04-26;Пермь;Referral
203673;Зайцев Юлия Алексеевна;2023-04-12;Казань;Email
203674;Тарасов Игорь Викторовна;2023-09-14;Москва;Direct
203675;Жумабаев Руслан Романович;2024-05-21;Челябинск;Organic
203676;Соколов Никита Андреевич;2023-09-04;Челябинск;Organic
203677;Афанасьев Карина Алексеевич;2023-06-14;Магнитогорск;Organic
203678;Голубев Евгения Сергеевна;2023-07-17;Челябинск;Yandex Ads
203679;Кадыров Татьяна Владимировна;2024-05-17;Казань;Email
203680;Касымов Диана Игоревич;2023-03-08;Челябинск;VK Ads
203681;Ковалёв Элина Андреевна;2024-03-15;Челябинск;Direct
203682;Васильев Эдуард Владимирович;2023-03-03;Курган;Yandex Ads
203683;Попов Илья Олеговна;2023-12-19;Магнитогорск;Direct
203684;Кузнецов Константин Иванович;2024-03-11;Магнитогорск;VK Ads
203685;Морозов Карина Антонович;2023-05-03;Курган;Yandex Ads
203686;Гусев Павел Александрович;2024-06-19;Челябинск;Yandex Ads
203687;Мухаметшин Егор Дмитриевич;2023-04-18;Нижневартовск;VK Ads
203688;Кузьмин Анна Павловна;2023-04-10;Челябинск;Yandex Ads
203689;Петров Виктория Александровна;2024-01-29;Челябинск;Organic
203690;Гасанов Михаил Ивановна;2024-06-11;Магнитогорск;Referral
203691;Степанов Валерий Ивановна;2023-04-01;Челябинск;VK Ads
203692;Белов Евгения Викторович;2024-07-12;Тюмень;Organic
203693;Мамедов Вера Александровна;2023-05-24;Копейск;Yandex Ads
203694;Куликов Эдуард Алексеевич;2024-05-25;Тюмень;Organic
203695;Макаров Евгения Дмитриевна;2024-05-12;Челябинск;Direct
203696;Егоров Даниил Романович;2023-03-09;Копейск;Direct
203697;Сулейманов Валерий Олеговна;2023-04-21;Курган;Telegram
203698;Бекетов Аделина Романовна;2023-11-07;Челябинск;Direct
203699;Егоров Георгий Романовна;2023-12-01;Челябинск;Organic
203700;Абрамян Иван Николаевич;2023-03-11;Челябинск;Organic
203701;Оганесян Виктор Олегович;2023-04-10;Златоуст;VK Ads
203702;Степанов Дарья Николаевна;2024-05-17;Златоуст;Direct
203703;Шарипов Глеб Олеговна;2023-03-21;Екатеринбург;VK Ads
203704;Фёдоров Денис Александровна;2023-12-08;Миасс;Organic
203705;Новиков Эмиль Викторович;2023-05-30;Миасс;Direct
203706;Гончаренко Вероника Владимировна;2024-02-27;Москва;Yandex Ads
203707;Бекетов Виктор Владимирович;2024-03-30;Копейск;Yandex Ads
203708;Исмаилов Виктория Олеговна;2024-04-27;Магнитогорск;Telegram
203709;Афанасьев Константин Евгеньевич;2023-11-15;Челябинск;Email
203710;Сафонов Никита Александрович;2023-04-04;Миасс;Organic
203711;Волков Евгений Евгеньевна;2023-01-25;Екатеринбург;Email
203712;Михайлов Вадим Юрьевич;2024-06-22;Москва;VK Ads
203713;Тулеев Кирилл Павловна;2024-03-26;Копейск;VK Ads
203714;Мартиросян Константин Николаевич;2023-05-21;Челябинск;VK Ads
203715;Аветисян Карен Викторович;2024-07-15;Челябинск;Organic
203716;Фёдоров Андрей Олегович;2024-05-30;Челябинск;Telegram
203717;Сафонов Александр Михайлович;2024-08-13;Челябинск;Direct
203718;Мамедов Вера Юрьевич;2024-06-23;Челябинск;Direct
203719;Кадыров Анастасия Юрьевна;2024-08-02;Уфа;Yandex Ads
203720;Мартиросян Олег Павлович;2023-11-28;Челябинск;Telegram
203721;Быков Кристина Андреевна;2023-07-30;Миасс;Organic
203722;Алексеев Мария Павлович;2023-10-11;Магнитогорск;Organic
203723;Данилов Наталья Алексеевна;2024-07-04;Оренбург;Telegram
203724;Белов Денис Сергеевна;2023-06-02;Магнитогорск;Referral
203725;Жуков Маргарита Викторовна;2023-05-12;Копейск;Referral
203726;Романов Иван Юрьевич;2024-01-17;Челябинск;VK Ads
203727;Капустин Вадим Игоревич;2023-09-06;Челябинск;Direct
203728;Макаров Алексей Дмитриевна;2023-06-23;Уфа;Organic
203729;Мирзоян Полина Игоревна;2024-03-10;Челябинск;Direct
203730;Тарасенко Кристина Юрьевич;2023-10-28;Курган;Direct
203731;Каримов Виктор Евгеньевна;2024-08-29;Миасс;Direct
203732;Денисов Вероника Андреевна;2023-02-08;Екатеринбург;Direct
203733;Сафонов Гузель Иванович;2023-02-12;Тюмень;VK Ads
203734;Алиев Аделина Ивановна;2023-01-30;Новосибирск;Yandex Ads
203735;Мартиросян Алёна Михайлович;2024-08-04;Уфа;Direct
203736;Ахметов Николай Викторовна;2023-01-21;Пермь;Organic
203737;Сорокин Егор Андреевна;2024-08-11;Уфа;Telegram
203738;Гарипов Яна Алексеевич;2023-01-12;Магнитогорск;Organic
203739;Ковалёв Лилия Сергеевич;2024-04-13;Казань;Direct
203740;Богданов Вадим Игоревич;2024-05-17;Пермь;Referral
203741;Новиков Антон Иванович;2023-02-20;Самара;Organic
203742;Петросян Фёдор Викторович;2023-10-22;Златоуст;Referral
203743;Комаров Константин Павловна;2024-05-27;Златоуст;VK Ads
203744;Кудрявцев Константин Олегович;2023-04-24;Златоуст;Direct
203745;Королёв Оксана Владимировна;2023-05-21;Челябинск;Organic
203746;Нуриев Юлия Иванович;2023-04-26;Самара;Email
203747;Бойко Алёна Андреевна;2024-05-10;Казань;Direct
203748;Максимов Кристина Дмитриевна;2024-02-23;Ижевск;VK Ads
203749;Смирнов Артём Юрьевич;2023-04-23;Самара;Direct
203750;Нуриев Карен Сергеевна;2023-11-12;Миасс;Direct
203751;Герасимов Юлия Сергеевич;2024-07-28;Миасс;VK Ads
203752;Арутюнян Дарья Олеговна;2024-01-25;Санкт-Петербург;Organic
203753;Коваленко Валерия Дмитриевна;2024-06-22;Тюмень;VK Ads
203754;Акопян Роман Николаевич;2024-02-13;Курган;VK Ads
203755;Соболев Михаил Алексеевич;2024-01-07;Пермь;Yandex Ads
203756;Абдуллаев Милана Игоревна;2024-05-20;Екатеринбург;Organic
203757;Фролов Анна Андреевна;2024-07-15;Челябинск;Yandex Ads
203758;Шарипов Лейла Романович;2024-01-09;Челябинск;Direct
203759;Комаров Марина Игоревна;2024-07-17;Новосибирск;Direct
203760;Григорьев Евгения Владимирович;2023-06-01;Златоуст;VK Ads
203761;Ершов Софья Андреевна;2024-08-12;Курган;Telegram
203762;Воробьёв Анастасия Сергеевич;2023-06-29;Златоуст;Organic
203763;Сулейманов Ксения Сергеевич;2023-08-17;Златоуст;Organic
203764;Григорян Валерий Александрович;2024-07-14;Челябинск;Referral
203765;Лазарев Валерий Николаевна;2023-10-28;Уфа;Direct
203766;Быков Карина Андреевич;2023-09-11;Москва;Organic
203767;Мартиросян Зарина Викторович;2024-04-21;Челябинск;Organic
203768;Нуржанов Диана Викторович;2023-08-08;Нижневартовск;Organic
203769;Рахимов Аделина Михайлович;2024-06-21;Екатеринбург;Yandex Ads
203770;Хасанов Георгий Павловна;2023-06-22;Пермь;Organic
203771;Новиков Антон Александровна;2023-04-23;Самара;Yandex Ads
203772;Тен Эдуард Алексеевна;2023-09-25;Оренбург;Email
203773;Аветисян Наталья Викторовна;2024-07-11;Миасс;Organic
203774;Ким Юрий Олегович;2023-08-12;Санкт-Петербург;Organic
203775;Максимов Андрей Романовна;2023-01-14;Челябинск;Organic
203776;Ильин Вера Юрьевна;2024-02-15;Челябинск;Yandex Ads
203777;Семёнов Ксения Павловна;2023-11-22;Челябинск;Direct
203778;Бойко Виктория Иванович;2023-11-20;Челябинск;Referral
203779;Орлов Кристина Михайловна;2024-04-05;Челябинск;Yandex Ads
203780;Юн Антон Дмитриевич;2024-07-27;Копейск;VK Ads
203781;Савченко Дарья Павлович;2023-06-13;Челябинск;Direct
203782;Максимов Карина Юрьевич;2023-05-31;Курган;Organic
203783;Смирнов Ольга Евгеньевич;2024-02-29;Нижневартовск;Telegram
203784;Фёдоров Аделина Андреевна;2023-09-07;Сургут;Organic
203785;Рахимов Оксана Николаевна;2023-01-15;Копейск;Direct
203786;Орлов Яна Романович;2023-09-14;Челябинск;Yandex Ads
203787;Галимов Иван Андреевна;2024-01-14;Екатеринбург;Direct
203788;Соловьёв Борис Олеговна;2023-10-28;Казань;VK Ads
203789;Пономарёв Илья Иванович;2024-02-28;Златоуст;Organic
203790;Семёнов Олег Андреевна;2023-10-21;Магнитогорск;VK Ads
203791;Сорокин Борис Александрович;2024-05-28;Ижевск;Yandex Ads
203792;Ли Наталья Алексеевна;2023-03-29;Магнитогорск;Organic
203793;Кондратьев Гузель Юрьевич;2023-03-20;Челябинск;Direct
203794;Попов Алёна Юрьевич;2023-03-29;Курган;Yandex Ads
203795;Степанов Алёна Андреевич;2024-07-07;Челябинск;VK Ads
203796;Петров Николай Юрьевич;2024-07-30;Челябинск;Telegram
203797;Семёнов Зарина Николаевна;2024-06-12;Уфа;Direct
203798;Петров Валерия Викторович;2023-06-17;Курган;VK Ads
203799;Лазарев Егор Александрович;2024-06-01;Златоуст;Yandex Ads
203800;Сеитов Николай Александровна;2023-12-24;Челябинск;Yandex Ads
203801;Лебедев Тигран Владимировна;2024-02-21;Тюмень;Direct
203802;Жумабаев Гузель Павловна;2024-01-27;Челябинск;Email
203803;Котов Станислав Павлович;2023-01-05;Златоуст;Email
203804;Сафонов Глеб Олеговна;2024-03-10;Новосибирск;VK Ads
203805;Ахметжанов Владимир Александровна;2023-07-13;Новосибирск;Organic
203806;Ткаченко Георгий Алексеевич;2024-07-20;Челябинск;Organic
203807;Богданов Аделина Антонович;2024-02-05;Златоуст;Referral
203808;Савченко Роман Владимирович;2024-03-12;Тюмень;VK Ads
203809;Новиков Алёна Игоревич;2023-06-26;Челябинск;Direct
203810;Кузьмин Иван Юрьевич;2023-02-28;Оренбург;Yandex Ads
203811;Власов Дарья Павлович;2023-04-18;Пермь;Telegram
203812;Титов Ольга Владимировна;2024-02-26;Златоуст;Organic
203813;Галимов Владимир Владимирович;2024-08-31;Челябинск;Organic
203814;Иванов Руслан Антонович;2024-02-21;Курган;Yandex Ads
203815;Коваленко Валерий Павловна;2024-02-07;Екатеринбург;Organic
203816;Мкртчян Андрей Александрович;2023-01-20;Челябинск;VK Ads
203817;Саркисян Роман Олеговна;2023-12-30;Екатеринбург;Organic
203818;Иванов Динара Олегович;2023-12-06;Копейск;Direct
203819;Наумов Николай Александровна;2023-11-21;Курган;Organic
203820;Хабибуллин Айгуль Михайловна;2023-10-05;Москва;Organic
203821;Гусев Анна Михайлович;2023-06-05;Екатеринбург;Yandex Ads
203822;Павлов Егор Евгеньевна;2024-05-12;Пермь;Organic
203823;Цой Карина Сергеевич;2023-11-11;Санкт-Петербург;Telegram
203824;Валеев Диана Евгеньевич;2023-02-15;Екатеринбург;Organic
203825;Козлов Николай Павловна;2023-07-17;Челябинск;Email
203826;Власов Динара Андреевич;2024-07-15;Челябинск;Organic
203827;Шин Вера Антонович;2024-02-25;Оренбург;Organic
203828;Быков Ирина Дмитриевич;2024-07-29;Челябинск;Referral
203829;Соколов Надежда Михайлович;2024-05-25;Челябинск;Email
203830;Андреев Ярослав Игоревна;2023-01-23;Екатеринбург;VK Ads
203831;Пак Илья Олеговна;2024-03-28;Челябинск;Organic
203832;Виноградов Анна Юрьевна;2023-06-28;Тюмень;VK Ads
203833;Шин Вероника Николаевна;2023-03-01;Екатеринбург;Telegram
203834;Цветков Элина Антонович;2023-05-21;Челябинск;Direct
203835;Денисов Михаил Михайлович;2023-08-17;Екатеринбург;Yandex Ads
203836;Акопян Марат Александрович;2023-08-11;Екатеринбург;VK Ads
203837;Абрамян Эмиль Владимирович;2024-07-11;Ижевск;VK Ads
203838;Петров Милана Владимировна;2023-12-20;Челябинск;Referral
203839;Оганесян Максим Юрьевич;2023-11-21;Миасс;Direct
203840;Кадыров Борис Сергеевич;2023-04-17;Челябинск;Telegram
203841;Саркисян Ольга Ивановна;2023-04-04;Самара;Yandex Ads
203842;Цой Алексей Михайловна;2023-04-05;Челябинск;Direct
203843;Гасанов Мария Владимирович;2024-03-17;Челябинск;Direct
203844;Сорокин Павел Дмитриевна;2023-10-08;Копейск;Organic
203845;Арутюнян Денис Александрович;2024-08-29;Челябинск;Organic
203846;Белов Руслан Сергеевич;2024-03-26;Златоуст;Referral
203847;Мартиросян Лилия Олеговна;2023-10-23;Челябинск;Organic
203848;Савченко Станислав Алексеевна;2024-03-08;Уфа;Organic
203849;Щербаков Артём Алексеевич;2023-05-02;Челябинск;VK Ads
203850;Чернов Михаил Викторович;2023-08-28;Магнитогорск;Email
203851;Ахметов Евгений Иванович;2023-08-04;Магнитогорск;Organic
203852;Орлов Владимир Дмитриевна;2024-03-05;Магнитогорск;Direct
203853;Жумабаев Фёдор Павловна;2023-08-26;Тюмень;Yandex Ads
203854;Фролов Екатерина Юрьевич;2023-10-31;Миасс;Yandex Ads
203855;Пак Артур Андреевна;2023-10-12;Миасс;Organic
203856;Омаров Никита Сергеевич;2024-04-07;Уфа;Direct
203857;Сафин Даниил Николаевна;2023-11-26;Челябинск;Organic
203858;Жумабаев Лейла Андреевна;2024-03-15;Ижевск;Yandex Ads
203859;Кондратьев Валерий Владимирович;2023-12-29;Уфа;VK Ads
203860;Пономарёв Георгий Михайловна;2023-10-20;Магнитогорск;Organic
203861;Саркисян Лейла Александрович;2024-01-03;Челябинск;Organic
203862;Оганесян Арсен Владимировна;2023-03-10;Магнитогорск;Yandex Ads
203863;Юсупов Анастасия Николаевна;2024-04-05;Миасс;Direct
203864;Семёнов Светлана Павлович;2024-03-25;Миасс;Direct
203865;Алексеев Руслан Алексеевна;2023-02-16;Челябинск;Organic
203866;Егоров Николай Евгеньевич;2024-03-18;Челябинск;Direct
203867;Быков Марат Игоревна;2023-10-23;Пермь;Organic
203868;Маслов Тигран Антонович;2023-12-13;Екатеринбург;VK Ads
203869;Ибрагимов Эмиль Алексеевич;2024-03-02;Тюмень;Yandex Ads
203870;Григорян Аделина Александровна;2023-05-01;Нижневартовск;Yandex Ads
203871;Ли Арсен Олегович;2023-02-23;Тюмень;Organic
203872;Исмаилов Арсен Антонович;2023-09-16;Миасс;Organic
203873;Капустин Кристина Александрович;2023-07-20;Москва;Email
203874;Миронов Екатерина Александрович;2023-10-09;Пермь;VK Ads
203875;Титов Гузель Михайловна;2023-11-14;Тюмень;Direct
203876;Коваленко Артур Михайловна;2024-05-13;Москва;Organic
203877;Соколов Валерия Олеговна;2024-04-02;Копейск;Organic
203878;Григорьев Сергей Михайловна;2024-03-15;Магнитогорск;VK Ads
203879;Цой Станислав Сергеевич;2023-02-26;Тюмень;Referral
203880;Маслов Ярослав Олегович;2024-02-05;Челябинск;Direct
203881;Кузнецов Илья Игоревна;2023-03-11;Челябинск;VK Ads
203882;Борисов Александр Михайловна;2023-07-29;Екатеринбург;Organic
203883;Григорьев Игорь Юрьевна;2024-02-07;Копейск;Telegram
203884;Ильин Валерия Андреевна;2023-09-03;Уфа;Direct
203885;Власов Ярослав Николаевич;2024-07-07;Магнитогорск;Yandex Ads
203886;Гусев Лейла Викторовна;2024-01-25;Москва;Yandex Ads
203887;Козлов Руслан Сергеевна;2023-06-06;Оренбург;Organic
203888;Мкртчян Гузель Алексеевна;2024-04-27;Пермь;VK Ads
203889;Цветков Владимир Романовна;2023-02-20;Челябинск;Organic
203890;Рахимов Зарина Дмитриевич;2024-05-02;Миасс;VK Ads
203891;Виноградов Лилия Евгеньевич;2023-03-23;Нижневартовск;Yandex Ads
203892;Гусев Вероника Александровна;2023-08-13;Челябинск;Direct
203893;Юсупов Борис Михайловна;2023-07-27;Екатеринбург;Organic
203894;Мухаметшин Виктория Александровна;2023-12-23;Челябинск;VK Ads
203895;Бойко Татьяна Александрович;2024-06-09;Оренбург;Organic
203896;Сулейманов Роман Юрьевна;2024-02-01;Челябинск;Referral
203897;Мирзоян Максим Михайлович;2023-08-22;Златоуст;Organic
203898;Филатов Лейла Олегович;2023-07-21;Екатеринбург;Direct
203899;Ахметжанов Карина Михайловна;2023-07-24;Челябинск;Organic
203900;Сеитов Карина Евгеньевич;2024-02-29;Копейск;Organic
203901;Маслов Кристина Ивановна;2023-02-26;Копейск;Organic
203902;Михайлов Екатерина Александровна;2023-09-08;Екатеринбург;VK Ads
203903;Нуриев Алина Павловна;2024-02-13;Челябинск;Referral
203904;Акопян Артём Николаевна;2024-01-30;Челябинск;Direct
203905;Мирзоян Татьяна Романовна;2024-03-09;Челябинск;Direct
203906;Зайцев Олег Романович;2023-11-09;Нижневартовск;Telegram
203907;Соловьёв Андрей Юрьевич;2023-04-21;Екатеринбург;Organic
203908;Максимов Эмиль Михайлович;2024-08-03;Нижневартовск;Direct
203909;Степанов Даниил Андреевна;2023-06-08;Миасс;Yandex Ads
203910;Шевченко Евгений Александровна;2023-04-18;Пермь;VK Ads
203911;Васильев Максим Алексеевич;2023-04-20;Копейск;Yandex Ads
203912;Виноградов Станислав Андреевич;2023-10-31;Пермь;Organic
203913;Макаров Вадим Сергеевна;2024-04-06;Ижевск;Telegram
203914;Михайлов Вера Евгеньевна;2024-01-19;Челябинск;Direct
203915;Каримов Дарья Дмитриевна;2023-11-15;Курган;VK Ads
203916;Пак Гузель Дмитриевич;2024-08-19;Челябинск;Direct
203917;Ильин Софья Антонович;2023-03-23;Пермь;Yandex Ads
203918;Миронов Виктор Павлович;2023-02-20;Новосибирск;Organic
203919;Ахметжанов Николай Олегович;2024-05-04;Новосибирск;Organic
203920;Сафонов Милана Николаевич;2024-01-01;Курган;Email
203921;Власов Роман Александрович;2023-03-18;Уфа;Direct
203922;Тулеев Ксения Романовна;2023-07-22;Златоуст;Direct
203923;Власов Юлия Андреевич;2023-02-02;Магнитогорск;Direct
203924;Рябов Иван Евгеньевна;2023-10-03;Магнитогорск;Telegram
203925;Новиков Кирилл Алексеевич;2024-07-28;Челябинск;Direct
203926;Назаров Юрий Алексеевна;2023-01-08;Миасс;VK Ads
203927;Тулеев Евгений Андреевна;2023-07-08;Екатеринбург;Direct
203928;Мирзоян Борис Игоревна;2024-06-03;Москва;Referral
203929;Медведев Артём Евгеньевич;2024-06-19;Челябинск;Direct
203930;Козлов Евгений Андреевна;2024-04-06;Челябинск;Organic
203931;Григорян Анастасия Романович;2024-04-26;Челябинск;Yandex Ads
203932;Чернов Мария Юрьевна;2023-10-30;Копейск;Organic
203933;Омаров Софья Юрьевна;2023-03-27;Курган;Direct
203934;Титов Артём Дмитриевна;2024-02-22;Магнитогорск;Organic
203935;Тарасов Татьяна Антонович;2023-01-04;Челябинск;Yandex Ads
203936;Кондратьев Анна Михайлович;2023-10-05;Курган;Yandex Ads
203937;Зайцев Фёдор Юрьевич;2023-03-27;Москва;Email
203938;Савченко Руслан Сергеевич;2024-03-06;Челябинск;Yandex Ads
203939;Ахметов Ярослав Олегович;2023-07-02;Копейск;Organic
203940;Никитин Ксения Владимировна;2023-05-19;Екатеринбург;Organic
203941;Коваленко Наталья Дмитриевич;2023-11-26;Екатеринбург;Telegram
203942;Морозов Глеб Евгеньевич;2024-05-16;Миасс;Direct
203943;Касымов Александр Романович;2023-06-07;Курган;Organic
203944;Фролов Елена Романович;2023-06-10;Курган;Direct
203945;Степанов Милана Андреевич;2024-06-28;Челябинск;Organic
203946;Сорокин Руслан Ивановна;2024-04-21;Челябинск;Direct
203947;Борисов Максим Викторович;2023-08-07;Челябинск;Referral
203948;Савченко Оксана Сергеевна;2023-11-30;Челябинск;Telegram
203949;Нуржанов Евгений Евгеньевна;2023-12-13;Челябинск;Referral
203950;Кудрявцев Валерий Ивановна;2024-06-18;Сургут;Organic
203951;Гусев Гузель Романович;2024-06-04;Миасс;VK Ads
203952;Борисов Константин Игоревна;2023-10-15;Копейск;Organic
203953;Соловьёв Амина Михайловна;2024-08-05;Копейск;Email
203954;Шин Кирилл Сергеевна;2023-10-09;Пермь;Organic
203955;Егоров Роман Евгеньевич;2023-03-06;Челябинск;Organic
203956;Козлов Лейла Юрьевич;2024-01-31;Челябинск;Direct
203957;Данилов Олег Романович;2023-08-28;Челябинск;Organic
203958;Павлов Алёна Евгеньевич;2024-01-13;Челябинск;Referral
203959;Бекетов Яна Сергеевич;2024-01-24;Челябинск;Email
203960;Ильин Егор Михайловна;2023-01-23;Нижневартовск;Referral
203961;Нуриев Алексей Романовна;2023-09-17;Магнитогорск;Direct
203962;Бойко Самвел Павловна;2023-12-19;Челябинск;Yandex Ads
203963;Филатов Алина Михайлович;2023-11-17;Челябинск;Yandex Ads
203964;Зайцев Гузель Андреевна;2024-04-03;Магнитогорск;Organic
203965;Попов Милана Николаевич;2024-07-27;Копейск;Direct
203966;Коваленко Эдуард Николаевна;2024-03-03;Уфа;Yandex Ads
203967;Соколов Карен Алексеевна;2023-08-09;Челябинск;VK Ads
203968;Шевченко Аделина Николаевич;2023-03-18;Миасс;Yandex Ads
203969;Мамедов Фёдор Николаевна;2024-05-17;Москва;Yandex Ads
203970;Борисов Анастасия Алексеевич;2024-08-01;Нижневартовск;Yandex Ads
203971;Филатов Амина Павловна;2024-04-05;Санкт-Петербург;Telegram
203972;Афанасьев Наталья Сергеевна;2024-07-21;Оренбург;Email
203973;Киселёв Николай Владимирович;2023-08-10;Челябинск;Referral
203974;Садыков Марат Антонович;2023-03-10;Магнитогорск;Yandex Ads
203975;Ковалёв Алексей Антонович;2024-08-10;Санкт-Петербург;Direct
203976;Лазарев Алина Владимировна;2023-06-20;Челябинск;Organic
203977;Кравченко Глеб Алексеевна;2023-04-07;Челябинск;Organic
203978;Тарасенко Евгений Евгеньевич;2023-06-03;Челябинск;Direct
203979;Назаров Евгений Юрьевич;2024-01-02;Нижневартовск;VK Ads
203980;Денисов Михаил Николаевич;2024-01-25;Челябинск;Yandex Ads
203981;Гасанов Элина Викторович;2023-03-13;Копейск;Yandex Ads
203982;Михайлов Элина Викторович;2024-02-14;Ижевск;VK Ads
203983;Логинов Вероника Александрович;2023-09-20;Челябинск;Organic
203984;Денисов Алина Романовна;2024-01-28;Ижевск;VK Ads
203985;Сафин Ярослав Павлович;2023-03-26;Челябинск;Email
203986;Иванов Виктор Юрьевна;2023-06-30;Екатеринбург;Yandex Ads
203987;Бондаренко Кирилл Олегович;2023-07-29;Магнитогорск;Telegram
203988;Воробьёв Валерий Александровна;2024-02-16;Челябинск;Organic
203989;Михайлов Татьяна Игоревна;2024-05-22;Копейск;Organic
203990;Виноградов Алина Сергеевич;2023-09-03;Челябинск;Yandex Ads
203991;Петров Анна Романович;2024-08-31;Нижневартовск;Referral
203992;Лебедев Марина Иванович;2023-08-28;Миасс;Yandex Ads
203993;Логинов Юлия Николаевич;2024-08-21;Миасс;Telegram
203994;Тен Глеб Евгеньевич;2024-04-01;Сургут;Organic
203995;Сафонов Вадим Ивановна;2023-06-28;Курган;Yandex Ads
203996;Егоров Егор Евгеньевна;2024-06-02;Сургут;Organic
203997;Сергеев Вероника Александрович;2023-01-07;Челябинск;Organic
203998;Котов Зарина Ивановна;2024-08-27;Челябинск;Organic
203999;Медведев Лейла Викторовна;2024-03-16;Санкт-Петербург;Organic
204000;Сафонов Тигран Алексеевна;2023-11-06;Москва;Organic
204001;Шарипов Элина Николаевна;2023-12-04;Самара;Email
204002;Кудрявцев Анна Дмитриевич;2024-03-01;Миасс;Referral
204003;Логинов Глеб Александровна;2023-09-09;Златоуст;Email
204004;Сергеев Егор Викторовна;2024-08-18;Челябинск;VK Ads
204005;Фёдоров Мария Александрович;2024-02-02;Челябинск;Organic
204006;Данилов Вероника Сергеевич;2023-09-13;Екатеринбург;Organic
204007;Рахимов Елена Алексеевич;2024-03-31;Москва;Referral
204008;Алексеев Борис Игоревна;2024-04-15;Челябинск;Telegram
204009;Ли Антон Сергеевич;2023-05-09;Копейск;Direct
204010;Васильев Маргарита Сергеевич;2023-05-21;Челябинск;Direct
204011;Семёнов Николай Николаевна;2023-09-09;Челябинск;Organic
204012;Садыков Вера Алексеевна;2023-09-23;Казань;VK Ads
204013;Тарасов Вероника Николаевич;2024-01-01;Казань;Direct
204014;Оганесян Кирилл Евгеньевич;2024-06-09;Екатеринбург;Referral
204015;Иванов Маргарита Михайлович;2023-10-14;Тюмень;Yandex Ads
204016;Касымов Светлана Андреевич;2023-07-31;Уфа;Organic
204017;Фомин Борис Николаевна;2024-01-01;Екатеринбург;Yandex Ads
204018;Лазарев Алина Николаевна;2024-02-28;Екатеринбург;Direct
204019;Рахимов Ирина Андреевна;2023-11-09;Екатеринбург;Yandex Ads
204020;Исмаилов Анна Антонович;2024-07-26;Екатеринбург;Direct
204021;Макаров Евгения Антонович;2023-08-20;Челябинск;Yandex Ads
204022;Степанов Лейла Владимировна;2024-01-02;Златоуст;Referral
204023;Фёдоров Татьяна Викторович;2024-08-04;Челябинск;Direct
204024;Рахимов Виктор Олеговна;2023-12-16;Челябинск;VK Ads
204025;Хабибуллин Марат Александровна;2023-09-20;Челябинск;VK Ads
204026;Садыков Роман Иванович;2024-04-12;Казань;Organic
204027;Гасанов Динара Сергеевич;2023-05-11;Курган;Direct
204028;Юн Анастасия Павлович;2023-06-28;Челябинск;Organic
204029;Цой Никита Евгеньевич;2023-02-25;Магнитогорск;Referral
204030;Пономарёв Полина Юрьевна;2024-02-09;Казань;Direct
204031;Мухаметшин Руслан Андреевич;2023-09-09;Уфа;Organic
204032;Цой Зарина Викторович;2023-03-25;Копейск;Organic
204033;Галимов Борис Николаевна;2023-08-21;Казань;Organic
204034;Беляев Ирина Викторович;2023-02-13;Копейск;Yandex Ads
204035;Кузьмин Глеб Николаевич;2024-05-12;Копейск;Yandex Ads
204036;Михайлов Софья Игоревич;2024-05-30;Златоуст;VK Ads
204037;Коваленко Вадим Андреевна;2023-06-20;Магнитогорск;VK Ads
204038;Андреев Константин Александрович;2023-01-04;Нижневартовск;VK Ads
204039;Галимов Михаил Евгеньевна;2023-10-05;Челябинск;Referral
204040;Фёдоров Надежда Павловна;2024-01-24;Копейск;Referral
204041;Пак Никита Владимирович;2023-08-09;Курган;Email
204042;Медведев Владимир Владимирович;2023-05-14;Челябинск;Direct
204043;Оганесян Милана Алексеевич;2023-11-10;Магнитогорск;Direct
204044;Рябов Эмиль Дмитриевна;2023-07-31;Челябинск;Direct
204045;Фролов Милана Юрьевич;2024-08-27;Нижневартовск;VK Ads
204046;Беляев Валерий Николаевна;2023-03-10;Тюмень;Direct
204047;Бойко Алёна Викторовна;2023-03-08;Москва;VK Ads
204048;Ильин Роман Викторовна;2024-05-16;Уфа;Organic
204049;Богданов Максим Юрьевич;2023-01-13;Челябинск;Yandex Ads
204050;Морозов Вера Павлович;2023-12-20;Челябинск;Yandex Ads
204051;Денисов Константин Сергеевна;2023-11-24;Челябинск;VK Ads
204052;Наумов Карен Павловна;2023-06-06;Челябинск;Organic
204053;Ким Мария Владимировна;2023-02-08;Екатеринбург;VK Ads
204054;Мамедов Диана Владимирович;2023-04-04;Златоуст;Organic
204055;Мельник Динара Андреевич;2023-11-11;Копейск;Direct
204056;Петросян Яна Сергеевна;2023-11-01;Челябинск;Organic
204057;Фомин Алексей Николаевич;2023-03-20;Миасс;Direct
204058;Бондаренко Тигран Павловна;2023-05-23;Миасс;VK Ads
204059;Баранов Гузель Иванович;2024-08-08;Копейск;Direct
204060;Воробьёв Полина Владимировна;2024-05-23;Москва;Yandex Ads
204061;Киселёв Амина Александрович;2023-11-01;Челябинск;Direct
204062;Данилов Айгуль Юрьевич;2023-04-30;Самара;Yandex Ads
204063;Пономарёв Виктор Иванович;2024-06-20;Челябинск;Organic
204064;Кравченко Яна Алексеевна;2023-04-17;Пермь;Email
204065;Фёдоров Маргарита Евгеньевна;2024-04-30;Уфа;Yandex Ads
204066;Шевченко Владимир Владимирович;2023-05-30;Миасс;Yandex Ads
204067;Мамедов Виктория Ивановна;2023-04-06;Златоуст;VK Ads
204068;Омаров Виктория Сергеевна;2023-02-03;Челябинск;Direct
204069;Морозов Полина Романович;2024-07-03;Миасс;VK Ads
204070;Иванов Кристина Дмитриевна;2023-03-30;Нижневартовск;Direct
204071;Алиев Олег Евгеньевич;2024-03-03;Екатеринбург;Organic
204072;Назаров Светлана Евгеньевна;2023-06-17;Миасс;Direct
204073;Виноградов Мария Александрович;2023-07-03;Ижевск;Telegram
204074;Григорьев Елена Юрьевна;2024-07-21;Уфа;Direct
204075;Соколов Вадим Викторович;2023-05-24;Нижневартовск;Direct
204076;Зайцев Павел Сергеевич;2023-09-17;Челябинск;Yandex Ads
204077;Жуков Станислав Александровна;2023-05-02;Челябинск;Telegram
204078;Кравченко Дмитрий Владимировна;2023-05-27;Уфа;Organic
204079;Рябов Вера Андреевич;2023-11-22;Челябинск;Email
204080;Поляков Мария Романович;2024-08-03;Уфа;VK Ads
204081;Шарипов Михаил Михайловна;2024-03-26;Челябинск;Telegram
204082;Титов Милана Андреевна;2024-07-05;Миасс;VK Ads
204083;Цветков Оксана Иванович;2024-02-26;Сургут;Organic
204084;Бекетов Марина Сергеевна;2024-05-27;Екатеринбург;VK Ads
204085;Голубев Михаил Дмитриевич;2024-07-05;Миасс;VK Ads
204086;Сеитов Гузель Евгеньевна;2023-08-03;Екатеринбург;VK Ads
204087;Ковалёв Михаил Михайловна;2023-05-31;Челябинск;Direct
204088;Назаров Полина Павловна;2023-03-26;Оренбург;Organic
204089;Валеев Лилия Александровна;2023-10-25;Челябинск;Referral
204090;Коваленко Софья Владимировна;2023-10-08;Копейск;Telegram
204091;Егоров Николай Олегович;2024-03-13;Челябинск;Telegram
204092;Петров Татьяна Сергеевна;2024-06-28;Челябинск;Yandex Ads
204093;Кондратьев Игорь Олеговна;2023-05-24;Челябинск;Telegram
204094;Гасанов Лилия Сергеевна;2024-04-14;Пермь;Direct
204095;Беляев Фёдор Андреевна;2023-06-07;Магнитогорск;Yandex Ads
204096;Бондаренко Антон Павлович;2023-04-21;Миасс;Yandex Ads
204097;Баранов Максим Сергеевич;2023-11-10;Челябинск;VK Ads
204098;Капустин Диана Андреевна;2023-07-29;Челябинск;Yandex Ads
204099;Ибрагимов Анастасия Юрьевич;2024-05-10;Уфа;Email
204100;Абрамян Денис Ивановна;2023-07-06;Челябинск;Organic
204101;Хабибуллин Анастасия Викторович;2023-06-08;Магнитогорск;Direct
204102;Волков Вадим Павлович;2023-07-31;Магнитогорск;Direct
204103;Фомин Валерия Евгеньевич;2024-07-24;Самара;Yandex Ads
204104;Фролов Надежда Евгеньевна;2024-04-10;Челябинск;Referral
204105;Голубев Павел Алексеевич;2023-03-08;Челябинск;Email
204106;Тарасов Самвел Николаевич;2023-03-28;Златоуст;Organic
204107;Ахметов Самвел Антонович;2024-05-17;Пермь;Direct
204108;Котов Глеб Иванович;2023-01-09;Москва;Organic
204109;Мартиросян Марат Дмитриевич;2024-04-25;Челябинск;Organic
204110;Гасанов Виктор Андреевна;2024-03-11;Челябинск;Direct
204111;Кудрявцев Станислав Романовна;2023-05-26;Екатеринбург;Direct
204112;Кадыров Тимур Дмитриевич;2023-04-01;Тюмень;Direct
204113;Семёнов Алёна Викторович;2024-05-09;Магнитогорск;Yandex Ads
204114;Виноградов Руслан Игоревна;2023-03-26;Сургут;Direct
204115;Гончаренко Эмиль Николаевич;2024-02-15;Пермь;Yandex Ads
204116;Данилов Эмиль Ивановна;2024-08-08;Челябинск;Direct
204117;Григорян Ярослав Павлович;2023-05-25;Пермь;Organic
204118;Власов Амина Романовна;2023-11-30;Тюмень;Telegram
204119;Тен Валерия Иванович;2024-05-28;Самара;Organic
204120;Абдуллаев Фёдор Михайлович;2023-08-18;Тюмень;Direct
204121;Михайлов Елена Евгеньевич;2024-08-19;Копейск;Referral
204122;Рахимов Оксана Евгеньевна;2023-01-03;Миасс;Referral
204123;Сергеев Милана Николаевна;2024-01-31;Магнитогорск;Yandex Ads
204124;Хабибуллин Олег Олегович;2024-01-02;Челябинск;Telegram
204125;Баранов Кристина Иванович;2024-08-21;Челябинск;Referral
204126;Зайцев Гузель Юрьевна;2023-06-10;Златоуст;Organic
204127;Козлов Айгуль Дмитриевна;2023-08-21;Копейск;Direct
204128;Тарасенко Алина Николаевич;2024-06-27;Челябинск;Direct
204129;Валеев Анна Андреевич;2023-03-15;Миасс;Telegram
204130;Гарипов Виктор Сергеевич;2023-06-26;Екатеринбург;Referral
204131;Беляев Дарья Игоревич;2023-10-12;Челябинск;Telegram
204132;Медведев Юрий Александрович;2023-12-02;Миасс;Organic
204133;Мирзоян Фёдор Антонович;2024-08-13;Казань;Yandex Ads
204134;Борисов Александр Игоревич;2024-03-29;Тюмень;VK Ads
204135;Мамедов Валерий Юрьевич;2024-03-07;Челябинск;Organic
204136;Мирзоян Артур Иванович;2023-10-25;Москва;Yandex Ads
204137;Жуков Борис Ивановна;2023-05-28;Челябинск;Yandex Ads
204138;Шевченко Надежда Михайловна;2024-08-05;Челябинск;Telegram
204139;Ахметжанов Амина Романовна;2023-06-04;Миасс;Organic
204140;Макаров Роман Владимирович;2024-03-04;Москва;Yandex Ads
204141;Бойко Эмиль Николаевна;2023-06-10;Челябинск;Telegram
204142;Захаров Николай Алексеевна;2024-03-18;Копейск;Telegram
204143;Куликов Яна Павлович;2023-01-22;Самара;Organic
204144;Афанасьев Ирина Михайловна;2024-06-24;Магнитогорск;Yandex Ads
204145;Афанасьев Тимур Иванович;2023-09-10;Копейск;Organic
204146;Абдуллаев Карина Олегович;2024-06-13;Екатеринбург;VK Ads
204147;Титов Тигран Евгеньевич;2024-05-24;Златоуст;VK Ads
204148;Попов Борис Антонович;2023-03-08;Челябинск;Yandex Ads
204149;Соловьёв Максим Олеговна;2023-07-04;Екатеринбург;Referral
204150;Волков Алёна Евгеньевна;2023-04-23;Самара;Direct
204151;Логинов Алёна Алексеевна;2023-06-04;Уфа;Organic
204152;Гончаренко Максим Михайловна;2023-06-21;Оренбург;Email
204153;Тарасов Екатерина Викторовна;2023-01-07;Челябинск;VK Ads
204154;Денисов Дмитрий Викторовна;2024-02-11;Самара;Organic
204155;Гасанов Айгуль Александровна;2024-05-04;Челябинск;Organic
204156;Иванов Лейла Евгеньевич;2023-12-16;Челябинск;VK Ads
204157;Андреев Диана Викторовна;2023-06-07;Копейск;Referral
204158;Киселёв Алёна Александрович;2023-03-20;Пермь;Organic
204159;Афанасьев Юрий Евгеньевна;2023-12-03;Оренбург;Yandex Ads
204160;Цветков Яна Игоревна;2023-09-10;Самара;Direct
204161;Нуриев Татьяна Михайловна;2024-08-23;Ижевск;Organic
204162;Маслов Марат Андреевна;2023-08-23;Пермь;Direct
204163;Миронов Илья Иванович;2024-06-08;Пермь;Referral
204164;Титов Вероника Алексеевич;2023-10-06;Челябинск;Email
204165;Сулейманов Мария Викторович;2024-01-12;Копейск;Organic
204166;Гасанов Тимур Александровна;2023-03-20;Сургут;Organic
204167;Семёнов Яна Алексеевна;2024-04-07;Москва;Direct
204168;Нуриев Виктория Антонович;2023-02-07;Челябинск;Direct
204169;Гончаренко Даниил Викторович;2023-05-02;Челябинск;Organic
204170;Кудрявцев Эдуард Владимирович;2023-07-11;Самара;Yandex Ads
204171;Кондратьев Денис Дмитриевна;2023-09-16;Ижевск;Yandex Ads
204172;Бекетов Станислав Антонович;2023-02-11;Казань;Yandex Ads
204173;Виноградов Роман Юрьевич;2024-07-30;Челябинск;Organic
204174;Наумов Карен Николаевна;2023-04-20;Челябинск;Organic
204175;Гончаренко Кристина Владимирович;2023-08-20;Златоуст;Organic
204176;Тарасенко Диана Сергеевич;2023-12-25;Самара;Organic
204177;Мартиросян Ольга Ивановна;2023-03-18;Самара;Referral
204178;Цой Станислав Алексеевич;2023-05-14;Сургут;Direct
204179;Романов Яна Антонович;2024-05-17;Челябинск;Organic
204180;Семёнов Арсен Олегович;2024-02-11;Екатеринбург;Yandex Ads
204181;Маслов Дмитрий Евгеньевич;2023-10-31;Магнитогорск;VK Ads
204182;Омаров Самвел Андреевич;2023-10-31;Магнитогорск;Direct
204183;Ткаченко Виктория Романовна;2023-01-31;Копейск;Telegram
204184;Цой Вадим Алексеевна;2023-09-04;Челябинск;Organic
204185;Васильев Наталья Антонович;2024-01-02;Пермь;Organic
204186;Денисов Юрий Николаевич;2024-08-18;Копейск;Organic
204187;Кадыров Евгения Дмитриевна;2024-07-29;Челябинск;Organic
204188;Галимов Илья Андреевна;2024-01-18;Казань;Email
204189;Щербаков Оксана Олегович;2023-01-16;Екатеринбург;Referral
204190;Ершов Станислав Антонович;2023-03-30;Нижневартовск;VK Ads
204191;Орлов Валерий Иванович;2024-05-16;Тюмень;Referral
204192;Сафин Вероника Романовна;2023-10-14;Челябинск;Telegram
204193;Миронов Вероника Павловна;2023-11-01;Челябинск;Yandex Ads
204194;Белов Иван Викторовна;2023-05-22;Челябинск;Organic
204195;Соболев Марина Олеговна;2023-06-22;Миасс;Organic
204196;Белов Олег Павловна;2024-03-29;Пермь;Email
204197;Фомин Максим Викторович;2024-06-23;Магнитогорск;Yandex Ads
204198;Омаров Лилия Александровна;2024-05-19;Челябинск;Referral
204199;Максимов Илья Игоревич;2023-10-03;Самара;Direct
204200;Нуриев Руслан Михайлович;2023-07-11;Челябинск;Telegram
204201;Цой Динара Олеговна;2023-02-23;Челябинск;Direct
204202;Щербаков Екатерина Николаевич;2024-03-06;Челябинск;Yandex Ads
204203;Тен Алексей Андреевна;2023-01-09;Копейск;Direct
204204;Пак Михаил Михайлович;2024-08-18;Магнитогорск;Direct
204205;Власов Карина Игоревич;2024-07-05;Казань;Referral
204206;Смирнов Валерий Алексеевич;2023-03-05;Миасс;Organic
204207;Белов Мария Викторович;2023-08-04;Москва;Direct
204208;Белов Антон Сергеевна;2024-06-18;Сургут;VK Ads
204209;Юн Амина Антонович;2023-01-29;Челябинск;Direct
204210;Нуриев Олег Владимировна;2023-03-20;Тюмень;Direct
204211;Цой Александр Дмитриевич;2023-11-06;Ижевск;Referral
204212;Шарипов Станислав Павлович;2023-07-13;Челябинск;VK Ads
204213;Оганесян Надежда Романович;2024-02-27;Челябинск;VK Ads
204214;Ершов Карен Олегович;2023-01-12;Челябинск;Direct
204215;Виноградов Дарья Алексеевич;2023-10-13;Новосибирск;Direct
204216;Беляев Гузель Викторовна;2023-04-14;Москва;VK Ads
204217;Афанасьев Роман Сергеевич;2024-07-05;Екатеринбург;Referral
204218;Новиков Константин Андреевна;2023-12-16;Челябинск;Direct
204219;Мкртчян Эмиль Игоревич;2023-08-01;Челябинск;Referral
204220;Котов Тимур Сергеевич;2023-08-18;Челябинск;Direct
204221;Коваленко Ольга Сергеевич;2023-01-17;Магнитогорск;Organic
204222;Киселёв Никита Игоревич;2023-08-17;Челябинск;Organic
204223;Куликов Виктор Викторович;2023-06-21;Копейск;Referral
204224;Петросян Лейла Сергеевна;2024-03-03;Челябинск;VK Ads
204225;Сорокин Виктория Павловна;2024-06-17;Миасс;Organic
204226;Виноградов Оксана Олеговна;2024-06-05;Санкт-Петербург;Organic
204227;Яковлев Вероника Александрович;2024-02-05;Екатеринбург;Telegram
204228;Омаров Ирина Игоревна;2024-01-09;Казань;Direct
204229;Мельник Роман Юрьевна;2023-01-20;Миасс;Yandex Ads
204230;Андреев Самвел Александровна;2023-05-29;Самара;VK Ads
204231;Мартиросян Светлана Юрьевна;2024-02-05;Ижевск;Organic
204232;Сафонов Виктория Дмитриевич;2023-10-22;Миасс;Organic
204233;Гусев Николай Олеговна;2023-03-03;Уфа;Telegram
204234;Матвеев Никита Андреевич;2023-06-24;Ижевск;Direct
204235;Сулейманов Гузель Дмитриевич;2024-04-23;Златоуст;Organic
204236;Арутюнян Евгения Алексеевна;2023-12-18;Челябинск;Referral
204237;Михайлов Андрей Юрьевич;2023-01-18;Казань;VK Ads
204238;Чернов Софья Сергеевна;2023-02-24;Челябинск;Organic
204239;Гарипов Надежда Евгеньевич;2023-01-15;Челябинск;Referral
204240;Борисов Дмитрий Антонович;2023-03-17;Златоуст;Organic
204241;Капустин Светлана Андреевна;2023-06-13;Челябинск;Direct
204242;Петросян Юлия Романовна;2023-12-04;Копейск;Direct
204243;Бондаренко Яна Алексеевна;2023-03-13;Челябинск;Organic
204244;Бекетов Ольга Андреевич;2023-04-29;Курган;Direct
204245;Бойко Алексей Николаевна;2023-03-01;Челябинск;VK Ads
204246;Гарипов Артём Викторовна;2024-08-17;Екатеринбург;Direct
204247;Сергеев Вера Николаевич;2023-03-11;Тюмень;Direct
204248;Герасимов Олег Александрович;2023-10-21;Копейск;Yandex Ads
204249;Голубев Константин Андреевна;2023-05-23;Челябинск;Yandex Ads
204250;Тарасов Виктор Михайлович;2023-03-17;Екатеринбург;Referral
204251;Лазарев Ярослав Евгеньевич;2024-05-18;Копейск;Yandex Ads
204252;Денисов Мария Игоревна;2024-05-30;Тюмень;Organic
204253;Кузнецов Виктория Сергеевна;2023-12-13;Челябинск;Telegram
204254;Денисов Екатерина Дмитриевич;2024-03-20;Магнитогорск;Telegram
204255;Гарипов Евгения Павловна;2023-04-11;Копейск;VK Ads
204256;Алексеев Гузель Олеговна;2024-07-27;Самара;Organic
204257;Беляев Андрей Иванович;2024-05-16;Челябинск;Organic
204258;Васильев Амина Александрович;2023-01-31;Копейск;Organic
204259;Петров Алёна Павловна;2024-04-15;Челябинск;Yandex Ads
204260;Аветисян Анна Юрьевич;2024-04-05;Курган;Direct
204261;Соловьёв Игорь Алексеевна;2023-03-08;Новосибирск;VK Ads
204262;Гусев Карен Владимирович;2023-07-03;Копейск;Direct
204263;Сафонов Дарья Романовна;2023-06-30;Челябинск;VK Ads
204264;Гасанов Тимур Алексеевич;2023-01-18;Екатеринбург;Direct
204265;Аветисян Елена Дмитриевна;2024-05-04;Челябинск;Direct
204266;Бекетов Екатерина Дмитриевна;2023-01-07;Уфа;Organic
204267;Белов Карина Александровна;2024-08-19;Санкт-Петербург;Direct
204268;Шевченко Валерия Сергеевна;2024-04-25;Курган;Telegram
204269;Егоров Иван Игоревна;2024-08-03;Златоуст;Direct
204270;Попов Самвел Ивановна;2023-05-07;Челябинск;Yandex Ads
204271;Филатов Эмиль Игоревич;2024-05-24;Пермь;Direct
204272;Мирзоян Егор Александрович;2023-12-05;Курган;Yandex Ads
204273;Юн Андрей Алексеевич;2023-12-08;Санкт-Петербург;Telegram
204274;Зайцев Карен Ивановна;2023-11-02;Магнитогорск;VK Ads
204275;Рахимов Евгений Олегович;2023-05-27;Магнитогорск;Telegram
204276;Алексеев Тигран Алексеевна;2023-08-08;Уфа;Yandex Ads
204277;Медведев Лейла Юрьевна;2023-10-03;Челябинск;Telegram
204278;Волков Денис Михайловна;2023-09-19;Челябинск;Telegram
204279;Степанов Эмиль Евгеньевич;2024-02-21;Уфа;Direct
204280;Шин Валерий Алексеевич;2024-01-10;Челябинск;Telegram
204281;Ткаченко Екатерина Олегович;2023-04-13;Челябинск;Organic
204282;Григорьев Александр Александрович;2024-02-01;Екатеринбург;Direct
204283;Сулейманов Борис Владимирович;2023-11-19;Курган;Direct
204284;Королёв Николай Алексеевна;2023-04-14;Тюмень;Organic
204285;Пономарёв Арсен Михайлович;2023-12-26;Казань;Yandex Ads
204286;Егоров Ирина Иванович;2024-05-26;Самара;Direct
204287;Андреев Глеб Александрович;2023-10-02;Челябинск;Organic
204288;Цветков Арсен Романович;2024-06-24;Пермь;Organic
204289;Жуков Тигран Юрьевна;2023-04-27;Самара;Email
204290;Макаров Виктория Андреевна;2023-10-11;Челябинск;Yandex Ads
204291;Ковалёв Наталья Алексеевна;2023-08-04;Челябинск;Organic
204292;Кузьмин Илья Сергеевна;2023-06-05;Магнитогорск;Referral
204293;Белов Анна Дмитриевна;2024-01-10;Тюмень;Email
204294;Мухаметшин Элина Евгеньевич;2023-05-30;Самара;Direct
204295;Шевченко Иван Владимировна;2024-05-27;Курган;Email
204296;Степанов Станислав Романович;2023-11-01;Копейск;Direct
204297;Поляков Андрей Дмитриевна;2023-06-14;Челябинск;Telegram
204298;Мирзоян Егор Алексеевна;2023-11-28;Челябинск;Organic
204299;Титов Марат Александрович;2023-08-21;Челябинск;Organic
204300;Хасанов Валерий Евгеньевна;2024-07-24;Челябинск;VK Ads
204301;Борисов Георгий Владимировна;2024-05-27;Миасс;Referral
204302;Белов Кристина Викторович;2024-05-22;Челябинск;Telegram
204303;Морозов Диана Евгеньевна;2023-03-04;Екатеринбург;Direct
204304;Попов Виктория Дмитриевна;2024-05-18;Челябинск;Organic
204305;Коваленко Диана Викторович;2024-03-09;Копейск;Organic
204306;Саркисян Никита Владимирович;2023-04-06;Златоуст;Referral
204307;Нуриев Екатерина Михайлович;2023-07-23;Челябинск;Telegram
204308;Кравченко Валерий Сергеевна;2024-06-17;Уфа;Yandex Ads
204309;Волков Ксения Сергеевич;2024-01-29;Копейск;Direct
204310;Бойко Динара Романовна;2024-05-03;Пермь;Organic
204311;Щербаков Карен Павлович;2024-05-27;Уфа;Telegram
204312;Мартиросян Эмиль Юрьевич;2023-01-19;Челябинск;Telegram
204313;Соболев Никита Алексеевич;2024-01-05;Челябинск;Yandex Ads
204314;Виноградов Лейла Романовна;2023-06-13;Казань;Email
204315;Быков Борис Викторовна;2023-06-18;Уфа;Organic
204316;Пономарёв Максим Дмитриевна;2024-01-15;Миасс;Telegram
204317;Ахметов Алина Андреевна;2023-02-03;Челябинск;Organic
204318;Котов Георгий Андреевна;2024-05-01;Златоуст;Telegram
204319;Оганесян Глеб Антонович;2024-05-20;Челябинск;VK Ads
204320;Михайлов Михаил Сергеевич;2023-09-30;Уфа;Organic
204321;Юсупов Ярослав Викторович;2024-01-20;Копейск;Direct
204322;Савченко Наталья Викторович;2023-01-09;Челябинск;Direct
204323;Денисов Кристина Иванович;2023-12-22;Копейск;Organic
204324;Сеитов Тигран Александрович;2024-04-25;Златоуст;Email
204325;Щербаков Полина Игоревич;2023-09-19;Миасс;Direct
204326;Савченко Евгений Михайлович;2023-04-11;Ижевск;Direct
204327;Быков Ксения Михайловна;2023-05-11;Миасс;VK Ads
204328;Тен Арсен Михайловна;2023-02-21;Нижневартовск;Telegram
204329;Власов Амина Дмитриевна;2023-05-06;Пермь;Email
204330;Тарасенко Алина Игоревич;2024-04-30;Казань;Yandex Ads
204331;Лазарев Руслан Олегович;2024-08-09;Казань;Email
204332;Фролов Андрей Романовна;2023-09-15;Челябинск;Yandex Ads
204333;Мирзоян Диана Павловна;2023-04-02;Челябинск;Direct
204334;Козлов Егор Павловна;2024-03-29;Екатеринбург;Direct
204335;Кудрявцев Даниил Павлович;2023-08-11;Златоуст;Organic
204336;Рябов Самвел Александрович;2023-12-07;Челябинск;Direct
204337;Хасанов Екатерина Михайловна;2024-08-07;Магнитогорск;Referral
204338;Сеитов Вероника Александрович;2023-10-25;Екатеринбург;Yandex Ads
204339;Макаров Михаил Александрович;2023-06-05;Копейск;Referral
204340;Пономарёв Евгения Игоревич;2024-01-14;Ижевск;Organic
204341;Бондаренко Айгуль Викторович;2023-05-02;Челябинск;Telegram
204342;Омаров Ирина Александровна;2024-06-02;Челябинск;VK Ads
204343;Ковалёв Артур Игоревич;2023-02-08;Челябинск;Direct
204344;Тен Карина Олеговна;2023-08-08;Уфа;Direct
204345;Аветисян Тимур Михайлович;2023-01-04;Пермь;Direct
204346;Рябов Михаил Ивановна;2023-05-24;Челябинск;Organic
204347;Наумов Карина Романовна;2023-06-18;Челябинск;Email
204348;Белов Самвел Михайловна;2023-05-30;Курган;Organic
204349;Васильев Артём Игоревна;2023-04-11;Копейск;Referral
204350;Кадыров Гузель Сергеевна;2023-04-11;Челябинск;Direct
204351;Оганесян Тимур Романовна;2023-12-01;Пермь;Referral
204352;Гарипов Александр Андреевич;2023-11-18;Копейск;Telegram
204353;Тарасенко Татьяна Евгеньевич;2023-02-05;Екатеринбург;Telegram
204354;Яковлев Владимир Дмитриевна;2023-06-28;Миасс;Organic
204355;Соловьёв Лейла Романовна;2023-03-17;Челябинск;Yandex Ads
204356;Тулеев Алексей Николаевич;2024-06-01;Челябинск;Direct
204357;Медведев Михаил Игоревич;2023-08-15;Екатеринбург;Yandex Ads
204358;Жуков Эдуард Андреевич;2024-04-26;Челябинск;Organic
204359;Мкртчян Дмитрий Ивановна;2023-11-12;Челябинск;Referral
204360;Петросян Ксения Романовна;2023-12-14;Миасс;VK Ads
204361;Смирнов Айгуль Дмитриевна;2023-05-23;Златоуст;Yandex Ads
204362;Исмаилов Михаил Сергеевна;2023-10-14;Пермь;Organic
204363;Борисов Анна Олеговна;2024-07-01;Пермь;Organic
204364;Пак Гузель Владимировна;2023-03-05;Челябинск;VK Ads
204365;Тен Глеб Антонович;2023-05-06;Челябинск;Referral
204366;Бекетов Сергей Евгеньевич;2024-08-01;Магнитогорск;Yandex Ads
204367;Фёдоров Наталья Ивановна;2024-01-03;Казань;Organic
204368;Мамедов Эмиль Юрьевич;2024-04-10;Челябинск;Direct
204369;Шарипов Роман Александрович;2023-03-02;Самара;Direct
204370;Филатов Карина Евгеньевна;2023-06-15;Миасс;Organic
204371;Ким Кристина Викторович;2024-03-31;Челябинск;VK Ads
204372;Гусев Ксения Романовна;2023-11-09;Челябинск;Direct
204373;Морозов Алёна Олеговна;2023-11-09;Копейск;Organic
204374;Бойко Кирилл Евгеньевич;2023-09-09;Челябинск;VK Ads
204375;Нуржанов Гузель Юрьевич;2023-04-20;Миасс;Yandex Ads
204376;Сергеев Вадим Сергеевич;2023-11-07;Челябинск;Referral
204377;Чернов Никита Игоревич;2023-12-21;Курган;Organic
204378;Арутюнян Борис Евгеньевна;2023-02-03;Копейск;Direct
204379;Романов Вадим Антонович;2024-02-29;Челябинск;Direct
204380;Смирнов Валерия Михайлович;2024-02-02;Пермь;Yandex Ads
204381;Сергеев Максим Олегович;2023-03-13;Казань;Organic
204382;Фомин Элина Олеговна;2024-01-30;Пермь;Direct
204383;Лазарев Павел Александровна;2023-08-24;Пермь;Direct
204384;Петров Амина Владимирович;2024-03-04;Москва;Telegram
204385;Жуков Виктор Андреевна;2023-04-27;Челябинск;Direct
204386;Цой Зарина Александровна;2023-08-23;Челябинск;Yandex Ads
204387;Хабибуллин Иван Игоревич;2023-02-11;Ижевск;VK Ads
204388;Матвеев Айгуль Юрьевна;2024-03-29;Челябинск;Yandex Ads
204389;Мельник Элина Дмитриевич;2023-05-04;Челябинск;Email
204390;Шевченко Аделина Михайловна;2023-12-15;Уфа;Referral
204391;Галимов Татьяна Антонович;2024-01-31;Казань;VK Ads
204392;Нуриев Виктор Андреевич;2023-04-11;Челябинск;Direct
204393;Кузьмин Елена Михайлович;2023-12-25;Магнитогорск;Yandex Ads
204394;Козлов Марат Михайловна;2023-07-02;Екатеринбург;Direct
204395;Павлов Кристина Михайлович;2024-06-10;Самара;Organic
204396;Ткаченко Сергей Евгеньевич;2023-04-29;Ижевск;Yandex Ads
204397;Мельник Валерия Владимировна;2024-01-30;Челябинск;Direct
204398;Сергеев Марина Романовна;2023-11-25;Магнитогорск;Email
204399;Галимов Айгуль Николаевич;2024-05-04;Казань;Direct
204400;Степанов Ксения Сергеевич;2024-02-22;Нижневартовск;Email
204401;Арутюнян Юлия Олегович;2023-04-23;Курган;Referral
204402;Комаров Валерия Андреевна;2024-02-05;Казань;Direct
204403;Кузнецов Глеб Павловна;2023-05-31;Златоуст;Organic
204404;Кузнецов Виктор Павлович;2023-03-18;Челябинск;Organic
204405;Сулейманов Павел Алексеевич;2023-11-06;Тюмень;Organic
204406;Садыков Марат Олеговна;2023-01-13;Уфа;Organic
204407;Мухаметшин Марина Юрьевич;2024-03-06;Москва;Organic
204408;Титов Надежда Ивановна;2023-05-30;Курган;Email
204409;Кудрявцев Айгуль Алексеевна;2024-08-17;Челябинск;Yandex Ads
204410;Куликов Аделина Сергеевич;2024-04-24;Челябинск;Yandex Ads
204411;Щербаков Диана Викторович;2024-04-22;Тюмень;Telegram
204412;Мухаметшин Карен Ивановна;2023-10-17;Казань;Yandex Ads
204413;Логинов Евгения Иванович;2023-12-17;Миасс;VK Ads
204414;Захаров Алина Александрович;2023-07-19;Челябинск;Organic
204415;Юн Денис Олеговна;2023-07-14;Курган;Direct
204416;Борисов Марина Антонович;2024-06-14;Москва;Direct
204417;Васильев Юлия Олегович;2023-10-12;Копейск;Direct
204418;Лазарев Айгуль Александрович;2023-05-22;Челябинск;Direct
204419;Петров Эдуард Алексеевич;2024-06-26;Челябинск;VK Ads
204420;Баранов Эмиль Сергеевна;2024-04-06;Екатеринбург;Organic
204421;Тарасенко Илья Олеговна;2023-03-24;Златоуст;Telegram
204422;Сорокин Дарья Иванович;2023-07-16;Челябинск;VK Ads
204423;Новиков Марат Алексеевич;2024-01-18;Москва;Direct
204424;Мкртчян Софья Михайловна;2023-07-13;Магнитогорск;Organic
204425;Логинов Павел Сергеевна;2024-01-26;Екатеринбург;Direct
204426;Герасимов Элина Игоревна;2023-04-04;Москва;Telegram
204427;Оганесян Александр Владимирович;2023-07-22;Оренбург;Email
204428;Ибрагимов Амина Михайлович;2023-10-19;Миасс;Organic
204429;Смирнов Николай Викторовна;2023-07-06;Златоуст;Yandex Ads
204430;Беляев Егор Михайловна;2023-11-08;Челябинск;Organic
204431;Каримов Олег Дмитриевич;2023-07-16;Магнитогорск;Referral
204432;Белов Светлана Викторовна;2024-08-13;Москва;Organic
204433;Шарипов Юрий Ивановна;2024-07-08;Тюмень;Yandex Ads
204434;Кондратьев Алина Андреевна;2024-06-15;Челябинск;Direct
204435;Абдуллаев Диана Юрьевна;2023-04-17;Оренбург;VK Ads
204436;Галимов Сергей Алексеевич;2023-04-03;Челябинск;Yandex Ads
204437;Шевченко Руслан Сергеевна;2023-11-23;Екатеринбург;Organic
204438;Ли Алёна Дмитриевна;2023-03-31;Челябинск;Organic
204439;Жумабаев Карен Викторовна;2024-06-24;Челябинск;Organic
204440;Максимов Татьяна Олегович;2023-03-18;Копейск;Direct
204441;Петров Анна Викторович;2024-01-28;Челябинск;Yandex Ads
204442;Мельник Элина Ивановна;2024-07-21;Миасс;Direct
204443;Морозов Маргарита Владимирович;2023-03-02;Москва;Yandex Ads
204444;Ершов Марина Викторовна;2024-03-27;Магнитогорск;Direct
204445;Саркисян Софья Олеговна;2024-08-07;Пермь;Organic
204446;Сулейманов Николай Алексеевна;2023-10-02;Санкт-Петербург;Direct
204447;Юсупов Диана Дмитриевна;2023-01-17;Москва;Organic
204448;Тарасенко Марат Евгеньевна;2024-07-10;Копейск;Organic
204449;Макаров Марат Михайловна;2023-04-02;Екатеринбург;Organic
204450;Пономарёв Константин Михайлович;2023-02-17;Казань;Yandex Ads
204451;Смирнов Лейла Владимирович;2024-08-25;Челябинск;Organic
204452;Соколов Кирилл Игоревич;2023-04-02;Челябинск;Organic
204453;Гусев Игорь Николаевич;2024-03-18;Челябинск;Referral
204454;Виноградов Марина Александрович;2023-01-28;Магнитогорск;Direct
204455;Гусев Анастасия Владимирович;2024-01-14;Москва;Yandex Ads
204456;Котов Илья Романович;2023-10-08;Екатеринбург;Email
204457;Кадыров Ольга Игоревна;2023-03-11;Уфа;VK Ads
204458;Мкртчян Полина Андреевич;2024-08-25;Челябинск;Yandex Ads
204459;Попов Вера Романович;2023-09-24;Челябинск;Direct
204460;Шин Антон Олегович;2024-06-09;Екатеринбург;VK Ads
204461;Макаров Ольга Евгеньевич;2023-07-27;Миасс;VK Ads
204462;Касымов Диана Алексеевна;2023-05-09;Челябинск;Organic
204463;Фомин Валерия Андреевич;2024-08-15;Ижевск;Direct
204464;Егоров Даниил Павлович;2024-03-17;Челябинск;Direct
204465;Гарипов Вадим Андреевна;2024-07-16;Копейск;Telegram
204466;Смирнов Карен Николаевич;2023-06-27;Копейск;Referral
204467;Кузнецов Денис Дмитриевич;2023-05-03;Челябинск;Organic
204468;Новиков Гузель Евгеньевич;2024-08-03;Пермь;Direct
204469;Никитин Мария Андреевич;2024-03-19;Москва;Organic
204470;Мартиросян Руслан Игоревна;2023-02-19;Уфа;Telegram
204471;Соловьёв Диана Юрьевич;2024-07-09;Челябинск;Direct
204472;Савченко Диана Александрович;2024-04-29;Златоуст;Direct
204473;Арутюнян Анна Владимировна;2024-05-20;Челябинск;Organic
204474;Наумов Динара Алексеевна;2023-07-03;Челябинск;VK Ads
204475;Яковлев Алексей Алексеевич;2023-10-25;Миасс;Yandex Ads
204476;Бондаренко Арсен Павловна;2023-02-10;Курган;Yandex Ads
204477;Шин Полина Сергеевич;2024-03-15;Копейск;Organic
204478;Пономарёв Илья Игоревич;2024-05-04;Магнитогорск;Email
204479;Исмаилов Евгений Павловна;2024-08-25;Уфа;Yandex Ads
204480;Тарасенко Эдуард Юрьевна;2024-04-18;Челябинск;Direct
204481;Сергеев Глеб Антонович;2024-04-17;Челябинск;Direct
204482;Пономарёв Глеб Андреевна;2023-09-03;Копейск;Organic
204483;Шевченко Георгий Андреевна;2023-08-15;Екатеринбург;Yandex Ads
204484;Лазарев Игорь Юрьевна;2024-03-22;Миасс;VK Ads
204485;Кузнецов Евгений Владимирович;2023-08-21;Сургут;Direct
204486;Виноградов Эмиль Игоревна;2024-03-31;Уфа;Organic
204487;Сорокин Константин Николаевич;2023-08-16;Челябинск;Organic
204488;Кондратьев Эдуард Андреевна;2023-03-01;Челябинск;Telegram
204489;Яковлев Алексей Алексеевна;2023-09-30;Челябинск;Telegram
204490;Григорьев Динара Дмитриевна;2023-01-15;Магнитогорск;Direct
204491;Абдуллаев Эдуард Алексеевна;2023-11-04;Копейск;Referral
204492;Егоров Никита Дмитриевна;2023-08-23;Челябинск;Organic
204493;Логинов Андрей Владимировна;2023-12-02;Челябинск;VK Ads
204494;Ковалёв Мария Иванович;2023-09-13;Челябинск;Direct
204495;Аветисян Маргарита Павлович;2023-03-11;Копейск;Telegram
204496;Кузнецов Тимур Владимирович;2024-05-02;Челябинск;Direct
204497;Маслов Элина Игоревна;2024-04-18;Магнитогорск;Direct
204498;Титов Павел Павлович;2024-04-28;Челябинск;Email
204499;Цой Павел Олегович;2023-12-31;Магнитогорск;Telegram
204500;Захаров Татьяна Сергеевна;2023-06-02;Челябинск;Email
204501;Беляев Вероника Александровна;2024-08-23;Челябинск;Yandex Ads
204502;Сафонов Илья Олеговна;2023-06-25;Москва;Yandex Ads
204503;Сорокин Лилия Андреевна;2023-11-16;Сургут;Direct
204504;Рябов Виктор Игоревич;2023-04-27;Уфа;Referral
204505;Валеев Софья Игоревна;2023-08-12;Магнитогорск;Referral
204506;Цой Милана Михайлович;2024-03-30;Миасс;Organic
204507;Петросян Денис Романович;2024-03-02;Миасс;Yandex Ads
204508;Баранов Лилия Романовна;2023-05-16;Златоуст;VK Ads
204509;Исмаилов Игорь Ивановна;2023-10-30;Самара;VK Ads
204510;Быков Фёдор Александровна;2024-06-21;Златоуст;VK Ads
204511;Михайлов Антон Олегович;2023-06-20;Магнитогорск;Direct
204512;Валеев Борис Олегович;2023-11-05;Челябинск;Yandex Ads
204513;Ли Алексей Юрьевна;2024-02-19;Миасс;Telegram
204514;Рябов Татьяна Алексеевич;2024-08-20;Курган;Organic
204515;Хабибуллин Кристина Дмитриевич;2023-01-09;Челябинск;Direct
204516;Бойко Елена Иванович;2023-11-24;Ижевск;Organic
204517;Жумабаев Алексей Владимирович;2024-03-23;Казань;Direct
204518;Касымов Екатерина Павлович;2023-10-02;Копейск;Yandex Ads
204519;Каримов Денис Олеговна;2024-08-31;Челябинск;Organic
204520;Максимов Николай Александровна;2023-04-12;Екатеринбург;Organic
204521;Ковалёв Антон Алексеевич;2023-10-26;Уфа;Referral
204522;Абрамян Константин Владимирович;2023-11-14;Уфа;Telegram
204523;Михайлов Станислав Юрьевна;2023-10-30;Златоуст;VK Ads
204524;Цветков Наталья Антонович;2023-10-11;Копейск;Direct
204525;Смирнов Денис Николаевич;2023-05-15;Челябинск;Direct
204526;Павлов Оксана Андреевна;2023-11-04;Миасс;Direct
204527;Козлов Дмитрий Павловна;2023-02-18;Челябинск;Telegram
204528;Алиев Динара Дмитриевна;2023-08-14;Челябинск;Direct
204529;Кузнецов Иван Михайлович;2023-12-27;Тюмень;VK Ads
204530;Яковлев Иван Алексеевна;2023-03-24;Екатеринбург;Email
204531;Гусев Владимир Олегович;2023-05-17;Челябинск;VK Ads
204532;Каримов Ирина Викторович;2024-07-14;Уфа;Organic
204533;Власов Вероника Игоревич;2024-06-12;Челябинск;VK Ads
204534;Голубев Вадим Евгеньевич;2024-05-25;Челябинск;Direct
204535;Петров Павел Юрьевич;2023-09-30;Челябинск;Direct
204536;Морозов Марина Игоревна;2023-09-23;Копейск;Direct
204537;Козлов Владимир Евгеньевич;2024-04-11;Челябинск;Organic
204538;Морозов Валерий Александровна;2023-10-17;Челябинск;Direct
204539;Никитин Станислав Иванович;2023-06-06;Копейск;Direct
204540;Назаров Светлана Дмитриевна;2023-03-12;Челябинск;Organic
204541;Баранов Борис Михайловна;2023-12-10;Уфа;Direct
204542;Чернов Элина Игоревич;2023-10-04;Миасс;VK Ads
204543;Хабибуллин Вероника Игоревич;2023-12-19;Магнитогорск;VK Ads
204544;Павлов Артур Алексеевич;2024-07-05;Екатеринбург;Yandex Ads
204545;Лазарев Иван Николаевич;2024-04-09;Миасс;Direct
204546;Кудрявцев Татьяна Олегович;2023-01-05;Москва;Direct
204547;Рахимов Тимур Михайловна;2023-06-01;Челябинск;Telegram
204548;Шарипов Эмиль Юрьевич;2024-08-25;Челябинск;Organic
204549;Ибрагимов Арсен Олегович;2024-07-27;Челябинск;Yandex Ads
204550;Борисов Эдуард Михайлович;2024-03-02;Челябинск;Yandex Ads
204551;Наумов Евгений Романовна;2024-05-06;Челябинск;Direct
204552;Афанасьев Борис Юрьевна;2024-04-24;Челябинск;Organic
204553;Валеев Вера Ивановна;2024-01-18;Челябинск;Direct
204554;Белов Вадим Олеговна;2024-03-30;Новосибирск;Organic
204555;Исмаилов Вероника Иванович;2024-01-09;Миасс;Organic
204556;Мирзоян Милана Павловна;2024-03-21;Челябинск;Telegram
204557;Герасимов Оксана Николаевич;2023-01-31;Казань;Direct
204558;Омаров Никита Евгеньевич;2024-02-07;Челябинск;Organic
204559;Каримов Ксения Юрьевна;2024-05-26;Москва;Organic
204560;Мамедов Ксения Евгеньевич;2023-09-11;Челябинск;Direct
204561;Богданов Егор Юрьевна;2024-02-22;Челябинск;Referral
204562;Филатов Лилия Павловна;2024-01-19;Тюмень;VK Ads
204563;Власов Ярослав Юрьевна;2024-06-10;Челябинск;Organic
204564;Павлов Светлана Ивановна;2024-07-11;Москва;Direct
204565;Валеев Гузель Антонович;2024-06-24;Оренбург;Telegram
204566;Романов Максим Алексеевна;2023-04-11;Пермь;Organic
204567;Михайлов Фёдор Олегович;2023-03-22;Миасс;Organic
204568;Мартиросян Даниил Игоревна;2024-03-23;Челябинск;Organic
204569;Мамедов Кирилл Романовна;2024-01-20;Тюмень;Referral
204570;Сафин Кристина Николаевна;2024-01-06;Миасс;Email
204571;Тен Эдуард Александровна;2024-03-25;Ижевск;Organic
204572;Сулейманов Кирилл Сергеевна;2024-08-13;Челябинск;Organic
204573;Захаров Павел Сергеевна;2023-11-15;Уфа;Yandex Ads
204574;Макаров Марина Игоревна;2023-03-09;Копейск;Organic
204575;Афанасьев Амина Владимировна;2024-03-09;Челябинск;Direct
204576;Михайлов Тимур Романовна;2024-01-28;Челябинск;Direct
204577;Попов Екатерина Викторовна;2023-02-20;Челябинск;Direct
204578;Абрамян Софья Алексеевна;2023-07-27;Уфа;Referral
204579;Яковлев Эдуард Михайлович;2024-07-11;Челябинск;Direct
204580;Борисов Эмиль Михайловна;2023-09-27;Копейск;Organic
204581;Иванов Евгений Игоревич;2023-01-25;Екатеринбург;Direct
204582;Галимов Сергей Дмитриевич;2023-06-14;Казань;Referral
204583;Лазарев Алексей Юрьевна;2024-05-23;Челябинск;Yandex Ads
204584;Ли Евгений Викторович;2023-05-05;Челябинск;Telegram
204585;Белов Никита Владимировна;2024-06-11;Челябинск;VK Ads
204586;Борисов Юлия Олеговна;2024-01-17;Екатеринбург;VK Ads
204587;Мельник Даниил Викторович;2023-04-17;Сургут;Direct
204588;Шин Кирилл Олеговна;2023-01-27;Миасс;VK Ads
204589;Морозов Сергей Евгеньевна;2024-03-13;Челябинск;Organic
204590;Сафин Ирина Алексеевна;2023-06-12;Челябинск;Organic
204591;Павлов Валерий Антонович;2023-07-24;Новосибирск;VK Ads
204592;Захаров Глеб Романовна;2023-06-11;Екатеринбург;Organic
204593;Максимов Кирилл Дмитриевич;2023-01-24;Челябинск;Referral
204594;Ткаченко Валерия Александровна;2024-08-08;Самара;Organic
204595;Сафин Марина Антонович;2023-08-12;Екатеринбург;Organic
204596;Захаров Карина Сергеевна;2023-06-11;Курган;Organic
204597;Ткаченко Диана Ивановна;2023-05-21;Челябинск;Organic
204598;Куликов Елена Романович;2023-07-18;Самара;Direct
204599;Ли Ярослав Олеговна;2023-08-29;Челябинск;Referral
204600;Омаров Динара Владимировна;2023-11-28;Челябинск;Organic
204601;Садыков Элина Антонович;2023-12-05;Челябинск;Referral
204602;Киселёв Константин Антонович;2024-04-11;Златоуст;Organic
204603;Фёдоров Евгения Андреевна;2023-06-15;Челябинск;Yandex Ads
204604;Оганесян Вера Дмитриевна;2023-04-02;Челябинск;Organic
204605;Рахимов Егор Олеговна;2024-07-01;Екатеринбург;Direct
204606;Мельник Николай Николаевич;2024-02-29;Копейск;Direct
204607;Хабибуллин Виктор Павлович;2024-08-08;Челябинск;Direct
204608;Романов Руслан Михайлович;2023-05-08;Екатеринбург;VK Ads
204609;Тулеев Виктория Дмитриевна;2023-12-01;Оренбург;Direct
204610;Сорокин Артур Павловна;2023-02-23;Санкт-Петербург;Organic
204611;Титов Татьяна Игоревна;2024-05-29;Магнитогорск;Yandex Ads
204612;Фомин Зарина Игоревна;2023-06-04;Копейск;Yandex Ads
204613;Павлов Фёдор Игоревна;2023-02-04;Уфа;Telegram
204614;Смирнов Гузель Дмитриевна;2023-11-06;Сургут;Yandex Ads
204615;Мартиросян Вероника Юрьевна;2023-02-18;Копейск;Yandex Ads
204616;Миронов Динара Владимировна;2024-04-28;Магнитогорск;Yandex Ads
204617;Исмаилов Константин Романовна;2023-05-17;Копейск;Direct
204618;Миронов Аделина Олеговна;2023-07-01;Челябинск;Telegram
204619;Петросян Елена Евгеньевна;2023-03-05;Копейск;Referral
204620;Григорян Оксана Александровна;2024-01-14;Курган;Yandex Ads
204621;Ким Кирилл Михайловна;2024-08-14;Челябинск;Email
204622;Орлов Артур Антонович;2023-04-12;Челябинск;VK Ads
204623;Тулеев Диана Владимировна;2024-02-09;Пермь;Direct
204624;Миронов Карен Александрович;2024-03-13;Магнитогорск;Direct
204625;Арутюнян Алексей Павлович;2023-07-04;Миасс;Organic
204626;Каримов Ольга Юрьевич;2023-08-07;Нижневартовск;Direct
204627;Мирзоян Арсен Дмитриевна;2023-10-05;Челябинск;Referral
204628;Петров Никита Владимирович;2024-03-07;Казань;VK Ads
204629;Капустин Кирилл Олеговна;2024-05-30;Тюмень;Email
204630;Максимов Ярослав Михайлович;2024-08-07;Златоуст;Yandex Ads
204631;Омаров Николай Юрьевич;2023-04-06;Тюмень;Organic
204632;Чернов Борис Романовна;2024-02-06;Нижневартовск;Yandex Ads
204633;Мирзоян Марат Андреевна;2024-04-16;Пермь;Direct
204634;Гончаренко Владимир Романовна;2023-05-05;Магнитогорск;Referral
204635;Куликов Вера Николаевич;2023-10-26;Копейск;Organic
204636;Данилов Эдуард Викторовна;2023-10-03;Магнитогорск;Direct
204637;Афанасьев Евгения Владимирович;2023-10-09;Магнитогорск;Direct
204638;Соболев Михаил Павловна;2023-08-23;Сургут;Organic
204639;Соловьёв Кирилл Николаевич;2023-10-09;Челябинск;Yandex Ads
204640;Щербаков Наталья Олегович;2023-02-17;Магнитогорск;Yandex Ads
204641;Петров Евгений Юрьевич;2023-05-08;Курган;VK Ads
204642;Арутюнян Полина Игоревна;2023-02-18;Челябинск;Organic
204643;Васильев Константин Олегович;2023-06-14;Челябинск;Yandex Ads
204644;Сергеев Сергей Олеговна;2023-12-03;Челябинск;VK Ads
204645;Капустин Самвел Сергеевич;2024-01-01;Тюмень;Direct
204646;Пономарёв Тимур Михайлович;2024-06-22;Пермь;Yandex Ads
204647;Яковлев Маргарита Антонович;2023-02-12;Челябинск;Yandex Ads
204648;Цветков Глеб Андреевна;2023-10-28;Копейск;Telegram
204649;Виноградов Маргарита Юрьевна;2024-06-12;Златоуст;Direct
204650;Каримов Наталья Александрович;2024-05-14;Миасс;Yandex Ads
204651;Мамедов Георгий Юрьевна;2024-02-06;Челябинск;Referral
204652;Абрамян Игорь Антонович;2024-02-28;Челябинск;Yandex Ads
204653;Мамедов Самвел Сергеевич;2024-03-03;Миасс;Organic
204654;Ли Эмиль Николаевич;2023-04-03;Магнитогорск;Direct
204655;Логинов Наталья Александрович;2023-09-27;Магнитогорск;Yandex Ads
204656;Богданов Татьяна Андреевич;2024-02-15;Нижневартовск;Referral
204657;Сеитов Евгения Владимирович;2023-12-03;Челябинск;Email
204658;Рябов Наталья Михайловна;2023-01-30;Екатеринбург;Yandex Ads
204659;Шарипов Дарья Михайлович;2023-12-05;Санкт-Петербург;Telegram
204660;Капустин Тигран Владимировна;2024-02-29;Магнитогорск;Direct
204661;Попов Иван Владимирович;2024-05-05;Сургут;Yandex Ads
204662;Савченко Валерий Романович;2023-04-08;Екатеринбург;Yandex Ads
204663;Медведев Тимур Игоревна;2024-08-14;Пермь;Direct
204664;Галимов Станислав Сергеевна;2024-01-07;Златоуст;Direct
204665;Белов Тигран Андреевич;2023-11-11;Уфа;Direct
204666;Зайцев Вера Ивановна;2023-02-08;Санкт-Петербург;Direct
204667;Жумабаев Вероника Антонович;2023-12-21;Пермь;Referral
204668;Назаров Светлана Олегович;2023-11-29;Миасс;Yandex Ads
204669;Богданов Полина Викторович;2023-06-24;Магнитогорск;Organic
204670;Сорокин Кирилл Викторович;2023-04-07;Магнитогорск;Referral
204671;Садыков Арсен Александровна;2023-07-05;Пермь;Yandex Ads
204672;Кузнецов Илья Владимировна;2024-07-11;Челябинск;Referral
204673;Шарипов Ксения Юрьевна;2024-08-01;Екатеринбург;Yandex Ads
204674;Романов Борис Сергеевна;2023-03-27;Челябинск;VK Ads
204675;Маслов Сергей Евгеньевна;2023-06-17;Пермь;Direct
204676;Жумабаев Илья Евгеньевич;2023-07-28;Санкт-Петербург;Direct
204677;Нуржанов Николай Ивановна;2024-04-23;Челябинск;Yandex Ads
204678;Тен Кристина Сергеевна;2024-01-28;Сургут;Telegram
204679;Куликов Анастасия Павлович;2023-02-28;Челябинск;Direct
204680;Егоров Илья Андреевна;2023-05-19;Екатеринбург;VK Ads
204681;Королёв Софья Михайловна;2023-04-23;Челябинск;Organic
204682;Баранов Самвел Владимировна;2023-11-15;Челябинск;Yandex Ads
204683;Лебедев Глеб Николаевна;2023-11-27;Ижевск;Organic
204684;Григорьев Вера Дмитриевна;2024-05-21;Челябинск;Direct
204685;Аветисян Самвел Сергеевич;2024-05-21;Самара;Organic
204686;Петров Ярослав Сергеевна;2023-07-13;Копейск;Email
204687;Гусев Яна Николаевич;2024-02-05;Челябинск;VK Ads
204688;Голубев Никита Николаевич;2024-01-03;Магнитогорск;Yandex Ads
204689;Рахимов Кристина Евгеньевна;2024-07-09;Челябинск;VK Ads
204690;Афанасьев Эмиль Игоревна;2023-05-23;Миасс;Yandex Ads
204691;Касымов Эмиль Сергеевич;2024-05-09;Челябинск;Direct
204692;Михайлов Дарья Викторовна;2023-07-13;Москва;Organic
204693;Голубев Тигран Сергеевич;2024-05-11;Челябинск;Organic
204694;Герасимов Кирилл Сергеевич;2023-09-01;Москва;Direct
204695;Капустин Зарина Игоревич;2024-06-09;Челябинск;Organic
204696;Мухаметшин Ярослав Олеговна;2023-03-24;Москва;Direct
204697;Шин Айгуль Владимировна;2024-08-25;Миасс;Organic
204698;Морозов Татьяна Игоревич;2024-01-22;Челябинск;Organic
204699;Павлов Ирина Игоревич;2023-04-15;Уфа;Yandex Ads
204700;Хабибуллин Николай Дмитриевна;2024-05-06;Миасс;Email
204701;Жуков Егор Алексеевич;2023-12-21;Челябинск;Yandex Ads
204702;Воробьёв Айгуль Николаевна;2024-01-09;Ижевск;Referral
204703;Афанасьев Сергей Александрович;2024-01-29;Нижневартовск;Email
204704;Комаров Самвел Александровна;2023-10-21;Челябинск;Direct
204705;Щербаков Милана Алексеевич;2023-05-10;Екатеринбург;Referral
204706;Иванов Даниил Юрьевна;2024-01-29;Миасс;Yandex Ads
204707;Кудрявцев Мария Евгеньевна;2024-03-19;Магнитогорск;Organic
204708;Сулейманов Иван Николаевна;2024-07-25;Златоуст;Email
204709;Данилов Станислав Владимирович;2024-01-05;Нижневартовск;VK Ads
204710;Каримов Динара Евгеньевич;2023-05-01;Магнитогорск;Telegram
204711;Соколов Полина Юрьевна;2023-03-04;Челябинск;Referral
204712;Орлов Алёна Михайлович;2023-06-02;Тюмень;Direct
204713;Новиков Владимир Дмитриевна;2024-05-26;Москва;Direct
204714;Кузьмин Антон Андреевна;2023-12-03;Магнитогорск;Organic
204715;Бондаренко Элина Михайлович;2023-01-20;Сургут;Organic
204716;Поляков Валерий Николаевич;2023-03-19;Магнитогорск;Yandex Ads
204717;Абрамян Артём Евгеньевна;2024-01-22;Челябинск;Yandex Ads
204718;Рахимов Екатерина Владимировна;2023-12-02;Златоуст;Direct
204719;Лазарев Ксения Романовна;2024-08-10;Челябинск;Organic
204720;Белов Артур Павловна;2023-08-13;Копейск;Yandex Ads
204721;Ахметжанов Маргарита Сергеевна;2023-02-16;Тюмень;Direct
204722;Комаров Диана Викторович;2023-05-21;Екатеринбург;Referral
204723;Садыков Егор Олегович;2023-08-19;Копейск;Yandex Ads
204724;Саркисян Эдуард Викторович;2023-10-05;Пермь;Organic
204725;Жумабаев Ксения Романович;2023-09-05;Тюмень;Direct
204726;Егоров Ярослав Сергеевич;2023-02-26;Челябинск;Organic
204727;Нуриев Арсен Дмитриевич;2023-01-31;Челябинск;Direct
204728;Сафин Карен Игоревич;2023-09-28;Тюмень;Direct
204729;Голубев Марина Михайлович;2024-07-19;Челябинск;Organic
204730;Морозов Валерия Павловна;2024-02-01;Челябинск;Yandex Ads
204731;Соколов Вера Владимировна;2023-07-05;Челябинск;Yandex Ads
204732;Петров Ярослав Иванович;2024-07-05;Челябинск;Organic
204733;Борисов Лилия Олеговна;2024-03-21;Магнитогорск;Referral
204734;Белов Глеб Викторовна;2024-01-08;Екатеринбург;Direct
204735;Жумабаев Роман Алексеевич;2024-06-15;Магнитогорск;Organic
204736;Кадыров Карина Иванович;2024-05-14;Москва;VK Ads
204737;Савченко Виктор Владимирович;2023-09-28;Миасс;Yandex Ads
204738;Рахимов Илья Михайлович;2023-06-05;Копейск;Direct
204739;Титов Руслан Алексеевич;2023-08-19;Самара;Referral
204740;Абдуллаев Станислав Алексеевна;2023-03-04;Копейск;VK Ads
204741;Омаров Дарья Николаевна;2023-09-19;Магнитогорск;Organic
204742;Павлов Маргарита Дмитриевич;2023-10-11;Златоуст;VK Ads
204743;Григорьев Николай Владимировна;2024-05-31;Миасс;Direct
204744;Мухаметшин Анастасия Юрьевич;2023-12-31;Копейск;Organic
204745;Мирзоян Станислав Александрович;2024-02-18;Копейск;VK Ads
204746;Юсупов Тимур Юрьевич;2024-04-20;Челябинск;VK Ads
204747;Юн Анна Сергеевич;2023-01-28;Нижневартовск;Yandex Ads
204748;Попов Софья Олеговна;2023-01-27;Пермь;VK Ads
204749;Капустин Полина Николаевна;2023-07-13;Копейск;Direct
204750;Максимов Евгений Юрьевич;2023-11-27;Сургут;Referral
204751;Мирзоян Вера Антонович;2023-08-28;Самара;Telegram
204752;Егоров Полина Дмитриевна;2024-03-22;Копейск;Direct
204753;Мухаметшин Зарина Олеговна;2024-05-22;Магнитогорск;Yandex Ads
204754;Сафин Элина Антонович;2023-06-05;Копейск;Yandex Ads
204755;Сорокин Антон Сергеевич;2024-02-23;Казань;Direct
204756;Жумабаев Наталья Павлович;2023-06-11;Копейск;VK Ads
204757;Комаров Светлана Игоревич;2024-08-25;Уфа;Organic
204758;Коваленко Сергей Павловна;2024-01-04;Магнитогорск;Email
204759;Цветков Вадим Викторовна;2023-12-19;Челябинск;Yandex Ads
204760;Ахметжанов Татьяна Иванович;2023-10-21;Челябинск;Telegram
204761;Цветков Вадим Игоревна;2024-01-24;Челябинск;Yandex Ads
204762;Ковалёв Юлия Дмитриевич;2023-12-02;Челябинск;Organic
204763;Тарасенко Карина Ивановна;2023-12-27;Курган;Telegram
204764;Лазарев Виктория Юрьевич;2024-02-24;Челябинск;Organic
204765;Титов Егор Николаевич;2024-01-10;Сургут;Direct
204766;Ткаченко Михаил Антонович;2023-03-24;Оренбург;Email
204767;Денисов Егор Игоревна;2023-10-18;Сургут;Organic
204768;Рябов Екатерина Евгеньевна;2023-12-06;Екатеринбург;VK Ads
204769;Денисов Марина Олеговна;2023-10-15;Челябинск;Organic
204770;Гусев Дмитрий Евгеньевич;2023-01-18;Челябинск;Telegram
204771;Юн Ольга Викторовна;2023-12-21;Копейск;Telegram
204772;Касымов Кристина Сергеевна;2024-04-14;Москва;Yandex Ads
204773;Афанасьев Мария Владимирович;2023-12-09;Санкт-Петербург;Yandex Ads
204774;Каримов Екатерина Александровна;2024-07-07;Пермь;Organic
204775;Сеитов Фёдор Дмитриевич;2023-09-29;Москва;Direct
204776;Кузьмин Зарина Викторовна;2024-01-05;Златоуст;Organic
204777;Макаров Ксения Сергеевна;2023-01-22;Челябинск;Organic
204778;Саркисян Арсен Юрьевич;2024-04-04;Челябинск;Yandex Ads
204779;Садыков Марина Олеговна;2023-04-17;Копейск;Direct
204780;Мирзоян Валерий Михайлович;2024-03-13;Челябинск;Yandex Ads
204781;Шарипов Элина Викторович;2023-08-13;Миасс;Yandex Ads
204782;Григорян Анастасия Юрьевна;2023-11-04;Челябинск;Email
204783;Ахметов Наталья Николаевна;2023-03-15;Челябинск;Direct
204784;Титов Константин Дмитриевна;2024-03-14;Челябинск;Direct
204785;Миронов Никита Андреевич;2023-08-11;Челябинск;Organic
204786;Ибрагимов Гузель Андреевна;2023-01-08;Ижевск;Organic
204787;Исмаилов Денис Ивановна;2023-09-22;Тюмень;VK Ads
204788;Арутюнян Тимур Сергеевич;2023-07-21;Екатеринбург;Direct
204789;Белов Екатерина Павловна;2023-06-28;Курган;Direct
204790;Новиков Оксана Олегович;2023-01-22;Москва;Direct
204791;Гусев Михаил Андреевич;2024-03-24;Челябинск;Direct
204792;Ли Даниил Андреевна;2023-06-30;Челябинск;Organic
204793;Поляков Виктория Алексеевич;2023-08-15;Челябинск;Direct
204794;Мкртчян Павел Ивановна;2024-06-07;Магнитогорск;Organic
204795;Титов Милана Павловна;2023-02-13;Москва;Yandex Ads
204796;Соболев Екатерина Игоревич;2024-08-25;Челябинск;VK Ads
204797;Медведев Карина Викторович;2024-01-14;Челябинск;VK Ads
204798;Козлов Милана Андреевна;2023-04-01;Новосибирск;Yandex Ads
204799;Тарасов Лейла Алексеевич;2024-08-16;Челябинск;Direct
204800;Абдуллаев Борис Сергеевна;2023-05-26;Екатеринбург;Organic
204801;Бойко Константин Антонович;2024-01-29;Тюмень;Yandex Ads
204802;Новиков Дарья Андреевич;2024-01-27;Уфа;Organic
204803;Хасанов Евгений Андреевна;2024-06-12;Ижевск;Direct
204804;Кадыров Карина Павлович;2023-12-16;Челябинск;Telegram
204805;Пономарёв Дмитрий Андреевна;2024-02-23;Москва;Direct
204806;Пономарёв Тимур Ивановна;2023-09-29;Челябинск;VK Ads
204807;Борисов Артём Олеговна;2023-04-30;Челябинск;Yandex Ads
204808;Оганесян Лейла Александрович;2023-05-02;Челябинск;Telegram
204809;Лебедев Ольга Викторович;2023-11-30;Тюмень;Yandex Ads
204810;Власов Оксана Алексеевич;2023-07-30;Челябинск;Organic
204811;Рахимов Сергей Юрьевна;2024-01-22;Екатеринбург;Organic
204812;Сорокин Вероника Романовна;2024-01-01;Челябинск;Yandex Ads
204813;Соловьёв Анастасия Алексеевна;2023-07-15;Пермь;VK Ads
204814;Тарасов Олег Сергеевна;2023-03-29;Миасс;Yandex Ads
204815;Васильев Олег Дмитриевна;2023-11-29;Копейск;Yandex Ads
204816;Касымов Антон Андреевич;2024-01-18;Челябинск;Organic
204817;Гончаренко Лейла Юрьевна;2023-05-28;Тюмень;Yandex Ads
204818;Цой Ксения Алексеевич;2023-04-21;Пермь;VK Ads
204819;Фомин Артур Евгеньевич;2023-08-20;Челябинск;VK Ads
204820;Шин Дмитрий Алексеевна;2024-02-18;Екатеринбург;Yandex Ads
204821;Назаров Евгения Дмитриевна;2023-02-25;Челябинск;Organic
204822;Омаров Оксана Иванович;2024-01-23;Миасс;Yandex Ads
204823;Фролов Андрей Владимирович;2023-09-05;Златоуст;Organic
204824;Иванов Артур Александровна;2023-03-29;Сургут;VK Ads
204825;Садыков Александр Викторовна;2023-09-22;Тюмень;Yandex Ads
204826;Нуриев Надежда Романовна;2023-03-13;Челябинск;Email
204827;Кузьмин Олег Сергеевна;2024-06-30;Екатеринбург;Direct
204828;Григорян Кристина Олеговна;2023-03-08;Пермь;Organic
204829;Борисов Марина Дмитриевна;2024-07-06;Миасс;Telegram
204830;Голубев Артур Михайлович;2024-07-15;Сургут;Organic
204831;Акопян Ксения Алексеевна;2023-12-17;Златоуст;Yandex Ads
204832;Герасимов Ольга Павловна;2024-06-22;Челябинск;VK Ads
204833;Юн Олег Дмитриевич;2023-07-05;Копейск;VK Ads
204834;Миронов Екатерина Иванович;2024-06-04;Миасс;Yandex Ads
204835;Сафин Павел Николаевич;2023-07-30;Челябинск;Direct
204836;Бойко Николай Иванович;2023-09-17;Тюмень;Direct
204837;Кадыров Ольга Романовна;2023-09-18;Копейск;VK Ads
204838;Мельник Роман Дмитриевич;2023-10-29;Челябинск;Direct
204839;Шарипов Екатерина Юрьевич;2023-06-12;Ижевск;Referral
204840;Максимов Виктор Антонович;2023-05-01;Екатеринбург;Telegram
204841;Петросян Борис Алексеевич;2024-08-18;Казань;Telegram
204842;Сафонов Эдуард Ивановна;2024-07-25;Пермь;VK Ads
204843;Герасимов Аделина Андреевич;2023-05-12;Пермь;VK Ads
204844;Жумабаев Игорь Николаевна;2023-05-28;Уфа;VK Ads
204845;Андреев Екатерина Сергеевна;2023-11-23;Уфа;VK Ads
204846;Гончаренко Анна Игоревна;2023-07-07;Екатеринбург;Yandex Ads
204847;Яковлев Эдуард Романовна;2024-01-05;Магнитогорск;Organic
204848;Сергеев Борис Ивановна;2023-01-30;Челябинск;Organic
204849;Мухаметшин Сергей Евгеньевич;2024-05-26;Екатеринбург;Telegram
204850;Тулеев Елена Дмитриевна;2023-06-05;Казань;Referral
204851;Фомин Валерий Александровна;2024-08-27;Челябинск;Referral
204852;Никитин Андрей Игоревна;2023-12-15;Санкт-Петербург;Direct
204853;Егоров Евгения Владимировна;2024-07-13;Пермь;VK Ads
204854;Рябов Марина Евгеньевич;2024-05-21;Челябинск;Direct
204855;Голубев Алёна Павловна;2023-07-04;Москва;Direct
204856;Лазарев Ксения Викторович;2023-11-25;Златоуст;Yandex Ads
204857;Гусев Карина Викторович;2023-10-21;Ижевск;Organic
204858;Мухаметшин Элина Юрьевич;2023-08-06;Златоуст;Yandex Ads
204859;Куликов Анна Александрович;2023-08-09;Челябинск;Organic
204860;Власов Артём Павлович;2024-04-04;Ижевск;VK Ads
204861;Белов Лилия Викторовна;2023-03-28;Сургут;Telegram
204862;Фролов Алёна Романович;2023-08-27;Челябинск;Referral
204863;Хасанов Екатерина Владимировна;2023-06-27;Магнитогорск;Organic
204864;Тулеев Эмиль Алексеевич;2024-05-01;Челябинск;Direct
204865;Мирзоян Ольга Сергеевна;2024-05-30;Уфа;Direct
204866;Щербаков Айгуль Сергеевич;2023-08-18;Санкт-Петербург;VK Ads
204867;Кузьмин Егор Владимировна;2023-08-08;Челябинск;Organic
204868;Хабибуллин Вероника Юрьевич;2024-07-16;Челябинск;Referral
204869;Козлов Надежда Михайловна;2024-01-08;Тюмень;Yandex Ads
204870;Павлов Екатерина Олеговна;2023-03-21;Уфа;Direct
204871;Алиев Павел Юрьевич;2024-08-12;Челябинск;Organic
204872;Тарасенко Елена Юрьевич;2024-08-24;Челябинск;Organic
204873;Борисов Айгуль Алексеевна;2023-01-31;Москва;VK Ads
204874;Мухаметшин Карина Юрьевич;2023-09-04;Челябинск;Organic
204875;Соболев Наталья Евгеньевич;2023-09-14;Челябинск;Yandex Ads
204876;Волков Аделина Викторович;2024-03-25;Самара;Yandex Ads
204877;Гарипов Кристина Сергеевич;2024-07-17;Курган;Referral
204878;Зайцев Алексей Евгеньевна;2024-03-29;Челябинск;Organic
204879;Попов Константин Владимирович;2023-05-19;Челябинск;VK Ads
204880;Кадыров Юлия Алексеевич;2024-08-01;Москва;Direct
204881;Ахметжанов Фёдор Викторовна;2024-08-18;Миасс;Direct
204882;Назаров Георгий Владимировна;2024-06-13;Челябинск;Yandex Ads
204883;Наумов Софья Юрьевич;2023-04-29;Челябинск;Direct
204884;Егоров Глеб Юрьевна;2023-04-30;Челябинск;VK Ads
204885;Хасанов Денис Евгеньевна;2024-05-11;Самара;Email
204886;Сулейманов Константин Николаевич;2024-04-12;Златоуст;Yandex Ads
204887;Тарасов Руслан Николаевич;2023-09-11;Челябинск;Yandex Ads
204888;Филатов Екатерина Андреевич;2023-02-07;Нижневартовск;Organic
204889;Жумабаев Виктория Игоревич;2023-03-11;Челябинск;Email
204890;Степанов Зарина Евгеньевич;2023-08-29;Миасс;Referral
204891;Воробьёв Динара Игоревич;2023-10-25;Копейск;Telegram
204892;Мкртчян Лейла Ивановна;2024-03-26;Челябинск;Yandex Ads
204893;Семёнов Сергей Евгеньевна;2024-03-28;Екатеринбург;Telegram
204894;Быков Дарья Олеговна;2023-01-23;Москва;Organic
204895;Абдуллаев Сергей Юрьевна;2023-10-01;Челябинск;Organic
204896;Шарипов Павел Сергеевич;2023-04-26;Москва;Referral
204897;Каримов Зарина Николаевич;2024-04-30;Магнитогорск;Direct
204898;Белов Алексей Викторовна;2023-08-03;Миасс;Direct
204899;Алексеев Фёдор Ивановна;2023-03-27;Копейск;Referral
204900;Ахметов Виктор Романовна;2024-04-25;Ижевск;VK Ads
204901;Сафонов Сергей Владимировна;2023-05-15;Магнитогорск;Organic
204902;Фёдоров Юлия Антонович;2023-10-31;Миасс;Organic
204903;Маслов Иван Сергеевич;2024-02-08;Уфа;Organic
204904;Михайлов Маргарита Андреевна;2024-06-14;Курган;Organic
204905;Цой Евгений Николаевич;2023-06-22;Москва;VK Ads
204906;Воробьёв Тимур Юрьевич;2024-07-27;Магнитогорск;Telegram
204907;Смирнов Оксана Михайлович;2024-08-25;Уфа;Organic
204908;Куликов Эдуард Юрьевич;2024-02-29;Копейск;Organic
204909;Бекетов Юлия Николаевич;2023-11-27;Челябинск;Organic
204910;Галимов Диана Викторович;2023-08-03;Екатеринбург;Direct
204911;Мамедов Карина Павлович;2023-08-04;Казань;Yandex Ads
204912;Наумов Софья Николаевич;2024-04-30;Копейск;Direct
204913;Сергеев Дмитрий Олеговна;2023-09-27;Курган;Organic
204914;Фомин Самвел Александровна;2023-10-05;Москва;Email
204915;Медведев Виктор Евгеньевна;2024-06-09;Миасс;Organic
204916;Соловьёв Диана Юрьевна;2023-08-27;Магнитогорск;Organic
204917;Логинов Алексей Михайловна;2023-12-17;Магнитогорск;Organic
204918;Жумабаев Елена Павловна;2023-05-09;Нижневартовск;Direct
204919;Кузьмин Роман Викторовна;2024-01-09;Екатеринбург;Yandex Ads
204920;Королёв Глеб Павлович;2023-03-21;Челябинск;Direct
204921;Королёв Самвел Юрьевна;2024-08-15;Магнитогорск;Organic
204922;Юн Карина Романовна;2023-11-07;Оренбург;VK Ads
204923;Мкртчян Владимир Юрьевна;2024-07-09;Самара;Yandex Ads
204924;Касымов Юрий Николаевич;2023-10-18;Магнитогорск;Yandex Ads
204925;Волков Андрей Андреевна;2023-07-04;Челябинск;Organic
204926;Морозов Эдуард Михайловна;2024-02-04;Челябинск;Organic
204927;Тен Тимур Дмитриевна;2024-04-29;Курган;Organic
204928;Комаров Кирилл Дмитриевна;2023-04-29;Самара;Organic
204929;Маслов Милана Михайлович;2023-09-28;Ижевск;Yandex Ads
204930;Сергеев Сергей Олеговна;2024-08-26;Челябинск;Yandex Ads
204931;Соколов Тигран Владимировна;2024-02-25;Челябинск;Yandex Ads
204932;Касымов Элина Викторовна;2024-08-13;Уфа;Direct
204933;Мирзоян Руслан Дмитриевич;2024-06-17;Миасс;VK Ads
204934;Савченко Андрей Павловна;2024-08-15;Сургут;Organic
204935;Маслов Виктор Ивановна;2024-02-02;Магнитогорск;Direct
204936;Тарасов Екатерина Андреевна;2023-05-09;Магнитогорск;Direct
204937;Кондратьев Элина Дмитриевна;2023-09-16;Челябинск;Direct
204938;Котов Вероника Евгеньевна;2024-02-15;Челябинск;Email
204939;Мартиросян Георгий Александрович;2024-03-19;Пермь;Direct
204940;Ершов Николай Ивановна;2024-04-07;Миасс;Direct
204941;Романов Амина Владимирович;2023-06-15;Челябинск;Organic
204942;Никитин Ирина Игоревич;2024-06-18;Уфа;Organic
204943;Степанов Валерия Юрьевна;2023-08-09;Челябинск;Telegram
204944;Цой Ярослав Юрьевич;2024-06-30;Магнитогорск;Organic
204945;Сафин Даниил Андреевна;2023-02-20;Уфа;Organic
204946;Белов Николай Михайлович;2023-03-21;Миасс;VK Ads
204947;Гончаренко Яна Олегович;2023-12-09;Тюмень;Organic
204948;Медведев Никита Иванович;2024-08-11;Челябинск;Organic
204949;Романов Мария Евгеньевич;2023-02-06;Екатеринбург;Organic
204950;Оганесян Марина Юрьевич;2024-01-04;Челябинск;Direct
204951;Соболев Эмиль Павловна;2024-08-25;Челябинск;Referral
204952;Виноградов Марат Александрович;2023-08-06;Челябинск;Email
204953;Юсупов Милана Сергеевич;2023-12-15;Тюмень;Yandex Ads
204954;Сулейманов Ярослав Николаевич;2024-07-18;Нижневартовск;Yandex Ads
204955;Гончаренко Павел Романовна;2023-01-16;Челябинск;Direct
204956;Пак Евгения Владимирович;2023-11-26;Магнитогорск;Yandex Ads
204957;Сафонов Аделина Викторовна;2023-01-05;Челябинск;Organic
204958;Бондаренко Глеб Владимировна;2024-08-17;Самара;Direct
204959;Хабибуллин Николай Евгеньевна;2024-04-19;Челябинск;Organic
204960;Андреев Дарья Иванович;2023-09-09;Челябинск;VK Ads
204961;Котов Зарина Юрьевич;2023-04-07;Магнитогорск;Referral
204962;Ахметов Валерий Владимировна;2024-07-13;Тюмень;Email
204963;Егоров Олег Игоревна;2023-05-12;Челябинск;Organic
204964;Капустин Андрей Евгеньевич;2023-05-27;Тюмень;Yandex Ads
204965;Рябов Вера Олеговна;2023-10-20;Тюмень;Yandex Ads
204966;Сулейманов Вера Николаевна;2024-04-24;Златоуст;Organic
204967;Хабибуллин Денис Дмитриевич;2023-10-19;Екатеринбург;Yandex Ads
204968;Шин Арсен Антонович;2023-07-23;Копейск;Referral
204969;Мартиросян Арсен Игоревна;2023-03-30;Челябинск;Organic
204970;Жуков Елена Иванович;2024-08-12;Челябинск;Direct
204971;Козлов Олег Юрьевна;2023-07-08;Тюмень;Yandex Ads
204972;Киселёв Тимур Викторовна;2023-12-29;Челябинск;Direct
204973;Никитин Иван Викторович;2024-07-01;Челябинск;Organic
204974;Жумабаев Артём Евгеньевна;2024-02-06;Пермь;Organic
204975;Галимов Милана Юрьевич;2023-02-25;Челябинск;Direct
204976;Кузьмин Станислав Викторовна;2024-03-09;Челябинск;Yandex Ads
204977;Жумабаев Глеб Владимировна;2023-05-16;Копейск;Telegram
204978;Сафонов Марат Евгеньевна;2024-06-06;Пермь;Yandex Ads
204979;Богданов Анастасия Михайлович;2024-04-21;Челябинск;Referral
204980;Ким Павел Алексеевна;2024-05-18;Оренбург;Referral
204981;Пак Анастасия Евгеньевна;2023-12-13;Челябинск;Organic
204982;Тарасов Ярослав Игоревна;2024-07-26;Челябинск;Organic
204983;Алиев Милана Николаевна;2023-06-10;Челябинск;VK Ads
204984;Цветков Марина Дмитриевна;2024-03-30;Сургут;Yandex Ads
204985;Лазарев Дмитрий Павловна;2023-05-13;Курган;Organic
204986;Ильин Милана Сергеевич;2024-05-19;Челябинск;Direct
204987;Ильин Эмиль Андреевич;2023-03-29;Магнитогорск;Yandex Ads
204988;Голубев Элина Юрьевна;2023-05-31;Челябинск;Telegram
204989;Никитин Тимур Николаевич;2023-10-07;Пермь;Direct
204990;Наумов Вера Андреевич;2024-02-24;Златоуст;Referral
204991;Абдуллаев Дарья Евгеньевич;2023-02-07;Москва;Referral
204992;Капустин Даниил Николаевна;2023-09-08;Миасс;Direct
204993;Валеев Елена Юрьевич;2024-07-09;Челябинск;Direct
204994;Ткаченко Софья Алексеевич;2023-09-02;Москва;Direct
204995;Нуриев Лейла Алексеевич;2024-01-02;Казань;Organic
204996;Беляев Константин Александровна;2024-03-10;Челябинск;Yandex Ads
204997;Новиков Виктор Андреевич;2024-06-27;Челябинск;Referral
204998;Нуриев Лейла Сергеевич;2023-12-27;Миасс;Yandex Ads
204999;Гасанов Амина Олеговна;2023-07-24;Тюмень;Organic
205000;Ким Арсен Романовна;2024-01-23;Курган;Organic
205001;Валеев Вероника Павловна;2023-02-01;Уфа;Direct
205002;Гасанов Михаил Владимировна;2023-09-09;Москва;Organic
205003;Соболев Евгений Николаевич;2023-11-09;Челябинск;Yandex Ads
205004;Галимов Вадим Иванович;2023-08-22;Челябинск;Direct
205005;Чернов Карина Евгеньевна;2024-08-15;Челябинск;Organic
205006;Сулейманов Фёдор Владимировна;2024-05-29;Екатеринбург;Direct
205007;Мельник Максим Юрьевна;2024-08-24;Санкт-Петербург;Referral
205008;Пономарёв Оксана Евгеньевич;2023-10-23;Челябинск;Direct
205009;Новиков Дарья Викторовна;2024-01-27;Уфа;Organic
205010;Баранов Надежда Ивановна;2023-02-11;Челябинск;Organic
205011;Гончаренко Константин Андреевич;2024-05-14;Челябинск;Organic
205012;Сафонов Виктория Юрьевич;2023-07-27;Пермь;Yandex Ads
205013;Нуржанов Наталья Сергеевна;2023-09-28;Миасс;Organic
205014;Куликов Лилия Антонович;2023-02-21;Копейск;Organic
205015;Нуржанов Айгуль Александрович;2024-05-13;Курган;VK Ads
205016;Попов Мария Дмитриевна;2023-06-20;Златоуст;Organic
205017;Белов Арсен Сергеевна;2023-06-09;Челябинск;Telegram
205018;Котов Олег Викторович;2023-06-02;Уфа;Direct
205019;Григорьев Наталья Юрьевна;2023-12-11;Челябинск;Telegram
205020;Касымов Виктория Романович;2024-08-08;Пермь;Yandex Ads
205021;Лебедев Илья Юрьевна;2023-04-15;Челябинск;Yandex Ads
205022;Алиев Юлия Андреевна;2023-05-26;Челябинск;Organic
205023;Абдуллаев Валерия Алексеевич;2023-11-13;Москва;Referral
205024;Шарипов Самвел Юрьевич;2023-12-30;Челябинск;VK Ads
205025;Сафин Марат Юрьевич;2023-04-16;Челябинск;Organic
205026;Баранов Ольга Александровна;2023-02-22;Уфа;Telegram
205027;Сорокин Самвел Алексеевна;2023-07-10;Оренбург;Organic
205028;Соболев Оксана Викторовна;2023-08-31;Челябинск;Direct
205029;Кадыров Денис Александрович;2023-07-10;Магнитогорск;Organic
205030;Саркисян Анастасия Павлович;2023-09-14;Пермь;Email
205031;Киселёв Константин Сергеевна;2024-01-05;Оренбург;Direct
205032;Хабибуллин Дарья Олегович;2023-02-09;Копейск;Direct
205033;Бекетов Сергей Олеговна;2024-01-21;Челябинск;Organic
205034;Нуриев Арсен Андреевна;2024-07-20;Самара;Yandex Ads
205035;Яковлев Тигран Владимирович;2023-03-04;Магнитогорск;Organic
205036;Смирнов Игорь Ивановна;2024-03-21;Миасс;Organic
205037;Воробьёв Ярослав Александрович;2023-05-16;Челябинск;Organic
205038;Цветков Маргарита Николаевна;2024-01-08;Магнитогорск;Yandex Ads
205039;Ковалёв Тигран Дмитриевна;2023-02-26;Челябинск;Referral
205040;Фёдоров Элина Алексеевна;2023-05-28;Златоуст;Organic
205041;Власов Кирилл Юрьевна;2024-07-01;Миасс;Organic
205042;Мкртчян Карина Олегович;2024-04-11;Челябинск;Organic
205043;Бекетов Аделина Юрьевна;2023-10-13;Челябинск;Direct
205044;Сафонов Тигран Игоревич;2023-07-24;Челябинск;Direct
205045;Новиков Антон Юрьевич;2023-01-27;Пермь;Direct
205046;Акопян Анастасия Сергеевна;2023-01-04;Челябинск;Direct
205047;Воробьёв Илья Евгеньевна;2023-05-01;Тюмень;Telegram
205048;Котов Ольга Сергеевич;2023-08-23;Курган;VK Ads
205049;Садыков Эмиль Павловна;2023-09-06;Челябинск;Organic
205050;Лазарев Маргарита Евгеньевич;2023-07-14;Миасс;Yandex Ads
205051;Наумов Лилия Александрович;2024-05-05;Миасс;Email
205052;Кадыров Тигран Викторович;2024-03-14;Миасс;Organic
205053;Ли Марат Евгеньевна;2023-08-29;Уфа;Direct
205054;Ким Ярослав Дмитриевич;2023-05-10;Уфа;Organic
205055;Жумабаев Эдуард Игоревич;2024-02-24;Пермь;Organic
205056;Королёв Вера Владимирович;2023-12-09;Магнитогорск;Yandex Ads
205057;Нуриев Валерий Алексеевна;2024-03-05;Екатеринбург;VK Ads
205058;Зайцев Максим Николаевна;2023-03-12;Курган;Organic
205059;Козлов Фёдор Иванович;2024-06-29;Магнитогорск;Direct
205060;Щербаков Ольга Антонович;2024-08-20;Санкт-Петербург;Referral
205061;Шевченко Евгения Игоревич;2023-02-04;Челябинск;Organic
205062;Матвеев Евгений Дмитриевна;2023-02-01;Челябинск;Organic
205063;Тулеев Никита Сергеевна;2023-10-08;Челябинск;Yandex Ads
205064;Андреев Алина Владимировна;2024-04-02;Пермь;Organic
205065;Михайлов Наталья Евгеньевич;2023-12-09;Тюмень;Yandex Ads
205066;Борисов Михаил Александрович;2023-03-11;Челябинск;Direct
205067;Беляев Юрий Дмитриевич;2023-05-12;Челябинск;Yandex Ads
205068;Жуков Борис Антонович;2024-05-10;Магнитогорск;Yandex Ads
205069;Наумов Дмитрий Андреевич;2023-03-08;Пермь;VK Ads
205070;Абдуллаев Лейла Владимирович;2024-08-17;Москва;Organic
205071;Щербаков Евгений Иванович;2024-04-14;Челябинск;Organic
205072;Хасанов Ярослав Алексеевна;2023-12-28;Уфа;Direct
205073;Герасимов Диана Павлович;2023-12-11;Челябинск;Direct
205074;Никитин Глеб Михайловна;2024-02-22;Екатеринбург;Yandex Ads
205075;Маслов Алина Иванович;2023-10-16;Копейск;VK Ads
205076;Тарасенко Екатерина Владимировна;2023-10-13;Челябинск;Yandex Ads
205077;Белов Динара Антонович;2023-03-11;Тюмень;Direct
205078;Белов Вера Михайловна;2024-05-26;Челябинск;VK Ads
205079;Нуриев Дмитрий Юрьевна;2024-06-25;Копейск;VK Ads
205080;Медведев Гузель Юрьевич;2023-05-04;Екатеринбург;Yandex Ads
205081;Степанов Николай Александровна;2024-04-04;Уфа;Organic
205082;Фомин Алексей Алексеевна;2023-09-05;Челябинск;Yandex Ads
205083;Баранов Дмитрий Павлович;2023-03-07;Копейск;Organic
205084;Лебедев Айгуль Павловна;2023-01-19;Челябинск;Yandex Ads
205085;Баранов Артур Николаевна;2024-04-26;Ижевск;Direct
205086;Савченко Юрий Владимировна;2023-07-13;Уфа;Telegram
205087;Миронов Фёдор Викторовна;2023-01-08;Пермь;Referral
205088;Алексеев Юрий Викторовна;2024-02-12;Челябинск;Direct
205089;Сулейманов Динара Олеговна;2023-09-23;Челябинск;Organic
205090;Котов Эдуард Алексеевна;2024-03-03;Уфа;Organic
205091;Сорокин Николай Ивановна;2023-11-09;Уфа;Direct
205092;Сулейманов Амина Андреевич;2023-05-20;Челябинск;Organic
205093;Гусев Полина Романовна;2024-07-07;Екатеринбург;Email
205094;Новиков Юрий Олегович;2023-06-11;Миасс;Referral
205095;Шарипов Элина Олегович;2024-05-17;Челябинск;VK Ads
205096;Воробьёв Диана Александрович;2023-02-03;Челябинск;Direct
205097;Максимов Виктор Дмитриевна;2023-07-30;Курган;Yandex Ads
205098;Щербаков Светлана Викторович;2023-09-22;Челябинск;VK Ads
205099;Пономарёв Карина Антонович;2024-05-18;Челябинск;Organic
205100;Савченко Борис Евгеньевич;2024-03-30;Челябинск;Organic
205101;Белов Ярослав Романович;2024-05-26;Челябинск;Yandex Ads
205102;Морозов Анастасия Николаевич;2023-06-13;Челябинск;Organic
205103;Семёнов Надежда Антонович;2024-06-21;Челябинск;Organic
205104;Яковлев Татьяна Павловна;2023-05-30;Екатеринбург;Direct
205105;Кудрявцев Карина Владимировна;2023-05-22;Пермь;Organic
205106;Волков Игорь Дмитриевна;2023-10-15;Челябинск;Organic
205107;Ким Игорь Дмитриевич;2023-12-16;Москва;Yandex Ads
205108;Кадыров Сергей Михайлович;2023-07-08;Магнитогорск;Direct
205109;Григорян Фёдор Андреевич;2023-03-29;Челябинск;Direct
205110;Орлов Кристина Алексеевна;2023-03-02;Сургут;VK Ads
205111;Тулеев Вадим Сергеевна;2023-05-02;Челябинск;Organic
205112;Богданов Денис Михайлович;2023-03-08;Челябинск;Referral
205113;Тулеев Виктор Николаевна;2024-07-15;Москва;Organic
205114;Сафонов Денис Евгеньевич;2023-02-02;Магнитогорск;Direct
205115;Капустин Иван Романович;2024-05-03;Новосибирск;Referral
205116;Лазарев Глеб Алексеевна;2024-08-17;Челябинск;Direct
205117;Комаров Константин Михайлович;2024-06-11;Челябинск;Yandex Ads
205118;Комаров Лейла Евгеньевич;2023-06-29;Челябинск;Yandex Ads
205119;Ильин Лилия Викторовна;2023-01-17;Миасс;Yandex Ads
205120;Тарасенко Евгения Александровна;2024-04-18;Челябинск;Yandex Ads
205121;Цветков Самвел Иванович;2023-08-08;Москва;Telegram
205122;Беляев Станислав Андреевич;2023-09-15;Казань;VK Ads
205123;Козлов Кирилл Олеговна;2023-11-13;Челябинск;VK Ads
205124;Титов Ксения Сергеевич;2023-06-17;Уфа;Organic
205125;Королёв Георгий Сергеевна;2024-06-03;Златоуст;Organic
205126;Сорокин Зарина Сергеевич;2023-03-21;Ижевск;Organic
205127;Поляков Аделина Алексеевич;2023-11-19;Ижевск;Direct
205128;Абрамян Юлия Евгеньевна;2024-08-17;Челябинск;Referral
205129;Бойко Виктор Евгеньевич;2023-08-01;Казань;Yandex Ads
205130;Акопян Лейла Дмитриевич;2024-02-27;Челябинск;Email
205131;Соколов Ольга Дмитриевна;2023-08-04;Москва;Telegram
205132;Титов Вероника Евгеньевна;2024-07-26;Тюмень;Referral
205133;Быков Антон Михайлович;2023-03-22;Казань;Direct
205134;Иванов Глеб Михайлович;2024-04-09;Миасс;Direct
205135;Ткаченко Кристина Олеговна;2023-09-22;Челябинск;Direct
205136;Баранов Вера Романовна;2023-07-13;Нижневартовск;Direct
205137;Кузьмин Лейла Игоревич;2024-02-15;Копейск;Direct
205138;Сулейманов Павел Алексеевич;2023-12-22;Челябинск;Referral
205139;Козлов Ирина Ивановна;2024-06-19;Екатеринбург;Referral
205140;Сафин Юлия Андреевич;2024-03-11;Челябинск;Email
205141;Воробьёв Светлана Олеговна;2023-11-14;Курган;Organic
205142;Борисов Олег Михайловна;2023-07-01;Екатеринбург;Direct
205143;Акопян Олег Викторовна;2023-05-27;Тюмень;Organic
205144;Пономарёв Денис Владимирович;2023-10-16;Пермь;Yandex Ads
205145;Иванов Наталья Николаевич;2023-05-29;Магнитогорск;Direct
205146;Кузьмин Елена Михайловна;2024-01-01;Миасс;Yandex Ads
205147;Ильин Андрей Романович;2024-07-02;Копейск;Direct
205148;Гусев Станислав Владимировна;2024-08-22;Копейск;Organic
205149;Фомин Ольга Романовна;2023-10-06;Челябинск;Telegram
205150;Миронов Дарья Александрович;2024-05-19;Магнитогорск;VK Ads
205151;Жумабаев Никита Олеговна;2024-03-08;Уфа;Organic
205152;Титов Ксения Антонович;2023-08-22;Челябинск;VK Ads
205153;Никитин Маргарита Александровна;2023-04-27;Курган;Organic
205154;Ким Антон Александрович;2023-09-12;Магнитогорск;Telegram
205155;Акопян Валерий Владимировна;2023-01-22;Челябинск;Yandex Ads
205156;Матвеев Эдуард Игоревна;2024-02-06;Ижевск;Direct
205157;Макаров Михаил Алексеевич;2024-06-20;Новосибирск;VK Ads
205158;Кондратьев Эдуард Алексеевна;2023-07-12;Челябинск;Direct
205159;Пономарёв Георгий Владимирович;2023-11-22;Магнитогорск;VK Ads
205160;Алиев Виктория Александрович;2024-03-20;Екатеринбург;Yandex Ads
205161;Котов Эмиль Евгеньевна;2023-04-06;Челябинск;Yandex Ads
205162;Мкртчян Кристина Игоревна;2024-08-28;Копейск;Yandex Ads
205163;Мельник Александр Дмитриевна;2023-03-20;Миасс;Direct
205164;Нуржанов Борис Алексеевич;2023-10-17;Миасс;Organic
205165;Петросян Олег Игоревич;2023-10-17;Копейск;VK Ads
205166;Поляков Оксана Павлович;2023-03-25;Казань;Direct
205167;Фёдоров Светлана Сергеевна;2024-03-18;Миасс;Direct
205168;Мухаметшин Станислав Михайловна;2024-03-22;Челябинск;Yandex Ads
205169;Каримов Валерия Викторовна;2024-03-21;Челябинск;Direct
205170;Акопян Артур Олегович;2023-05-19;Челябинск;Referral
205171;Тарасов Зарина Дмитриевна;2024-06-03;Челябинск;Direct
205172;Мельник Юрий Олегович;2023-02-01;Пермь;VK Ads
205173;Ахметов Иван Юрьевич;2023-05-22;Златоуст;VK Ads
205174;Гасанов Валерия Николаевич;2024-03-20;Челябинск;Organic
205175;Михайлов Артём Дмитриевна;2023-04-04;Челябинск;Yandex Ads
205176;Валеев Полина Викторович;2023-10-28;Челябинск;Direct
205177;Мартиросян Станислав Владимирович;2023-01-29;Челябинск;Organic
205178;Сергеев Марат Андреевна;2024-04-14;Ижевск;VK Ads
205179;Шевченко Лейла Юрьевич;2024-07-06;Магнитогорск;Organic
205180;Ковалёв Дарья Олеговна;2023-01-08;Челябинск;Telegram
205181;Киселёв Артём Михайловна;2023-07-08;Екатеринбург;Yandex Ads
205182;Жуков Милана Михайлович;2024-05-13;Копейск;Organic
205183;Саркисян Александр Антонович;2024-04-05;Челябинск;Organic
205184;Омаров Андрей Дмитриевич;2023-06-10;Екатеринбург;Direct
205185;Логинов Полина Евгеньевич;2023-03-19;Челябинск;Organic
205186;Морозов Кирилл Сергеевич;2024-06-30;Челябинск;Organic
205187;Михайлов Павел Романович;2023-10-21;Челябинск;Telegram
205188;Абрамян Элина Дмитриевич;2024-03-11;Копейск;VK Ads
205189;Поляков Ксения Николаевна;2024-08-13;Миасс;VK Ads
205190;Гончаренко Надежда Антонович;2023-02-15;Миасс;Yandex Ads
205191;Иванов Тимур Юрьевич;2023-05-25;Москва;VK Ads
205192;Яковлев Олег Николаевич;2024-01-26;Самара;Direct
205193;Григорян Сергей Антонович;2023-08-18;Уфа;VK Ads
205194;Егоров Аделина Антонович;2024-08-08;Екатеринбург;Direct
205195;Наумов Даниил Сергеевич;2023-01-24;Тюмень;Telegram
205196;Мартиросян Анна Александрович;2024-03-06;Челябинск;VK Ads
205197;Голубев Алёна Юрьевич;2023-04-22;Миасс;Email
205198;Мельник Полина Викторович;2023-03-25;Магнитогорск;Yandex Ads
205199;Ершов Оксана Михайлович;2024-02-19;Златоуст;Yandex Ads
205200;Фёдоров Игорь Алексеевич;2024-06-12;Челябинск;Yandex Ads
205201;Зайцев Юрий Михайловна;2023-04-14;Тюмень;Yandex Ads
205202;Яковлев Дарья Игоревна;2023-03-28;Пермь;Organic
205203;Гасанов Анастасия Николаевна;2023-11-07;Миасс;Organic
205204;Мухаметшин Владимир Викторович;2023-10-25;Москва;Email
205205;Михайлов Константин Дмитриевна;2024-07-28;Челябинск;Yandex Ads
205206;Герасимов Айгуль Дмитриевич;2024-07-19;Челябинск;Direct
205207;Лазарев Виктор Иванович;2024-08-25;Челябинск;Organic
205208;Жуков Тимур Сергеевич;2023-05-25;Казань;Organic
205209;Киселёв Виктория Олегович;2024-08-04;Екатеринбург;Direct
205210;Титов Фёдор Олеговна;2023-02-07;Златоуст;Yandex Ads
205211;Касымов Карина Сергеевич;2024-07-05;Челябинск;Organic
205212;Ахметов Екатерина Павлович;2024-05-16;Копейск;Telegram
205213;Маслов Никита Михайловна;2023-09-11;Магнитогорск;Organic
205214;Садыков Тигран Александровна;2023-01-06;Сургут;Organic
205215;Захаров Юлия Михайлович;2024-05-25;Челябинск;Organic
205216;Попов Динара Ивановна;2024-07-01;Челябинск;Direct
205217;Герасимов Яна Андреевна;2023-11-04;Златоуст;Referral
205218;Ли Георгий Александровна;2023-03-13;Миасс;Yandex Ads
205219;Медведев Екатерина Александрович;2024-05-18;Златоуст;Email
205220;Данилов Элина Павловна;2024-05-07;Тюмень;Organic
205221;Сергеев Марат Дмитриевич;2023-05-03;Москва;Yandex Ads
205222;Валеев Милана Алексеевна;2024-08-20;Копейск;Telegram
205223;Смирнов Юлия Дмитриевич;2024-01-30;Казань;Direct
205224;Гасанов Вероника Игоревна;2023-06-23;Челябинск;Organic
205225;Оганесян Даниил Юрьевна;2024-05-14;Челябинск;VK Ads
205226;Гасанов Татьяна Олеговна;2023-12-28;Екатеринбург;VK Ads
205227;Комаров Николай Олеговна;2024-02-22;Магнитогорск;Direct
205228;Галимов Даниил Викторовна;2023-07-30;Златоуст;Organic
205229;Соколов Юлия Михайлович;2023-08-24;Копейск;Telegram
205230;Тарасов Даниил Алексеевна;2023-06-20;Ижевск;Yandex Ads
205231;Абдуллаев Диана Юрьевич;2024-04-27;Челябинск;Direct
205232;Рябов Софья Павловна;2023-07-17;Магнитогорск;Organic
205233;Кузьмин Эдуард Алексеевна;2023-05-09;Челябинск;Organic
205234;Семёнов Иван Викторович;2023-11-10;Нижневартовск;Organic
205235;Рахимов Арсен Игоревич;2023-07-27;Тюмень;VK Ads
205236;Аветисян Ольга Викторович;2023-11-14;Миасс;Yandex Ads
205237;Быков Кристина Олеговна;2024-07-17;Челябинск;Organic
205238;Котов Станислав Антонович;2023-09-27;Челябинск;Organic
205239;Кузьмин Светлана Михайлович;2024-04-26;Тюмень;Organic
205240;Нуржанов Амина Антонович;2024-03-26;Самара;Yandex Ads
205241;Акопян Ярослав Романович;2023-05-11;Челябинск;Yandex Ads
205242;Фролов Анна Романович;2024-07-22;Самара;VK Ads
205243;Саркисян Мария Александровна;2023-01-14;Москва;Yandex Ads
205244;Кравченко Глеб Викторович;2023-04-07;Сургут;Yandex Ads
205245;Павлов Мария Дмитриевич;2023-04-27;Пермь;Organic
205246;Максимов Карен Сергеевич;2023-04-27;Курган;VK Ads
205247;Сафин Антон Павловна;2024-01-18;Миасс;Yandex Ads
205248;Лазарев Валерия Павлович;2024-03-29;Пермь;Yandex Ads
205249;Шевченко Игорь Романовна;2024-01-23;Тюмень;Organic
205250;Сорокин Виктория Сергеевна;2023-01-04;Уфа;Organic
205251;Наумов Александр Михайловна;2024-07-16;Уфа;Direct
205252;Нуриев Юлия Олегович;2023-07-04;Пермь;VK Ads
205253;Виноградов Оксана Иванович;2024-03-05;Казань;VK Ads
205254;Саркисян Михаил Александровна;2023-09-18;Златоуст;Direct
205255;Макаров Антон Павлович;2024-05-28;Миасс;Direct
205256;Борисов Даниил Андреевич;2024-05-31;Челябинск;Yandex Ads
205257;Васильев Динара Дмитриевич;2023-09-01;Челябинск;Yandex Ads
205258;Капустин Амина Михайловна;2023-04-06;Казань;Organic
205259;Матвеев Ирина Олегович;2024-07-28;Челябинск;Direct
205260;Афанасьев Амина Евгеньевна;2023-08-23;Курган;Organic
205261;Соболев Евгений Сергеевич;2023-04-22;Челябинск;Yandex Ads
205262;Цветков Полина Романовна;2023-08-08;Златоуст;Organic
205263;Воробьёв Никита Игоревна;2023-12-23;Екатеринбург;Organic
205264;Гусев Никита Михайловна;2023-02-05;Магнитогорск;Direct
205265;Сулейманов Дарья Юрьевна;2024-04-13;Тюмень;Yandex Ads
205266;Юсупов Валерий Евгеньевич;2024-03-29;Уфа;VK Ads
205267;Захаров Кирилл Юрьевич;2023-03-08;Златоуст;Yandex Ads
205268;Наумов Ольга Дмитриевич;2023-09-23;Курган;Direct
205269;Валеев Денис Алексеевна;2023-07-01;Челябинск;Referral
205270;Иванов Оксана Сергеевич;2023-09-12;Москва;Organic
205271;Садыков Олег Викторовна;2023-08-29;Копейск;Organic
205272;Ткаченко Вадим Владимировна;2024-02-10;Челябинск;Yandex Ads
205273;Макаров Анастасия Сергеевич;2024-06-25;Магнитогорск;Direct
205274;Кондратьев Маргарита Сергеевна;2024-06-20;Челябинск;VK Ads
205275;Рябов Руслан Андреевич;2024-07-01;Курган;Organic
205276;Садыков Олег Дмитриевна;2024-04-13;Челябинск;Telegram
205277;Саркисян Алёна Викторович;2023-05-02;Уфа;Organic
205278;Бондаренко Лейла Алексеевна;2024-04-07;Челябинск;Direct
205279;Сорокин Евгения Романович;2023-01-29;Челябинск;VK Ads
205280;Чернов Эдуард Алексеевич;2023-01-04;Магнитогорск;Organic
205281;Котов Роман Игоревич;2024-04-22;Миасс;VK Ads
205282;Васильев Вера Викторовна;2023-07-17;Магнитогорск;Referral
205283;Цветков Алёна Николаевна;2023-03-25;Санкт-Петербург;Direct
205284;Галимов Татьяна Игоревна;2023-07-21;Екатеринбург;VK Ads
205285;Тулеев Элина Олегович;2023-02-12;Санкт-Петербург;VK Ads
205286;Хасанов Олег Иванович;2023-11-07;Ижевск;Direct
205287;Киселёв Алексей Алексеевич;2024-08-05;Миасс;Organic
205288;Сеитов Никита Сергеевич;2024-08-16;Копейск;Organic
205289;Касымов Вероника Евгеньевна;2024-03-04;Челябинск;Direct
205290;Омаров Валерия Сергеевич;2024-02-07;Златоуст;Email
205291;Тен Денис Михайловна;2023-10-02;Екатеринбург;Direct
205292;Алексеев Елена Олегович;2024-04-27;Уфа;Yandex Ads
205293;Шарипов Виктория Романовна;2023-01-22;Челябинск;Organic
205294;Мельник Вадим Антонович;2023-05-10;Ижевск;VK Ads
205295;Цой Андрей Юрьевна;2024-04-03;Екатеринбург;Direct
205296;Алексеев Виктор Игоревич;2023-03-16;Челябинск;Yandex Ads
205297;Юн Оксана Иванович;2023-08-21;Миасс;Organic
205298;Афанасьев Лейла Антонович;2024-01-13;Тюмень;Direct
205299;Беляев Маргарита Сергеевна;2024-05-30;Ижевск;VK Ads
205300;Мартиросян Андрей Павловна;2024-06-24;Магнитогорск;Organic
205301;Нуриев Владимир Юрьевич;2024-07-16;Челябинск;Telegram
205302;Галимов Алексей Дмитриевна;2024-06-04;Оренбург;VK Ads
205303;Фёдоров Арсен Павловна;2023-06-16;Челябинск;Direct
205304;Иванов Тигран Игоревич;2024-06-16;Сургут;Organic
205305;Поляков Карина Игоревна;2023-07-09;Миасс;Yandex Ads
205306;Наумов Вера Александровна;2023-02-27;Уфа;Organic
205307;Максимов Георгий Евгеньевна;2024-01-28;Магнитогорск;Email
205308;Ахметжанов Даниил Николаевич;2023-11-09;Москва;Telegram
205309;Ахметжанов Тигран Михайловна;2023-12-24;Миасс;Email
205310;Жуков Артур Юрьевич;2023-11-22;Челябинск;Referral
205311;Попов Лейла Дмитриевна;2023-07-29;Нижневартовск;VK Ads
205312;Степанов Ирина Андреевич;2024-08-17;Копейск;Organic
205313;Рябов Никита Юрьевич;2024-02-09;Магнитогорск;Email
205314;Лазарев Борис Михайлович;2024-06-22;Челябинск;Organic
205315;Нуржанов Артём Ивановна;2024-08-01;Челябинск;VK Ads
205316;Миронов Наталья Владимировна;2024-07-31;Челябинск;Telegram
205317;Соболев Эмиль Дмитриевна;2023-08-07;Санкт-Петербург;Direct
205318;Юсупов Марат Михайловна;2023-10-21;Златоуст;Direct
205319;Соколов Дарья Юрьевна;2023-12-05;Тюмень;Yandex Ads
205320;Нуржанов Гузель Алексеевна;2023-10-13;Челябинск;Direct
205321;Саркисян Артём Антонович;2024-07-18;Челябинск;Organic
205322;Яковлев Егор Андреевна;2024-08-26;Курган;Direct
205323;Касымов Эмиль Андреевич;2023-09-01;Курган;Organic
205324;Цой Ирина Михайловна;2024-02-21;Екатеринбург;Direct
205325;Сорокин Милана Михайлович;2023-11-14;Тюмень;Yandex Ads
205326;Пономарёв Карина Павловна;2024-05-24;Миасс;Referral
205327;Котов Аделина Андреевич;2024-01-08;Пермь;VK Ads
205328;Савченко Дмитрий Михайлович;2024-04-16;Челябинск;Direct
205329;Мельник Егор Николаевна;2023-10-05;Магнитогорск;Yandex Ads
205330;Сулейманов Элина Андреевич;2023-03-21;Челябинск;Organic
205331;Орлов Марат Владимирович;2023-12-06;Челябинск;Email
205332;Валеев Иван Андреевна;2023-08-26;Казань;Referral
205333;Аветисян Анастасия Сергеевич;2023-10-19;Уфа;Yandex Ads
205334;Касымов Кирилл Павлович;2023-06-07;Челябинск;Yandex Ads
205335;Филатов Ксения Сергеевна;2023-04-29;Челябинск;Organic
205336;Алиев Яна Михайловна;2023-08-09;Златоуст;Yandex Ads
205337;Киселёв Милана Сергеевна;2024-01-04;Златоуст;Direct
205338;Алиев Кристина Игоревич;2023-08-02;Копейск;Organic
205339;Кравченко Тигран Николаевна;2023-04-07;Челябинск;Yandex Ads
205340;Лебедев Анна Ивановна;2023-04-13;Копейск;Direct
205341;Бойко Надежда Сергеевич;2024-08-08;Пермь;Direct
205342;Сафонов Ольга Игоревич;2023-01-27;Курган;VK Ads
205343;Власов Кристина Викторович;2023-03-13;Миасс;Yandex Ads
205344;Богданов Александр Викторовна;2024-01-13;Челябинск;Yandex Ads
205345;Тулеев Георгий Алексеевна;2023-07-12;Уфа;Direct
205346;Морозов Вероника Романович;2023-07-30;Уфа;Referral
205347;Афанасьев Милана Павлович;2024-06-21;Самара;Yandex Ads
205348;Тарасов Глеб Сергеевич;2023-11-19;Курган;VK Ads
205349;Кудрявцев Айгуль Дмитриевна;2023-07-29;Челябинск;Yandex Ads
205350;Павлов Наталья Николаевич;2024-03-24;Миасс;Email
205351;Попов Маргарита Олеговна;2023-03-08;Челябинск;Yandex Ads
205352;Тен Денис Викторовна;2023-09-03;Миасс;Email
205353;Мкртчян Артур Алексеевна;2024-04-12;Екатеринбург;VK Ads
205354;Лазарев Юлия Ивановна;2023-12-18;Копейск;Organic
205355;Тарасенко Валерий Андреевич;2024-06-18;Екатеринбург;Organic
205356;Гончаренко Александр Евгеньевна;2023-06-18;Уфа;Referral
205357;Оганесян Екатерина Михайловна;2024-06-27;Уфа;Organic
205358;Соколов Елена Евгеньевна;2023-05-29;Копейск;Organic
205359;Чернов Сергей Евгеньевич;2024-05-26;Екатеринбург;VK Ads
205360;Наумов Станислав Николаевич;2024-08-21;Магнитогорск;Direct
205361;Михайлов Лилия Олеговна;2023-08-09;Екатеринбург;Organic
205362;Григорьев Евгения Владимировна;2023-12-20;Миасс;Direct
205363;Гусев Елена Иванович;2023-07-25;Магнитогорск;Direct
205364;Мельник Марина Евгеньевна;2023-01-05;Казань;Organic
205365;Сафин Вера Евгеньевич;2024-05-09;Курган;Yandex Ads
205366;Кузьмин Денис Викторовна;2024-08-09;Екатеринбург;VK Ads
205367;Орлов Елена Викторович;2023-12-19;Уфа;Referral
205368;Хасанов Михаил Игоревна;2024-08-01;Курган;Organic
205369;Гончаренко Сергей Михайлович;2023-06-19;Сургут;Organic
205370;Кузьмин Амина Владимировна;2023-01-11;Нижневартовск;Email
205371;Баранов Диана Андреевич;2023-02-23;Челябинск;Referral
205372;Савченко Валерия Алексеевна;2023-08-23;Самара;Organic
205373;Тен Диана Иванович;2023-04-10;Челябинск;VK Ads
205374;Шин Лилия Павлович;2024-06-06;Курган;Organic
205375;Ковалёв Фёдор Михайловна;2023-06-22;Екатеринбург;Yandex Ads
205376;Щербаков Лилия Викторович;2023-12-19;Челябинск;VK Ads
205377;Тен Андрей Владимировна;2023-03-20;Челябинск;Referral
205378;Логинов Валерия Владимирович;2023-04-30;Магнитогорск;Yandex Ads
205379;Тен Элина Олегович;2024-05-15;Миасс;VK Ads
205380;Попов Самвел Павлович;2023-06-08;Тюмень;Direct
205381;Тарасенко Дарья Евгеньевич;2023-08-08;Челябинск;Yandex Ads
205382;Быков Артём Владимировна;2023-01-14;Сургут;Direct
205383;Маслов Игорь Юрьевна;2023-10-27;Челябинск;Direct
205384;Михайлов Наталья Владимирович;2023-04-15;Самара;Yandex Ads
205385;Голубев Владимир Юрьевна;2023-07-18;Москва;Direct
205386;Арутюнян Георгий Николаевич;2023-12-13;Челябинск;Yandex Ads
205387;Юсупов Ярослав Олегович;2024-07-18;Челябинск;Organic
205388;Васильев Мария Евгеньевна;2023-05-30;Миасс;Direct
205389;Капустин Зарина Олегович;2023-06-04;Копейск;Referral
205390;Пак Илья Михайловна;2024-03-27;Миасс;Direct
205391;Кравченко Илья Романовна;2023-06-30;Екатеринбург;VK Ads
205392;Тулеев Надежда Юрьевна;2023-09-08;Челябинск;Yandex Ads
205393;Борисов Екатерина Андреевна;2024-06-27;Копейск;Direct
205394;Капустин Кирилл Юрьевна;2023-12-04;Челябинск;VK Ads
205395;Омаров Сергей Игоревна;2024-05-14;Миасс;Yandex Ads
205396;Морозов Сергей Антонович;2024-06-20;Екатеринбург;Organic
205397;Омаров Эдуард Алексеевич;2024-06-02;Ижевск;Direct
205398;Цветков Артём Игоревич;2023-10-15;Челябинск;Direct
205399;Тен Екатерина Алексеевна;2023-12-24;Челябинск;Telegram
205400;Касымов Юрий Игоревич;2023-10-06;Миасс;Organic
205401;Чернов Анна Евгеньевна;2023-04-19;Златоуст;Organic
205402;Захаров Георгий Владимирович;2023-10-02;Челябинск;Referral
205403;Ахметов Айгуль Алексеевна;2023-06-06;Златоуст;Organic
205404;Тулеев Ольга Романович;2024-07-26;Челябинск;Direct
205405;Мамедов Руслан Дмитриевна;2024-07-11;Сургут;Direct
205406;Баранов Карина Александровна;2023-06-06;Челябинск;Direct
205407;Петросян Айгуль Игоревна;2023-03-10;Челябинск;Organic
205408;Жумабаев Артём Михайлович;2023-09-29;Курган;Direct
205409;Бондаренко Виктор Андреевна;2024-06-06;Челябинск;Organic
205410;Валеев Алексей Александровна;2023-02-24;Нижневартовск;Yandex Ads
205411;Быков Станислав Павлович;2023-01-28;Самара;VK Ads
205412;Шевченко Динара Олеговна;2024-03-08;Пермь;Direct
205413;Афанасьев Кристина Игоревич;2023-03-12;Челябинск;Organic
205414;Алиев Виктор Викторовна;2023-08-11;Уфа;Yandex Ads
205415;Васильев Ярослав Сергеевич;2023-04-09;Миасс;Organic
205416;Наумов Юрий Дмитриевна;2023-07-06;Екатеринбург;Yandex Ads
205417;Оганесян Юрий Михайлович;2024-02-24;Сургут;Yandex Ads
205418;Юсупов Аделина Алексеевна;2023-05-12;Магнитогорск;Yandex Ads
205419;Шин Аделина Дмитриевна;2024-08-23;Челябинск;Direct
205420;Ахметжанов Станислав Евгеньевна;2023-10-15;Челябинск;Organic
205421;Матвеев Роман Евгеньевна;2023-07-03;Миасс;Organic
205422;Фомин Артур Павлович;2023-08-30;Москва;Telegram
205423;Кудрявцев Мария Николаевич;2023-05-31;Челябинск;Direct
205424;Омаров Ксения Евгеньевич;2023-11-01;Екатеринбург;VK Ads
205425;Куликов Марат Игоревна;2024-07-27;Челябинск;Direct
205426;Мухаметшин Карина Андреевна;2023-04-15;Копейск;Telegram
205427;Кондратьев Даниил Игоревна;2023-05-17;Пермь;Telegram
205428;Аветисян Алина Алексеевна;2024-07-12;Москва;Direct
205429;Григорьев Сергей Дмитриевич;2024-01-09;Челябинск;Yandex Ads
205430;Алексеев Екатерина Викторовна;2024-03-21;Москва;Organic
205431;Алексеев Артём Михайловна;2024-07-17;Челябинск;Referral
205432;Степанов Максим Владимировна;2023-12-10;Магнитогорск;Organic
205433;Шарипов Светлана Александровна;2023-12-03;Челябинск;Telegram
205434;Садыков Лилия Алексеевич;2024-03-11;Пермь;Organic
205435;Алексеев Игорь Викторович;2023-09-28;Челябинск;VK Ads
205436;Ильин Аделина Романовна;2023-04-30;Челябинск;Organic
205437;Хасанов Фёдор Александровна;2024-04-13;Миасс;Email
205438;Мартиросян Софья Игоревич;2023-07-04;Челябинск;Direct
205439;Кузнецов Георгий Евгеньевич;2023-10-24;Сургут;Yandex Ads
205440;Матвеев Олег Владимировна;2023-10-02;Курган;VK Ads
205441;Королёв Гузель Николаевна;2024-07-12;Челябинск;Direct
205442;Сафин Даниил Олеговна;2024-04-03;Уфа;Organic
205443;Мартиросян Ирина Сергеевич;2023-05-30;Магнитогорск;Yandex Ads
205444;Касымов Алексей Владимирович;2024-04-13;Челябинск;Email
205445;Чернов Яна Александрович;2023-09-02;Челябинск;Organic
205446;Гарипов Софья Антонович;2023-03-03;Уфа;Direct
205447;Алиев Дарья Олегович;2023-12-20;Копейск;Direct
205448;Ахметов Кирилл Ивановна;2023-07-30;Челябинск;Direct
205449;Васильев Александр Владимировна;2024-07-01;Челябинск;Direct
205450;Жуков Элина Дмитриевна;2024-07-16;Уфа;Organic
205451;Зайцев Виктор Викторовна;2023-01-28;Пермь;Direct
205452;Фомин Глеб Дмитриевна;2023-02-12;Златоуст;Yandex Ads
205453;Сеитов Борис Сергеевна;2024-02-24;Самара;Organic
205454;Кондратьев Ксения Дмитриевич;2024-01-16;Копейск;Organic
205455;Жуков Яна Алексеевна;2023-12-18;Магнитогорск;Email
205456;Михайлов Роман Иванович;2024-06-04;Челябинск;Organic
205457;Иванов Екатерина Юрьевна;2023-10-20;Копейск;Direct
205458;Тарасов Игорь Алексеевич;2023-05-26;Москва;Organic
205459;Нуржанов Татьяна Викторовна;2023-08-02;Челябинск;Direct
205460;Григорьев Ярослав Дмитриевич;2024-02-27;Челябинск;Direct
205461;Смирнов Маргарита Евгеньевна;2023-09-22;Челябинск;Direct
205462;Нуриев Илья Павловна;2023-10-11;Челябинск;Organic
205463;Коваленко Ирина Иванович;2023-04-11;Ижевск;Direct
205464;Цветков Михаил Евгеньевич;2024-04-29;Челябинск;Organic
205465;Цветков Артём Андреевич;2023-11-10;Уфа;VK Ads
205466;Лазарев Павел Александровна;2023-05-08;Уфа;Organic
205467;Мельник Юрий Михайловна;2023-07-11;Пермь;Telegram
205468;Семёнов Амина Романовна;2024-06-24;Челябинск;Yandex Ads
205469;Мирзоян Алина Юрьевич;2024-01-20;Миасс;Organic
205470;Логинов Денис Иванович;2023-07-30;Златоуст;Organic
205471;Бекетов Евгения Юрьевна;2024-04-17;Оренбург;Organic
205472;Саркисян Евгения Сергеевич;2023-02-27;Казань;Direct
205473;Волков Мария Олеговна;2023-10-28;Челябинск;Direct
205474;Герасимов Егор Михайлович;2024-07-08;Челябинск;Yandex Ads
205475;Гусев Николай Владимирович;2024-04-26;Миасс;Organic
205476;Кравченко Тигран Алексеевна;2023-01-11;Челябинск;Organic
205477;Хасанов Динара Ивановна;2023-08-01;Копейск;VK Ads
205478;Ким Илья Владимировна;2024-02-01;Челябинск;Yandex Ads
205479;Садыков Юрий Николаевна;2024-02-10;Казань;Telegram
205480;Оганесян Аделина Евгеньевна;2024-07-26;Магнитогорск;Referral
205481;Касымов Марат Романовна;2023-04-29;Магнитогорск;Organic
205482;Соколов Дмитрий Алексеевич;2023-12-04;Пермь;VK Ads
205483;Мухаметшин Елена Сергеевна;2023-03-31;Екатеринбург;Yandex Ads
205484;Омаров Арсен Николаевна;2023-05-11;Челябинск;Organic
205485;Мухаметшин Элина Олеговна;2023-07-02;Уфа;VK Ads
205486;Логинов Кристина Владимировна;2023-04-25;Копейск;Direct
205487;Ахметжанов Константин Евгеньевич;2023-06-14;Магнитогорск;Direct
205488;Оганесян Самвел Андреевна;2024-03-14;Челябинск;Organic
205489;Фролов Олег Дмитриевич;2023-05-18;Казань;Organic
205490;Аветисян Максим Романович;2024-05-21;Челябинск;Direct
205491;Алиев Маргарита Николаевич;2024-07-26;Екатеринбург;Yandex Ads
205492;Фёдоров Надежда Владимирович;2023-07-01;Магнитогорск;Email
205493;Ковалёв Гузель Антонович;2023-05-02;Магнитогорск;Organic
205494;Коваленко Евгения Михайлович;2023-08-24;Челябинск;Organic
205495;Гончаренко Руслан Андреевич;2024-03-22;Челябинск;Yandex Ads
205496;Хабибуллин Тимур Олегович;2023-04-17;Пермь;Organic
205497;Акопян Илья Юрьевна;2023-02-18;Копейск;Yandex Ads
205498;Кузьмин Егор Алексеевич;2023-06-02;Копейск;Organic
205499;Наумов Наталья Олегович;2023-08-11;Челябинск;Direct
205500;Гарипов Яна Романовна;2023-10-06;Пермь;Yandex Ads
205501;Михайлов Гузель Романовна;2023-08-17;Челябинск;Direct
205502;Нуриев Егор Алексеевич;2023-02-18;Уфа;VK Ads
205503;Кравченко Марат Андреевна;2024-01-11;Курган;VK Ads
205504;Быков Игорь Евгеньевна;2023-11-20;Челябинск;VK Ads
205505;Рахимов Антон Евгеньевна;2024-07-10;Челябинск;Organic
205506;Хасанов Кристина Павлович;2023-11-09;Челябинск;Organic
205507;Попов Артём Николаевна;2023-06-25;Екатеринбург;Telegram
205508;Бойко Николай Алексеевич;2023-12-29;Челябинск;Telegram
205509;Сергеев Арсен Антонович;2023-11-29;Челябинск;Organic
205510;Оганесян Сергей Олегович;2024-05-24;Челябинск;Referral
205511;Комаров Артур Андреевич;2023-07-16;Уфа;Organic
205512;Козлов Станислав Сергеевна;2023-05-24;Уфа;Organic
205513;Тулеев Наталья Николаевна;2024-04-29;Миасс;Organic
205514;Шарипов Илья Александровна;2024-06-20;Челябинск;Referral
205515;Петросян Никита Павловна;2023-04-13;Копейск;Direct
205516;Куликов Ксения Андреевна;2023-06-17;Челябинск;Direct
205517;Тарасов Анна Евгеньевич;2023-10-28;Копейск;Direct
205518;Максимов Гузель Алексеевич;2023-12-19;Пермь;Yandex Ads
205519;Алексеев Артём Евгеньевич;2023-04-25;Курган;Organic
205520;Юн Дарья Романович;2023-01-27;Челябинск;Organic
205521;Титов Георгий Викторовна;2023-08-11;Златоуст;Yandex Ads
205522;Васильев Вадим Евгеньевна;2024-05-02;Уфа;Direct
205523;Щербаков Антон Ивановна;2023-02-10;Екатеринбург;VK Ads
205524;Мартиросян Артур Павловна;2023-09-04;Екатеринбург;Yandex Ads
205525;Сорокин Владимир Александрович;2024-04-15;Магнитогорск;Organic
205526;Юсупов Анна Сергеевич;2023-02-27;Челябинск;Yandex Ads
205527;Тарасенко Арсен Сергеевич;2024-04-09;Екатеринбург;Telegram
205528;Мамедов Вера Александровна;2023-01-24;Челябинск;Organic
205529;Гасанов Зарина Антонович;2024-02-11;Челябинск;Direct
205530;Мамедов Полина Антонович;2023-09-05;Челябинск;Telegram
205531;Королёв Роман Александрович;2023-01-25;Челябинск;VK Ads
205532;Лебедев Андрей Николаевна;2023-10-16;Миасс;Organic
205533;Хасанов Аделина Олеговна;2023-02-18;Пермь;Direct
205534;Данилов Лейла Николаевич;2023-08-05;Челябинск;Organic
205535;Сафин Тигран Алексеевич;2023-09-19;Челябинск;Organic
205536;Захаров Марат Владимирович;2023-02-13;Санкт-Петербург;Direct
205537;Логинов Андрей Владимирович;2024-03-01;Челябинск;Email
205538;Мамедов Татьяна Павловна;2023-04-10;Златоуст;Direct
205539;Сафонов Айгуль Алексеевич;2024-02-02;Челябинск;Direct
205540;Хабибуллин Зарина Алексеевна;2024-06-08;Пермь;Telegram
205541;Пономарёв Анастасия Владимировна;2023-03-02;Миасс;Organic
205542;Мухаметшин Артур Романовна;2023-11-15;Челябинск;Direct
205543;Сулейманов Виктория Романович;2024-04-01;Челябинск;VK Ads
205544;Фролов Руслан Владимирович;2023-09-03;Челябинск;Organic
205545;Бойко Илья Михайловна;2024-08-05;Тюмень;Telegram
205546;Капустин Ольга Михайловна;2023-05-08;Екатеринбург;Yandex Ads
205547;Комаров Валерий Олегович;2023-07-19;Екатеринбург;Yandex Ads
205548;Акопян Егор Романовна;2024-03-10;Уфа;VK Ads
205549;Соловьёв Георгий Дмитриевич;2023-09-29;Курган;Direct
205550;Киселёв Вероника Николаевна;2023-06-18;Челябинск;Direct
205551;Валеев Андрей Евгеньевна;2024-01-13;Копейск;Referral
205552;Павлов Михаил Михайлович;2024-06-25;Челябинск;Yandex Ads
205553;Гарипов Константин Иванович;2023-11-08;Екатеринбург;Yandex Ads
205554;Галимов Эдуард Дмитриевич;2024-05-03;Оренбург;Direct
205555;Богданов Лейла Сергеевна;2024-04-30;Челябинск;Organic
205556;Павлов Марина Иванович;2023-09-29;Челябинск;Organic
205557;Кудрявцев Валерия Николаевна;2023-08-29;Тюмень;Direct
205558;Шевченко Владимир Павловна;2023-09-17;Магнитогорск;Organic
205559;Морозов Гузель Ивановна;2023-11-22;Копейск;VK Ads
205560;Абрамян Софья Романовна;2024-08-09;Челябинск;VK Ads
205561;Касымов Кирилл Николаевна;2024-04-06;Екатеринбург;Yandex Ads
205562;Алиев Тигран Николаевич;2023-09-13;Пермь;Direct
205563;Гарипов Марат Павловна;2024-04-17;Тюмень;Direct
205564;Поляков Евгений Алексеевна;2023-06-24;Челябинск;Yandex Ads
205565;Комаров Валерия Евгеньевич;2024-04-19;Новосибирск;VK Ads
205566;Коваленко Илья Игоревна;2023-10-10;Челябинск;Direct
205567;Алексеев Артур Олеговна;2023-07-04;Пермь;VK Ads
205568;Тен Денис Николаевна;2023-12-30;Челябинск;Telegram
205569;Жуков Надежда Игоревич;2023-10-25;Уфа;VK Ads
205570;Маслов Игорь Александрович;2023-01-24;Магнитогорск;Yandex Ads
205571;Воробьёв Георгий Михайлович;2023-05-21;Екатеринбург;Telegram
205572;Михайлов Карен Юрьевич;2024-03-14;Миасс;Organic
205573;Наумов Карина Юрьевич;2024-01-21;Миасс;Organic
205574;Голубев Яна Николаевич;2024-06-25;Челябинск;Organic
205575;Щербаков Даниил Николаевич;2023-02-16;Челябинск;Direct
205576;Афанасьев Карина Романович;2024-02-09;Курган;Direct
205577;Хабибуллин Карен Антонович;2024-08-24;Магнитогорск;Direct
205578;Киселёв Сергей Николаевна;2024-07-31;Челябинск;Referral
205579;Голубев Анастасия Юрьевна;2024-03-17;Челябинск;Organic
205580;Ибрагимов Роман Дмитриевна;2023-01-15;Златоуст;Yandex Ads
205581;Сафонов Елена Владимирович;2023-01-20;Копейск;Yandex Ads
205582;Петросян Кирилл Сергеевич;2023-10-17;Уфа;Organic
205583;Мухаметшин Яна Андреевна;2024-08-25;Копейск;VK Ads
205584;Ткаченко Валерий Евгеньевна;2023-08-01;Челябинск;VK Ads
205585;Семёнов Дарья Павловна;2024-06-15;Челябинск;Yandex Ads
205586;Беляев Анастасия Андреевич;2023-01-21;Магнитогорск;Direct
205587;Кудрявцев Элина Евгеньевич;2023-02-28;Тюмень;Direct
205588;Сергеев Александр Антонович;2023-09-05;Тюмень;Referral
205589;Матвеев Павел Дмитриевна;2023-03-04;Магнитогорск;Yandex Ads
205590;Тарасов Станислав Олегович;2024-07-11;Ижевск;Organic
205591;Сеитов Ирина Юрьевич;2023-03-17;Челябинск;Yandex Ads
205592;Богданов Ксения Дмитриевна;2023-08-04;Уфа;Organic
205593;Воробьёв Дмитрий Романовна;2023-05-19;Казань;Yandex Ads
205594;Чернов Эдуард Александрович;2023-08-02;Златоуст;Email
205595;Рахимов Марат Романовна;2023-01-23;Уфа;Direct
205596;Поляков Элина Александрович;2023-01-29;Екатеринбург;VK Ads
205597;Хасанов Андрей Алексеевич;2023-02-17;Челябинск;Yandex Ads
205598;Тен Руслан Дмитриевна;2023-02-19;Челябинск;Organic
205599;Волков Айгуль Дмитриевна;2024-03-07;Челябинск;VK Ads
205600;Омаров Эдуард Романовна;2023-09-01;Челябинск;Referral
205601;Григорьев Глеб Дмитриевна;2023-08-25;Тюмень;Telegram
205602;Сулейманов Марина Евгеньевна;2023-01-06;Челябинск;Telegram
205603;Алиев Олег Алексеевна;2024-06-19;Ижевск;Organic
205604;Соловьёв Самвел Дмитриевич;2023-08-28;Челябинск;Yandex Ads
205605;Омаров Руслан Юрьевич;2023-02-03;Магнитогорск;Email
205606;Гасанов Карина Игоревич;2024-08-26;Екатеринбург;VK Ads
205607;Кравченко Алёна Викторовна;2023-06-23;Оренбург;Direct
205608;Пономарёв Тимур Викторович;2023-12-07;Копейск;Telegram
205609;Данилов Ксения Владимировна;2024-03-12;Копейск;Organic
205610;Ткаченко Светлана Алексеевна;2023-02-03;Миасс;Yandex Ads
205611;Романов Руслан Александрович;2023-07-16;Челябинск;Direct
205612;Рахимов Милана Романовна;2024-06-07;Миасс;Organic
205613;Щербаков Евгений Александрович;2023-02-25;Златоуст;Direct
205614;Григорьев Эмиль Романович;2024-05-04;Челябинск;VK Ads
205615;Ли Вероника Романовна;2024-05-27;Челябинск;Direct
205616;Быков Вероника Сергеевич;2024-01-29;Челябинск;Organic
205617;Тарасенко Анастасия Игоревич;2024-08-05;Магнитогорск;Direct
205618;Арутюнян Валерий Михайлович;2024-06-06;Уфа;Referral
205619;Павлов Юлия Ивановна;2023-07-31;Уфа;Direct
205620;Лазарев Софья Дмитриевич;2024-01-18;Сургут;Organic
205621;Оганесян Наталья Павловна;2024-02-14;Курган;VK Ads
205622;Смирнов Айгуль Михайловна;2023-06-09;Магнитогорск;Email
205623;Савченко Борис Александровна;2024-01-29;Москва;Direct
205624;Васильев Вера Дмитриевна;2023-07-26;Златоуст;Yandex Ads
205625;Макаров Анастасия Сергеевич;2023-05-15;Курган;Yandex Ads
205626;Фролов Виктор Юрьевна;2024-06-29;Челябинск;Referral
205627;Саркисян Айгуль Николаевич;2023-06-04;Челябинск;Organic
205628;Щербаков Юрий Михайловна;2024-05-02;Копейск;Yandex Ads
205629;Арутюнян Дарья Александровна;2024-08-03;Челябинск;Organic
205630;Хабибуллин Алёна Павлович;2023-06-20;Новосибирск;VK Ads
205631;Григорьев Марат Сергеевич;2023-03-24;Челябинск;Yandex Ads
205632;Абдуллаев Павел Владимировна;2023-10-20;Екатеринбург;Yandex Ads
205633;Арутюнян Андрей Антонович;2023-10-05;Магнитогорск;Direct
205634;Хабибуллин Арсен Александрович;2023-04-16;Москва;Organic
205635;Абдуллаев Глеб Антонович;2024-04-18;Копейск;Organic
205636;Шевченко Алина Сергеевна;2023-02-11;Магнитогорск;Direct
205637;Соколов Ольга Романович;2024-01-01;Челябинск;Direct
205638;Жумабаев Наталья Павловна;2023-06-18;Екатеринбург;Direct
205639;Власов Елена Олегович;2023-08-22;Новосибирск;Organic
205640;Ильин Зарина Владимирович;2024-02-16;Челябинск;Referral
205641;Рябов Глеб Иванович;2024-03-14;Челябинск;Yandex Ads
205642;Саркисян Арсен Иванович;2023-03-20;Челябинск;Direct
205643;Чернов Светлана Михайловна;2024-02-27;Миасс;VK Ads
205644;Филатов Роман Игоревич;2023-08-19;Москва;VK Ads
205645;Каримов Эмиль Александровна;2023-06-06;Златоуст;Yandex Ads
205646;Ли Борис Александрович;2024-08-09;Копейск;Email
205647;Белов Юрий Михайловна;2024-07-29;Пермь;Email
205648;Фролов Фёдор Романович;2023-08-10;Екатеринбург;Referral
205649;Исмаилов Ярослав Романович;2023-12-25;Самара;Direct
205650;Егоров Юлия Александровна;2024-07-02;Челябинск;Organic
205651;Ахметжанов Ирина Евгеньевна;2023-11-07;Тюмень;Organic
205652;Михайлов Николай Андреевна;2024-07-25;Миасс;Yandex Ads
205653;Афанасьев Кирилл Сергеевич;2024-08-08;Миасс;VK Ads
205654;Саркисян Елена Дмитриевна;2023-10-08;Копейск;Referral
205655;Макаров Ксения Андреевна;2023-06-03;Челябинск;Yandex Ads
205656;Маслов Вадим Дмитриевич;2023-03-26;Пермь;VK Ads
205657;Филатов Екатерина Иванович;2024-05-08;Уфа;Yandex Ads
205658;Шин Евгения Андреевна;2023-11-23;Курган;Yandex Ads
205659;Козлов Ярослав Владимирович;2023-03-18;Челябинск;VK Ads
205660;Новиков Зарина Юрьевич;2024-03-24;Москва;Yandex Ads
205661;Ахметов Софья Алексеевич;2023-01-23;Копейск;Referral
205662;Назаров Вадим Евгеньевич;2024-02-05;Челябинск;VK Ads
205663;Ильин Элина Антонович;2024-04-16;Екатеринбург;Referral
205664;Мирзоян Павел Игоревич;2023-06-04;Пермь;Yandex Ads
205665;Ковалёв Юлия Александровна;2023-06-11;Челябинск;Organic
205666;Тарасенко Эмиль Николаевна;2023-07-06;Челябинск;Organic
205667;Соколов Александр Антонович;2023-06-25;Челябинск;Referral
205668;Мкртчян Марина Викторович;2023-10-23;Челябинск;VK Ads
205669;Садыков Самвел Юрьевич;2024-01-29;Копейск;Organic
205670;Бондаренко Фёдор Михайловна;2024-04-21;Челябинск;Direct
205671;Мухаметшин Самвел Романовна;2023-08-18;Копейск;VK Ads
205672;Новиков Дарья Романович;2023-01-07;Оренбург;Direct
205673;Сергеев Арсен Андреевна;2024-08-01;Уфа;Direct
205674;Ильин Илья Михайлович;2024-07-15;Самара;VK Ads
205675;Захаров Тигран Ивановна;2023-02-25;Екатеринбург;Email
205676;Капустин Зарина Павловна;2023-03-07;Челябинск;Direct
205677;Гарипов Айгуль Иванович;2023-03-07;Златоуст;Direct
205678;Мирзоян Элина Алексеевна;2023-10-01;Челябинск;Direct
205679;Сулейманов Сергей Дмитриевна;2023-03-20;Челябинск;Yandex Ads
205680;Григорьев Александр Антонович;2024-06-04;Пермь;Direct
205681;Ковалёв Софья Викторович;2023-08-12;Казань;Organic
205682;Каримов Айгуль Антонович;2023-06-12;Копейск;Organic
205683;Комаров Артур Михайловна;2023-08-02;Миасс;Yandex Ads
205684;Кравченко Павел Олеговна;2023-08-28;Миасс;Organic
205685;Власов Екатерина Викторович;2023-12-17;Уфа;Organic
205686;Ахметов Тимур Юрьевич;2023-03-15;Миасс;Yandex Ads
205687;Цой Анастасия Павлович;2023-07-02;Челябинск;Telegram
205688;Орлов Кирилл Иванович;2024-05-09;Новосибирск;Direct
205689;Михайлов Наталья Игоревич;2023-10-05;Самара;Yandex Ads
205690;Абрамян Оксана Дмитриевич;2023-06-20;Пермь;Yandex Ads
205691;Шин Эдуард Николаевич;2023-03-15;Челябинск;Organic
205692;Воробьёв Анастасия Игоревич;2024-04-05;Миасс;Organic
205693;Афанасьев Андрей Олегович;2023-03-02;Екатеринбург;VK Ads
205694;Садыков Аделина Иванович;2024-08-22;Тюмень;Yandex Ads
205695;Киселёв Антон Михайловна;2023-08-26;Казань;Direct
205696;Морозов Анна Олегович;2024-06-13;Уфа;Yandex Ads
205697;Цветков Мария Николаевна;2023-07-17;Копейск;VK Ads
205698;Абрамян Валерий Игоревич;2023-04-07;Пермь;Yandex Ads
205699;Королёв Антон Дмитриевна;2023-07-30;Тюмень;Telegram
205700;Медведев Вадим Игоревна;2024-06-07;Копейск;Yandex Ads
205701;Аветисян Ярослав Андреевич;2024-01-27;Пермь;Direct
205702;Павлов Станислав Николаевич;2023-05-03;Ижевск;Organic
205703;Сеитов Николай Александровна;2024-01-11;Челябинск;Organic
205704;Бекетов Артём Владимировна;2023-05-07;Челябинск;Yandex Ads
205705;Ковалёв Константин Антонович;2023-08-19;Челябинск;Organic
205706;Данилов Николай Иванович;2023-07-19;Уфа;Direct
205707;Яковлев Никита Павлович;2023-01-19;Курган;Direct
205708;Акопян Артур Сергеевна;2023-07-08;Челябинск;Direct
205709;Сафонов Фёдор Иванович;2024-03-21;Самара;VK Ads
205710;Кравченко Лейла Владимирович;2023-02-19;Челябинск;Yandex Ads
205711;Козлов Яна Павлович;2023-01-11;Челябинск;Direct
205712;Пономарёв Фёдор Владимирович;2024-05-19;Магнитогорск;Organic
205713;Гасанов Станислав Олегович;2023-12-03;Челябинск;Organic
205714;Баранов Карина Юрьевич;2023-07-28;Магнитогорск;Organic
205715;Хабибуллин Софья Викторович;2024-02-08;Челябинск;Organic
205716;Борисов Виктор Алексеевна;2023-01-28;Челябинск;Yandex Ads
205717;Логинов Диана Александрович;2024-05-02;Челябинск;Yandex Ads
205718;Андреев Екатерина Евгеньевич;2024-07-30;Златоуст;Organic
205719;Оганесян Фёдор Андреевич;2024-07-08;Челябинск;Telegram
205720;Галимов Оксана Дмитриевич;2023-08-28;Челябинск;Organic
205721;Киселёв Динара Алексеевич;2023-02-25;Челябинск;Yandex Ads
205722;Мельник Ольга Александрович;2023-08-14;Курган;Yandex Ads
205723;Каримов Лейла Павловна;2024-04-09;Челябинск;Yandex Ads
205724;Поляков Кристина Владимирович;2023-06-16;Челябинск;VK Ads
205725;Капустин Милана Владимирович;2023-06-16;Челябинск;Organic
205726;Афанасьев Милана Олегович;2023-03-18;Магнитогорск;VK Ads
205727;Савченко Владимир Николаевна;2023-10-26;Магнитогорск;Yandex Ads
205728;Ковалёв Денис Алексеевна;2023-01-06;Челябинск;Yandex Ads
205729;Баранов Максим Ивановна;2023-01-29;Екатеринбург;Organic
205730;Егоров Константин Дмитриевна;2023-12-07;Казань;Organic
205731;Макаров Кристина Романовна;2024-05-04;Копейск;VK Ads
205732;Лазарев Николай Павловна;2023-12-11;Челябинск;Direct
205733;Соловьёв Айгуль Юрьевич;2024-08-13;Челябинск;Organic
205734;Чернов Руслан Олеговна;2023-04-25;Копейск;Referral
205735;Хасанов Эмиль Андреевна;2023-05-26;Екатеринбург;VK Ads
205736;Фомин Самвел Евгеньевна;2023-09-30;Уфа;Direct
205737;Поляков Арсен Иванович;2024-03-01;Миасс;Telegram
205738;Григорьев Александр Антонович;2023-05-10;Екатеринбург;Direct
205739;Ковалёв Вера Николаевна;2024-03-07;Копейск;Yandex Ads
205740;Ткаченко Иван Дмитриевич;2024-07-03;Челябинск;Organic
205741;Белов Владимир Игоревич;2023-08-25;Челябинск;Telegram
205742;Мартиросян Валерия Евгеньевич;2023-05-06;Челябинск;Telegram
205743;Аветисян Юрий Дмитриевна;2023-07-28;Миасс;Organic
205744;Касымов Татьяна Михайлович;2023-07-12;Челябинск;Direct
205745;Бондаренко Юлия Владимирович;2023-05-04;Магнитогорск;Email
205746;Мартиросян Дарья Александрович;2023-04-06;Челябинск;Direct
205747;Чернов Аделина Николаевич;2023-11-16;Екатеринбург;Organic
205748;Лазарев Карен Николаевна;2023-12-27;Екатеринбург;Referral
205749;Киселёв Милана Андреевич;2023-02-22;Пермь;Organic
205750;Миронов Евгения Алексеевна;2023-07-07;Тюмень;Yandex Ads
205751;Соболев Дарья Олеговна;2024-05-14;Сургут;VK Ads
205752;Куликов Маргарита Михайловна;2023-09-05;Тюмень;VK Ads
205753;Борисов Глеб Игоревич;2024-03-25;Ижевск;Organic
205754;Быков Вера Антонович;2023-07-29;Ижевск;Telegram
205755;Мельник Марат Иванович;2023-01-25;Челябинск;Yandex Ads
205756;Ершов Вадим Михайлович;2023-07-23;Миасс;Direct
205757;Маслов Алина Евгеньевич;2023-08-20;Златоуст;Organic
205758;Ковалёв Кристина Павловна;2023-07-17;Магнитогорск;Yandex Ads
205759;Кузьмин Константин Михайловна;2023-01-10;Челябинск;Telegram
205760;Сафин Юрий Дмитриевич;2024-07-07;Златоуст;Organic
205761;Беляев Эдуард Евгеньевич;2023-12-13;Челябинск;Direct
205762;Соболев Даниил Юрьевич;2024-03-09;Челябинск;Direct
205763;Ковалёв Аделина Александровна;2024-07-03;Челябинск;Referral
205764;Максимов Сергей Игоревна;2023-12-25;Москва;Telegram
205765;Маслов Максим Алексеевич;2024-06-13;Ижевск;VK Ads
205766;Хасанов Вероника Евгеньевич;2023-03-22;Златоуст;Telegram
205767;Яковлев Светлана Романовна;2023-06-04;Челябинск;Yandex Ads
205768;Кузьмин Александр Дмитриевна;2023-12-01;Москва;VK Ads
205769;Петросян Валерий Ивановна;2024-06-21;Екатеринбург;Direct
205770;Попов Оксана Алексеевна;2024-05-11;Пермь;Direct
205771;Сафонов Анна Павлович;2023-07-27;Уфа;Direct
205772;Ли Алёна Николаевна;2024-01-08;Новосибирск;Telegram
205773;Белов Вероника Андреевич;2023-07-30;Копейск;Direct
205774;Жумабаев Кристина Николаевич;2023-12-11;Нижневартовск;Direct
205775;Омаров Сергей Евгеньевич;2023-05-14;Челябинск;Yandex Ads
205776;Чернов Алексей Евгеньевна;2023-05-20;Челябинск;Yandex Ads
205777;Гусев Сергей Иванович;2023-02-14;Пермь;Referral
205778;Комаров Андрей Игоревна;2024-01-10;Пермь;Organic
205779;Яковлев Борис Александрович;2023-03-09;Миасс;Direct
205780;Белов Олег Антонович;2023-05-09;Пермь;Direct
205781;Рябов Константин Владимировна;2024-06-30;Тюмень;VK Ads
205782;Нуржанов Дарья Михайлович;2023-09-02;Уфа;Direct
205783;Михайлов Оксана Павловна;2023-03-05;Копейск;Referral
205784;Шин Олег Александровна;2023-09-16;Челябинск;VK Ads
205785;Яковлев Юлия Андреевна;2023-06-08;Златоуст;Yandex Ads
205786;Сафонов Кирилл Александровна;2024-03-28;Копейск;Direct
205787;Садыков Вадим Михайлович;2023-02-28;Новосибирск;Organic
205788;Сорокин Тимур Павловна;2023-08-18;Екатеринбург;Yandex Ads
205789;Сафин Алина Николаевич;2024-01-15;Копейск;Organic
205790;Никитин Маргарита Михайловна;2024-03-10;Оренбург;Yandex Ads
205791;Рахимов Глеб Алексеевна;2024-01-03;Курган;Organic
205792;Аветисян Елена Юрьевна;2023-11-15;Уфа;Organic
205793;Чернов Марина Юрьевна;2023-06-20;Миасс;Telegram
205794;Наумов Амина Андреевна;2023-10-04;Челябинск;Organic
205795;Комаров Татьяна Сергеевич;2024-03-03;Копейск;Yandex Ads
205796;Тарасов Карен Романович;2023-07-29;Пермь;Direct
205797;Алексеев Яна Ивановна;2024-04-03;Миасс;Organic
205798;Ахметов Елена Олегович;2023-03-15;Тюмень;Direct
205799;Сафин Руслан Владимировна;2023-06-08;Златоуст;Telegram
205800;Хабибуллин Виктор Сергеевна;2023-06-26;Сургут;Email
205801;Борисов Татьяна Ивановна;2024-01-12;Казань;Direct
205802;Ткаченко Зарина Евгеньевич;2024-02-17;Челябинск;VK Ads
205803;Коваленко Александр Владимирович;2023-09-10;Копейск;Email
205804;Юн Гузель Ивановна;2023-06-15;Курган;VK Ads
205805;Кондратьев Оксана Павлович;2024-07-21;Челябинск;Direct
205806;Бекетов Карен Евгеньевна;2023-06-05;Москва;Referral
205807;Юсупов Анна Дмитриевич;2023-07-25;Москва;VK Ads
205808;Котов Кирилл Игоревич;2023-09-02;Оренбург;Organic
205809;Пономарёв Евгений Владимировна;2024-07-23;Миасс;Yandex Ads
205810;Шин Виктория Сергеевич;2024-08-01;Копейск;Organic
205811;Цой Софья Олеговна;2024-05-30;Челябинск;Direct
205812;Титов Эдуард Николаевич;2023-02-05;Миасс;Yandex Ads
205813;Захаров Павел Павловна;2024-05-28;Копейск;Direct
205814;Гарипов Марина Алексеевна;2024-06-18;Пермь;Direct
205815;Андреев Роман Николаевич;2023-09-11;Златоуст;Yandex Ads
205816;Цой Надежда Олегович;2023-09-16;Челябинск;Yandex Ads
205817;Галимов Игорь Игоревна;2023-06-13;Самара;Referral
205818;Фомин Полина Романович;2023-02-14;Сургут;Direct
205819;Шарипов Дарья Игоревич;2023-09-24;Екатеринбург;Direct
205820;Логинов Роман Иванович;2024-03-21;Челябинск;Email
205821;Касымов Егор Алексеевич;2023-11-03;Самара;Telegram
205822;Воробьёв Элина Александровна;2023-07-25;Челябинск;VK Ads
205823;Фролов Павел Евгеньевна;2024-02-26;Челябинск;Direct
205824;Алексеев Руслан Игоревна;2023-09-11;Санкт-Петербург;Direct
205825;Тарасенко Дмитрий Дмитриевич;2024-03-08;Челябинск;Direct
205826;Григорян Екатерина Александровна;2023-04-09;Магнитогорск;Direct
205827;Сафонов Евгения Сергеевич;2024-07-11;Пермь;Organic
205828;Маслов Георгий Дмитриевна;2023-01-12;Курган;Yandex Ads
205829;Яковлев Евгения Михайлович;2024-05-31;Челябинск;Yandex Ads
205830;Поляков Руслан Александрович;2023-11-08;Екатеринбург;Organic
205831;Быков Вадим Ивановна;2023-11-15;Челябинск;Direct
205832;Королёв Софья Михайлович;2023-07-31;Курган;Organic
205833;Ткаченко Станислав Олеговна;2023-03-09;Копейск;Yandex Ads
205834;Ибрагимов Валерия Олеговна;2024-04-23;Нижневартовск;Organic
205835;Герасимов Вера Александровна;2024-07-18;Челябинск;Yandex Ads
205836;Мкртчян Маргарита Игоревич;2023-10-17;Магнитогорск;Yandex Ads
205837;Сеитов Светлана Романовна;2024-06-20;Челябинск;Direct
205838;Павлов Софья Евгеньевна;2023-05-12;Златоуст;Yandex Ads
205839;Каримов Алёна Юрьевна;2023-10-06;Магнитогорск;VK Ads
205840;Цветков Андрей Викторович;2023-07-11;Нижневартовск;Direct
205841;Ковалёв Юлия Евгеньевич;2023-06-18;Миасс;Telegram
205842;Ткаченко Глеб Романович;2023-01-15;Копейск;Direct
205843;Кудрявцев Евгений Сергеевич;2024-07-25;Челябинск;Yandex Ads
205844;Сеитов Виктор Евгеньевна;2023-08-01;Челябинск;Email
205845;Алексеев Тимур Евгеньевич;2023-05-21;Курган;Direct
205846;Цветков Николай Романович;2024-02-20;Ижевск;VK Ads
205847;Поляков Карина Николаевич;2024-05-26;Магнитогорск;Organic
205848;Тарасов Евгений Сергеевич;2023-11-12;Челябинск;VK Ads
205849;Семёнов Айгуль Юрьевич;2023-06-22;Челябинск;VK Ads
205850;Юн Андрей Александровна;2023-09-02;Копейск;Yandex Ads
205851;Акопян Олег Павлович;2024-07-13;Курган;Yandex Ads
205852;Иванов Олег Иванович;2023-08-09;Челябинск;Organic
205853;Цой Дмитрий Викторовна;2024-01-08;Екатеринбург;VK Ads
205854;Тарасов Марат Сергеевна;2023-08-27;Копейск;Direct
205855;Поляков Карина Антонович;2023-01-02;Уфа;Referral
205856;Сорокин Татьяна Алексеевич;2024-02-04;Миасс;Telegram
205857;Орлов Артём Евгеньевна;2024-07-30;Самара;Email
205858;Фёдоров Софья Андреевна;2024-05-09;Уфа;Organic
205859;Морозов Никита Викторовна;2023-06-09;Москва;Organic
205860;Медведев Андрей Романович;2024-05-03;Самара;VK Ads
205861;Капустин Юлия Евгеньевна;2024-02-10;Челябинск;Organic
205862;Семёнов Марина Евгеньевич;2023-09-18;Екатеринбург;Organic
205863;Яковлев Анастасия Юрьевич;2023-10-06;Челябинск;Direct
205864;Цветков Арсен Ивановна;2024-01-24;Челябинск;Organic
205865;Павлов Марина Антонович;2024-03-04;Казань;Yandex Ads
205866;Касымов Михаил Игоревич;2023-02-15;Магнитогорск;Organic
205867;Орлов Элина Ивановна;2023-12-10;Златоуст;Referral
205868;Мкртчян Маргарита Дмитриевич;2023-05-18;Челябинск;Email
205869;Соболев Олег Викторович;2023-09-26;Уфа;Organic
205870;Киселёв Марина Михайловна;2024-02-15;Курган;Direct
205871;Петросян Георгий Андреевна;2024-02-25;Екатеринбург;Referral
205872;Абдуллаев Фёдор Викторович;2023-03-10;Тюмень;Organic
205873;Галимов Елена Николаевна;2023-05-08;Челябинск;Referral
205874;Белов Михаил Владимирович;2023-06-04;Магнитогорск;Yandex Ads
205875;Сорокин Юрий Олеговна;2023-11-02;Копейск;Email
205876;Саркисян Кирилл Владимировна;2024-03-22;Уфа;VK Ads
205877;Богданов Эдуард Романовна;2024-07-28;Новосибирск;Telegram
205878;Чернов Георгий Викторовна;2024-02-04;Челябинск;Direct
205879;Абдуллаев Наталья Викторовна;2023-09-03;Челябинск;Referral
205880;Куликов Татьяна Юрьевна;2023-08-06;Уфа;Organic
205881;Титов Валерий Олеговна;2023-06-22;Златоуст;VK Ads
205882;Данилов Ксения Викторович;2023-02-20;Курган;Yandex Ads
205883;Котов Евгений Романовна;2023-11-17;Тюмень;Yandex Ads
205884;Голубев Денис Андреевич;2023-03-24;Екатеринбург;Direct
205885;Саркисян Вероника Антонович;2024-08-08;Копейск;Telegram
205886;Соболев Виктория Павловна;2024-06-19;Челябинск;Referral
205887;Мартиросян Наталья Николаевна;2024-03-25;Челябинск;VK Ads
205888;Попов Сергей Алексеевич;2024-04-21;Москва;Yandex Ads
205889;Тарасенко Гузель Алексеевна;2023-10-09;Новосибирск;Organic
205890;Ибрагимов Лейла Евгеньевна;2024-07-01;Копейск;Yandex Ads
205891;Маслов Самвел Алексеевна;2023-06-17;Миасс;Yandex Ads
205892;Миронов Арсен Павловна;2024-01-30;Новосибирск;Direct
205893;Цой Анна Михайлович;2024-07-30;Миасс;Direct
205894;Кузьмин Элина Александровна;2023-05-29;Самара;Organic
205895;Ким Мария Андреевич;2023-04-26;Пермь;Direct
205896;Омаров Михаил Алексеевич;2023-11-16;Миасс;Direct
205897;Гончаренко Антон Михайлович;2023-03-27;Челябинск;Organic
205898;Шарипов Константин Александрович;2023-03-21;Екатеринбург;VK Ads
205899;Афанасьев Фёдор Антонович;2024-06-12;Челябинск;Organic
205900;Сулейманов Никита Олегович;2024-04-07;Челябинск;Telegram
205901;Назаров Вадим Евгеньевич;2023-06-02;Челябинск;Direct
205902;Григорян Ярослав Михайловна;2023-08-24;Тюмень;Yandex Ads
205903;Баранов Елена Михайлович;2023-03-02;Копейск;Direct
205904;Мухаметшин Алексей Игоревна;2024-04-21;Екатеринбург;Direct
205905;Оганесян Анастасия Михайлович;2023-09-25;Пермь;Yandex Ads
205906;Гусев Ярослав Павлович;2023-05-21;Копейск;Direct
205907;Нуриев Станислав Игоревна;2023-03-24;Копейск;Organic
205908;Шин Мария Евгеньевна;2024-08-06;Челябинск;Direct
205909;Саркисян Игорь Александрович;2024-02-22;Москва;VK Ads
205910;Власов Константин Евгеньевич;2023-08-02;Челябинск;Organic
205911;Исмаилов Марина Михайлович;2023-07-31;Магнитогорск;Yandex Ads
205912;Никитин Кристина Романовна;2024-01-29;Челябинск;Yandex Ads
205913;Кравченко Александр Николаевна;2023-06-26;Челябинск;Organic
205914;Морозов Милана Дмитриевна;2024-05-26;Копейск;Direct
205915;Воробьёв Тигран Игоревна;2024-07-14;Челябинск;Organic
205916;Шин Глеб Дмитриевич;2023-07-05;Уфа;VK Ads
205917;Семёнов Артур Евгеньевич;2023-09-16;Москва;VK Ads
205918;Садыков Михаил Олегович;2024-02-13;Челябинск;Direct
205919;Кудрявцев Ярослав Евгеньевна;2024-08-08;Челябинск;Telegram
205920;Власов Карина Андреевна;2023-05-19;Пермь;Direct
205921;Гарипов Егор Евгеньевна;2023-11-17;Челябинск;Referral
205922;Рябов Виктория Антонович;2024-01-19;Уфа;VK Ads
205923;Кондратьев Михаил Андреевна;2024-04-10;Москва;Yandex Ads
205924;Маслов Лейла Алексеевна;2024-06-28;Новосибирск;Organic
205925;Акопян Алексей Юрьевна;2023-08-11;Пермь;Organic
205926;Сулейманов Екатерина Дмитриевна;2024-05-06;Тюмень;Direct
205927;Семёнов Марат Иванович;2023-08-04;Оренбург;Yandex Ads
205928;Гасанов Артур Алексеевич;2023-10-06;Курган;VK Ads
205929;Жумабаев Виктор Александровна;2023-03-20;Уфа;Organic
205930;Максимов Вадим Александрович;2024-02-11;Челябинск;Telegram
205931;Фёдоров Татьяна Андреевна;2023-09-24;Москва;Organic
205932;Тен Борис Антонович;2024-08-18;Магнитогорск;Direct
205933;Логинов Светлана Андреевна;2024-03-16;Уфа;Yandex Ads
205934;Сулейманов Илья Дмитриевич;2023-08-28;Курган;Direct
205935;Оганесян Никита Евгеньевич;2024-04-27;Оренбург;Organic
205936;Куликов Павел Ивановна;2024-05-14;Курган;Organic
205937;Егоров Станислав Алексеевич;2023-09-25;Челябинск;Direct
205938;Петров Валерия Викторовна;2023-11-20;Челябинск;Organic
205939;Аветисян Никита Игоревич;2023-12-31;Челябинск;Organic
205940;Цветков Илья Олеговна;2023-08-21;Челябинск;VK Ads
205941;Хасанов Юрий Андреевна;2023-10-24;Магнитогорск;Direct
205942;Кравченко Тимур Алексеевич;2023-06-02;Челябинск;Direct
205943;Ли Андрей Романович;2024-02-09;Екатеринбург;Telegram
205944;Алиев Ярослав Николаевна;2024-08-10;Москва;Organic
205945;Ахметжанов Артур Павлович;2023-08-10;Челябинск;VK Ads
205946;Волков Динара Александрович;2024-04-28;Челябинск;VK Ads
205947;Фомин Алёна Романовна;2023-01-20;Миасс;Telegram
205948;Мкртчян Игорь Андреевна;2023-03-11;Ижевск;Direct
205949;Цветков Вадим Владимирович;2024-03-27;Пермь;Organic
205950;Наумов Максим Михайловна;2023-06-15;Челябинск;VK Ads
205951;Григорьев Илья Ивановна;2023-10-30;Магнитогорск;Direct
205952;Григорьев Денис Романович;2023-10-17;Челябинск;Organic
205953;Зайцев Мария Дмитриевич;2024-06-18;Челябинск;Direct
205954;Захаров Руслан Владимировна;2024-08-08;Екатеринбург;Direct
205955;Егоров Игорь Павловна;2023-01-12;Уфа;Organic
205956;Павлов Анна Сергеевич;2024-06-04;Уфа;VK Ads
205957;Иванов Кирилл Юрьевич;2024-08-08;Уфа;Yandex Ads
205958;Тен Ольга Романовна;2024-07-26;Магнитогорск;Referral
205959;Тарасов Эмиль Игоревич;2024-06-21;Уфа;Telegram
205960;Пономарёв Игорь Игоревич;2023-12-26;Челябинск;Organic
205961;Хасанов Тигран Павлович;2024-07-02;Тюмень;Email
205962;Петров Иван Андреевна;2023-03-12;Курган;Yandex Ads
205963;Кравченко Лейла Сергеевич;2024-01-30;Пермь;Email
205964;Сорокин Вероника Владимирович;2024-01-20;Копейск;Organic
205965;Баранов Александр Михайловна;2023-07-28;Тюмень;Yandex Ads
205966;Куликов Артур Михайлович;2024-01-31;Тюмень;Referral
205967;Филатов Динара Михайловна;2024-05-29;Екатеринбург;Direct
205968;Соболев Эмиль Сергеевна;2024-07-20;Тюмень;Direct
205969;Миронов Арсен Владимировна;2024-08-01;Магнитогорск;Email
205970;Тулеев Эмиль Юрьевна;2024-05-03;Пермь;Yandex Ads
205971;Шевченко Фёдор Владимировна;2024-07-15;Копейск;Organic
205972;Лазарев Эмиль Викторович;2023-04-08;Ижевск;Organic
205973;Савченко Дарья Олеговна;2023-12-11;Уфа;Direct
205974;Денисов Татьяна Викторович;2023-12-12;Златоуст;Organic
205975;Цой Виктория Николаевич;2023-03-21;Челябинск;Direct
205976;Жуков Юрий Павлович;2023-12-18;Челябинск;Yandex Ads
205977;Новиков Тигран Олегович;2023-07-04;Челябинск;Direct
205978;Мкртчян Айгуль Павлович;2024-03-25;Уфа;Organic
205979;Степанов Антон Алексеевич;2023-02-01;Оренбург;Direct
205980;Касымов Андрей Игоревна;2023-08-18;Курган;Organic
205981;Павлов Амина Викторович;2023-04-28;Оренбург;Direct
205982;Цой Диана Алексеевна;2024-07-21;Челябинск;VK Ads
205983;Миронов Аделина Игоревич;2024-04-08;Тюмень;Yandex Ads
205984;Хабибуллин Светлана Сергеевич;2024-01-18;Санкт-Петербург;Direct
205985;Гарипов Зарина Дмитриевич;2024-06-22;Челябинск;Yandex Ads
205986;Мкртчян Иван Дмитриевна;2023-12-08;Челябинск;Organic
205987;Петросян Тимур Викторовна;2024-02-21;Копейск;Yandex Ads
205988;Матвеев Юлия Романовна;2023-10-22;Москва;Telegram
205989;Цой Артур Александрович;2024-07-24;Санкт-Петербург;Yandex Ads
205990;Петросян Антон Олеговна;2023-04-12;Челябинск;Direct
205991;Бекетов Эдуард Михайловна;2024-06-19;Самара;Direct
205992;Ковалёв Полина Павловна;2024-04-07;Магнитогорск;Organic
205993;Рябов Елена Михайлович;2024-01-06;Курган;VK Ads
205994;Павлов Роман Игоревна;2023-03-17;Челябинск;Yandex Ads
205995;Кравченко Владимир Андреевна;2024-04-10;Челябинск;Referral
205996;Ковалёв Мария Олеговна;2024-06-01;Челябинск;Yandex Ads
205997;Комаров Надежда Владимирович;2024-03-01;Челябинск;Organic
205998;Белов Илья Ивановна;2023-05-08;Копейск;Direct
205999;Аветисян Виктор Дмитриевна;2023-03-20;Магнитогорск;Direct
206000;Петров Вера Юрьевич;2024-01-04;Миасс;VK Ads
206001;Павлов Софья Романовна;2023-09-13;Челябинск;Organic
206002;Васильев Евгений Андреевич;2023-07-29;Екатеринбург;Direct
206003;Миронов Игорь Павловна;2023-08-04;Челябинск;Yandex Ads
206004;Захаров Дмитрий Юрьевич;2023-02-15;Миасс;Direct
206005;Шин Елена Владимировна;2023-08-10;Магнитогорск;Direct
206006;Богданов Яна Михайлович;2023-06-20;Челябинск;Yandex Ads
206007;Фролов Иван Андреевна;2023-03-04;Челябинск;VK Ads
206008;Мамедов Татьяна Дмитриевна;2024-02-13;Челябинск;Direct
206009;Садыков Никита Алексеевна;2023-12-30;Миасс;VK Ads
206010;Оганесян Ирина Алексеевич;2023-09-06;Курган;Telegram
206011;Соловьёв Николай Игоревич;2024-06-03;Тюмень;Organic
206012;Сорокин Вера Михайлович;2023-06-04;Челябинск;Telegram
206013;Пономарёв Фёдор Романовна;2023-03-13;Златоуст;VK Ads
206014;Козлов Анна Ивановна;2023-12-07;Копейск;Yandex Ads
206015;Миронов Александр Романовна;2024-07-04;Златоуст;Organic
206016;Ковалёв Эдуард Евгеньевна;2024-01-18;Уфа;Organic
206017;Нуржанов Надежда Олеговна;2023-02-16;Копейск;VK Ads
206018;Яковлев Зарина Николаевич;2023-10-05;Нижневартовск;Direct
206019;Саркисян Екатерина Евгеньевич;2023-09-26;Челябинск;Yandex Ads
206020;Лебедев Гузель Владимирович;2024-05-24;Челябинск;Direct
206021;Герасимов Амина Юрьевна;2023-10-15;Новосибирск;Referral
206022;Титов Егор Иванович;2023-10-30;Оренбург;Yandex Ads
206023;Соколов Артём Романовна;2024-03-24;Челябинск;Referral
206024;Алексеев Елена Юрьевна;2023-08-26;Нижневартовск;Organic
206025;Мамедов Светлана Владимировна;2023-12-21;Тюмень;Yandex Ads
206026;Фролов Илья Дмитриевна;2024-03-16;Уфа;Telegram
206027;Аветисян Максим Павлович;2023-07-27;Магнитогорск;Direct
206028;Шин Роман Андреевич;2024-01-15;Челябинск;Yandex Ads
206029;Котов Фёдор Александрович;2024-08-26;Екатеринбург;Yandex Ads
206030;Богданов Надежда Алексеевич;2023-08-27;Оренбург;Yandex Ads
206031;Комаров Евгений Михайловна;2024-02-03;Челябинск;VK Ads
206032;Васильев Павел Викторовна;2024-03-12;Магнитогорск;Referral
206033;Фёдоров Оксана Павловна;2024-03-04;Миасс;Organic
206034;Фролов Татьяна Владимировна;2023-09-20;Челябинск;Email
206035;Сергеев Юлия Игоревич;2023-07-03;Челябинск;Telegram
206036;Данилов Максим Сергеевна;2023-02-07;Челябинск;Organic
206037;Гусев Георгий Павловна;2023-04-08;Златоуст;Direct
206038;Фомин Оксана Николаевич;2023-05-05;Златоуст;Organic
206039;Цой Артём Евгеньевич;2023-04-06;Челябинск;Referral
206040;Богданов Антон Юрьевна;2024-08-24;Челябинск;Telegram
206041;Миронов Гузель Ивановна;2024-02-21;Копейск;Telegram
206042;Саркисян Дарья Николаевна;2023-04-23;Челябинск;Direct
206043;Фролов Алина Андреевна;2023-02-05;Курган;Organic
206044;Денисов Ярослав Александровна;2024-05-29;Москва;Organic
206045;Иванов Артур Михайловна;2023-09-06;Тюмень;Yandex Ads
206046;Галимов Зарина Алексеевич;2024-08-27;Казань;Telegram
206047;Фомин Ярослав Андреевич;2024-04-23;Миасс;Organic
206048;Ершов Анна Игоревна;2024-05-30;Екатеринбург;VK Ads
206049;Котов Денис Юрьевич;2023-01-07;Челябинск;Direct
206050;Сеитов Аделина Викторовна;2023-11-19;Челябинск;Organic
206051;Кузьмин Элина Андреевна;2023-04-25;Миасс;Direct
206052;Чернов Ярослав Игоревна;2023-12-17;Челябинск;Telegram
206053;Орлов Амина Иванович;2023-07-15;Челябинск;Organic
206054;Мкртчян Маргарита Алексеевна;2023-03-01;Пермь;VK Ads
206055;Семёнов Юлия Ивановна;2023-02-20;Миасс;Yandex Ads
206056;Касымов Марат Михайловна;2024-07-21;Челябинск;Yandex Ads
206057;Медведев Евгения Викторович;2023-09-10;Челябинск;Direct
206058;Мартиросян Тимур Ивановна;2024-07-24;Челябинск;Direct
206059;Тарасенко Вероника Ивановна;2024-01-30;Челябинск;Direct
206060;Цветков Полина Владимирович;2023-10-12;Златоуст;Yandex Ads
206061;Нуриев Алёна Алексеевна;2023-08-08;Оренбург;Yandex Ads
206062;Фомин Юлия Михайловна;2024-05-22;Златоуст;Direct
206063;Ершов Диана Романович;2024-08-20;Москва;Direct
206064;Кузнецов Вадим Олегович;2023-01-20;Копейск;Direct
206065;Данилов Зарина Александрович;2024-06-20;Челябинск;Yandex Ads
206066;Мамедов Евгений Евгеньевич;2023-01-28;Челябинск;Direct
206067;Ахметов Кристина Алексеевна;2023-08-21;Челябинск;VK Ads
206068;Цой Маргарита Антонович;2024-05-28;Оренбург;Direct
206069;Поляков Егор Николаевна;2023-06-14;Пермь;Referral
206070;Богданов Айгуль Андреевна;2024-01-29;Челябинск;Organic
206071;Соколов Софья Владимирович;2024-08-14;Челябинск;Telegram
206072;Новиков Ирина Павлович;2023-03-14;Златоуст;Yandex Ads
206073;Галимов Алина Ивановна;2023-09-12;Ижевск;Organic
206074;Баранов Константин Алексеевна;2023-01-14;Сургут;Referral
206075;Ким Гузель Михайловна;2023-09-05;Нижневартовск;Telegram
206076;Королёв Айгуль Дмитриевна;2024-07-31;Челябинск;Referral
206077;Щербаков Тимур Юрьевна;2023-12-10;Тюмень;Organic
206078;Петров Сергей Игоревна;2023-09-11;Уфа;Organic
206079;Зайцев Сергей Олегович;2023-11-28;Пермь;Direct
206080;Власов Милана Александровна;2024-06-21;Копейск;Email
206081;Андреев Светлана Сергеевна;2024-01-23;Тюмень;Direct
206082;Гусев Анастасия Олеговна;2023-03-18;Копейск;Organic
206083;Фомин Юлия Антонович;2023-12-12;Челябинск;Organic
206084;Галимов Гузель Игоревич;2023-03-29;Челябинск;Direct
206085;Мирзоян Сергей Андреевич;2023-02-03;Екатеринбург;Direct
206086;Сафонов Мария Антонович;2023-12-21;Казань;Referral
206087;Маслов Маргарита Викторовна;2023-10-19;Москва;Organic
206088;Тулеев Ксения Андреевич;2024-05-03;Челябинск;Direct
206089;Шевченко Кирилл Игоревич;2023-12-31;Курган;Yandex Ads
206090;Кондратьев Евгения Олегович;2023-12-19;Копейск;VK Ads
206091;Юн Марина Михайлович;2023-11-25;Курган;Telegram
206092;Беляев Кирилл Игоревна;2023-07-08;Миасс;Organic
206093;Сулейманов Карен Дмитриевич;2023-07-06;Казань;Direct
206094;Денисов Артём Юрьевич;2023-05-22;Тюмень;Yandex Ads
206095;Павлов Элина Владимировна;2023-07-09;Магнитогорск;VK Ads
206096;Абрамян Валерий Алексеевна;2023-02-22;Копейск;Referral
206097;Соловьёв Станислав Алексеевич;2023-02-22;Миасс;Organic
206098;Нуриев Евгений Евгеньевич;2023-07-25;Челябинск;Email
206099;Васильев Юлия Александровна;2023-07-27;Челябинск;Direct
206100;Котов Дмитрий Евгеньевич;2023-05-14;Казань;Direct
206101;Пономарёв Ольга Михайловна;2023-03-15;Магнитогорск;Organic
206102;Шевченко Игорь Романович;2023-09-11;Златоуст;Telegram
206103;Хасанов Тимур Антонович;2024-05-02;Копейск;Referral
206104;Ахметжанов Оксана Романовна;2023-12-09;Челябинск;Organic
206105;Смирнов Андрей Олеговна;2023-11-16;Челябинск;Organic
206106;Ахметов Татьяна Павлович;2024-08-16;Магнитогорск;VK Ads
206107;Борисов Руслан Сергеевич;2024-02-24;Курган;Organic
206108;Тен Георгий Дмитриевич;2023-10-12;Екатеринбург;Organic
206109;Галимов Надежда Игоревна;2024-03-26;Магнитогорск;Direct
206110;Ильин Антон Михайловна;2023-02-18;Челябинск;Referral
206111;Пономарёв Илья Андреевич;2024-04-22;Уфа;Direct
206112;Петров Вера Антонович;2023-04-16;Челябинск;VK Ads
206113;Нуржанов Фёдор Викторович;2024-03-12;Москва;Organic
206114;Ильин Надежда Павлович;2024-01-09;Златоуст;Telegram
206115;Бекетов Тигран Владимировна;2023-07-24;Екатеринбург;Yandex Ads
206116;Андреев Ксения Алексеевна;2023-09-08;Челябинск;Direct
206117;Коваленко Екатерина Алексеевич;2023-10-12;Челябинск;Organic
206118;Рябов Илья Александровна;2023-09-04;Челябинск;Referral
206119;Шарипов Татьяна Михайлович;2023-09-07;Миасс;VK Ads
206120;Алексеев Георгий Романовна;2023-08-20;Копейск;Referral
206121;Белов Виктория Владимировна;2024-01-25;Челябинск;Direct
206122;Кузнецов Станислав Иванович;2023-12-04;Челябинск;VK Ads
206123;Лазарев Михаил Игоревна;2023-10-10;Миасс;Direct
206124;Белов Амина Михайлович;2023-01-28;Пермь;VK Ads
206125;Семёнов Татьяна Дмитриевич;2023-10-19;Курган;Direct
206126;Наумов Самвел Андреевич;2024-04-15;Тюмень;Organic
206127;Котов Софья Викторовна;2023-03-11;Пермь;Yandex Ads
206128;Яковлев Эмиль Александрович;2023-10-12;Челябинск;Direct
206129;Баранов Евгения Романовна;2023-12-07;Челябинск;Email
206130;Аветисян Андрей Алексеевна;2024-05-25;Екатеринбург;VK Ads
206131;Денисов Оксана Игоревич;2023-12-11;Казань;Yandex Ads
206132;Капустин Михаил Антонович;2023-04-02;Челябинск;Organic
206133;Борисов Марат Евгеньевна;2023-08-04;Тюмень;Yandex Ads
206134;Тарасов Даниил Владимирович;2023-08-06;Челябинск;Organic
206135;Тен Дарья Владимирович;2023-02-13;Екатеринбург;Direct
206136;Ли Никита Николаевич;2024-03-02;Пермь;Yandex Ads
206137;Коваленко Марат Сергеевич;2023-02-15;Челябинск;Organic
206138;Ахметжанов Олег Дмитриевич;2023-07-24;Москва;Direct
206139;Тарасов Екатерина Алексеевна;2023-08-20;Челябинск;Yandex Ads
206140;Хабибуллин Амина Дмитриевна;2024-02-05;Самара;Organic
206141;Беляев Диана Александрович;2024-07-06;Москва;VK Ads
206142;Кадыров Алёна Владимировна;2023-12-17;Екатеринбург;Organic
206143;Кузнецов Карен Юрьевич;2023-06-04;Копейск;Yandex Ads
206144;Ершов Ольга Владимирович;2023-04-23;Миасс;Yandex Ads
206145;Шин Лилия Сергеевич;2024-07-01;Екатеринбург;VK Ads
206146;Маслов Карина Игоревич;2024-03-04;Казань;Direct
206147;Мартиросян Марат Викторович;2023-05-31;Челябинск;VK Ads
206148;Логинов Лейла Алексеевна;2024-04-26;Челябинск;Yandex Ads
206149;Мирзоян Борис Андреевна;2024-08-23;Ижевск;VK Ads
206150;Нуриев Глеб Юрьевич;2023-06-30;Магнитогорск;VK Ads
206151;Гарипов Милана Дмитриевич;2023-12-11;Челябинск;VK Ads
206152;Бойко Элина Дмитриевич;2023-10-04;Челябинск;Organic
206153;Тарасов Анастасия Михайлович;2023-09-10;Челябинск;Organic
206154;Абрамян Алексей Дмитриевна;2024-01-25;Челябинск;Organic
206155;Яковлев Оксана Евгеньевич;2023-10-31;Челябинск;Organic
206156;Садыков Егор Игоревна;2023-07-08;Магнитогорск;Direct
206157;Власов Илья Олегович;2023-09-29;Челябинск;Yandex Ads
206158;Зайцев Руслан Игоревна;2024-02-24;Уфа;Direct
206159;Мартиросян Тимур Алексеевна;2024-04-17;Екатеринбург;Referral
206160;Степанов Кристина Владимирович;2024-03-10;Екатеринбург;Referral
206161;Максимов Мария Викторовна;2023-01-25;Москва;Direct
206162;Мухаметшин Оксана Михайлович;2023-10-14;Челябинск;Organic
206163;Щербаков Зарина Евгеньевна;2024-07-19;Тюмень;Direct
206164;Котов Диана Алексеевна;2023-03-04;Уфа;Direct
206165;Нуриев Айгуль Евгеньевич;2024-05-05;Челябинск;Direct
206166;Хабибуллин Дмитрий Алексеевна;2023-09-01;Миасс;Referral
206167;Наумов Динара Романовна;2024-08-01;Миасс;Yandex Ads
206168;Нуржанов Алексей Антонович;2024-07-01;Ижевск;Telegram
206169;Маслов Мария Дмитриевна;2024-01-23;Магнитогорск;Organic
206170;Капустин Ярослав Алексеевич;2023-08-19;Тюмень;Organic
206171;Ахметов Светлана Викторович;2024-06-09;Тюмень;Direct
206172;Ершов Станислав Ивановна;2023-01-24;Пермь;Yandex Ads
206173;Сафин Глеб Антонович;2023-02-11;Челябинск;Organic
206174;Аветисян Татьяна Владимировна;2023-03-16;Казань;Organic
206175;Быков Светлана Юрьевич;2023-09-05;Челябинск;VK Ads
206176;Волков Тигран Сергеевна;2024-07-27;Челябинск;Organic
206177;Исмаилов Марат Сергеевич;2024-06-20;Миасс;Direct
206178;Ершов Алексей Сергеевич;2024-03-23;Магнитогорск;VK Ads
206179;Тен Тимур Дмитриевна;2023-03-13;Курган;VK Ads
206180;Белов Лилия Николаевич;2024-05-30;Самара;Referral
206181;Маслов Екатерина Олегович;2023-07-04;Казань;Email
206182;Кузьмин Лейла Евгеньевич;2023-11-17;Тюмень;Direct
206183;Котов Станислав Юрьевна;2024-05-02;Москва;Referral
206184;Кудрявцев Вадим Евгеньевна;2023-12-10;Миасс;Organic
206185;Миронов Елена Юрьевич;2024-06-27;Казань;Yandex Ads
206186;Титов Евгений Ивановна;2024-01-19;Миасс;VK Ads
206187;Аветисян Юлия Евгеньевна;2023-06-26;Челябинск;Organic
206188;Бекетов Юлия Иванович;2023-11-02;Миасс;Yandex Ads
206189;Алексеев Александр Евгеньевна;2023-06-09;Екатеринбург;Organic
206190;Касымов Алёна Иванович;2023-11-22;Курган;VK Ads
206191;Ткаченко Алексей Юрьевич;2024-08-02;Оренбург;Organic
206192;Фомин Анастасия Михайловна;2023-05-20;Уфа;Direct
206193;Новиков Анастасия Олеговна;2023-05-20;Москва;Direct
206194;Козлов Николай Владимирович;2024-03-18;Челябинск;Telegram
206195;Ахметов Айгуль Антонович;2023-10-02;Златоуст;Organic
206196;Кондратьев Надежда Антонович;2023-06-25;Челябинск;VK Ads
206197;Гусев Юлия Антонович;2024-06-06;Копейск;Organic
206198;Голубев Мария Юрьевна;2023-09-11;Уфа;Organic
206199;Бекетов Алексей Владимировна;2024-07-30;Челябинск;Yandex Ads
206200;Гарипов Алёна Игоревич;2024-06-03;Челябинск;Email
206201;Гасанов Даниил Юрьевич;2023-08-02;Челябинск;Telegram
206202;Павлов Анна Павлович;2023-07-07;Челябинск;Telegram
206203;Сорокин Валерий Павловна;2023-12-12;Казань;Direct
206204;Тарасенко Оксана Антонович;2024-06-29;Челябинск;Yandex Ads
206205;Семёнов Зарина Викторовна;2023-08-31;Казань;Referral
206206;Касымов Олег Андреевна;2024-06-23;Челябинск;Direct
206207;Тарасов Андрей Владимирович;2024-02-07;Тюмень;Direct
206208;Попов Александр Игоревна;2024-05-30;Челябинск;Organic
206209;Голубев Алина Павлович;2024-01-12;Курган;VK Ads
206210;Чернов Алёна Николаевич;2024-08-23;Челябинск;Yandex Ads
206211;Сафин Ярослав Михайловна;2023-03-04;Челябинск;Yandex Ads
206212;Семёнов Карен Михайлович;2023-03-11;Оренбург;Organic
206213;Герасимов Надежда Романович;2023-07-05;Казань;Yandex Ads
206214;Герасимов Самвел Павлович;2023-09-17;Магнитогорск;Direct
206215;Алиев Георгий Владимировна;2024-02-15;Екатеринбург;Direct
206216;Макаров Софья Дмитриевич;2023-08-12;Пермь;Referral
206217;Ткаченко Светлана Николаевич;2024-05-12;Пермь;Referral
206218;Тен Алёна Дмитриевна;2024-07-13;Копейск;Referral
206219;Савченко Сергей Николаевич;2024-08-13;Златоуст;Organic
206220;Медведев Анна Андреевна;2023-03-02;Миасс;Organic
206221;Алиев Марина Юрьевич;2024-05-25;Миасс;Yandex Ads
206222;Киселёв Надежда Ивановна;2023-11-14;Казань;Organic
206223;Фомин Дарья Евгеньевич;2024-07-14;Екатеринбург;Telegram
206224;Пак Валерия Николаевна;2024-07-26;Тюмень;Referral
206225;Бекетов Дмитрий Павловна;2023-12-06;Курган;Direct
206226;Герасимов Екатерина Олегович;2023-06-07;Казань;VK Ads
206227;Сеитов Юлия Николаевна;2024-03-24;Магнитогорск;Direct
206228;Шин Тимур Юрьевич;2023-05-22;Челябинск;Organic
206229;Назаров Валерий Юрьевна;2023-08-26;Челябинск;Yandex Ads
206230;Быков Юрий Юрьевна;2024-01-07;Миасс;VK Ads
206231;Юсупов Ирина Евгеньевна;2024-01-17;Челябинск;Organic
206232;Галимов Юлия Владимирович;2024-02-10;Челябинск;Organic
206233;Каримов Марат Романович;2023-12-15;Санкт-Петербург;Yandex Ads
206234;Котов Маргарита Игоревна;2023-03-21;Тюмень;Organic
206235;Назаров Андрей Олеговна;2023-05-22;Казань;Yandex Ads
206236;Чернов Валерий Ивановна;2024-01-12;Уфа;VK Ads
206237;Павлов Екатерина Дмитриевич;2023-12-29;Магнитогорск;Telegram
206238;Наумов Динара Владимирович;2023-01-17;Копейск;Organic
206239;Логинов Наталья Иванович;2024-06-20;Челябинск;Yandex Ads
206240;Кузнецов Елена Ивановна;2023-10-16;Сургут;Direct
206241;Гасанов Виктор Сергеевич;2024-06-29;Челябинск;VK Ads
206242;Сергеев Максим Сергеевна;2023-07-26;Уфа;Organic
206243;Гусев Михаил Ивановна;2024-06-05;Екатеринбург;Organic
206244;Беляев Артур Олеговна;2023-04-11;Челябинск;Referral
206245;Жумабаев Николай Николаевич;2024-01-11;Самара;Organic
206246;Медведев Марина Романович;2024-05-02;Миасс;Direct
206247;Кадыров Михаил Дмитриевич;2023-01-26;Челябинск;VK Ads
206248;Сергеев Марина Игоревич;2024-02-03;Челябинск;Referral
206249;Юн Александр Андреевна;2023-06-15;Копейск;Yandex Ads
206250;Жуков Даниил Викторовна;2024-07-14;Челябинск;VK Ads
206251;Павлов Маргарита Александровна;2024-05-30;Миасс;Email
206252;Яковлев Алексей Михайлович;2023-08-29;Миасс;Organic
206253;Аветисян Андрей Сергеевна;2023-05-03;Челябинск;Email
206254;Миронов Никита Александрович;2023-11-25;Миасс;Email
206255;Сеитов Марина Юрьевна;2024-07-28;Челябинск;Organic
206256;Баранов Александр Дмитриевич;2024-07-26;Екатеринбург;Telegram
206257;Сулейманов Ольга Олеговна;2023-02-18;Копейск;Telegram
206258;Галимов Фёдор Николаевич;2024-02-07;Миасс;Email
206259;Тарасенко Гузель Ивановна;2024-08-03;Москва;Referral
206260;Виноградов Ксения Владимировна;2023-03-05;Челябинск;Telegram
206261;Макаров Евгения Андреевич;2023-10-28;Ижевск;Organic
206262;Мельник Владимир Павлович;2023-04-12;Магнитогорск;Organic
206263;Афанасьев Мария Алексеевна;2023-12-11;Казань;Organic
206264;Соколов Илья Ивановна;2023-10-09;Курган;Email
206265;Королёв Динара Романович;2023-03-30;Пермь;VK Ads
206266;Маслов Виктория Викторовна;2023-10-25;Челябинск;Yandex Ads
206267;Юн Анастасия Павловна;2024-06-26;Челябинск;VK Ads
206268;Гасанов Диана Павловна;2024-07-06;Нижневартовск;Direct
206269;Ибрагимов Тигран Михайловна;2024-06-13;Копейск;VK Ads
206270;Абрамян Эдуард Михайлович;2024-02-23;Екатеринбург;Organic
206271;Ильин Карен Александровна;2024-07-10;Челябинск;Direct
206272;Яковлев Анна Викторович;2024-05-07;Челябинск;Email
206273;Титов Андрей Евгеньевна;2023-08-10;Казань;Organic
206274;Мкртчян Евгений Евгеньевна;2023-11-29;Копейск;Organic
206275;Кадыров Артур Михайловна;2024-06-18;Челябинск;Telegram
206276;Гончаренко Егор Евгеньевич;2023-12-10;Копейск;Organic
206277;Новиков Андрей Евгеньевич;2023-08-24;Златоуст;VK Ads
206278;Сафин Мария Николаевич;2024-05-16;Челябинск;Direct
206279;Михайлов Андрей Сергеевич;2023-12-13;Челябинск;Organic
206280;Власов Алексей Сергеевна;2024-02-12;Казань;Referral
206281;Быков Ирина Сергеевна;2023-04-26;Екатеринбург;Direct
206282;Васильев Ирина Евгеньевич;2023-04-16;Копейск;Telegram
206283;Гасанов Борис Викторовна;2023-02-06;Екатеринбург;Yandex Ads
206284;Соловьёв Фёдор Викторовна;2023-07-19;Челябинск;Organic
206285;Тарасенко Вадим Сергеевич;2023-12-21;Златоуст;Email
206286;Маслов Фёдор Евгеньевич;2023-09-15;Уфа;Yandex Ads
206287;Козлов Ольга Евгеньевна;2023-01-11;Екатеринбург;Email
206288;Афанасьев Борис Викторович;2024-07-20;Копейск;Yandex Ads
206289;Щербаков Артур Алексеевич;2023-07-02;Челябинск;Organic
206290;Зайцев Зарина Юрьевич;2023-05-01;Челябинск;Organic
206291;Быков Светлана Викторовна;2023-09-07;Челябинск;Referral
206292;Кузнецов Ксения Романовна;2024-06-20;Челябинск;Referral
206293;Мухаметшин Амина Викторовна;2023-04-24;Екатеринбург;Organic
206294;Ткаченко Полина Владимировна;2023-05-11;Копейск;Referral
206295;Ахметжанов Светлана Николаевич;2023-03-13;Магнитогорск;Yandex Ads
206296;Борисов Илья Викторовна;2023-05-03;Челябинск;Organic
206297;Абрамян Александр Ивановна;2024-08-27;Копейск;Organic
206298;Ахметов Надежда Михайловна;2023-02-06;Екатеринбург;Organic
206299;Оганесян Артур Михайлович;2023-06-24;Уфа;Referral
206300;Алиев Гузель Игоревич;2023-11-30;Челябинск;Yandex Ads
206301;Гусев Евгения Владимирович;2023-09-22;Москва;Yandex Ads
206302;Виноградов Марат Владимировна;2023-10-08;Сургут;Referral
206303;Цой Оксана Сергеевна;2023-07-22;Тюмень;Yandex Ads
206304;Ткаченко Глеб Романовна;2024-07-01;Уфа;Organic
206305;Сергеев Яна Евгеньевич;2023-05-21;Тюмень;Yandex Ads
206306;Королёв Алина Николаевна;2024-02-05;Челябинск;Telegram
206307;Жумабаев Иван Александрович;2024-01-21;Челябинск;Direct
206308;Смирнов Егор Павлович;2023-11-10;Сургут;Yandex Ads
206309;Белов Егор Юрьевич;2023-02-07;Ижевск;Yandex Ads
206310;Афанасьев Аделина Романовна;2023-06-04;Миасс;Organic
206311;Саркисян Ирина Сергеевич;2024-06-22;Нижневартовск;Yandex Ads
206312;Жуков Самвел Александрович;2023-07-27;Миасс;Direct
206313;Акопян Тигран Владимирович;2024-07-03;Копейск;Organic
206314;Бойко Тигран Игоревич;2023-06-13;Копейск;Direct
206315;Сергеев Лилия Ивановна;2024-05-08;Оренбург;Telegram
206316;Омаров Милана Павловна;2023-06-28;Новосибирск;Referral
206317;Ильин Сергей Ивановна;2023-05-20;Магнитогорск;Telegram
206318;Белов Юрий Андреевна;2023-01-02;Челябинск;Organic
206319;Мартиросян Арсен Олегович;2023-06-09;Копейск;Telegram
206320;Коваленко Ярослав Павловна;2023-08-17;Екатеринбург;Organic
206321;Капустин Виктор Романович;2023-04-01;Нижневартовск;Organic
206322;Чернов Вадим Юрьевна;2023-04-11;Челябинск;Direct
206323;Тарасенко Гузель Павлович;2024-03-04;Челябинск;Direct
206324;Власов Валерия Алексеевна;2023-03-15;Сургут;Direct
206325;Соболев Наталья Сергеевич;2024-05-07;Челябинск;Direct
206326;Андреев Артём Юрьевна;2023-09-07;Челябинск;Email
206327;Комаров Софья Евгеньевна;2024-06-04;Златоуст;Organic
206328;Чернов Эдуард Николаевич;2023-12-06;Миасс;VK Ads
206329;Сеитов Тимур Романович;2024-08-21;Челябинск;Yandex Ads
206330;Титов Максим Игоревна;2024-01-29;Златоуст;Direct
206331;Зайцев Марат Михайловна;2023-06-27;Магнитогорск;Yandex Ads
206332;Баранов Наталья Андреевич;2024-08-06;Уфа;Organic
206333;Логинов Диана Андреевна;2023-06-29;Тюмень;VK Ads
206334;Волков Глеб Романович;2023-05-29;Челябинск;Direct
206335;Коваленко Юлия Николаевна;2023-08-25;Самара;Referral
206336;Назаров Игорь Игоревна;2023-07-10;Уфа;Organic
206337;Кудрявцев Александр Антонович;2023-05-07;Челябинск;Organic
206338;Васильев Фёдор Олеговна;2023-03-30;Екатеринбург;Direct
206339;Галимов Никита Владимировна;2024-05-24;Москва;Telegram
206340;Котов Валерий Сергеевич;2023-09-16;Миасс;Organic
206341;Комаров Лейла Александрович;2023-12-18;Челябинск;Yandex Ads
206342;Пак Наталья Иванович;2023-07-29;Москва;Organic
206343;Новиков Юлия Игоревна;2023-03-06;Златоуст;VK Ads
206344;Ли Владимир Николаевич;2024-08-08;Копейск;Telegram
206345;Кузьмин Дарья Игоревич;2024-07-03;Копейск;Organic
206346;Алиев Вероника Романовна;2024-04-24;Новосибирск;VK Ads
206347;Фролов Андрей Ивановна;2023-01-25;Челябинск;Organic
206348;Попов Эдуард Алексеевна;2023-05-12;Москва;Telegram
206349;Кузнецов Ольга Андреевна;2024-07-05;Челябинск;VK Ads
206350;Королёв Глеб Олеговна;2024-08-03;Миасс;Telegram
206351;Козлов Сергей Андреевич;2023-02-06;Копейск;Direct
206352;Бондаренко Наталья Романович;2023-01-28;Челябинск;Telegram
206353;Петров Кристина Юрьевич;2023-02-12;Миасс;Organic
206354;Белов Алёна Михайлович;2023-02-14;Челябинск;Organic
206355;Лазарев Гузель Сергеевич;2024-03-01;Челябинск;VK Ads
206356;Рябов Евгения Игоревич;2024-07-03;Челябинск;Organic
206357;Назаров Элина Антонович;2024-06-22;Копейск;Direct
206358;Афанасьев Кирилл Евгеньевич;2023-09-09;Ижевск;Yandex Ads
206359;Козлов Ксения Романович;2023-04-16;Магнитогорск;Organic
206360;Аветисян Михаил Сергеевич;2023-12-27;Копейск;Organic
206361;Юн Николай Александрович;2024-05-20;Санкт-Петербург;Organic
206362;Михайлов Михаил Олегович;2024-05-30;Оренбург;Organic
206363;Богданов Алексей Александровна;2024-07-29;Курган;Organic
206364;Тарасенко Борис Алексеевна;2024-05-25;Челябинск;Organic
206365;Захаров Ксения Викторович;2024-06-24;Уфа;Direct
206366;Комаров Надежда Николаевич;2023-06-23;Челябинск;Organic
206367;Алиев Антон Павловна;2023-07-30;Челябинск;Yandex Ads
206368;Сафонов Полина Иванович;2023-05-05;Копейск;Yandex Ads
206369;Егоров Руслан Юрьевна;2023-04-29;Златоуст;Yandex Ads
206370;Титов Иван Павловна;2024-01-05;Златоуст;Referral
206371;Гарипов Яна Алексеевна;2024-01-29;Казань;Organic
206372;Афанасьев Наталья Игоревич;2023-04-05;Тюмень;Organic
206373;Воробьёв Игорь Алексеевна;2023-11-23;Челябинск;Direct
206374;Егоров Руслан Ивановна;2024-04-05;Миасс;VK Ads
206375;Смирнов Ксения Андреевич;2023-06-02;Оренбург;Yandex Ads
206376;Тен Максим Юрьевна;2023-07-18;Челябинск;Organic
206377;Ткаченко Динара Олегович;2023-05-25;Курган;Organic
206378;Бекетов Самвел Юрьевич;2023-05-20;Сургут;Direct
206379;Гусев Игорь Алексеевна;2023-08-04;Екатеринбург;Direct
206380;Гусев Андрей Александрович;2024-08-14;Челябинск;Direct
206381;Юсупов Зарина Владимирович;2023-08-26;Челябинск;Direct
206382;Бойко Динара Олеговна;2024-01-04;Копейск;Organic
206383;Кудрявцев Ксения Евгеньевич;2024-02-09;Челябинск;Direct
206384;Исмаилов Валерия Евгеньевна;2024-05-15;Курган;Referral
206385;Шин Станислав Викторовна;2024-07-30;Челябинск;Yandex Ads
206386;Цветков Кирилл Дмитриевна;2023-08-14;Оренбург;Direct
206387;Жуков Оксана Евгеньевна;2023-07-25;Магнитогорск;Telegram
206388;Хабибуллин Карен Ивановна;2024-06-03;Магнитогорск;Referral
206389;Бондаренко Антон Викторовна;2023-03-15;Челябинск;Yandex Ads
206390;Захаров Глеб Сергеевич;2024-08-11;Миасс;VK Ads
206391;Семёнов Полина Дмитриевич;2024-08-25;Копейск;Organic
206392;Виноградов Эмиль Александрович;2024-03-12;Курган;Direct
206393;Мартиросян Николай Игоревич;2024-08-06;Челябинск;Direct
206394;Сергеев Зарина Александрович;2023-09-17;Челябинск;Yandex Ads
206395;Щербаков Диана Евгеньевна;2024-06-28;Златоуст;Telegram
206396;Егоров Айгуль Дмитриевна;2024-01-28;Магнитогорск;Direct
206397;Филатов Эдуард Николаевна;2023-10-23;Копейск;VK Ads
206398;Цветков Кристина Романович;2023-08-09;Копейск;Telegram
206399;Герасимов Владимир Михайлович;2023-09-21;Копейск;Direct
206400;Фёдоров Юрий Дмитриевна;2023-12-11;Москва;Organic
206401;Коваленко Надежда Игоревич;2023-08-13;Челябинск;VK Ads
206402;Тулеев Зарина Павлович;2023-06-14;Пермь;VK Ads
206403;Морозов Лейла Николаевна;2024-05-05;Казань;Referral
206404;Мирзоян Надежда Юрьевна;2023-11-12;Челябинск;Yandex Ads
206405;Максимов Мария Евгеньевна;2024-01-13;Магнитогорск;Direct
206406;Захаров Марат Игоревна;2024-07-22;Пермь;VK Ads
206407;Лебедев Полина Романовна;2023-09-17;Златоуст;Direct
206408;Саркисян Егор Дмитриевна;2023-02-18;Златоуст;Direct
206409;Голубев Зарина Олегович;2024-06-22;Уфа;Telegram
206410;Иванов Вадим Павловна;2024-05-27;Челябинск;Yandex Ads
206411;Сулейманов Наталья Евгеньевич;2024-06-23;Копейск;Direct
206412;Белов Валерия Викторович;2023-12-07;Казань;Organic
206413;Попов Никита Олегович;2024-08-21;Челябинск;Yandex Ads
206414;Степанов Диана Викторович;2024-06-06;Миасс;Yandex Ads
206415;Ковалёв Даниил Иванович;2023-06-10;Москва;Direct
206416;Фролов Валерий Евгеньевич;2024-08-11;Санкт-Петербург;Organic
206417;Тарасов Полина Романовна;2023-12-21;Тюмень;Organic
206418;Ершов Александр Евгеньевна;2023-05-10;Уфа;Yandex Ads
206419;Сафонов Наталья Ивановна;2024-01-20;Оренбург;Yandex Ads
206420;Омаров Элина Владимирович;2023-01-04;Миасс;Organic
206421;Нуржанов Екатерина Юрьевич;2024-01-12;Златоуст;VK Ads
206422;Шевченко Полина Евгеньевна;2024-01-18;Магнитогорск;Direct
206423;Петросян Лейла Романович;2024-04-16;Казань;Yandex Ads
206424;Акопян Тигран Игоревна;2023-06-09;Челябинск;Direct
206425;Коваленко Юрий Павловна;2023-07-07;Магнитогорск;Direct
206426;Ильин Вера Евгеньевна;2023-06-28;Нижневартовск;Yandex Ads
206427;Григорьев Амина Николаевич;2024-04-13;Челябинск;Telegram
206428;Богданов Никита Иванович;2023-12-30;Казань;Yandex Ads
206429;Каримов Сергей Андреевна;2023-05-13;Челябинск;VK Ads
206430;Кузнецов Наталья Владимировна;2023-09-19;Челябинск;VK Ads
206431;Куликов Марат Андреевич;2023-06-19;Ижевск;Email
206432;Юсупов Руслан Сергеевич;2024-07-02;Миасс;Organic
206433;Мартиросян Виктория Алексеевич;2024-07-13;Пермь;Email
206434;Лазарев Ирина Игоревна;2023-02-17;Челябинск;Telegram
206435;Ли Эдуард Евгеньевич;2023-08-02;Тюмень;Organic
206436;Акопян Валерий Александровна;2024-03-14;Челябинск;Yandex Ads
206437;Щербаков Аделина Алексеевич;2024-07-17;Тюмень;Direct
206438;Михайлов Михаил Олеговна;2024-06-08;Копейск;Yandex Ads
206439;Смирнов Лейла Юрьевна;2023-02-05;Пермь;Direct
206440;Морозов Вероника Романовна;2023-11-29;Миасс;Organic
206441;Григорьев Мария Романовна;2024-02-29;Челябинск;Organic
206442;Хабибуллин Алина Ивановна;2023-09-08;Копейск;Email
206443;Ковалёв Станислав Игоревна;2024-06-15;Челябинск;Yandex Ads
206444;Нуржанов Карен Николаевич;2023-01-28;Копейск;Organic
206445;Гасанов Тигран Александрович;2024-07-26;Тюмень;Organic
206446;Ковалёв Эдуард Андреевич;2023-09-10;Новосибирск;VK Ads
206447;Гарипов Даниил Игоревна;2023-11-21;Магнитогорск;Direct
206448;Ибрагимов Виктор Романовна;2023-10-04;Курган;Yandex Ads
206449;Фролов Михаил Викторович;2023-07-29;Магнитогорск;Direct
206450;Тарасов Антон Юрьевич;2023-04-18;Челябинск;Organic
206451;Лебедев Елена Юрьевна;2023-09-15;Челябинск;Telegram
206452;Михайлов Георгий Владимирович;2024-06-01;Казань;Organic
206453;Садыков Илья Михайловна;2024-05-08;Челябинск;Telegram
206454;Валеев Эдуард Игоревна;2024-06-05;Миасс;Direct
206455;Степанов Маргарита Алексеевич;2024-03-18;Тюмень;VK Ads
206456;Кузьмин Анастасия Олеговна;2023-04-06;Челябинск;VK Ads
206457;Григорян Милана Николаевич;2023-09-17;Челябинск;Telegram
206458;Соколов Фёдор Александровна;2023-05-22;Челябинск;Yandex Ads
206459;Быков Руслан Евгеньевна;2024-03-12;Миасс;Email
206460;Бойко Ксения Алексеевна;2024-08-04;Челябинск;Yandex Ads
206461;Цветков Софья Алексеевна;2024-01-23;Челябинск;Telegram
206462;Цветков Владимир Ивановна;2024-05-08;Миасс;VK Ads
206463;Жумабаев Тимур Андреевич;2024-07-21;Екатеринбург;Yandex Ads
206464;Ершов Амина Викторовна;2023-12-13;Курган;Telegram
206465;Поляков Екатерина Романович;2023-02-20;Магнитогорск;Direct
206466;Щербаков Карен Александрович;2023-08-18;Челябинск;Referral
206467;Сеитов Самвел Владимирович;2023-05-03;Челябинск;Yandex Ads
206468;Тулеев Анастасия Николаевич;2024-06-19;Челябинск;Organic
206469;Андреев Алексей Андреевна;2024-01-23;Ижевск;Yandex Ads
206470;Фролов Алексей Андреевич;2023-06-30;Самара;Email
206471;Оганесян Самвел Владимировна;2023-10-11;Копейск;Direct
206472;Тарасов Виктор Игоревна;2023-12-14;Челябинск;Yandex Ads
206473;Максимов Наталья Сергеевна;2023-07-08;Новосибирск;Organic
206474;Михайлов Динара Олеговна;2024-08-03;Москва;VK Ads
206475;Максимов Екатерина Викторовна;2023-10-22;Ижевск;VK Ads
206476;Новиков Татьяна Андреевич;2023-05-16;Екатеринбург;Organic
206477;Ильин Сергей Дмитриевич;2023-07-08;Челябинск;Yandex Ads
206478;Арутюнян Ярослав Романовна;2023-08-09;Челябинск;Referral
206479;Савченко Николай Игоревна;2023-10-02;Курган;Organic
206480;Соболев Милана Алексеевна;2023-07-28;Уфа;Direct
206481;Власов Эмиль Александровна;2024-05-20;Копейск;Telegram
206482;Гончаренко Лейла Алексеевич;2023-06-05;Нижневартовск;Direct
206483;Макаров Роман Владимирович;2023-11-27;Новосибирск;VK Ads
206484;Быков Сергей Андреевна;2023-12-10;Челябинск;Organic
206485;Мартиросян Эмиль Викторович;2023-09-12;Миасс;Direct
206486;Богданов Евгений Евгеньевна;2024-03-13;Магнитогорск;Organic
206487;Григорян Кирилл Павлович;2023-08-26;Челябинск;Referral
206488;Ахметов Софья Сергеевич;2024-06-23;Челябинск;Organic
206489;Ершов Дмитрий Юрьевна;2023-03-19;Челябинск;Organic
206490;Семёнов Даниил Николаевич;2023-09-19;Курган;Direct
206491;Семёнов Кирилл Александровна;2023-07-30;Оренбург;Telegram
206492;Бекетов Иван Романовна;2024-06-24;Тюмень;Yandex Ads
206493;Кудрявцев Владимир Романович;2023-12-04;Магнитогорск;Referral
206494;Соколов Станислав Андреевич;2023-06-04;Казань;Organic
206495;Сулейманов Эдуард Евгеньевич;2023-04-20;Челябинск;Yandex Ads
206496;Аветисян Диана Юрьевич;2024-08-11;Курган;VK Ads
206497;Мухаметшин Лилия Викторович;2023-11-07;Тюмень;Organic
206498;Исмаилов Андрей Михайловна;2024-07-27;Курган;Yandex Ads
206499;Кузнецов Карина Евгеньевна;2023-01-24;Санкт-Петербург;Direct
206500;Белов Вадим Дмитриевич;2024-07-12;Санкт-Петербург;VK Ads
206501;Голубев Мария Юрьевна;2024-05-16;Москва;Organic
206502;Сафонов Владимир Викторович;2024-02-16;Челябинск;Yandex Ads
206503;Ибрагимов Павел Романович;2023-05-04;Курган;Yandex Ads
206504;Мельник Валерия Иванович;2024-07-18;Тюмень;VK Ads
206505;Ибрагимов Анастасия Ивановна;2024-04-06;Уфа;VK Ads
206506;Сорокин Лилия Евгеньевна;2024-03-21;Златоуст;Yandex Ads
206507;Денисов Борис Павловна;2023-03-17;Екатеринбург;Organic
206508;Богданов Алёна Николаевич;2023-04-28;Екатеринбург;Organic
206509;Юн Константин Алексеевич;2023-03-07;Челябинск;Direct
206510;Миронов Роман Дмитриевна;2023-04-21;Челябинск;Organic
206511;Ахметов Карина Игоревич;2023-12-28;Сургут;Direct
206512;Сергеев Ольга Александрович;2024-07-01;Челябинск;Organic
206513;Нуриев Кристина Юрьевна;2023-02-20;Оренбург;Organic
206514;Юн Павел Олегович;2023-01-12;Тюмень;Direct
206515;Лебедев Анастасия Ивановна;2023-05-17;Екатеринбург;Organic
206516;Шин Аделина Алексеевич;2023-08-06;Казань;Organic
206517;Фомин Яна Сергеевна;2023-10-21;Челябинск;Organic
206518;Киселёв Фёдор Николаевич;2024-01-03;Магнитогорск;Organic
206519;Сулейманов Надежда Андреевич;2023-02-02;Уфа;Referral
206520;Воробьёв Сергей Сергеевна;2024-04-10;Челябинск;Direct
206521;Цветков Элина Дмитриевна;2023-05-01;Челябинск;Yandex Ads
206522;Соловьёв Сергей Владимировна;2023-04-28;Миасс;Direct
206523;Семёнов Владимир Павловна;2023-03-10;Челябинск;Email
206524;Филатов Виктор Игоревич;2024-06-15;Курган;Direct
206525;Нуриев Илья Ивановна;2023-12-06;Челябинск;Direct
206526;Захаров Кирилл Иванович;2024-08-17;Миасс;Direct
206527;Коваленко Валерий Викторович;2024-07-25;Самара;Direct
206528;Тулеев Антон Андреевна;2024-08-26;Самара;Yandex Ads
206529;Ахметжанов Светлана Павлович;2023-05-12;Москва;Yandex Ads
206530;Нуржанов Полина Евгеньевна;2024-06-21;Пермь;Direct
206531;Егоров Татьяна Игоревна;2023-08-12;Магнитогорск;Organic
206532;Сергеев Евгения Алексеевич;2023-12-11;Челябинск;Organic
206533;Лебедев Анастасия Николаевна;2024-07-16;Нижневартовск;Organic
206534;Касымов Ольга Андреевна;2023-12-09;Казань;Telegram
206535;Ершов Виктор Евгеньевна;2024-06-09;Миасс;Direct
206536;Яковлев Арсен Сергеевна;2024-05-19;Москва;Direct
206537;Васильев Кирилл Игоревна;2024-03-18;Челябинск;Yandex Ads
206538;Киселёв Иван Романович;2023-11-11;Тюмень;VK Ads
206539;Голубев Маргарита Владимирович;2024-01-13;Самара;Organic
206540;Петросян Айгуль Михайловна;2023-05-31;Челябинск;Direct
206541;Мартиросян Кирилл Иванович;2023-03-28;Копейск;VK Ads
206542;Комаров Илья Николаевич;2023-03-28;Челябинск;Yandex Ads
206543;Исмаилов Светлана Романовна;2024-02-28;Екатеринбург;Yandex Ads
206544;Сергеев Андрей Николаевна;2023-07-14;Магнитогорск;Organic
206545;Садыков Динара Владимирович;2023-03-18;Челябинск;Email
206546;Саркисян Даниил Юрьевич;2023-05-16;Екатеринбург;Yandex Ads
206547;Зайцев Элина Владимировна;2023-07-29;Миасс;Organic
206548;Сорокин Дмитрий Сергеевич;2024-02-22;Казань;Yandex Ads
206549;Гончаренко Фёдор Викторовна;2023-04-22;Тюмень;Yandex Ads
206550;Фролов Кирилл Евгеньевич;2024-02-04;Москва;Yandex Ads
206551;Голубев Полина Викторовна;2024-03-13;Москва;Direct
206552;Иванов Валерия Александровна;2024-03-07;Казань;VK Ads
206553;Назаров Айгуль Павлович;2023-06-07;Уфа;Direct
206554;Мельник Арсен Михайловна;2023-09-12;Челябинск;Organic
206555;Соболев Диана Романовна;2024-04-17;Магнитогорск;Organic
206556;Жуков Марат Андреевна;2023-01-23;Челябинск;Yandex Ads
206557;Егоров Николай Евгеньевич;2024-02-26;Магнитогорск;Email
206558;Куликов Вероника Романовна;2024-08-03;Челябинск;Yandex Ads
206559;Каримов Станислав Олеговна;2023-02-14;Уфа;Organic
206560;Иванов Станислав Евгеньевна;2024-02-10;Челябинск;Direct
206561;Арутюнян Артём Юрьевич;2023-09-14;Челябинск;VK Ads
206562;Кузьмин Георгий Евгеньевна;2024-08-23;Уфа;VK Ads
206563;Сулейманов Евгения Павловна;2023-03-10;Екатеринбург;Yandex Ads
206564;Макаров Егор Владимировна;2024-02-03;Челябинск;Email
206565;Романов Аделина Александровна;2023-09-04;Москва;Direct
206566;Павлов Евгения Игоревич;2024-02-08;Челябинск;Yandex Ads
206567;Сафонов Софья Михайловна;2023-09-21;Челябинск;Direct
206568;Хасанов Виктория Александровна;2024-08-30;Челябинск;Yandex Ads
206569;Власов Артём Владимирович;2023-09-28;Челябинск;Telegram
206570;Киселёв Андрей Евгеньевич;2023-08-10;Челябинск;Telegram
206571;Ахметжанов Маргарита Игоревна;2023-04-09;Магнитогорск;Direct
206572;Бондаренко Борис Николаевич;2023-06-17;Челябинск;Direct
206573;Никитин Алёна Дмитриевна;2023-06-29;Копейск;Organic
206574;Гарипов Карен Алексеевна;2023-05-18;Копейск;Yandex Ads
206575;Воробьёв Карина Викторович;2023-08-29;Челябинск;VK Ads
206576;Ершов Софья Олегович;2024-05-06;Челябинск;VK Ads
206577;Баранов Глеб Романович;2023-08-05;Магнитогорск;VK Ads
206578;Лазарев Георгий Игоревич;2023-05-20;Челябинск;Referral
206579;Соколов Наталья Юрьевич;2023-09-03;Копейск;Organic
206580;Мельник Дмитрий Евгеньевич;2023-03-04;Магнитогорск;Organic
206581;Хабибуллин Динара Николаевич;2024-05-29;Копейск;Organic
206582;Матвеев Владимир Романовна;2024-03-15;Новосибирск;VK Ads
206583;Борисов Софья Олеговна;2023-06-03;Челябинск;Telegram
206584;Гасанов Ксения Александровна;2024-07-29;Магнитогорск;Organic
206585;Ильин Арсен Юрьевна;2024-08-09;Уфа;Organic
206586;Медведев Елена Дмитриевна;2023-10-12;Магнитогорск;VK Ads
206587;Ахметов Георгий Евгеньевна;2024-03-23;Челябинск;Telegram
206588;Никитин Борис Владимирович;2023-10-23;Сургут;Referral
206589;Фролов Максим Павлович;2023-11-18;Москва;Direct
206590;Рахимов Эдуард Андреевич;2023-11-22;Москва;Direct
206591;Пономарёв Алёна Романович;2024-04-14;Челябинск;Organic
206592;Поляков Даниил Николаевна;2023-08-09;Челябинск;Direct
206593;Лебедев Аделина Николаевна;2023-06-29;Челябинск;Direct
206594;Тулеев Владимир Алексеевна;2023-11-08;Магнитогорск;Yandex Ads
206595;Ибрагимов Виктор Юрьевна;2024-06-26;Челябинск;Telegram
206596;Ким Валерий Павловна;2023-08-08;Москва;Direct
206597;Иванов Милана Олегович;2023-02-08;Челябинск;Organic
206598;Ильин Диана Алексеевна;2024-07-20;Челябинск;Email
206599;Гасанов Полина Павловна;2024-05-05;Магнитогорск;Direct
206600;Киселёв Николай Юрьевна;2024-06-26;Челябинск;Direct
206601;Омаров Евгений Евгеньевна;2024-01-03;Челябинск;Telegram
206602;Филатов Татьяна Викторович;2023-07-21;Уфа;Yandex Ads
206603;Никитин Ирина Андреевич;2023-12-06;Копейск;Direct
206604;Назаров Мария Дмитриевич;2024-05-01;Челябинск;Organic
206605;Голубев Арсен Игоревна;2024-08-11;Челябинск;Organic
206606;Комаров Константин Романович;2023-12-10;Тюмень;Direct
206607;Ковалёв Глеб Антонович;2024-01-23;Магнитогорск;VK Ads
206608;Ким Ксения Андреевич;2023-12-22;Екатеринбург;Organic
206609;Савченко Арсен Андреевич;2023-01-19;Челябинск;Yandex Ads
206610;Яковлев Маргарита Евгеньевна;2023-05-30;Тюмень;Direct
206611;Ким Милана Романовна;2024-07-25;Копейск;Telegram
206612;Мирзоян Милана Антонович;2024-04-15;Тюмень;Email
206613;Тулеев Лейла Евгеньевич;2023-09-05;Челябинск;Direct
206614;Поляков Борис Александрович;2023-11-02;Челябинск;Email
206615;Матвеев Максим Сергеевич;2024-02-16;Екатеринбург;Organic
206616;Нуржанов Иван Олеговна;2024-05-25;Челябинск;Organic
206617;Романов Маргарита Юрьевна;2023-12-02;Курган;Direct
206618;Петров Гузель Евгеньевна;2023-01-11;Челябинск;Email
206619;Козлов Алексей Николаевич;2024-05-15;Челябинск;Direct
206620;Богданов Дмитрий Романовна;2023-01-24;Копейск;Referral
206621;Капустин Максим Павловна;2024-01-29;Уфа;Yandex Ads
206622;Воробьёв Вадим Романович;2023-08-16;Челябинск;Referral
206623;Маслов Марат Владимирович;2024-04-21;Екатеринбург;Direct
206624;Гасанов Анастасия Сергеевна;2024-08-26;Москва;Telegram
206625;Шин Юлия Павлович;2024-06-10;Казань;Yandex Ads
206626;Ахметов Алёна Викторовна;2023-10-08;Курган;Email
206627;Королёв Павел Евгеньевич;2024-08-11;Челябинск;Direct
206628;Кузнецов Екатерина Игоревич;2023-01-06;Златоуст;Direct
206629;Волков Милана Иванович;2023-12-17;Челябинск;Direct
206630;Виноградов Марат Владимировна;2023-01-24;Челябинск;Telegram
206631;Борисов Анна Александрович;2024-08-12;Самара;Yandex Ads
206632;Васильев Анна Романович;2023-06-14;Златоуст;Email
206633;Логинов Павел Викторовна;2023-01-04;Оренбург;Organic
206634;Касымов Борис Павловна;2023-07-03;Курган;Referral
206635;Сафин Марина Дмитриевна;2023-04-10;Уфа;Yandex Ads
206636;Петросян Юлия Юрьевна;2023-08-08;Казань;Organic
206637;Соколов Константин Иванович;2023-01-24;Челябинск;VK Ads
206638;Абрамян Николай Павлович;2023-01-20;Миасс;Direct
206639;Андреев Зарина Евгеньевна;2023-02-15;Челябинск;Organic
206640;Кондратьев Иван Викторовна;2023-01-30;Челябинск;Organic
206641;Васильев Илья Алексеевна;2024-04-27;Челябинск;VK Ads
206642;Козлов Анна Сергеевич;2023-12-26;Казань;Direct
206643;Никитин Мария Николаевич;2024-01-18;Копейск;Direct
206644;Алиев Амина Алексеевич;2023-09-05;Челябинск;Organic
206645;Фролов Лейла Владимирович;2024-05-20;Екатеринбург;Organic
206646;Акопян Самвел Евгеньевич;2023-03-06;Ижевск;Telegram
206647;Ершов Ксения Николаевич;2023-03-01;Оренбург;Organic
206648;Григорьев Олег Александровна;2024-02-20;Челябинск;Organic
206649;Ахметжанов Евгения Олегович;2024-04-30;Уфа;VK Ads
206650;Белов Виктория Иванович;2024-06-09;Челябинск;Direct
206651;Виноградов Виктор Дмитриевна;2023-04-12;Челябинск;Email
206652;Нуриев Евгений Павловна;2023-06-14;Копейск;Direct
206653;Миронов Егор Игоревна;2023-05-11;Уфа;Telegram
206654;Наумов Валерий Романовна;2023-02-08;Тюмень;Telegram
206655;Комаров Валерия Евгеньевич;2024-08-12;Тюмень;Telegram
206656;Гарипов Элина Романович;2024-06-23;Курган;Yandex Ads
206657;Титов Полина Владимирович;2023-07-19;Ижевск;Direct
206658;Богданов Олег Алексеевна;2023-04-04;Оренбург;Telegram
206659;Логинов Карен Павлович;2024-04-29;Сургут;Organic
206660;Мартиросян Артём Сергеевна;2023-04-08;Самара;Organic
206661;Сеитов Надежда Олеговна;2023-07-18;Челябинск;Direct
206662;Королёв Марина Романовна;2023-10-04;Челябинск;Organic
206663;Воробьёв Виктор Викторович;2023-01-19;Новосибирск;Yandex Ads
206664;Тарасенко Николай Игоревна;2024-06-17;Челябинск;Telegram
206665;Егоров Игорь Павлович;2023-08-20;Челябинск;Organic
206666;Романов Руслан Дмитриевна;2023-06-05;Копейск;VK Ads
206667;Новиков Анастасия Михайловна;2024-08-26;Челябинск;Direct
206668;Богданов Милана Романович;2023-11-09;Екатеринбург;Yandex Ads
206669;Сорокин Татьяна Евгеньевич;2024-08-01;Новосибирск;Direct
206670;Пономарёв Эдуард Романовна;2023-01-25;Челябинск;Email
206671;Саркисян Сергей Михайлович;2023-12-05;Копейск;Organic
206672;Голубев Денис Иванович;2023-07-18;Курган;Yandex Ads
206673;Мамедов Дмитрий Николаевич;2023-02-26;Копейск;Direct
206674;Никитин Павел Ивановна;2023-02-01;Тюмень;Email
206675;Фролов Полина Павловна;2023-11-05;Оренбург;Organic
206676;Хабибуллин Артур Викторович;2024-06-23;Екатеринбург;Organic
206677;Ильин Аделина Викторович;2023-11-26;Оренбург;Telegram
206678;Лебедев Дарья Михайлович;2023-06-21;Тюмень;Yandex Ads
206679;Ткаченко Амина Николаевна;2023-10-25;Пермь;Organic
206680;Ибрагимов Ксения Иванович;2023-10-27;Копейск;VK Ads
206681;Ибрагимов Гузель Ивановна;2023-10-22;Миасс;Organic
206682;Новиков Надежда Сергеевич;2024-04-17;Екатеринбург;VK Ads
206683;Хасанов Айгуль Игоревна;2023-04-02;Златоуст;Direct
206684;Егоров Юрий Сергеевич;2023-11-12;Копейск;Telegram
206685;Титов Станислав Юрьевич;2023-09-10;Санкт-Петербург;Telegram
206686;Пак Лилия Дмитриевна;2024-04-13;Магнитогорск;Yandex Ads
206687;Гончаренко Алёна Викторовна;2023-09-30;Челябинск;Organic
206688;Власов Яна Сергеевич;2023-05-16;Челябинск;Organic
206689;Аветисян Карина Дмитриевна;2024-03-19;Нижневартовск;Organic
206690;Воробьёв Сергей Сергеевна;2024-05-29;Челябинск;Telegram
206691;Петросян Аделина Дмитриевна;2024-08-20;Курган;Yandex Ads
206692;Котов Диана Викторовна;2023-02-01;Москва;Organic
206693;Саркисян Лилия Юрьевна;2023-11-12;Магнитогорск;Organic
206694;Наумов Алексей Александрович;2023-05-18;Тюмень;Organic
206695;Галимов Ярослав Александрович;2024-05-23;Челябинск;Referral
206696;Макаров Тигран Дмитриевна;2023-09-24;Копейск;Yandex Ads
206697;Орлов Татьяна Юрьевна;2023-05-28;Копейск;Direct
206698;Ким Виктория Юрьевна;2024-08-06;Челябинск;Organic
206699;Петросян Арсен Александрович;2023-11-19;Челябинск;Organic
206700;Жумабаев Наталья Алексеевич;2024-04-23;Челябинск;Direct
206701;Галимов Михаил Михайловна;2023-04-23;Челябинск;Direct
206702;Беляев Милана Дмитриевич;2023-10-26;Екатеринбург;Referral
206703;Волков Арсен Юрьевна;2024-01-02;Уфа;Direct
206704;Кадыров Надежда Юрьевна;2024-04-22;Магнитогорск;Referral
206705;Касымов Роман Олегович;2024-06-23;Уфа;Direct
206706;Власов Елена Алексеевна;2024-05-22;Копейск;Organic
206707;Фомин Александр Дмитриевич;2023-07-17;Миасс;Yandex Ads
206708;Павлов Лилия Игоревич;2023-07-16;Магнитогорск;Organic
206709;Жуков Марат Алексеевич;2024-04-13;Челябинск;Yandex Ads
206710;Егоров Зарина Антонович;2023-05-30;Челябинск;Yandex Ads
206711;Белов Сергей Павловна;2023-02-15;Челябинск;Organic
206712;Тарасов Фёдор Ивановна;2023-10-20;Ижевск;Organic
206713;Чернов Самвел Викторовна;2024-05-20;Магнитогорск;VK Ads
206714;Голубев Лилия Дмитриевич;2023-06-12;Магнитогорск;Organic
206715;Каримов Марина Игоревна;2024-06-10;Челябинск;Referral
206716;Богданов Марина Игоревич;2023-08-24;Екатеринбург;Yandex Ads
206717;Ткаченко Антон Дмитриевич;2024-05-19;Магнитогорск;Direct
206718;Маслов Ольга Андреевич;2024-02-01;Челябинск;Organic
206719;Павлов Даниил Викторовна;2024-01-15;Копейск;Direct
206720;Пономарёв Екатерина Алексеевич;2023-07-06;Челябинск;Organic
206721;Никитин Виктория Дмитриевна;2023-04-14;Магнитогорск;Organic
206722;Сафонов Дмитрий Сергеевич;2024-07-18;Копейск;Organic
206723;Каримов Марина Иванович;2023-02-06;Уфа;Organic
206724;Оганесян Амина Игоревна;2024-08-06;Ижевск;VK Ads
206725;Киселёв Вадим Антонович;2023-07-31;Магнитогорск;Organic
206726;Данилов Оксана Алексеевич;2024-07-21;Пермь;Organic
206727;Иванов Арсен Дмитриевна;2023-04-06;Миасс;Yandex Ads
206728;Борисов Анна Юрьевич;2023-10-19;Уфа;Direct
206729;Ли Даниил Павловна;2023-10-08;Пермь;VK Ads
206730;Поляков Аделина Игоревна;2024-07-11;Челябинск;Yandex Ads
206731;Шарипов Иван Сергеевич;2024-08-10;Пермь;Organic
206732;Петров Владимир Ивановна;2023-12-21;Копейск;Organic
206733;Кузьмин Георгий Антонович;2024-08-04;Уфа;Organic
206734;Киселёв Владимир Антонович;2024-01-02;Челябинск;Yandex Ads
206735;Воробьёв Борис Сергеевна;2023-07-21;Копейск;Yandex Ads
206736;Касымов Фёдор Андреевна;2023-07-03;Челябинск;VK Ads
206737;Мельник Екатерина Дмитриевна;2024-07-11;Челябинск;Direct
206738;Ибрагимов Яна Юрьевич;2023-08-25;Челябинск;Organic
206739;Беляев Надежда Евгеньевна;2024-02-17;Новосибирск;Yandex Ads
206740;Маслов Зарина Юрьевна;2024-06-25;Челябинск;Direct
206741;Герасимов Екатерина Дмитриевич;2024-01-14;Сургут;Organic
206742;Кузьмин Олег Алексеевич;2023-10-04;Челябинск;Organic
206743;Акопян Эмиль Игоревич;2024-07-28;Екатеринбург;Organic
206744;Сорокин Татьяна Иванович;2023-06-10;Челябинск;Yandex Ads
206745;Рахимов Елена Александровна;2024-01-09;Миасс;Direct
206746;Жуков Софья Сергеевич;2024-01-02;Магнитогорск;Referral
206747;Мирзоян Алина Романович;2024-06-05;Москва;Organic
206748;Баранов Мария Юрьевна;2024-02-26;Челябинск;Organic
206749;Каримов Тимур Сергеевич;2023-05-26;Москва;Organic
206750;Лебедев Юрий Романовна;2023-12-31;Челябинск;Referral
206751;Нуриев Динара Сергеевич;2024-07-18;Ижевск;Yandex Ads
206752;Хабибуллин Полина Романовна;2024-06-16;Магнитогорск;Direct
206753;Павлов Михаил Игоревич;2023-01-14;Челябинск;Organic
206754;Каримов Евгения Дмитриевна;2024-05-22;Ижевск;Telegram
206755;Бондаренко Анастасия Владимирович;2023-03-15;Златоуст;Organic
206756;Бекетов Ксения Алексеевна;2023-01-02;Миасс;Direct
206757;Макаров Артём Ивановна;2023-10-22;Москва;Direct
206758;Виноградов Тимур Романович;2023-05-01;Екатеринбург;Referral
206759;Романов Тимур Игоревич;2024-07-17;Копейск;Direct
206760;Данилов Тигран Иванович;2023-08-17;Екатеринбург;VK Ads
206761;Волков Николай Николаевич;2023-06-17;Санкт-Петербург;Direct
206762;Жумабаев Алина Дмитриевич;2024-08-02;Миасс;Direct
206763;Каримов Евгений Ивановна;2023-09-17;Челябинск;Organic
206764;Воробьёв Ольга Евгеньевич;2023-12-23;Миасс;Organic
206765;Цветков Денис Владимировна;2024-07-23;Миасс;Email
206766;Степанов Юлия Юрьевич;2024-01-05;Челябинск;Organic
206767;Денисов Мария Олегович;2024-02-10;Челябинск;Organic
206768;Афанасьев Софья Сергеевич;2023-11-20;Екатеринбург;VK Ads
206769;Кузьмин Валерий Викторовна;2023-12-09;Тюмень;Telegram
206770;Омаров Глеб Павловна;2024-02-06;Ижевск;Direct
206771;Цветков Надежда Александрович;2023-08-11;Челябинск;Referral
206772;Медведев Самвел Николаевна;2023-08-23;Копейск;Organic
206773;Филатов Виктория Владимировна;2023-08-31;Уфа;Organic
206774;Шевченко Алексей Игоревич;2024-03-03;Екатеринбург;VK Ads
206775;Титов Марат Игоревич;2024-06-26;Челябинск;Organic
206776;Коваленко Максим Николаевна;2023-07-22;Челябинск;VK Ads
206777;Валеев Алексей Андреевна;2023-11-25;Челябинск;Organic
206778;Медведев Марина Олегович;2023-06-17;Москва;Yandex Ads
206779;Арутюнян Марат Владимирович;2023-08-10;Челябинск;VK Ads
206780;Ли Артём Романовна;2024-02-20;Екатеринбург;Organic
206781;Саркисян Динара Сергеевна;2024-04-15;Москва;Email
206782;Никитин Полина Игоревич;2024-05-23;Уфа;VK Ads
206783;Кузьмин Фёдор Николаевна;2023-01-16;Златоуст;Referral
206784;Попов Глеб Алексеевна;2024-07-08;Челябинск;Yandex Ads
206785;Афанасьев Алексей Александрович;2024-06-09;Челябинск;Email
206786;Валеев Татьяна Николаевна;2023-02-16;Челябинск;Direct
206787;Валеев Евгений Дмитриевич;2023-07-11;Екатеринбург;Organic
206788;Гарипов Эмиль Евгеньевна;2024-02-14;Москва;Organic
206789;Рахимов Алёна Николаевна;2023-10-18;Челябинск;Yandex Ads
206790;Щербаков Наталья Павловна;2024-06-14;Екатеринбург;Direct
206791;Тарасенко Алёна Михайлович;2023-11-25;Челябинск;Yandex Ads
206792;Петросян Элина Викторович;2023-03-13;Тюмень;Telegram
206793;Бекетов Илья Романович;2023-12-23;Тюмень;Organic
206794;Волков Евгения Игоревна;2024-06-23;Челябинск;Direct
206795;Наумов Ирина Сергеевна;2024-08-26;Копейск;Organic
206796;Омаров Владимир Александровна;2023-12-03;Оренбург;Organic
206797;Орлов Яна Дмитриевич;2023-11-10;Магнитогорск;VK Ads
206798;Нуржанов Марат Михайлович;2024-01-20;Челябинск;Organic
206799;Котов Вера Олеговна;2023-11-17;Уфа;Organic
206800;Андреев Андрей Олегович;2023-07-04;Копейск;Direct
206801;Шин Гузель Дмитриевич;2023-05-08;Копейск;Direct
206802;Медведев Владимир Юрьевна;2023-09-19;Челябинск;VK Ads
206803;Гусев Дмитрий Романовна;2023-09-24;Челябинск;Organic
206804;Афанасьев Ярослав Павловна;2024-04-27;Екатеринбург;Email
206805;Чернов Яна Владимировна;2023-05-17;Челябинск;VK Ads
206806;Михайлов Ксения Романович;2023-12-13;Москва;Referral
206807;Аветисян Дмитрий Юрьевич;2023-07-24;Челябинск;Yandex Ads
206808;Павлов Игорь Павловна;2024-03-15;Магнитогорск;Organic
206809;Кузьмин Фёдор Евгеньевна;2024-08-16;Казань;VK Ads
206810;Рахимов Марина Сергеевна;2024-01-25;Челябинск;VK Ads
206811;Арутюнян Егор Антонович;2023-09-03;Челябинск;Email
206812;Григорян Борис Владимировна;2023-01-11;Казань;Direct
206813;Сорокин Динара Антонович;2024-05-23;Санкт-Петербург;Email
206814;Цой Владимир Сергеевич;2023-07-31;Екатеринбург;Yandex Ads
206815;Яковлев Вероника Олегович;2023-08-19;Магнитогорск;VK Ads
206816;Иванов Софья Алексеевна;2024-07-12;Копейск;Organic
206817;Кузьмин Мария Николаевич;2024-07-22;Магнитогорск;Yandex Ads
206818;Поляков Эмиль Николаевна;2024-04-06;Челябинск;Yandex Ads
206819;Галимов Георгий Михайлович;2023-07-10;Копейск;VK Ads
206820;Павлов Мария Иванович;2024-08-23;Копейск;Organic
206821;Омаров Иван Игоревна;2023-01-25;Магнитогорск;Referral
206822;Сергеев Яна Викторович;2024-01-29;Челябинск;Yandex Ads
206823;Назаров Элина Романович;2023-04-09;Златоуст;VK Ads
206824;Михайлов Михаил Ивановна;2023-03-14;Казань;Organic
206825;Баранов Антон Павлович;2024-04-10;Челябинск;Yandex Ads
206826;Белов Валерий Михайловна;2023-10-22;Златоуст;Yandex Ads
206827;Макаров Фёдор Викторович;2024-01-29;Челябинск;Organic
206828;Абдуллаев Кристина Юрьевич;2024-03-31;Екатеринбург;VK Ads
206829;Мкртчян Оксана Николаевич;2023-05-09;Челябинск;Telegram
206830;Королёв Антон Андреевич;2024-08-19;Челябинск;Direct
206831;Матвеев Аделина Александровна;2023-11-13;Самара;Direct
206832;Савченко Евгений Александровна;2023-08-07;Челябинск;Yandex Ads
206833;Жуков Надежда Павловна;2024-07-09;Сургут;Direct
206834;Логинов Ксения Сергеевич;2023-02-06;Самара;Yandex Ads
206835;Юн Ксения Романовна;2023-06-25;Екатеринбург;Yandex Ads
206836;Лазарев Константин Романовна;2023-08-14;Челябинск;Direct
206837;Волков Евгений Евгеньевич;2023-09-08;Челябинск;Organic
206838;Голубев Вероника Олегович;2023-04-17;Уфа;Referral
206839;Григорьев Юрий Алексеевна;2024-01-14;Челябинск;Organic
206840;Фролов Диана Алексеевич;2023-07-04;Оренбург;Organic
206841;Цой Максим Михайлович;2023-06-30;Златоуст;Telegram
206842;Миронов Самвел Юрьевич;2023-02-12;Уфа;Organic
206843;Фролов Валерия Викторович;2023-09-16;Копейск;Telegram
206844;Беляев Амина Иванович;2023-02-06;Златоуст;Direct
206845;Семёнов Виктор Дмитриевич;2023-07-22;Пермь;Referral
206846;Гасанов Арсен Алексеевна;2023-05-01;Челябинск;Yandex Ads
206847;Рахимов Полина Павлович;2023-04-18;Самара;Organic
206848;Афанасьев Вера Александрович;2023-11-23;Пермь;Organic
206849;Жуков Ирина Николаевна;2023-06-16;Уфа;Organic
206850;Шевченко Лейла Игоревна;2024-07-01;Москва;Yandex Ads
206851;Лазарев Наталья Михайлович;2023-06-24;Челябинск;Referral
206852;Новиков Милана Андреевна;2023-10-06;Сургут;Telegram
206853;Маслов Константин Олеговна;2023-08-06;Курган;Email
206854;Соколов Егор Евгеньевич;2023-07-17;Самара;Yandex Ads
206855;Савченко Айгуль Владимировна;2024-05-05;Екатеринбург;Organic
206856;Иванов Анна Сергеевич;2024-02-11;Уфа;Direct
206857;Касымов Лилия Евгеньевна;2023-02-16;Уфа;Direct
206858;Цветков Марина Павлович;2024-01-20;Миасс;Direct
206859;Комаров Марина Владимировна;2023-06-03;Миасс;Direct
206860;Савченко Максим Павлович;2023-06-07;Москва;Organic
206861;Медведев Николай Викторовна;2023-09-08;Екатеринбург;Direct
206862;Ахметов Николай Алексеевич;2023-12-16;Екатеринбург;Yandex Ads
206863;Маслов Владимир Евгеньевич;2023-05-21;Челябинск;Referral
206864;Петров Тигран Антонович;2024-01-12;Екатеринбург;Direct
206865;Быков Тимур Павлович;2023-12-26;Уфа;Email
206866;Смирнов Сергей Алексеевич;2023-11-10;Магнитогорск;Organic
206867;Богданов Константин Викторовна;2024-06-26;Екатеринбург;Telegram
206868;Смирнов Георгий Андреевна;2023-08-16;Копейск;VK Ads
206869;Капустин Валерия Павловна;2023-03-28;Челябинск;Yandex Ads
206870;Кадыров Карен Михайловна;2024-07-17;Челябинск;Direct
206871;Сафин Ольга Михайлович;2023-09-07;Магнитогорск;Organic
206872;Виноградов Артём Алексеевич;2024-06-25;Челябинск;Organic
206873;Аветисян Амина Николаевич;2024-05-16;Челябинск;Direct
206874;Данилов Виктория Владимировна;2023-08-01;Уфа;Yandex Ads
206875;Щербаков Станислав Юрьевич;2023-07-08;Челябинск;Organic
206876;Коваленко Ольга Романовна;2024-01-11;Челябинск;Yandex Ads
206877;Данилов Анастасия Викторовна;2023-12-28;Сургут;Telegram
206878;Жуков Вероника Дмитриевич;2023-06-03;Челябинск;Yandex Ads
206879;Ткаченко Динара Юрьевна;2023-12-03;Копейск;Organic
206880;Петров Михаил Алексеевна;2023-02-24;Курган;Organic
206881;Комаров Кирилл Иванович;2023-10-25;Челябинск;Organic
206882;Пак Артём Николаевна;2023-02-23;Москва;Referral
206883;Алексеев Оксана Николаевич;2023-02-03;Челябинск;Yandex Ads
206884;Степанов Марина Владимировна;2023-02-13;Челябинск;Yandex Ads
206885;Сергеев Фёдор Дмитриевна;2023-05-10;Тюмень;Organic
206886;Шевченко Валерий Владимировна;2023-04-17;Копейск;Yandex Ads
206887;Алексеев Борис Игоревна;2023-04-20;Челябинск;Organic
206888;Голубев Евгения Павлович;2023-08-18;Екатеринбург;Direct
206889;Савченко Станислав Александрович;2024-04-20;Челябинск;VK Ads
206890;Ильин Марат Дмитриевич;2024-04-11;Москва;Organic
206891;Петросян Алёна Александровна;2024-07-25;Казань;Organic
206892;Нуржанов Амина Олеговна;2023-01-06;Копейск;Organic
206893;Королёв Иван Игоревна;2023-05-10;Челябинск;Referral
206894;Белов Роман Андреевна;2024-02-25;Самара;Direct
206895;Лебедев Владимир Евгеньевна;2024-05-09;Копейск;Email
206896;Иванов Евгений Николаевна;2024-01-29;Челябинск;Organic
206897;Аветисян Карен Евгеньевна;2023-10-04;Челябинск;Direct
206898;Нуржанов Анастасия Николаевна;2024-05-03;Златоуст;Referral
206899;Ильин Иван Николаевич;2023-05-18;Миасс;Direct
206900;Филатов Самвел Евгеньевич;2023-12-03;Пермь;Yandex Ads
206901;Хасанов Валерий Александровна;2023-06-12;Самара;Yandex Ads
206902;Мамедов Евгений Алексеевна;2023-09-25;Магнитогорск;Direct
206903;Быков Маргарита Николаевич;2023-02-24;Самара;Referral
206904;Назаров Николай Сергеевич;2024-03-17;Сургут;Direct
206905;Коваленко Лилия Павлович;2023-12-24;Челябинск;Direct
206906;Нуриев Диана Романович;2023-03-18;Челябинск;Direct
206907;Григорян Руслан Алексеевич;2023-05-25;Челябинск;Direct
206908;Титов Динара Павловна;2024-05-31;Екатеринбург;Telegram
206909;Богданов Татьяна Ивановна;2023-07-26;Челябинск;Yandex Ads
206910;Ибрагимов Илья Евгеньевич;2024-04-13;Пермь;Organic
206911;Андреев Анастасия Андреевна;2024-08-06;Златоуст;Yandex Ads
206912;Омаров Станислав Игоревич;2024-03-21;Оренбург;Direct
206913;Абдуллаев Андрей Павлович;2024-01-31;Миасс;Yandex Ads
206914;Поляков Тимур Дмитриевна;2023-10-25;Челябинск;Direct
206915;Бондаренко Илья Иванович;2023-08-01;Магнитогорск;Yandex Ads
206916;Щербаков Константин Андреевна;2023-01-01;Челябинск;VK Ads
206917;Кудрявцев Евгения Викторович;2023-06-01;Челябинск;Telegram
206918;Лазарев Марат Михайлович;2023-08-11;Магнитогорск;Organic
206919;Захаров Дарья Романовна;2024-01-11;Санкт-Петербург;Organic
206920;Пономарёв Марина Алексеевна;2023-07-30;Копейск;Referral
206921;Аветисян Владимир Ивановна;2024-01-03;Ижевск;Telegram
206922;Касымов Элина Михайловна;2024-04-29;Челябинск;Referral
206923;Егоров Сергей Сергеевна;2024-06-21;Москва;VK Ads
206924;Романов Алина Олегович;2024-02-15;Магнитогорск;Telegram
206925;Шарипов Елена Сергеевич;2023-10-21;Миасс;Referral
206926;Поляков Александр Андреевна;2024-06-14;Самара;Telegram
206927;Логинов Даниил Викторович;2024-06-23;Нижневартовск;Yandex Ads
206928;Киселёв Лейла Сергеевич;2023-01-01;Челябинск;Direct
206929;Козлов Вадим Романович;2023-07-08;Нижневартовск;Referral
206930;Голубев Игорь Павлович;2024-07-15;Москва;Email
206931;Миронов Лилия Александровна;2024-07-25;Челябинск;Direct
206932;Ахметов Никита Антонович;2024-06-01;Екатеринбург;Yandex Ads
206933;Миронов Карен Дмитриевна;2024-01-10;Тюмень;Organic
206934;Тарасов Алёна Ивановна;2023-12-16;Екатеринбург;Direct
206935;Быков Евгения Сергеевна;2023-09-30;Оренбург;Yandex Ads
206936;Саркисян Иван Евгеньевна;2023-01-01;Тюмень;Organic
206937;Ильин Евгений Николаевна;2023-08-08;Миасс;VK Ads
206938;Орлов Артур Евгеньевич;2023-11-14;Копейск;Organic
206939;Ибрагимов Тигран Олегович;2023-09-19;Казань;Direct
206940;Хасанов Гузель Михайловна;2024-04-17;Магнитогорск;Yandex Ads
206941;Фомин Оксана Сергеевна;2023-05-06;Казань;Email
206942;Егоров Ольга Дмитриевна;2023-06-25;Нижневартовск;Referral
206943;Григорян Максим Викторовна;2023-07-06;Челябинск;Direct
206944;Гусев Алина Павловна;2023-07-27;Копейск;Telegram
206945;Алиев Яна Евгеньевич;2023-06-26;Самара;Organic
206946;Сергеев Айгуль Владимирович;2023-02-18;Копейск;Organic
206947;Мельник Виктория Александровна;2023-02-01;Тюмень;Email
206948;Миронов Дмитрий Олегович;2023-06-25;Златоуст;Yandex Ads
206949;Григорян Антон Антонович;2023-08-28;Самара;Organic
206950;Сафонов Юрий Иванович;2023-10-12;Уфа;Telegram
206951;Григорьев Валерия Евгеньевна;2023-12-16;Миасс;Direct
206952;Васильев Руслан Дмитриевич;2024-06-19;Челябинск;Direct
206953;Кадыров Карина Александровна;2024-04-19;Санкт-Петербург;Email
206954;Рябов Полина Дмитриевич;2024-03-30;Екатеринбург;Organic
206955;Фролов Виктория Викторович;2024-04-14;Челябинск;Organic
206956;Баранов Карен Алексеевич;2023-07-07;Миасс;Yandex Ads
206957;Поляков Юрий Николаевич;2023-01-02;Миасс;Referral
206958;Афанасьев Мария Михайловна;2023-06-24;Магнитогорск;Organic
206959;Цой Станислав Романовна;2023-04-22;Ижевск;Yandex Ads
206960;Садыков Эмиль Евгеньевна;2024-06-25;Пермь;Direct
206961;Васильев Айгуль Иванович;2023-09-15;Златоуст;Email
206962;Киселёв Карина Дмитриевна;2023-09-10;Москва;VK Ads
206963;Быков Вероника Андреевна;2023-01-22;Пермь;Organic
206964;Капустин Борис Михайлович;2024-06-26;Челябинск;Telegram
206965;Зайцев Алёна Романовна;2023-03-26;Нижневартовск;Direct
206966;Чернов Марат Сергеевна;2024-02-24;Самара;Direct
206967;Капустин Элина Николаевна;2023-10-14;Магнитогорск;VK Ads
206968;Васильев Мария Владимировна;2023-02-18;Челябинск;Organic
206969;Иванов Виктор Дмитриевич;2024-02-17;Челябинск;VK Ads
206970;Кравченко Валерия Николаевна;2023-08-27;Челябинск;Telegram
206971;Бондаренко Эдуард Павлович;2023-07-25;Челябинск;Organic
206972;Петросян Алина Михайловна;2023-07-29;Екатеринбург;Direct
206973;Романов Тигран Викторович;2024-04-12;Челябинск;Yandex Ads
206974;Белов Карина Игоревич;2024-03-30;Екатеринбург;Yandex Ads
206975;Алиев Денис Ивановна;2023-03-14;Магнитогорск;Telegram
206976;Бойко Антон Михайловна;2023-03-25;Челябинск;Yandex Ads
206977;Данилов Милана Дмитриевич;2023-12-05;Челябинск;Direct
206978;Хабибуллин Анастасия Евгеньевич;2023-05-01;Челябинск;Direct
206979;Алексеев Аделина Николаевна;2023-05-14;Челябинск;Yandex Ads
206980;Пак Мария Владимирович;2024-01-23;Ижевск;Telegram
206981;Жуков Алёна Андреевна;2023-07-20;Челябинск;Direct
206982;Медведев Юлия Алексеевна;2023-08-11;Миасс;VK Ads
206983;Абдуллаев Алина Романовна;2024-03-13;Челябинск;Organic
206984;Кадыров Полина Павловна;2023-06-13;Миасс;Telegram
206985;Новиков Зарина Александрович;2023-04-19;Магнитогорск;VK Ads
206986;Григорьев Кристина Алексеевич;2023-08-08;Новосибирск;Direct
206987;Васильев Николай Дмитриевич;2023-04-17;Златоуст;Yandex Ads
206988;Нуриев Ольга Алексеевна;2023-07-12;Копейск;Email
206989;Акопян Павел Павловна;2024-01-21;Челябинск;Email
206990;Тарасенко Амина Павловна;2024-06-17;Екатеринбург;VK Ads
206991;Ершов Вадим Романовна;2023-11-28;Челябинск;Direct
206992;Савченко Ксения Иванович;2023-09-17;Екатеринбург;Direct
206993;Юсупов Яна Михайловна;2023-06-21;Челябинск;VK Ads
206994;Фёдоров Софья Сергеевич;2023-04-06;Челябинск;Organic
206995;Никитин Ксения Антонович;2024-08-15;Челябинск;Organic
206996;Захаров Вероника Ивановна;2023-08-24;Миасс;Telegram
206997;Цой Владимир Сергеевич;2024-02-15;Казань;VK Ads
206998;Ткаченко Гузель Викторович;2024-04-27;Пермь;Direct
206999;Петров Вероника Алексеевич;2023-05-16;Копейск;Direct
207000;Гарипов Марина Павлович;2023-01-23;Челябинск;Organic
207001;Фёдоров Тимур Михайлович;2024-02-28;Пермь;Yandex Ads
207002;Быков Евгений Николаевна;2024-07-29;Пермь;Yandex Ads
207003;Мирзоян Амина Юрьевна;2024-07-10;Челябинск;Telegram
207004;Захаров Вера Михайловна;2023-04-13;Магнитогорск;Email
207005;Цой Денис Олеговна;2023-01-13;Миасс;Organic
207006;Власов Полина Игоревна;2024-07-15;Копейск;Organic
207007;Егоров Антон Алексеевна;2023-01-05;Уфа;Organic
207008;Арутюнян Максим Андреевич;2024-07-06;Челябинск;Organic
207009;Белов Юрий Александрович;2024-06-17;Челябинск;Yandex Ads
207010;Комаров Марина Сергеевна;2023-11-05;Челябинск;Yandex Ads
207011;Титов Зарина Андреевна;2023-05-19;Челябинск;VK Ads
207012;Белов Вероника Александровна;2023-11-12;Магнитогорск;Direct
207013;Денисов Полина Владимирович;2023-02-20;Магнитогорск;Organic
207014;Фомин Гузель Иванович;2024-04-14;Миасс;Organic
207015;Валеев Николай Романовна;2023-09-05;Копейск;Direct
207016;Тарасенко Игорь Юрьевич;2023-05-18;Магнитогорск;Organic
207017;Нуржанов Эмиль Викторовна;2024-04-28;Миасс;Organic
207018;Шевченко Арсен Ивановна;2023-03-25;Пермь;Organic
207019;Коваленко Даниил Евгеньевич;2024-05-18;Новосибирск;Yandex Ads
207020;Гусев Надежда Викторовна;2023-11-24;Челябинск;Yandex Ads
207021;Денисов Динара Андреевич;2023-08-11;Копейск;Yandex Ads
207022;Рахимов Илья Андреевна;2024-02-22;Челябинск;Referral
207023;Маслов Руслан Евгеньевна;2023-11-13;Челябинск;Yandex Ads
207024;Мартиросян Ярослав Павловна;2023-09-21;Челябинск;Direct
207025;Павлов Борис Михайлович;2023-03-08;Магнитогорск;Direct
207026;Чернов Ярослав Сергеевна;2024-04-18;Сургут;Direct
207027;Каримов Валерий Дмитриевич;2023-04-28;Тюмень;Telegram
207028;Алексеев Николай Романовна;2024-05-22;Москва;Referral
207029;Попов Евгений Владимирович;2023-06-16;Самара;Telegram
207030;Жуков Татьяна Юрьевич;2024-03-25;Копейск;Telegram
207031;Коваленко Арсен Дмитриевич;2023-05-14;Челябинск;Direct
207032;Фролов Никита Викторович;2024-07-13;Оренбург;Organic
207033;Ли Алёна Алексеевич;2023-07-28;Челябинск;VK Ads
207034;Логинов Николай Николаевич;2024-01-18;Челябинск;Yandex Ads
207035;Сафонов Иван Викторовна;2024-08-02;Миасс;Direct
207036;Виноградов Лейла Сергеевич;2023-02-02;Екатеринбург;Organic
207037;Матвеев Роман Павлович;2023-01-04;Челябинск;Yandex Ads
207038;Мартиросян Эдуард Александрович;2024-02-05;Магнитогорск;Telegram
207039;Максимов Антон Владимирович;2023-05-01;Челябинск;Organic
207040;Маслов Борис Игоревич;2024-01-05;Тюмень;Yandex Ads
207041;Кудрявцев Артём Иванович;2023-11-13;Самара;Organic
207042;Киселёв Екатерина Евгеньевич;2024-06-20;Тюмень;Yandex Ads
207043;Омаров Юрий Сергеевна;2023-04-08;Челябинск;Organic
207044;Кравченко Марат Александровна;2023-05-21;Челябинск;Yandex Ads
207045;Новиков Кристина Романович;2024-08-06;Копейск;Organic
207046;Ахметжанов Станислав Евгеньевич;2024-01-04;Копейск;VK Ads
207047;Савченко Юлия Игоревич;2024-07-26;Миасс;Organic
207048;Назаров Иван Викторовна;2024-03-09;Уфа;Organic
207049;Козлов Динара Дмитриевич;2024-07-19;Екатеринбург;Telegram
207050;Савченко Тимур Дмитриевич;2023-01-21;Уфа;Organic
207051;Степанов Фёдор Александрович;2023-03-14;Самара;VK Ads
207052;Мартиросян Айгуль Дмитриевич;2024-08-20;Екатеринбург;Organic
207053;Назаров Ольга Юрьевич;2023-09-30;Магнитогорск;Organic
207054;Сафин Полина Дмитриевич;2024-03-06;Уфа;Yandex Ads
207055;Афанасьев Арсен Николаевна;2024-08-21;Пермь;Direct
207056;Кузьмин Тигран Романович;2024-05-18;Челябинск;Yandex Ads
207057;Мкртчян Юрий Николаевич;2023-06-22;Челябинск;Organic
207058;Мельник Ольга Михайловна;2023-06-16;Миасс;Organic
207059;Королёв Кирилл Александрович;2024-01-30;Челябинск;Yandex Ads
207060;Мухаметшин Егор Евгеньевич;2024-02-08;Челябинск;Telegram
207061;Арутюнян Олег Ивановна;2023-06-03;Челябинск;Organic
207062;Котов Милана Ивановна;2024-02-26;Челябинск;Organic
207063;Соколов Ирина Александровна;2024-04-23;Екатеринбург;VK Ads
207064;Данилов Надежда Юрьевич;2023-10-19;Казань;VK Ads
207065;Сафин Карина Антонович;2024-08-10;Тюмень;Telegram
207066;Жуков Алексей Евгеньевич;2023-10-28;Тюмень;Direct
207067;Кудрявцев Егор Ивановна;2024-07-19;Уфа;Organic
207068;Беляев Даниил Алексеевич;2024-08-12;Челябинск;Yandex Ads
207069;Кузнецов Лейла Викторовна;2023-10-22;Челябинск;Yandex Ads
207070;Богданов Фёдор Иванович;2023-08-19;Нижневартовск;VK Ads
207071;Никитин Мария Павлович;2023-04-05;Миасс;Direct
207072;Савченко Сергей Игоревич;2024-07-21;Уфа;VK Ads
207073;Егоров Виктор Викторовна;2024-04-03;Челябинск;VK Ads
207074;Сафин Татьяна Владимировна;2023-04-07;Челябинск;Yandex Ads
207075;Жуков Глеб Алексеевна;2023-12-25;Магнитогорск;Organic
207076;Мухаметшин Александр Антонович;2024-07-07;Челябинск;VK Ads
207077;Титов Гузель Владимировна;2024-07-28;Челябинск;VK Ads
207078;Цой Наталья Олеговна;2023-03-17;Тюмень;Yandex Ads
207079;Кудрявцев Диана Владимировна;2024-02-25;Челябинск;Direct
207080;Соболев Алексей Ивановна;2024-05-06;Казань;Referral
207081;Григорян Ольга Александровна;2023-04-13;Копейск;Referral
207082;Лазарев Кристина Дмитриевич;2024-01-07;Казань;Direct
207083;Цой Юрий Николаевич;2024-03-07;Челябинск;Organic
207084;Быков Татьяна Сергеевич;2023-07-12;Челябинск;Direct
207085;Пономарёв Арсен Алексеевич;2023-06-15;Москва;Direct
207086;Власов Софья Владимировна;2024-01-14;Москва;Organic
207087;Беляев Софья Сергеевна;2023-11-21;Челябинск;Referral
207088;Ткаченко Елена Николаевич;2023-08-24;Екатеринбург;Telegram
207089;Мирзоян Диана Евгеньевна;2023-09-01;Челябинск;Yandex Ads
207090;Алексеев Эдуард Сергеевич;2024-07-22;Челябинск;Yandex Ads
207091;Кудрявцев Борис Романовна;2023-05-27;Тюмень;Yandex Ads
207092;Мкртчян Станислав Олегович;2023-11-02;Челябинск;Organic
207093;Бойко Иван Алексеевна;2024-05-05;Уфа;Organic
207094;Соловьёв Наталья Викторович;2024-06-03;Златоуст;Direct
207095;Ибрагимов Полина Романовна;2024-04-29;Казань;Yandex Ads
207096;Рахимов Ксения Павлович;2023-04-29;Уфа;Direct
207097;Юн Никита Владимирович;2024-05-26;Челябинск;Organic
207098;Ибрагимов Артур Александровна;2023-10-11;Курган;Email
207099;Садыков Андрей Александрович;2023-02-19;Копейск;Referral
207100;Богданов Гузель Николаевич;2023-11-18;Челябинск;Yandex Ads
207101;Иванов Александр Игоревна;2023-05-25;Новосибирск;Yandex Ads
207102;Капустин Евгений Евгеньевич;2024-05-09;Екатеринбург;Organic
207103;Тарасов Денис Николаевна;2023-07-11;Пермь;VK Ads
207104;Матвеев Антон Евгеньевич;2023-07-04;Челябинск;Organic
207105;Волков Валерия Андреевна;2023-12-30;Челябинск;Organic
207106;Жумабаев Мария Викторовна;2023-04-12;Казань;Organic
207107;Михайлов Эдуард Олеговна;2024-08-24;Челябинск;Yandex Ads
207108;Иванов Алина Алексеевна;2024-02-15;Сургут;Direct
207109;Романов Руслан Романович;2024-02-05;Москва;VK Ads
207110;Бондаренко Дмитрий Алексеевич;2023-05-21;Челябинск;Email
207111;Романов Арсен Олеговна;2024-06-24;Тюмень;Organic
207112;Виноградов Константин Андреевич;2023-04-07;Челябинск;VK Ads
207113;Соболев Валерия Андреевна;2024-01-25;Челябинск;Direct
207114;Комаров Олег Евгеньевич;2023-11-15;Оренбург;Organic
207115;Лазарев Кирилл Романовна;2023-03-03;Оренбург;Referral
207116;Матвеев Артур Юрьевна;2024-01-09;Пермь;Organic
207117;Мухаметшин Оксана Олегович;2023-08-29;Копейск;Organic
207118;Михайлов Иван Сергеевна;2024-05-10;Челябинск;Yandex Ads
207119;Цветков Артур Михайлович;2023-11-17;Магнитогорск;Direct
207120;Савченко Дарья Дмитриевна;2023-04-21;Пермь;Direct
207121;Петров Эмиль Сергеевич;2024-05-14;Челябинск;Organic
207122;Ибрагимов Гузель Павловна;2024-01-15;Челябинск;Organic
207123;Герасимов Максим Дмитриевна;2023-10-26;Копейск;Organic
207124;Мирзоян Софья Михайлович;2024-05-03;Магнитогорск;Organic
207125;Сулейманов Даниил Романовна;2023-05-03;Тюмень;VK Ads
207126;Миронов Юрий Иванович;2024-07-22;Тюмень;Organic
207127;Цой Дарья Николаевна;2023-08-15;Пермь;Direct
207128;Каримов Никита Дмитриевич;2024-03-31;Новосибирск;Yandex Ads
207129;Щербаков Арсен Андреевна;2023-01-04;Челябинск;VK Ads
207130;Григорян Зарина Александрович;2024-05-15;Челябинск;Direct
207131;Белов Елена Дмитриевич;2024-04-24;Уфа;Organic
207132;Васильев Павел Юрьевич;2023-12-07;Пермь;Organic
207133;Каримов Максим Юрьевна;2024-03-03;Челябинск;Direct
207134;Абдуллаев Станислав Павлович;2023-06-18;Челябинск;Yandex Ads
207135;Макаров Ксения Александровна;2024-06-22;Уфа;Direct
207136;Бойко Илья Романовна;2024-03-21;Миасс;Organic
207137;Щербаков Марина Евгеньевна;2024-02-16;Самара;Yandex Ads
207138;Куликов Вероника Олеговна;2023-01-05;Казань;Direct
207139;Матвеев Марат Михайлович;2024-08-27;Челябинск;Organic
207140;Ахметов Анна Сергеевна;2024-02-24;Челябинск;Referral
207141;Титов Ирина Александровна;2023-08-13;Челябинск;Yandex Ads
207142;Чернов Анастасия Евгеньевич;2024-07-02;Копейск;Direct
207143;Филатов Ирина Романовна;2023-10-15;Екатеринбург;Direct
207144;Валеев Елена Михайлович;2024-05-20;Челябинск;VK Ads
207145;Петров Татьяна Иванович;2023-08-14;Копейск;Direct
207146;Ахметов Роман Николаевич;2023-11-24;Челябинск;Yandex Ads
207147;Гончаренко Руслан Викторовна;2024-06-29;Санкт-Петербург;Organic
207148;Соловьёв Иван Павлович;2024-01-21;Магнитогорск;VK Ads
207149;Ершов Софья Александрович;2023-03-07;Челябинск;Organic
207150;Щербаков Максим Викторовна;2024-07-09;Копейск;Yandex Ads
207151;Орлов Андрей Викторович;2024-03-31;Челябинск;Organic
207152;Кондратьев Марина Алексеевич;2024-03-03;Копейск;Organic
207153;Сергеев Вадим Павлович;2024-07-30;Пермь;Direct
207154;Лазарев Дарья Романовна;2023-03-22;Челябинск;Yandex Ads
207155;Маслов Егор Сергеевич;2024-02-12;Магнитогорск;Direct
207156;Коваленко Ольга Павловна;2023-06-27;Тюмень;Referral
207157;Гусев Артём Дмитриевна;2023-03-10;Магнитогорск;Yandex Ads
207158;Фролов Яна Олеговна;2023-04-01;Ижевск;Organic
207159;Хабибуллин Оксана Иванович;2024-03-28;Тюмень;Referral
207160;Ковалёв Денис Олеговна;2024-06-14;Златоуст;VK Ads
207161;Макаров Андрей Сергеевна;2023-04-05;Сургут;Direct
207162;Ильин Полина Игоревна;2023-12-08;Пермь;Direct
207163;Павлов Динара Николаевна;2023-09-08;Копейск;Organic
207164;Зайцев Карен Викторович;2024-01-01;Оренбург;Organic
207165;Семёнов Динара Олеговна;2023-12-28;Челябинск;Email
207166;Фёдоров Тигран Олеговна;2024-08-26;Сургут;Direct
207167;Герасимов Милана Владимирович;2023-08-20;Челябинск;Referral
207168;Саркисян Борис Андреевич;2023-04-05;Челябинск;Telegram
207169;Галимов Виктория Дмитриевна;2023-01-30;Челябинск;Organic
207170;Саркисян Карен Павловна;2024-08-01;Тюмень;Referral
207171;Голубев Анна Александровна;2024-01-30;Курган;Organic
207172;Савченко Милана Игоревич;2024-05-09;Челябинск;Yandex Ads
207173;Цой Софья Антонович;2023-09-20;Курган;VK Ads
207174;Ахметжанов Милана Юрьевич;2024-07-31;Копейск;Direct
207175;Исмаилов Самвел Юрьевна;2024-01-05;Екатеринбург;Telegram
207176;Бондаренко Кристина Игоревич;2023-06-30;Самара;Referral
207177;Мамедов Илья Евгеньевич;2023-04-21;Екатеринбург;Direct
207178;Ахметов Ольга Олеговна;2023-05-10;Самара;Telegram
207179;Котов Даниил Антонович;2024-02-22;Уфа;VK Ads
207180;Васильев Анна Николаевич;2023-07-27;Челябинск;VK Ads
207181;Попов Егор Александровна;2024-08-04;Челябинск;Direct
207182;Тулеев Анастасия Юрьевич;2024-06-18;Челябинск;Referral
207183;Мельник Алексей Дмитриевна;2023-09-03;Самара;Direct
207184;Савченко Ярослав Владимировна;2023-12-18;Челябинск;Direct
207185;Соколов Наталья Алексеевич;2024-08-26;Челябинск;Organic
207186;Алексеев Кристина Игоревич;2024-06-22;Миасс;Referral
207187;Нуриев Станислав Владимировна;2023-03-02;Златоуст;Yandex Ads
207188;Медведев Арсен Александрович;2024-05-31;Челябинск;Organic
207189;Тарасов Полина Игоревич;2023-12-23;Москва;Yandex Ads
207190;Сергеев Алексей Олеговна;2024-02-09;Самара;Yandex Ads
207191;Новиков Фёдор Павлович;2023-03-19;Уфа;Yandex Ads
207192;Щербаков Артур Евгеньевна;2023-07-08;Курган;Yandex Ads
207193;Шин Иван Игоревич;2024-08-05;Ижевск;Direct
207194;Маслов Лилия Павлович;2024-01-30;Челябинск;Telegram
207195;Шин Анастасия Олеговна;2023-06-30;Челябинск;Telegram
207196;Данилов Андрей Юрьевич;2023-03-18;Челябинск;Direct
207197;Тарасенко Егор Андреевна;2024-04-23;Пермь;Organic
207198;Абрамян Сергей Сергеевна;2023-02-26;Уфа;Organic
207199;Оганесян Валерий Михайловна;2024-07-28;Миасс;Yandex Ads
207200;Власов Элина Николаевна;2023-04-13;Челябинск;Organic
207201;Мельник Игорь Романовна;2023-10-04;Москва;Organic
207202;Белов Виктория Романовна;2023-06-08;Миасс;Yandex Ads
207203;Кудрявцев Анастасия Андреевна;2023-11-30;Миасс;Yandex Ads
207204;Голубев Айгуль Романовна;2023-02-23;Тюмень;Organic
207205;Титов Софья Антонович;2023-01-19;Челябинск;Yandex Ads
207206;Каримов Артём Александровна;2023-05-06;Челябинск;Email
207207;Коваленко Кирилл Игоревич;2023-01-28;Челябинск;Organic
207208;Пак Вадим Алексеевна;2024-08-10;Пермь;VK Ads
207209;Логинов Татьяна Иванович;2024-08-07;Челябинск;Organic
207210;Цой Гузель Дмитриевич;2023-01-19;Ижевск;VK Ads
207211;Медведев Тигран Иванович;2024-08-01;Челябинск;Direct
207212;Богданов Тимур Алексеевич;2024-08-28;Пермь;Direct
207213;Сергеев Евгения Сергеевич;2023-07-07;Челябинск;Direct
207214;Захаров Полина Викторовна;2023-04-18;Челябинск;Direct
207215;Ахметов Кирилл Евгеньевич;2024-01-30;Челябинск;Organic
207216;Логинов Михаил Сергеевич;2024-08-13;Челябинск;Telegram
207217;Оганесян Маргарита Игоревич;2023-05-19;Сургут;Organic
207218;Степанов Артур Михайловна;2023-12-11;Ижевск;Referral
207219;Хасанов Илья Романовна;2024-08-14;Сургут;Yandex Ads
207220;Мамедов Зарина Александрович;2023-11-06;Оренбург;Telegram
207221;Фролов Станислав Антонович;2023-02-01;Казань;Organic
207222;Бондаренко Александр Олеговна;2024-01-12;Челябинск;Direct
207223;Ибрагимов Арсен Павлович;2024-07-17;Челябинск;Organic
207224;Беляев Павел Николаевна;2024-04-02;Тюмень;Direct
207225;Тарасов Ксения Михайловна;2024-08-16;Ижевск;Organic
207226;Соловьёв Илья Юрьевна;2023-07-07;Екатеринбург;Direct
207227;Фёдоров Маргарита Михайловна;2023-03-14;Челябинск;Direct
207228;Кадыров Валерий Андреевна;2024-07-12;Челябинск;Organic
207229;Степанов Юрий Олеговна;2023-07-28;Магнитогорск;Email
207230;Власов Кристина Андреевна;2023-07-17;Челябинск;Direct
207231;Мартиросян Эмиль Олегович;2023-01-17;Екатеринбург;VK Ads
207232;Фёдоров Денис Игоревич;2024-02-28;Челябинск;Email
207233;Денисов Виктор Олегович;2023-03-24;Уфа;Organic
207234;Власов Вадим Александрович;2023-05-17;Челябинск;Referral
207235;Козлов Елена Олеговна;2024-08-13;Челябинск;Yandex Ads
207236;Пак Зарина Андреевич;2024-02-05;Челябинск;Yandex Ads
207237;Хабибуллин Юлия Александровна;2023-04-03;Челябинск;Direct
207238;Попов Маргарита Дмитриевич;2024-06-14;Сургут;Direct
207239;Жумабаев Егор Викторович;2024-06-12;Челябинск;Direct
207240;Маслов Елена Олеговна;2024-02-02;Уфа;Telegram
207241;Титов Артур Андреевна;2024-02-13;Тюмень;VK Ads
207242;Наумов Динара Викторович;2024-07-17;Челябинск;Email
207243;Егоров Марина Владимировна;2023-04-28;Казань;Referral
207244;Ершов Вера Ивановна;2023-04-01;Москва;Yandex Ads
207245;Воробьёв Иван Андреевич;2023-09-24;Челябинск;Organic
207246;Петросян Эдуард Павловна;2024-07-24;Челябинск;Email
207247;Ершов Елена Евгеньевна;2023-11-25;Екатеринбург;Organic
207248;Абрамян Артём Александровна;2023-08-15;Челябинск;Organic
207249;Смирнов Олег Антонович;2023-09-16;Челябинск;Referral
207250;Баранов Лилия Александрович;2023-01-01;Москва;Email
207251;Кузнецов Никита Викторовна;2024-01-26;Магнитогорск;Yandex Ads
207252;Каримов Софья Андреевна;2023-11-08;Пермь;Organic
207253;Павлов Айгуль Александровна;2023-07-27;Миасс;Yandex Ads
207254;Орлов Егор Юрьевна;2023-07-11;Оренбург;Direct
207255;Алексеев Роман Павловна;2023-09-21;Челябинск;Organic
207256;Абдуллаев Татьяна Романовна;2023-05-14;Уфа;Yandex Ads
207257;Щербаков Максим Алексеевич;2024-03-07;Миасс;Direct
207258;Новиков Дарья Ивановна;2023-12-12;Новосибирск;Yandex Ads
207259;Пономарёв Олег Дмитриевич;2023-02-11;Магнитогорск;Yandex Ads
207260;Бондаренко Алексей Сергеевич;2024-06-20;Златоуст;Direct
207261;Титов Вероника Михайловна;2023-04-17;Магнитогорск;Referral
207262;Ахметов Георгий Романович;2023-12-11;Уфа;VK Ads
207263;Ахметжанов Оксана Михайлович;2023-01-10;Челябинск;VK Ads
207264;Кравченко Николай Романович;2024-03-06;Екатеринбург;Telegram
207265;Белов Эмиль Евгеньевна;2024-02-08;Миасс;Yandex Ads
207266;Кузьмин Карина Иванович;2024-06-17;Челябинск;Yandex Ads
207267;Мкртчян Виктор Павлович;2024-07-17;Уфа;Direct
207268;Логинов Лилия Юрьевич;2023-05-24;Уфа;Organic
207269;Богданов Кирилл Олегович;2023-09-29;Пермь;Organic
207270;Мухаметшин Вероника Юрьевна;2023-08-06;Екатеринбург;Telegram
207271;Бондаренко Евгения Николаевич;2024-07-30;Челябинск;Direct
207272;Ахметов Эмиль Павлович;2023-03-01;Челябинск;VK Ads
207273;Рахимов Кирилл Романович;2023-07-05;Копейск;Referral
207274;Григорян Лилия Александрович;2023-01-07;Челябинск;Organic
207275;Садыков Роман Михайлович;2024-01-15;Копейск;Direct
207276;Сафин Софья Дмитриевна;2023-05-11;Златоуст;VK Ads
207277;Власов Антон Михайлович;2024-01-20;Копейск;Direct
207278;Кравченко Вероника Сергеевна;2024-05-07;Копейск;Direct
207279;Семёнов Юлия Олеговна;2023-04-25;Казань;VK Ads
207280;Мирзоян Даниил Юрьевич;2023-07-18;Златоуст;Direct
207281;Комаров Юлия Антонович;2024-08-16;Челябинск;VK Ads
207282;Титов Эмиль Романовна;2023-06-04;Копейск;Direct
207283;Логинов Виктор Юрьевич;2024-04-09;Златоуст;Telegram
207284;Каримов Валерия Романович;2024-01-11;Челябинск;Telegram
207285;Щербаков Алёна Александровна;2024-01-02;Санкт-Петербург;Telegram
207286;Саркисян Евгений Олегович;2023-08-29;Екатеринбург;Yandex Ads
207287;Лазарев Ксения Викторович;2023-08-30;Казань;Organic
207288;Королёв Фёдор Юрьевна;2023-04-25;Курган;Yandex Ads
207289;Капустин Гузель Михайлович;2023-01-04;Челябинск;Organic
207290;Орлов Наталья Романовна;2024-06-25;Челябинск;Direct
207291;Чернов Юлия Олеговна;2024-06-27;Челябинск;Direct
207292;Пак Анастасия Сергеевна;2024-01-24;Челябинск;Organic
207293;Садыков Юлия Иванович;2023-10-03;Миасс;Direct
207294;Исмаилов Илья Сергеевич;2024-04-03;Казань;Organic
207295;Жуков Екатерина Александрович;2023-06-10;Магнитогорск;Organic
207296;Омаров Надежда Алексеевна;2023-07-02;Миасс;Direct
207297;Титов Ярослав Александровна;2024-06-21;Москва;Direct
207298;Соколов Виктория Игоревич;2023-06-26;Оренбург;Direct
207299;Попов Олег Игоревна;2023-07-06;Магнитогорск;Telegram
207300;Афанасьев Максим Евгеньевич;2023-04-11;Копейск;Yandex Ads
207301;Щербаков Максим Викторовна;2023-05-12;Уфа;Organic
207302;Кадыров Евгения Павловна;2023-08-08;Миасс;Direct
207303;Макаров Никита Иванович;2024-08-24;Уфа;Direct
207304;Бондаренко Станислав Андреевич;2023-09-01;Копейск;Email
207305;Михайлов Юлия Романович;2024-01-08;Челябинск;Email
207306;Ахметжанов Татьяна Евгеньевич;2023-01-26;Челябинск;Direct
207307;Нуржанов Валерий Михайлович;2024-04-04;Миасс;Email
207308;Лебедев Амина Викторович;2024-05-19;Оренбург;Organic
207309;Тарасенко Александр Павловна;2023-07-28;Пермь;Email
207310;Цветков Алексей Олеговна;2023-04-30;Екатеринбург;VK Ads
207311;Ибрагимов Георгий Романович;2023-10-23;Челябинск;Direct
207312;Яковлев Тимур Владимировна;2024-04-28;Челябинск;Direct
207313;Филатов Анастасия Алексеевич;2023-10-23;Магнитогорск;Email
207314;Савченко Фёдор Олегович;2023-08-10;Казань;Yandex Ads
207315;Андреев Ксения Дмитриевна;2023-09-17;Челябинск;VK Ads
207316;Соболев Антон Андреевич;2023-03-08;Магнитогорск;Organic
207317;Ковалёв Тимур Сергеевич;2023-11-05;Магнитогорск;Yandex Ads
207318;Юсупов Иван Евгеньевна;2024-08-09;Сургут;Email
207319;Афанасьев Алина Андреевна;2023-06-19;Златоуст;Organic
207320;Михайлов Мария Юрьевна;2024-02-26;Ижевск;Telegram
207321;Матвеев Оксана Игоревна;2024-02-10;Магнитогорск;Yandex Ads
207322;Новиков Екатерина Андреевна;2023-08-30;Миасс;Direct
207323;Исмаилов Яна Алексеевна;2024-03-06;Казань;Direct
207324;Смирнов Дмитрий Романовна;2024-08-26;Челябинск;Organic
207325;Белов Александр Михайлович;2023-08-19;Москва;Direct
207326;Мкртчян Вероника Игоревна;2024-04-01;Казань;Telegram
207327;Герасимов Ярослав Антонович;2024-02-25;Челябинск;Organic
207328;Новиков Денис Ивановна;2024-06-21;Курган;VK Ads
207329;Бойко Виктория Павлович;2023-08-25;Курган;Telegram
207330;Шин Алёна Олегович;2023-01-04;Челябинск;Yandex Ads
207331;Петросян Иван Игоревна;2024-08-06;Челябинск;Organic
207332;Галимов Яна Дмитриевич;2024-06-19;Копейск;VK Ads
207333;Ибрагимов Полина Олегович;2024-02-20;Златоуст;Referral
207334;Юсупов Виктория Романовна;2023-12-08;Екатеринбург;VK Ads
207335;Шевченко Егор Михайлович;2024-06-29;Челябинск;Organic
207336;Мирзоян Надежда Юрьевна;2024-06-14;Копейск;Organic
207337;Афанасьев Арсен Николаевич;2023-12-17;Магнитогорск;Organic
207338;Жуков Надежда Павловна;2023-06-30;Челябинск;Direct
207339;Гарипов Вадим Юрьевич;2023-10-14;Москва;Direct
207340;Захаров Аделина Андреевич;2024-06-29;Миасс;VK Ads
207341;Романов Глеб Алексеевна;2023-10-29;Копейск;Organic
207342;Богданов Константин Ивановна;2023-07-04;Копейск;Email
207343;Киселёв Александр Игоревич;2023-05-04;Челябинск;Referral
207344;Гусев Виктория Игоревич;2023-07-03;Екатеринбург;Telegram
207345;Ахметов Софья Иванович;2023-07-13;Тюмень;Direct
207346;Ким Александр Олеговна;2024-05-08;Копейск;Telegram
207347;Пономарёв Карен Евгеньевна;2024-05-09;Курган;Organic
207348;Абдуллаев Дмитрий Алексеевич;2024-05-30;Оренбург;Direct
207349;Тулеев Наталья Олегович;2023-01-13;Санкт-Петербург;Referral
207350;Гасанов Максим Романовна;2023-10-12;Челябинск;Organic
207351;Рахимов Иван Викторович;2024-04-25;Златоуст;Organic
207352;Белов Максим Олегович;2023-09-12;Тюмень;VK Ads
207353;Алексеев Яна Алексеевич;2023-10-10;Челябинск;Direct
207354;Савченко Элина Юрьевна;2023-06-06;Челябинск;Yandex Ads
207355;Бойко Максим Антонович;2023-02-09;Челябинск;Direct
207356;Быков Мария Викторович;2023-03-05;Челябинск;Direct
207357;Ильин Эдуард Олегович;2023-11-27;Магнитогорск;VK Ads
207358;Белов Антон Владимирович;2024-08-23;Челябинск;Organic
207359;Попов Карина Романович;2023-12-19;Екатеринбург;Telegram
207360;Капустин Ксения Викторович;2023-04-30;Челябинск;Yandex Ads
207361;Комаров Илья Николаевна;2024-01-17;Магнитогорск;Direct
207362;Хабибуллин Виктор Николаевна;2024-07-04;Курган;VK Ads
207363;Бойко Карина Антонович;2023-03-07;Нижневартовск;Email
207364;Максимов Егор Павловна;2024-04-16;Челябинск;Organic
207365;Белов Кирилл Владимирович;2023-08-20;Уфа;Referral
207366;Голубев Илья Николаевич;2024-02-26;Ижевск;Direct
207367;Исмаилов Никита Павлович;2023-11-01;Челябинск;Direct
207368;Волков Светлана Николаевна;2024-02-20;Челябинск;Organic
207369;Гарипов Светлана Олеговна;2023-06-20;Уфа;Yandex Ads
207370;Попов Ксения Викторовна;2024-07-11;Челябинск;VK Ads
207371;Васильев Карина Антонович;2023-01-04;Челябинск;Direct
207372;Капустин Алина Викторович;2023-09-24;Челябинск;VK Ads
207373;Юн Георгий Иванович;2023-11-29;Челябинск;Direct
207374;Воробьёв Никита Ивановна;2023-10-24;Златоуст;Referral
207375;Соловьёв Юлия Игоревич;2024-08-13;Новосибирск;Yandex Ads
207376;Смирнов Татьяна Олегович;2023-07-19;Челябинск;Telegram
207377;Абрамян Надежда Антонович;2024-02-24;Копейск;Email
207378;Козлов Константин Олегович;2023-03-14;Тюмень;Referral
207379;Пономарёв Дмитрий Дмитриевич;2023-11-10;Миасс;Yandex Ads
207380;Попов Екатерина Иванович;2023-08-28;Оренбург;Yandex Ads
207381;Шарипов Алина Николаевна;2024-03-20;Челябинск;Yandex Ads
207382;Данилов Зарина Викторович;2023-02-22;Челябинск;Organic
207383;Пономарёв Валерий Сергеевна;2023-02-13;Копейск;Referral
207384;Жуков Егор Андреевич;2023-12-18;Челябинск;Telegram
207385;Петросян Вероника Николаевна;2023-08-26;Санкт-Петербург;VK Ads
207386;Козлов Фёдор Павлович;2023-05-01;Челябинск;Referral
207387;Лазарев Антон Михайлович;2023-03-12;Челябинск;VK Ads
207388;Омаров Марина Николаевич;2024-02-25;Магнитогорск;Direct
207389;Мартиросян Милана Дмитриевич;2023-06-26;Магнитогорск;Yandex Ads
207390;Котов Вероника Дмитриевна;2023-06-03;Магнитогорск;Yandex Ads
207391;Сулейманов Игорь Викторович;2024-03-17;Челябинск;Yandex Ads
207392;Кузнецов Эмиль Викторовна;2024-06-16;Магнитогорск;Organic
207393;Кудрявцев Самвел Владимирович;2024-06-10;Магнитогорск;Organic
207394;Егоров Эдуард Иванович;2023-01-10;Ижевск;Organic
207395;Чернов Павел Олеговна;2024-08-22;Челябинск;Organic
207396;Наумов Лейла Владимировна;2023-06-11;Челябинск;Direct
207397;Белов Алёна Николаевич;2023-10-14;Магнитогорск;Direct
207398;Филатов Надежда Андреевич;2024-04-24;Копейск;Yandex Ads
207399;Михайлов Тимур Евгеньевна;2023-10-09;Челябинск;Direct
207400;Бекетов Яна Андреевна;2023-01-29;Златоуст;Organic
207401;Романов Арсен Викторовна;2023-10-28;Челябинск;Organic
207402;Назаров Сергей Игоревич;2023-07-13;Копейск;Organic
207403;Поляков Денис Викторовна;2023-03-16;Оренбург;Yandex Ads
207404;Шин Артур Викторовна;2024-01-24;Копейск;Direct
207405;Мухаметшин Денис Владимировна;2024-04-26;Копейск;Organic
207406;Егоров Ольга Николаевич;2023-07-18;Екатеринбург;VK Ads
207407;Нуриев Георгий Олеговна;2023-11-12;Копейск;Yandex Ads
207408;Виноградов Вера Алексеевна;2023-01-31;Челябинск;Organic
207409;Виноградов Анна Алексеевна;2024-06-01;Челябинск;Yandex Ads
207410;Орлов Фёдор Александровна;2023-11-01;Самара;Organic
207411;Сафин Станислав Андреевна;2023-04-04;Москва;Referral
207412;Рахимов Даниил Павлович;2023-06-25;Челябинск;Organic
207413;Ахметов Антон Евгеньевна;2023-05-22;Челябинск;Yandex Ads
207414;Исмаилов Антон Олеговна;2023-04-13;Челябинск;Direct
207415;Денисов Вероника Николаевна;2023-12-26;Челябинск;Yandex Ads
207416;Хасанов Дарья Олегович;2024-01-17;Копейск;Organic
207417;Аветисян Ирина Юрьевич;2023-05-17;Москва;Direct
207418;Максимов Максим Алексеевич;2023-12-26;Курган;Direct
207419;Ахметжанов Полина Андреевна;2024-08-27;Екатеринбург;Direct
207420;Тулеев Никита Павловна;2023-10-05;Магнитогорск;Email
207421;Абрамян Самвел Иванович;2023-01-06;Тюмень;Direct
207422;Соловьёв Виктор Александровна;2023-07-27;Челябинск;VK Ads
207423;Никитин Элина Николаевич;2024-06-21;Миасс;Direct
207424;Иванов Юлия Викторовна;2023-12-19;Копейск;Organic
207425;Захаров Марина Игоревна;2023-08-14;Челябинск;Organic
207426;Григорьев Павел Иванович;2024-06-03;Пермь;Yandex Ads
207427;Наумов Владимир Александровна;2024-03-27;Уфа;Organic
207428;Касымов Маргарита Николаевич;2024-08-31;Уфа;Direct
207429;Сергеев Борис Игоревич;2023-09-05;Челябинск;Referral
207430;Рахимов Динара Евгеньевич;2023-11-13;Челябинск;Yandex Ads
207431;Фролов Яна Игоревич;2023-12-14;Тюмень;Organic
207432;Арутюнян Наталья Дмитриевич;2023-12-12;Челябинск;Organic
207433;Ли Евгений Павлович;2024-07-25;Копейск;Organic
207434;Егоров Фёдор Андреевна;2023-05-30;Пермь;Organic
207435;Смирнов Лилия Андреевна;2024-05-16;Челябинск;Referral
207436;Ильин Ярослав Юрьевна;2024-06-05;Екатеринбург;Organic
207437;Ткаченко Максим Владимирович;2024-05-23;Самара;Telegram
207438;Сергеев Полина Владимирович;2023-12-19;Курган;Yandex Ads
207439;Воробьёв Марат Игоревна;2023-02-09;Миасс;Telegram
207440;Иванов Дмитрий Евгеньевна;2024-06-13;Казань;Email
207441;Нуриев Татьяна Антонович;2023-08-06;Челябинск;Organic
207442;Куликов Валерий Михайловна;2023-12-17;Челябинск;VK Ads
207443;Исмаилов Самвел Владимировна;2024-03-14;Пермь;Direct
207444;Медведев Амина Юрьевич;2024-05-22;Копейск;Organic
207445;Мартиросян Руслан Алексеевич;2023-03-27;Курган;Organic
207446;Валеев Анастасия Алексеевич;2024-03-21;Челябинск;VK Ads
207447;Воробьёв Тимур Игоревич;2023-04-28;Челябинск;Yandex Ads
207448;Смирнов Оксана Михайлович;2023-05-12;Копейск;Direct
207449;Богданов Полина Олеговна;2023-06-12;Челябинск;Telegram
207450;Белов Георгий Антонович;2023-07-11;Новосибирск;Organic
207451;Бойко Элина Михайловна;2023-08-13;Челябинск;Organic
207452;Морозов Диана Николаевич;2024-07-27;Челябинск;Yandex Ads
207453;Мухаметшин Зарина Сергеевич;2023-04-09;Екатеринбург;Organic
207454;Власов Виктория Викторович;2023-12-12;Казань;Yandex Ads
207455;Гарипов Милана Иванович;2023-03-20;Самара;Direct
207456;Бойко Наталья Сергеевна;2023-10-30;Копейск;Referral
207457;Щербаков Станислав Павлович;2024-06-13;Екатеринбург;Organic
207458;Иванов Эдуард Павлович;2023-03-19;Москва;Direct
207459;Михайлов Наталья Михайлович;2023-08-27;Миасс;Referral
207460;Егоров Виктория Дмитриевич;2023-09-28;Челябинск;Organic
207461;Смирнов Оксана Олеговна;2024-06-27;Челябинск;Direct
207462;Смирнов Марат Николаевна;2024-08-29;Челябинск;Email
207463;Морозов Надежда Игоревна;2023-01-07;Миасс;Yandex Ads
207464;Зайцев Эдуард Викторович;2023-07-14;Курган;Telegram
207465;Тарасенко Анастасия Ивановна;2024-08-25;Челябинск;Organic
207466;Петросян Станислав Сергеевич;2023-12-22;Челябинск;VK Ads
207467;Беляев Николай Александровна;2024-03-08;Челябинск;Organic
207468;Егоров Евгений Ивановна;2024-06-11;Оренбург;VK Ads
207469;Гасанов Эмиль Иванович;2023-12-29;Копейск;Organic
207470;Романов Денис Викторовна;2024-07-03;Магнитогорск;Yandex Ads
207471;Мартиросян Виктор Игоревна;2023-01-09;Челябинск;Organic
207472;Волков Максим Юрьевна;2024-04-20;Челябинск;VK Ads
207473;Беляев Елена Евгеньевна;2023-07-09;Челябинск;Email
207474;Быков Марат Александрович;2023-12-31;Магнитогорск;Direct
207475;Хабибуллин Илья Евгеньевич;2023-06-24;Пермь;Direct
207476;Андреев Станислав Алексеевна;2024-01-20;Челябинск;Yandex Ads
207477;Садыков Оксана Алексеевич;2024-01-27;Магнитогорск;Referral
207478;Цой Эмиль Викторовна;2023-08-09;Магнитогорск;Direct
207479;Логинов Георгий Викторовна;2023-07-19;Челябинск;Yandex Ads
207480;Иванов Дмитрий Дмитриевна;2023-03-06;Тюмень;Yandex Ads
207481;Быков Яна Викторович;2023-08-16;Челябинск;Yandex Ads
207482;Сорокин Виктор Николаевна;2023-11-02;Сургут;Email
207483;Рахимов Екатерина Ивановна;2024-06-05;Челябинск;Email
207484;Каримов Артём Романовна;2023-05-29;Челябинск;Yandex Ads
207485;Киселёв Юрий Романовна;2024-02-09;Пермь;Direct
207486;Куликов Наталья Олегович;2023-08-23;Пермь;Direct
207487;Борисов Самвел Юрьевна;2023-02-05;Магнитогорск;VK Ads
207488;Макаров Фёдор Николаевич;2024-03-31;Челябинск;Organic
207489;Сулейманов Софья Юрьевич;2023-08-21;Уфа;Yandex Ads
207490;Бойко Руслан Сергеевич;2023-05-11;Москва;Direct
207491;Виноградов Милана Романович;2024-01-10;Москва;Yandex Ads
207492;Ибрагимов Георгий Алексеевна;2024-02-13;Казань;Organic
207493;Бондаренко Виктория Александрович;2023-08-07;Челябинск;Referral
207494;Иванов Николай Юрьевна;2024-02-29;Челябинск;Organic
207495;Шин Иван Владимирович;2024-04-19;Копейск;Direct
207496;Макаров Александр Сергеевич;2023-10-16;Миасс;Direct
207497;Юсупов Вера Николаевич;2024-01-14;Златоуст;VK Ads
207498;Сулейманов Диана Ивановна;2024-07-02;Магнитогорск;Telegram
207499;Щербаков Михаил Евгеньевна;2024-07-08;Копейск;Yandex Ads
207500;Смирнов Кирилл Сергеевна;2023-09-02;Уфа;Organic
207501;Бондаренко Елена Антонович;2023-09-27;Челябинск;VK Ads
207502;Маслов Маргарита Михайловна;2024-04-30;Челябинск;Referral
207503;Омаров Дарья Александрович;2023-10-07;Челябинск;Direct
207504;Рахимов Светлана Андреевич;2023-08-23;Екатеринбург;Direct
207505;Максимов Валерий Игоревич;2023-06-01;Магнитогорск;Organic
207506;Юсупов Кирилл Олеговна;2024-05-12;Копейск;Direct
207507;Кузьмин Олег Игоревич;2024-08-29;Челябинск;Telegram
207508;Кузьмин Никита Павлович;2024-07-27;Челябинск;Direct
207509;Афанасьев Яна Алексеевна;2024-06-15;Челябинск;Email
207510;Нуриев Анна Игоревна;2024-08-20;Копейск;Yandex Ads
207511;Жуков Евгения Сергеевич;2024-02-25;Челябинск;Email
207512;Арутюнян Юрий Алексеевич;2024-01-10;Челябинск;Referral
207513;Шевченко Карина Олегович;2024-03-28;Челябинск;Direct
207514;Пак Игорь Николаевна;2023-01-18;Нижневартовск;Direct
207515;Каримов Андрей Андреевич;2023-11-11;Копейск;Direct
207516;Мельник Самвел Иванович;2023-07-28;Екатеринбург;Organic
207517;Акопян Ольга Игоревич;2023-02-20;Челябинск;Email
207518;Сорокин Глеб Евгеньевич;2023-08-14;Златоуст;Referral
207519;Власов Амина Дмитриевич;2024-03-18;Пермь;Yandex Ads
207520;Филатов Айгуль Павлович;2024-02-03;Магнитогорск;Email
207521;Жумабаев Самвел Дмитриевна;2023-03-03;Уфа;Direct
207522;Соловьёв Милана Олегович;2023-09-22;Екатеринбург;Email
207523;Куликов Маргарита Игоревич;2023-04-20;Уфа;Direct
207524;Гусев Карен Сергеевич;2023-06-24;Магнитогорск;Organic
207525;Алиев Милана Ивановна;2023-08-22;Тюмень;VK Ads
207526;Ахметов Евгения Михайлович;2024-08-15;Челябинск;Yandex Ads
207527;Власов Светлана Евгеньевич;2023-05-04;Магнитогорск;Direct
207528;Матвеев Алёна Юрьевна;2023-12-17;Миасс;VK Ads
207529;Королёв Дарья Олегович;2024-02-01;Челябинск;Direct
207530;Садыков Артур Юрьевич;2023-03-18;Курган;Referral
207531;Лазарев Дмитрий Дмитриевна;2024-01-04;Магнитогорск;Direct
207532;Логинов Юлия Николаевич;2023-08-20;Златоуст;VK Ads
207533;Сорокин Константин Юрьевна;2023-11-05;Екатеринбург;Direct
207534;Романов Сергей Михайловна;2024-08-12;Уфа;Organic
207535;Ершов Татьяна Алексеевна;2023-03-13;Курган;Telegram
207536;Ли Андрей Павловна;2024-03-26;Челябинск;Yandex Ads
207537;Тарасенко Егор Михайлович;2024-03-20;Челябинск;Yandex Ads
207538;Омаров Алексей Дмитриевич;2023-09-03;Тюмень;Organic
207539;Миронов Никита Дмитриевна;2024-04-29;Москва;Direct
207540;Абдуллаев Елена Олегович;2023-10-16;Златоуст;Organic
207541;Козлов Кирилл Алексеевна;2024-03-22;Челябинск;Organic
207542;Зайцев Оксана Романович;2024-05-03;Копейск;Yandex Ads
207543;Орлов Маргарита Алексеевич;2023-01-16;Оренбург;Yandex Ads
207544;Комаров Кирилл Романовна;2023-10-21;Пермь;Yandex Ads
207545;Сафонов Дарья Павловна;2024-01-24;Челябинск;Direct
207546;Мухаметшин Николай Викторович;2023-10-13;Магнитогорск;Organic
207547;Кадыров Ирина Иванович;2023-10-01;Челябинск;Direct
207548;Ахметов Максим Викторович;2024-02-11;Миасс;Yandex Ads
207549;Поляков Ольга Евгеньевич;2023-09-14;Екатеринбург;Organic
207550;Логинов Тигран Михайловна;2024-07-16;Челябинск;VK Ads
207551;Сеитов Софья Юрьевна;2024-01-11;Челябинск;Email
207552;Белов Вера Дмитриевич;2023-07-18;Екатеринбург;Organic
207553;Михайлов Ирина Алексеевна;2023-07-05;Тюмень;Email
207554;Сорокин Евгений Романовна;2024-04-09;Магнитогорск;Yandex Ads
207555;Савченко Яна Игоревна;2023-09-29;Челябинск;Organic
207556;Щербаков Юлия Алексеевич;2024-07-28;Магнитогорск;Yandex Ads
207557;Рахимов Сергей Дмитриевич;2024-02-21;Екатеринбург;Organic
207558;Филатов Светлана Романовна;2023-12-06;Уфа;Organic
207559;Петров Ярослав Александровна;2023-04-30;Челябинск;Yandex Ads
207560;Бондаренко Арсен Олегович;2024-07-23;Челябинск;Yandex Ads
207561;Цветков Ксения Дмитриевич;2024-03-01;Златоуст;Telegram
207562;Кадыров Динара Михайловна;2024-06-14;Магнитогорск;Organic
207563;Ким Кристина Андреевна;2024-04-08;Москва;Referral
207564;Зайцев Максим Михайлович;2024-08-15;Оренбург;Telegram
207565;Наумов Александр Николаевич;2024-03-18;Уфа;Direct
207566;Цой Анна Дмитриевич;2023-09-19;Москва;Referral
207567;Герасимов Елена Александрович;2024-05-19;Пермь;VK Ads
207568;Мамедов Юлия Андреевич;2023-12-05;Челябинск;Direct
207569;Никитин Айгуль Олегович;2024-06-10;Челябинск;VK Ads
207570;Орлов Наталья Александровна;2023-09-10;Миасс;Organic
207571;Бондаренко Максим Дмитриевич;2023-12-04;Челябинск;Direct
207572;Максимов Александр Сергеевич;2023-05-28;Челябинск;Yandex Ads
207573;Быков Георгий Николаевна;2023-07-22;Миасс;Organic
207574;Валеев Артур Романовна;2024-02-23;Пермь;Direct
207575;Медведев Карен Михайлович;2024-07-27;Челябинск;Direct
207576;Соболев Алина Михайлович;2023-12-07;Челябинск;Yandex Ads
207577;Баранов Лейла Антонович;2023-02-13;Уфа;Yandex Ads
207578;Борисов Алёна Михайлович;2023-08-15;Уфа;VK Ads
207579;Бойко Мария Олегович;2023-05-25;Екатеринбург;Yandex Ads
207580;Смирнов Ярослав Андреевич;2023-11-09;Новосибирск;Organic
207581;Мирзоян Иван Антонович;2023-04-28;Челябинск;Telegram
207582;Козлов Ксения Павловна;2023-10-08;Златоуст;Telegram
207583;Тарасенко Карина Павловна;2023-11-11;Екатеринбург;Organic
207584;Титов Олег Владимирович;2023-06-28;Челябинск;Organic
207585;Миронов Андрей Викторовна;2023-01-23;Казань;Direct
207586;Цой Денис Игоревич;2023-09-27;Нижневартовск;Direct
207587;Ахметжанов Максим Олегович;2024-04-18;Миасс;VK Ads
207588;Бекетов Лейла Юрьевна;2023-06-17;Миасс;Email
207589;Белов Лейла Николаевич;2023-09-05;Нижневартовск;Yandex Ads
207590;Белов Диана Юрьевна;2023-10-19;Челябинск;Organic
207591;Сафин Самвел Романовна;2024-05-03;Санкт-Петербург;Organic
207592;Нуриев Максим Юрьевич;2023-03-01;Челябинск;Direct
207593;Котов Карина Олегович;2024-06-17;Копейск;Referral
207594;Петров Ирина Олегович;2024-07-30;Новосибирск;Yandex Ads
207595;Беляев Аделина Юрьевна;2023-09-07;Челябинск;Direct
207596;Андреев Эдуард Юрьевна;2023-09-02;Сургут;Email
207597;Омаров Кирилл Ивановна;2023-01-25;Челябинск;Direct
207598;Денисов Виктор Романович;2023-05-16;Уфа;Direct
207599;Тен Денис Сергеевна;2023-02-07;Челябинск;Direct
207600;Борисов Элина Николаевна;2024-05-16;Челябинск;Direct
207601;Куликов Артём Николаевна;2024-05-28;Казань;Yandex Ads
207602;Фролов Станислав Романович;2023-05-15;Тюмень;Referral
207603;Кравченко Вероника Евгеньевич;2023-11-07;Челябинск;Telegram
207604;Жуков Валерия Александрович;2024-01-26;Новосибирск;Referral
207605;Бондаренко Вероника Николаевна;2024-02-02;Копейск;Yandex Ads
207606;Нуржанов Евгения Михайлович;2024-07-06;Уфа;VK Ads
207607;Ли Никита Игоревна;2023-02-16;Нижневартовск;Telegram
207608;Акопян Дмитрий Алексеевич;2024-08-02;Копейск;Direct
207609;Юсупов Валерия Михайловна;2023-10-23;Челябинск;Direct
207610;Попов Кристина Игоревна;2024-04-11;Уфа;Direct
207611;Виноградов Николай Евгеньевна;2023-05-20;Челябинск;Yandex Ads
207612;Пономарёв Эдуард Евгеньевна;2023-05-27;Тюмень;Yandex Ads
207613;Гончаренко Анна Михайловна;2023-10-19;Челябинск;Direct
207614;Фомин Андрей Михайлович;2023-06-04;Магнитогорск;Telegram
207615;Королёв Борис Сергеевич;2023-06-26;Челябинск;Organic
207616;Титов Яна Михайловна;2023-01-20;Копейск;Direct
207617;Жумабаев Мария Ивановна;2024-03-19;Нижневартовск;Direct
207618;Денисов Руслан Олеговна;2023-05-16;Челябинск;Referral
207619;Мамедов Ольга Владимирович;2023-08-30;Казань;Organic
207620;Гусев Ирина Сергеевна;2023-09-06;Екатеринбург;Organic
207621;Григорян Лилия Ивановна;2023-09-16;Ижевск;Yandex Ads
207622;Соболев Максим Андреевич;2023-03-31;Челябинск;Organic
207623;Григорьев Алина Евгеньевич;2024-03-16;Челябинск;Direct
207624;Никитин Гузель Владимировна;2023-12-19;Уфа;Direct
207625;Богданов Амина Владимирович;2024-05-21;Челябинск;VK Ads
207626;Мирзоян Ксения Андреевич;2023-09-27;Челябинск;Yandex Ads
207627;Акопян Евгений Андреевна;2024-05-04;Пермь;VK Ads
207628;Каримов Виктория Игоревна;2024-04-20;Челябинск;Direct
207629;Ахметов Арсен Владимировна;2024-05-15;Миасс;VK Ads
207630;Юн Аделина Николаевич;2024-01-13;Самара;Direct
207631;Кондратьев Мария Евгеньевна;2024-06-04;Челябинск;Yandex Ads
207632;Макаров Виктория Романовна;2024-06-07;Копейск;Email
207633;Оганесян Никита Александрович;2023-09-07;Челябинск;Yandex Ads
207634;Шевченко Яна Викторович;2023-10-17;Челябинск;Yandex Ads
207635;Мартиросян Дмитрий Викторовна;2023-02-20;Курган;VK Ads
207636;Иванов Эмиль Евгеньевич;2023-08-05;Челябинск;Email
207637;Пак Юлия Евгеньевич;2023-08-23;Новосибирск;Referral
207638;Романов Владимир Антонович;2024-04-12;Челябинск;Direct
207639;Кузьмин Илья Алексеевич;2023-04-29;Магнитогорск;Direct
207640;Ибрагимов Ирина Евгеньевич;2023-04-07;Екатеринбург;Organic
207641;Хасанов Ирина Владимировна;2023-01-30;Челябинск;Organic
207642;Кузнецов Анастасия Михайлович;2023-08-29;Копейск;Direct
207643;Юсупов Эмиль Дмитриевич;2024-06-08;Уфа;Yandex Ads
207644;Комаров Гузель Дмитриевич;2023-03-05;Москва;Direct
207645;Исмаилов Мария Евгеньевна;2024-03-23;Екатеринбург;Yandex Ads
207646;Кравченко Дмитрий Владимировна;2023-09-14;Ижевск;Direct
207647;Савченко Гузель Дмитриевна;2024-08-26;Уфа;Yandex Ads
207648;Омаров Валерия Николаевич;2024-02-28;Пермь;Direct
207649;Семёнов Карен Павловна;2023-06-30;Копейск;VK Ads
207650;Савченко Дарья Викторовна;2023-04-20;Тюмень;VK Ads
207651;Захаров Софья Игоревна;2023-05-18;Челябинск;Organic
207652;Ибрагимов Элина Юрьевна;2023-09-21;Челябинск;Organic
207653;Григорян Тигран Николаевич;2023-02-07;Челябинск;Yandex Ads
207654;Саркисян Аделина Владимирович;2024-04-04;Миасс;Yandex Ads
207655;Белов Игорь Николаевич;2023-12-06;Челябинск;Telegram
207656;Бекетов Анастасия Евгеньевич;2024-01-23;Ижевск;Referral
207657;Нуриев Денис Ивановна;2024-06-23;Пермь;Organic
207658;Новиков Алёна Владимирович;2024-04-26;Магнитогорск;Organic
207659;Белов Ксения Николаевич;2023-12-30;Челябинск;VK Ads
207660;Савченко Артур Сергеевна;2024-07-07;Челябинск;Direct
207661;Рахимов Даниил Сергеевич;2023-03-29;Екатеринбург;Direct
207662;Поляков Никита Николаевна;2023-03-20;Магнитогорск;Direct
207663;Чернов Вероника Сергеевич;2023-01-16;Челябинск;Yandex Ads
207664;Афанасьев Станислав Антонович;2023-09-21;Челябинск;Direct
207665;Баранов Роман Евгеньевич;2024-02-18;Екатеринбург;Organic
207666;Кондратьев Олег Алексеевна;2024-05-16;Челябинск;Telegram
207667;Кузьмин Лейла Александровна;2024-03-29;Магнитогорск;Yandex Ads
207668;Титов Самвел Александровна;2024-03-25;Екатеринбург;Organic
207669;Капустин Андрей Дмитриевич;2023-01-06;Сургут;VK Ads
207670;Гусев Аделина Викторовна;2023-11-05;Челябинск;Telegram
207671;Ковалёв Дарья Викторович;2023-09-30;Оренбург;Yandex Ads
207672;Пак Владимир Викторович;2024-04-12;Миасс;VK Ads
207673;Нуржанов Юлия Дмитриевич;2024-08-08;Самара;Direct
207674;Сафин Артур Викторович;2023-06-21;Златоуст;Direct
207675;Гусев Карина Романович;2024-01-12;Копейск;Organic
207676;Соколов Динара Викторович;2023-06-03;Уфа;VK Ads
207677;Смирнов Даниил Михайловна;2023-06-29;Пермь;Direct
207678;Павлов Диана Николаевич;2023-12-31;Челябинск;Organic
207679;Морозов Вероника Романовна;2023-07-20;Магнитогорск;VK Ads
207680;Юсупов Диана Павлович;2023-03-30;Златоуст;Organic
207681;Куликов Татьяна Павлович;2024-07-01;Екатеринбург;Email
207682;Юсупов Константин Николаевич;2023-06-23;Екатеринбург;Organic
207683;Ткаченко Алексей Михайлович;2024-07-29;Челябинск;Direct
207684;Пономарёв Маргарита Юрьевич;2023-05-04;Екатеринбург;Yandex Ads
207685;Ахметжанов Валерий Ивановна;2023-11-11;Миасс;Direct
207686;Назаров Антон Игоревна;2024-01-20;Тюмень;Yandex Ads
207687;Капустин Айгуль Евгеньевич;2023-06-08;Челябинск;Organic
207688;Фомин Гузель Евгеньевич;2023-12-24;Челябинск;Yandex Ads
207689;Фролов Самвел Павлович;2023-07-26;Екатеринбург;Direct
207690;Юн Александр Олеговна;2023-04-06;Санкт-Петербург;Telegram
207691;Миронов Тигран Евгеньевич;2023-09-26;Челябинск;Yandex Ads
207692;Борисов Дарья Александрович;2023-10-10;Уфа;Organic
207693;Григорян Эдуард Иванович;2024-01-12;Нижневартовск;VK Ads
207694;Беляев Юрий Николаевич;2023-07-29;Копейск;VK Ads
207695;Ли Диана Николаевич;2024-01-07;Уфа;Yandex Ads
207696;Галимов Анна Павлович;2023-04-15;Златоуст;Organic
207697;Петросян Денис Игоревна;2023-10-03;Магнитогорск;Direct
207698;Ершов Илья Владимировна;2023-08-25;Курган;Yandex Ads
207699;Бондаренко Марат Игоревна;2023-11-08;Магнитогорск;VK Ads
207700;Котов Олег Алексеевна;2024-04-24;Москва;Direct
207701;Шарипов Кристина Юрьевич;2024-08-24;Челябинск;Organic
207702;Соколов Денис Сергеевна;2024-02-07;Златоуст;VK Ads
207703;Соболев Вера Олеговна;2024-08-22;Екатеринбург;Yandex Ads
207704;Кузьмин Кирилл Алексеевич;2023-03-03;Миасс;Telegram
207705;Гончаренко Роман Романовна;2023-07-05;Копейск;Email
207706;Абдуллаев Милана Михайлович;2023-12-09;Челябинск;Telegram
207707;Егоров Евгений Евгеньевич;2023-06-25;Курган;Direct
207708;Захаров Ирина Дмитриевич;2023-09-02;Пермь;Organic
207709;Козлов Ольга Михайловна;2023-05-19;Оренбург;Organic
207710;Смирнов Айгуль Дмитриевич;2023-12-27;Челябинск;Yandex Ads
207711;Гончаренко Лилия Владимирович;2023-12-12;Оренбург;Yandex Ads
207712;Соколов Зарина Сергеевич;2024-01-03;Нижневартовск;Yandex Ads
207713;Кузнецов Ярослав Романовна;2024-02-18;Ижевск;Organic
207714;Бондаренко Евгения Владимировна;2024-04-24;Копейск;Organic
207715;Белов Дмитрий Михайлович;2023-01-12;Новосибирск;VK Ads
207716;Поляков Вера Андреевна;2023-09-16;Челябинск;VK Ads
207717;Мкртчян Даниил Алексеевна;2023-08-04;Нижневартовск;Email
207718;Пак Станислав Алексеевич;2023-07-20;Копейск;Organic
207719;Рахимов Айгуль Иванович;2024-01-25;Магнитогорск;VK Ads
207720;Жумабаев Светлана Владимирович;2023-07-19;Златоуст;Organic
207721;Хасанов Антон Павловна;2023-02-25;Челябинск;Yandex Ads
207722;Попов Ольга Викторовна;2023-09-27;Ижевск;Direct
207723;Воробьёв Эмиль Павловна;2023-10-14;Екатеринбург;Organic
207724;Соболев Артём Николаевич;2023-01-15;Челябинск;Telegram
207725;Сафонов Айгуль Андреевич;2024-07-03;Санкт-Петербург;VK Ads
207726;Абдуллаев Динара Владимировна;2023-01-27;Златоуст;VK Ads
207727;Королёв Михаил Ивановна;2023-03-24;Казань;Organic
207728;Ким Вероника Ивановна;2023-04-30;Екатеринбург;Yandex Ads
207729;Бойко Тигран Алексеевич;2023-12-23;Челябинск;Organic
207730;Оганесян Денис Романович;2024-05-28;Ижевск;Direct
207731;Сафин Алина Владимировна;2023-09-29;Челябинск;Yandex Ads
207732;Шин Гузель Николаевна;2023-01-18;Челябинск;VK Ads
207733;Павлов Сергей Антонович;2024-01-07;Златоуст;Organic
207734;Данилов Артур Игоревич;2023-11-12;Курган;Referral
207735;Котов Алина Владимировна;2023-05-13;Курган;Telegram
207736;Акопян Олег Ивановна;2023-07-30;Челябинск;Organic
207737;Мирзоян Олег Евгеньевна;2024-03-24;Челябинск;Yandex Ads
207738;Максимов Ирина Павловна;2023-07-13;Новосибирск;Direct
207739;Комаров Вера Алексеевич;2024-06-10;Пермь;Organic
207740;Ахметжанов Валерий Антонович;2023-08-22;Челябинск;Organic
207741;Цой Георгий Викторович;2023-01-17;Челябинск;Organic
207742;Ли Алексей Михайлович;2023-08-18;Копейск;VK Ads
207743;Беляев Глеб Дмитриевич;2023-11-17;Челябинск;Direct
207744;Акопян Павел Владимирович;2023-08-16;Копейск;Organic
207745;Виноградов Александр Андреевич;2023-11-06;Челябинск;Direct
207746;Миронов Надежда Михайловна;2024-08-07;Челябинск;VK Ads
207747;Оганесян Павел Романович;2023-09-04;Челябинск;Organic
207748;Ткаченко Илья Сергеевна;2023-07-31;Челябинск;Referral
207749;Оганесян Виктор Алексеевна;2023-11-16;Миасс;Organic
207750;Котов Алина Юрьевна;2023-08-06;Уфа;Telegram
207751;Аветисян Денис Романовна;2023-11-24;Челябинск;Organic
207752;Сафин Алёна Олегович;2024-06-14;Челябинск;Yandex Ads
207753;Нуржанов Даниил Андреевич;2024-03-24;Екатеринбург;Direct
207754;Капустин Юлия Романович;2023-12-31;Челябинск;Referral
207755;Саркисян Роман Романович;2024-03-07;Екатеринбург;Yandex Ads
207756;Чернов Борис Алексеевич;2023-06-10;Челябинск;Direct
207757;Фёдоров Аделина Александровна;2024-04-06;Екатеринбург;Direct
207758;Цветков Диана Владимирович;2024-06-17;Магнитогорск;Direct
207759;Логинов Руслан Олеговна;2023-06-18;Пермь;Yandex Ads
207760;Садыков Станислав Евгеньевич;2024-05-19;Тюмень;Yandex Ads
207761;Сафин Игорь Евгеньевна;2023-01-06;Оренбург;Direct
207762;Сорокин Артур Михайлович;2023-05-19;Челябинск;Organic
207763;Акопян Борис Иванович;2023-08-21;Челябинск;Referral
207764;Кондратьев Илья Антонович;2023-04-18;Челябинск;Yandex Ads
207765;Сулейманов Георгий Олегович;2023-06-07;Челябинск;Organic
207766;Садыков Иван Алексеевич;2023-11-16;Челябинск;Organic
207767;Сафин Милана Михайлович;2023-12-18;Казань;Direct
207768;Тулеев Айгуль Антонович;2024-07-31;Челябинск;VK Ads
207769;Куликов Тимур Александровна;2024-02-27;Челябинск;Direct
207770;Смирнов Юлия Павловна;2024-04-28;Челябинск;Direct
207771;Логинов Вадим Романовна;2023-01-07;Копейск;Organic
207772;Пономарёв Элина Игоревна;2023-04-01;Копейск;Organic
207773;Омаров Кристина Дмитриевна;2023-10-11;Копейск;VK Ads
207774;Мухаметшин Алина Юрьевич;2023-09-11;Магнитогорск;Organic
207775;Кадыров Валерий Владимирович;2023-01-15;Магнитогорск;VK Ads
207776;Новиков Юрий Павлович;2023-01-04;Челябинск;VK Ads
207777;Орлов Тигран Антонович;2023-11-14;Челябинск;Referral
207778;Назаров Марат Олеговна;2024-05-15;Новосибирск;Yandex Ads
207779;Быков Ксения Павловна;2023-10-19;Казань;Telegram
207780;Абрамян Дарья Михайлович;2024-05-28;Миасс;Yandex Ads
207781;Зайцев Павел Викторовна;2023-07-11;Златоуст;Email
207782;Соловьёв Маргарита Ивановна;2024-05-09;Уфа;Direct
207783;Поляков Алёна Алексеевна;2024-08-03;Челябинск;Organic
207784;Рахимов Яна Николаевна;2024-08-10;Челябинск;Yandex Ads
207785;Степанов Павел Александрович;2024-05-21;Челябинск;Organic
207786;Смирнов Константин Владимирович;2023-09-02;Челябинск;Organic
207787;Комаров Сергей Ивановна;2023-04-14;Магнитогорск;Organic
207788;Орлов Вероника Евгеньевна;2023-08-22;Москва;Organic
207789;Цой Гузель Владимирович;2023-11-09;Пермь;Direct
207790;Козлов Маргарита Павловна;2023-07-02;Самара;Yandex Ads
207791;Гасанов Элина Алексеевич;2024-01-26;Челябинск;Telegram
207792;Мамедов Айгуль Владимирович;2023-04-26;Челябинск;VK Ads
207793;Тен Михаил Андреевна;2023-04-10;Курган;Direct
207794;Беляев Марина Игоревна;2024-05-08;Челябинск;Organic
207795;Белов Марина Александрович;2023-01-14;Челябинск;Email
207796;Филатов Ольга Михайловна;2023-06-17;Челябинск;Yandex Ads
207797;Афанасьев Марат Викторовна;2023-01-13;Тюмень;Direct
207798;Шарипов Айгуль Александрович;2024-08-17;Челябинск;Organic
207799;Шин Диана Дмитриевич;2023-11-14;Челябинск;Telegram
207800;Садыков Игорь Викторович;2023-03-12;Пермь;Organic
207801;Голубев Тимур Романович;2023-12-25;Копейск;Organic
207802;Садыков Вера Олеговна;2024-01-10;Челябинск;Yandex Ads
207803;Матвеев Анна Сергеевна;2024-03-20;Челябинск;Yandex Ads
207804;Никитин Владимир Николаевич;2023-04-24;Челябинск;Yandex Ads
207805;Ткаченко Ксения Михайловна;2023-01-07;Челябинск;Organic
207806;Поляков Павел Николаевич;2024-05-12;Челябинск;Direct
207807;Волков Алёна Михайловна;2023-12-01;Челябинск;Yandex Ads
207808;Валеев Никита Олегович;2024-06-16;Челябинск;Organic
207809;Кравченко Ксения Викторовна;2023-07-16;Златоуст;Organic
207810;Яковлев Карен Романовна;2024-07-08;Новосибирск;Direct
207811;Кондратьев Оксана Михайловна;2023-06-01;Екатеринбург;Organic
207812;Тен Борис Антонович;2024-04-22;Курган;Organic
207813;Соколов Надежда Андреевич;2024-08-11;Миасс;Direct
207814;Сафонов Динара Юрьевич;2023-12-24;Златоуст;VK Ads
207815;Мельник Мария Романовна;2024-06-27;Екатеринбург;Organic
207816;Герасимов Милана Дмитриевна;2024-02-21;Златоуст;Email
207817;Алиев Руслан Павловна;2023-09-26;Оренбург;Telegram
207818;Мельник Самвел Сергеевич;2023-11-27;Екатеринбург;Telegram
207819;Данилов Руслан Романович;2023-04-11;Москва;Yandex Ads
207820;Козлов Кирилл Игоревич;2023-12-06;Копейск;Email
207821;Сеитов Вадим Евгеньевич;2024-07-20;Магнитогорск;Referral
207822;Власов Тимур Викторовна;2023-02-08;Златоуст;Direct
207823;Гончаренко Софья Романович;2024-03-28;Казань;Yandex Ads
207824;Тарасенко Марат Михайловна;2023-03-14;Челябинск;Organic
207825;Гусев Милана Павловна;2023-08-04;Челябинск;Organic
207826;Васильев Милана Дмитриевич;2023-12-05;Магнитогорск;Referral
207827;Сафин Диана Владимирович;2024-05-29;Екатеринбург;Yandex Ads
207828;Петросян Надежда Александрович;2023-06-11;Магнитогорск;VK Ads
207829;Кузьмин Карина Ивановна;2023-12-18;Екатеринбург;Direct
207830;Кравченко Сергей Викторовна;2024-05-30;Челябинск;Direct
207831;Григорян Иван Владимировна;2023-04-09;Златоуст;Organic
207832;Акопян Антон Андреевич;2023-10-03;Челябинск;Organic
207833;Юсупов Игорь Николаевна;2023-03-25;Златоуст;Direct
207834;Тулеев Юрий Михайловна;2023-07-07;Челябинск;Direct
207835;Филатов Анастасия Юрьевич;2023-04-27;Тюмень;Yandex Ads
207836;Маслов Эмиль Олеговна;2024-04-13;Самара;Telegram
207837;Кузнецов Руслан Викторовна;2023-09-04;Тюмень;Yandex Ads
207838;Сергеев Алексей Викторовна;2023-05-20;Челябинск;Telegram
207839;Тарасенко Глеб Александровна;2023-09-07;Новосибирск;VK Ads
207840;Попов Валерия Дмитриевна;2023-07-28;Сургут;Yandex Ads
207841;Виноградов Елена Олегович;2023-06-18;Екатеринбург;Direct
207842;Сулейманов Андрей Юрьевич;2023-01-06;Магнитогорск;Direct
207843;Мартиросян Антон Романовна;2023-06-06;Казань;Telegram
207844;Галимов Эдуард Юрьевна;2024-04-24;Копейск;Yandex Ads
207845;Рябов Егор Михайловна;2023-09-20;Новосибирск;Direct
207846;Баранов Лилия Иванович;2023-10-11;Миасс;Organic
207847;Абдуллаев Мария Андреевна;2023-03-09;Екатеринбург;Telegram
207848;Григорьев Виктория Иванович;2024-02-27;Уфа;Telegram
207849;Степанов Антон Романович;2023-02-06;Москва;Organic
207850;Морозов Максим Евгеньевич;2023-04-11;Челябинск;VK Ads
207851;Назаров Вера Викторовна;2024-06-06;Челябинск;Telegram
207852;Мирзоян Лилия Андреевич;2023-05-07;Самара;VK Ads
207853;Ильин Айгуль Николаевич;2024-01-05;Сургут;Telegram
207854;Попов Фёдор Алексеевна;2023-04-29;Челябинск;Direct
207855;Омаров Арсен Андреевич;2024-04-04;Екатеринбург;Referral
207856;Алиев Роман Ивановна;2023-03-27;Челябинск;VK Ads
207857;Герасимов Маргарита Олегович;2024-08-24;Тюмень;Direct
207858;Богданов Наталья Николаевич;2023-02-07;Челябинск;Direct
207859;Ткаченко Светлана Андреевич;2023-04-02;Уфа;Yandex Ads
207860;Котов Софья Романовна;2023-05-12;Уфа;Yandex Ads
207861;Козлов Иван Михайлович;2024-04-28;Екатеринбург;Telegram
207862;Миронов Кирилл Романовна;2024-07-24;Магнитогорск;Organic
207863;Наумов Светлана Александрович;2024-08-27;Златоуст;Organic
207864;Савченко Маргарита Александровна;2024-02-29;Челябинск;Yandex Ads
207865;Петров Наталья Юрьевич;2023-05-07;Уфа;Direct
207866;Михайлов Виктория Дмитриевич;2023-05-19;Сургут;Organic
207867;Виноградов Борис Александрович;2024-07-12;Челябинск;Organic
207868;Ким Полина Андреевич;2023-02-11;Челябинск;Yandex Ads
207869;Романов Самвел Николаевич;2023-08-14;Новосибирск;Yandex Ads
207870;Юн Светлана Игоревна;2023-10-17;Миасс;Direct
207871;Ахметов Анастасия Ивановна;2024-06-20;Курган;Organic
207872;Миронов Светлана Николаевна;2024-04-06;Челябинск;Direct
207873;Волков Евгений Юрьевна;2023-11-30;Курган;Telegram
207874;Павлов Милана Евгеньевна;2023-07-12;Копейск;Organic
207875;Морозов Николай Антонович;2023-11-10;Миасс;VK Ads
207876;Титов Софья Михайловна;2023-06-08;Уфа;VK Ads
207877;Наумов Станислав Антонович;2023-08-10;Миасс;Telegram
207878;Галимов Станислав Александровна;2024-03-21;Челябинск;Organic
207879;Ковалёв Ирина Юрьевич;2023-03-30;Челябинск;VK Ads
207880;Мамедов Надежда Викторовна;2024-02-06;Самара;Yandex Ads
207881;Галимов Тигран Олегович;2024-01-22;Челябинск;Organic
207882;Ильин Наталья Сергеевна;2023-07-22;Копейск;Direct
207883;Быков Глеб Евгеньевна;2023-06-06;Миасс;Direct
207884;Гарипов Ирина Александрович;2023-12-24;Копейск;VK Ads
207885;Петров Кирилл Ивановна;2024-01-31;Миасс;Direct
207886;Тулеев Ольга Евгеньевна;2024-05-25;Челябинск;Organic
207887;Миронов Татьяна Павлович;2024-08-23;Магнитогорск;Organic
207888;Петров Дарья Антонович;2024-05-29;Самара;VK Ads
207889;Логинов Ксения Олегович;2024-06-26;Пермь;Yandex Ads
207890;Волков Станислав Михайлович;2023-01-22;Оренбург;Organic
207891;Каримов Татьяна Александрович;2023-02-16;Уфа;Organic
207892;Назаров Тимур Евгеньевна;2023-02-23;Пермь;Organic
207893;Григорьев Николай Сергеевич;2023-05-04;Челябинск;Direct
207894;Ким Игорь Иванович;2024-08-07;Копейск;Direct
207895;Волков Оксана Иванович;2023-09-25;Екатеринбург;VK Ads
207896;Шарипов Гузель Евгеньевна;2023-02-04;Челябинск;Direct
207897;Мирзоян Элина Алексеевна;2024-06-29;Уфа;Referral
207898;Козлов Алексей Андреевич;2023-02-22;Копейск;Telegram
207899;Бойко Анна Павловна;2024-01-06;Копейск;Yandex Ads
207900;Быков Наталья Игоревна;2024-01-26;Самара;Organic
207901;Капустин Лейла Викторович;2023-03-20;Миасс;VK Ads
207902;Кадыров Даниил Михайлович;2023-09-08;Сургут;Direct
207903;Шин Татьяна Игоревна;2024-02-01;Самара;Yandex Ads
207904;Михайлов Софья Викторовна;2023-01-06;Копейск;Referral
207905;Савченко Ольга Александровна;2023-08-01;Сургут;Direct
207906;Фёдоров Павел Романовна;2023-10-21;Миасс;Organic
207907;Сафонов Георгий Александрович;2023-08-26;Ижевск;Organic
207908;Оганесян Фёдор Дмитриевна;2024-01-03;Копейск;Organic
207909;Мамедов Яна Иванович;2023-05-18;Казань;Yandex Ads
207910;Григорян Артём Романович;2024-06-08;Копейск;Direct
207911;Фомин Ярослав Алексеевна;2023-03-13;Магнитогорск;VK Ads
207912;Быков Виктория Романович;2023-04-21;Екатеринбург;Organic
207913;Тен Павел Антонович;2024-08-31;Екатеринбург;Yandex Ads
207914;Егоров Евгений Олеговна;2023-07-31;Челябинск;Organic
207915;Капустин Илья Павловна;2024-02-28;Челябинск;Yandex Ads
207916;Васильев Алексей Евгеньевич;2023-06-14;Уфа;Telegram
207917;Семёнов Юлия Николаевич;2023-09-05;Пермь;VK Ads
207918;Нуржанов Елена Михайловна;2024-03-26;Челябинск;Yandex Ads
207919;Романов Илья Игоревич;2023-04-04;Нижневартовск;Yandex Ads
207920;Ли Карина Олеговна;2023-10-06;Оренбург;Organic
207921;Яковлев Даниил Антонович;2023-01-03;Миасс;Yandex Ads
207922;Голубев Алёна Романович;2023-12-10;Ижевск;Referral
207923;Сафин Кристина Михайловна;2023-09-19;Челябинск;Yandex Ads
207924;Щербаков Вероника Евгеньевич;2024-02-08;Челябинск;Organic
207925;Киселёв Валерий Игоревич;2024-03-17;Магнитогорск;Yandex Ads
207926;Иванов Юрий Андреевна;2024-06-07;Уфа;Yandex Ads
207927;Голубев Анастасия Антонович;2024-06-11;Челябинск;Email
207928;Мельник Кристина Романовна;2024-01-28;Оренбург;Organic
207929;Яковлев Дмитрий Павловна;2024-08-30;Сургут;Email
207930;Алиев Анастасия Андреевич;2024-02-08;Магнитогорск;Yandex Ads
207931;Саркисян Светлана Павловна;2024-04-14;Самара;Organic
207932;Семёнов Михаил Павловна;2024-07-11;Челябинск;Yandex Ads
207933;Кузьмин Самвел Романовна;2024-02-16;Челябинск;Organic
207934;Галимов Илья Евгеньевич;2023-07-12;Оренбург;VK Ads
207935;Мирзоян Александр Николаевна;2024-03-12;Казань;VK Ads
207936;Сулейманов Марат Андреевна;2024-01-04;Магнитогорск;Email
207937;Алексеев Константин Владимирович;2023-03-11;Копейск;Organic
207938;Мухаметшин Диана Владимирович;2023-06-28;Челябинск;VK Ads
207939;Пономарёв Елена Игоревич;2024-03-24;Златоуст;VK Ads
207940;Касымов Оксана Михайловна;2023-09-29;Нижневартовск;Direct
207941;Абдуллаев Тигран Михайлович;2024-04-20;Челябинск;Email
207942;Бондаренко Екатерина Михайлович;2024-07-15;Уфа;VK Ads
207943;Иванов Сергей Николаевич;2024-03-29;Миасс;Organic
207944;Григорьев Эмиль Романович;2023-07-24;Новосибирск;Organic
207945;Бойко Вера Юрьевна;2024-01-05;Казань;Organic
207946;Жумабаев Николай Дмитриевна;2023-09-08;Самара;VK Ads
207947;Миронов Фёдор Викторовна;2023-06-23;Челябинск;VK Ads
207948;Каримов Екатерина Антонович;2024-04-29;Челябинск;Direct
207949;Герасимов Артур Игоревна;2024-03-10;Челябинск;Yandex Ads
207950;Садыков Глеб Павлович;2024-05-01;Челябинск;Organic
207951;Нуриев Яна Игоревич;2024-06-16;Челябинск;Email
207952;Кадыров Валерия Антонович;2023-01-22;Магнитогорск;Telegram
207953;Хасанов Владимир Александрович;2024-08-21;Миасс;VK Ads
207954;Петров Игорь Юрьевич;2023-05-20;Миасс;Referral
207955;Соловьёв Антон Сергеевич;2023-02-12;Челябинск;Referral
207956;Хабибуллин Юлия Игоревна;2024-02-20;Уфа;Yandex Ads
207957;Петросян Диана Юрьевич;2023-01-08;Казань;Email
207958;Михайлов Гузель Николаевна;2024-06-24;Курган;Direct
207959;Романов Оксана Алексеевич;2023-09-09;Челябинск;Direct
207960;Жумабаев Георгий Андреевна;2023-06-07;Челябинск;Yandex Ads
207961;Цветков Павел Евгеньевич;2023-07-24;Златоуст;Yandex Ads
207962;Капустин Татьяна Андреевна;2023-05-17;Челябинск;Telegram
207963;Каримов Надежда Олегович;2024-04-20;Челябинск;Referral
207964;Рябов Антон Романовна;2024-04-05;Челябинск;Direct
207965;Цой Алёна Михайлович;2023-12-30;Магнитогорск;VK Ads
207966;Ахметжанов Евгения Викторович;2024-02-22;Челябинск;VK Ads
207967;Соболев Фёдор Андреевич;2023-10-20;Челябинск;Telegram
207968;Козлов Борис Дмитриевна;2023-10-15;Челябинск;VK Ads
207969;Бондаренко Евгений Иванович;2023-09-20;Челябинск;Telegram
207970;Садыков Руслан Олеговна;2023-03-19;Копейск;Yandex Ads
207971;Киселёв Динара Сергеевна;2023-07-15;Магнитогорск;Referral
207972;Логинов Константин Андреевич;2024-02-13;Екатеринбург;Email
207973;Семёнов Амина Иванович;2023-08-07;Уфа;Organic
207974;Назаров Аделина Александрович;2024-07-22;Челябинск;Direct
207975;Лазарев Зарина Владимирович;2024-05-28;Челябинск;Organic
207976;Сорокин Лейла Юрьевна;2023-12-04;Курган;Yandex Ads
207977;Кондратьев Диана Михайлович;2024-04-29;Москва;Email
207978;Гарипов Борис Павлович;2023-10-26;Новосибирск;Telegram
207979;Гусев Анна Михайловна;2024-07-22;Челябинск;Direct
207980;Щербаков Никита Сергеевна;2024-04-28;Санкт-Петербург;Referral
207981;Кондратьев Георгий Юрьевич;2024-06-20;Екатеринбург;Telegram
207982;Андреев Борис Юрьевна;2023-04-09;Челябинск;Direct
207983;Щербаков Егор Евгеньевна;2023-02-18;Уфа;Email
207984;Валеев Артём Николаевна;2024-05-04;Челябинск;Organic
207985;Фомин Милана Михайлович;2023-11-25;Казань;VK Ads
207986;Григорян Лилия Владимирович;2023-02-10;Санкт-Петербург;VK Ads
207987;Ершов Эдуард Алексеевич;2024-08-13;Миасс;Yandex Ads
207988;Ибрагимов Георгий Михайловна;2024-04-01;Челябинск;Referral
207989;Кузьмин Алексей Романовна;2024-03-14;Челябинск;Organic
207990;Воробьёв Эдуард Александрович;2023-09-08;Копейск;Referral
207991;Григорьев Ирина Владимировна;2023-06-15;Челябинск;VK Ads
207992;Соколов Руслан Олеговна;2023-03-26;Златоуст;Direct
207993;Капустин Алексей Андреевич;2023-02-06;Пермь;Direct
207994;Мартиросян Ольга Сергеевич;2024-08-14;Магнитогорск;Organic
207995;Макаров Лейла Игоревич;2023-11-04;Магнитогорск;VK Ads
207996;Куликов Марат Сергеевна;2024-02-14;Копейск;VK Ads
207997;Мухаметшин Вера Сергеевич;2023-07-06;Миасс;Email
207998;Беляев Валерия Юрьевна;2023-12-12;Пермь;Organic
207999;Белов Наталья Павловна;2023-05-03;Тюмень;Yandex Ads
208000;Романов Светлана Николаевич;2024-01-05;Ижевск;Organic
208001;Денисов Ярослав Алексеевич;2023-03-19;Копейск;Organic
208002;Аветисян Самвел Романович;2024-03-31;Челябинск;Organic
208003;Соколов Милана Николаевич;2023-03-27;Челябинск;VK Ads
208004;Медведев Егор Николаевич;2023-01-03;Челябинск;Organic
208005;Романов Руслан Олеговна;2024-07-20;Челябинск;Organic
208006;Арутюнян Фёдор Николаевич;2024-08-02;Челябинск;Organic
208007;Яковлев Роман Алексеевна;2024-03-10;Челябинск;Yandex Ads
208008;Павлов Диана Алексеевна;2023-10-14;Челябинск;Direct
208009;Саркисян Станислав Евгеньевна;2023-11-08;Екатеринбург;Direct
208010;Королёв Ярослав Сергеевич;2024-02-21;Челябинск;Organic
208011;Афанасьев Денис Викторовна;2024-01-14;Уфа;Email
208012;Макаров Алёна Антонович;2023-10-09;Магнитогорск;Direct
208013;Фролов Ольга Игоревна;2023-06-18;Челябинск;Telegram
208014;Тен Марина Романович;2023-04-16;Тюмень;Organic
208015;Лебедев Елена Андреевич;2024-04-06;Миасс;Organic
208016;Голубев Амина Викторовна;2023-04-13;Златоуст;Direct
208017;Морозов Ирина Алексеевич;2023-01-23;Миасс;Organic
208018;Кузнецов Егор Андреевна;2024-07-17;Екатеринбург;Direct
208019;Ковалёв Ксения Владимировна;2024-02-29;Копейск;Direct
208020;Кравченко Наталья Владимирович;2024-07-12;Казань;Organic
208021;Гончаренко Дмитрий Михайловна;2024-02-11;Казань;VK Ads
208022;Мельник Мария Игоревна;2024-08-22;Москва;Direct
208023;Быков Денис Игоревич;2023-02-15;Челябинск;Email
208024;Орлов Диана Павлович;2024-08-03;Миасс;Referral
208025;Ильин Ярослав Иванович;2024-07-16;Челябинск;Direct
208026;Ли Юрий Игоревна;2023-03-16;Москва;VK Ads
208027;Сафонов Руслан Сергеевич;2023-06-24;Челябинск;VK Ads
208028;Григорьев Юлия Андреевна;2023-01-30;Сургут;Yandex Ads
208029;Григорян Татьяна Викторович;2024-04-13;Казань;Organic
208030;Максимов Элина Евгеньевна;2023-11-28;Екатеринбург;VK Ads
208031;Сергеев Мария Павлович;2023-09-22;Новосибирск;Direct
208032;Макаров Роман Павловна;2023-03-12;Нижневартовск;Organic
208033;Быков Арсен Евгеньевна;2023-10-12;Челябинск;Telegram
208034;Медведев Арсен Михайловна;2024-08-21;Москва;Organic
208035;Соколов Гузель Ивановна;2024-06-02;Миасс;Yandex Ads
208036;Зайцев Никита Юрьевич;2024-03-11;Копейск;Organic
208037;Юсупов Карина Ивановна;2023-11-18;Сургут;Organic
208038;Хабибуллин Ирина Андреевич;2024-01-30;Челябинск;Yandex Ads
208039;Жуков Яна Андреевна;2023-09-22;Челябинск;Organic
208040;Кондратьев Евгений Романович;2023-08-27;Челябинск;Direct
208041;Степанов Эмиль Андреевич;2023-01-27;Магнитогорск;Yandex Ads
208042;Ибрагимов Олег Игоревна;2023-05-04;Златоуст;Referral
208043;Пак Эдуард Викторович;2024-01-26;Магнитогорск;Direct
208044;Макаров Анна Романович;2024-01-19;Челябинск;VK Ads
208045;Егоров Михаил Антонович;2024-02-19;Миасс;Organic
208046;Ли Самвел Ивановна;2023-05-27;Пермь;VK Ads
208047;Гусев Владимир Олеговна;2024-03-05;Новосибирск;Organic
208048;Баранов Марина Николаевна;2023-01-15;Уфа;Email
208049;Капустин Борис Дмитриевич;2023-04-30;Челябинск;Organic
208050;Цой Тигран Евгеньевна;2024-07-09;Москва;Direct
208051;Пак Борис Романовна;2023-06-17;Уфа;Email
208052;Соболев Дарья Юрьевна;2023-11-11;Челябинск;Email
208053;Козлов Алина Николаевич;2023-09-13;Новосибирск;Direct
208054;Сеитов Мария Алексеевна;2024-01-20;Нижневартовск;Direct
208055;Беляев Валерий Николаевич;2023-11-18;Челябинск;Telegram
208056;Сеитов Олег Антонович;2023-12-22;Магнитогорск;Organic
208057;Наумов Антон Владимирович;2024-06-12;Челябинск;Organic
208058;Сафонов Лейла Игоревна;2023-09-16;Пермь;Direct
208059;Никитин Софья Николаевна;2024-02-13;Златоуст;Direct
208060;Филатов Виктор Александрович;2023-03-10;Копейск;Email
208061;Богданов Марат Николаевич;2024-01-17;Челябинск;Organic
208062;Алиев Егор Евгеньевна;2024-02-05;Челябинск;Telegram
208063;Романов Дарья Сергеевна;2024-05-31;Москва;Organic
208064;Мартиросян Валерий Евгеньевна;2023-02-26;Челябинск;Email
208065;Касымов Ольга Романович;2024-04-17;Челябинск;Organic
208066;Орлов Ярослав Павловна;2023-11-17;Копейск;Yandex Ads
208067;Сафонов Александр Николаевич;2024-08-11;Москва;Organic
208068;Филатов Вера Николаевна;2024-07-03;Челябинск;VK Ads
208069;Ахметжанов Михаил Юрьевич;2023-09-23;Челябинск;Direct
208070;Ахметов Руслан Павловна;2024-04-24;Оренбург;Referral
208071;Кузьмин Эдуард Сергеевич;2024-03-24;Казань;Organic
208072;Голубев Ярослав Владимирович;2024-06-27;Челябинск;Yandex Ads
208073;Быков Яна Викторовна;2024-08-25;Самара;Direct
208074;Виноградов Диана Евгеньевна;2024-08-24;Миасс;Organic
208075;Бойко Арсен Михайловна;2024-01-24;Москва;Organic
208076;Омаров Станислав Михайловна;2023-09-11;Челябинск;Yandex Ads
208077;Сергеев Вадим Александрович;2024-08-30;Москва;Telegram
208078;Акопян Ксения Сергеевна;2023-12-24;Екатеринбург;Direct
208079;Богданов Денис Романович;2023-09-21;Ижевск;Organic
208080;Герасимов Глеб Евгеньевич;2023-12-22;Миасс;Direct
208081;Котов Самвел Викторовна;2023-03-21;Ижевск;Yandex Ads
208082;Сафонов Вадим Иванович;2023-07-17;Челябинск;Email
208083;Куликов Эмиль Иванович;2024-07-23;Москва;Yandex Ads
208084;Захаров Алексей Владимирович;2024-06-15;Уфа;Yandex Ads
208085;Миронов Георгий Алексеевич;2024-08-05;Магнитогорск;Direct
208086;Егоров Эмиль Олегович;2024-05-04;Самара;VK Ads
208087;Баранов Ярослав Михайлович;2023-01-06;Челябинск;Yandex Ads
208088;Юсупов Игорь Павловна;2023-06-06;Казань;Yandex Ads
208089;Герасимов Артур Игоревич;2023-02-08;Златоуст;Organic
208090;Нуржанов Евгения Олегович;2023-02-13;Москва;Yandex Ads
208091;Саркисян Алексей Павлович;2024-07-11;Челябинск;Organic
208092;Степанов Софья Юрьевна;2023-06-24;Миасс;Email
208093;Матвеев Виктор Дмитриевна;2023-04-11;Курган;Direct
208094;Морозов Вадим Андреевич;2023-01-30;Челябинск;VK Ads
208095;Макаров Николай Владимировна;2024-03-21;Уфа;Organic
208096;Мухаметшин Надежда Евгеньевич;2023-05-31;Златоуст;Telegram
208097;Рябов Глеб Евгеньевна;2023-12-07;Курган;Yandex Ads
208098;Кузьмин Алексей Андреевич;2024-08-24;Магнитогорск;Organic
208099;Саркисян Роман Дмитриевич;2023-02-02;Тюмень;Organic
208100;Аветисян Наталья Викторович;2023-12-09;Сургут;Referral
208101;Валеев Николай Алексеевна;2023-11-09;Копейск;Organic
208102;Белов Зарина Андреевич;2023-01-26;Казань;Organic
208103;Гусев Виктория Владимирович;2024-07-20;Москва;Yandex Ads
208104;Садыков Самвел Андреевна;2023-06-17;Челябинск;Direct
208105;Рябов Карина Алексеевич;2024-01-06;Челябинск;Yandex Ads
208106;Волков Дмитрий Ивановна;2023-04-13;Курган;Organic
208107;Фёдоров Зарина Олегович;2023-07-09;Казань;Yandex Ads
208108;Петров Евгения Сергеевич;2023-06-08;Челябинск;Direct
208109;Сергеев Валерий Иванович;2023-03-01;Тюмень;Organic
208110;Егоров Элина Николаевич;2023-09-10;Екатеринбург;Direct
208111;Попов Марат Ивановна;2024-07-29;Копейск;Telegram
208112;Мирзоян Амина Ивановна;2023-02-07;Челябинск;Direct
208113;Жумабаев Амина Николаевич;2024-08-23;Новосибирск;Organic
208114;Мельник Денис Николаевна;2024-05-04;Уфа;Direct
208115;Быков Аделина Викторовна;2023-03-19;Оренбург;Organic
208116;Мартиросян Зарина Евгеньевна;2024-01-10;Казань;Yandex Ads
208117;Цветков Евгения Викторовна;2024-05-08;Челябинск;Telegram
208118;Ершов Антон Алексеевич;2024-07-09;Уфа;Direct
208119;Романов Полина Николаевна;2023-01-16;Екатеринбург;VK Ads
208120;Ильин Артём Олеговна;2023-08-07;Нижневартовск;VK Ads
208121;Королёв Дмитрий Игоревна;2023-03-06;Тюмень;Organic
208122;Белов Милана Николаевич;2024-08-24;Челябинск;Yandex Ads
208123;Галимов Ярослав Владимирович;2023-12-17;Миасс;Direct
208124;Сафин Милана Николаевич;2024-01-04;Магнитогорск;Telegram
208125;Королёв Руслан Викторович;2023-03-27;Екатеринбург;Direct
208126;Орлов Вероника Иванович;2023-12-30;Челябинск;Email
208127;Тен Ирина Романович;2023-08-04;Курган;VK Ads
208128;Гарипов Ксения Дмитриевич;2024-04-03;Челябинск;Direct
208129;Сорокин Виктория Алексеевна;2023-12-15;Челябинск;Direct
208130;Арутюнян Павел Ивановна;2023-07-11;Челябинск;Direct
208131;Назаров Александр Андреевна;2024-04-01;Челябинск;Direct
208132;Григорьев Аделина Николаевич;2024-01-21;Челябинск;Organic
208133;Ахметжанов Илья Андреевич;2024-03-21;Копейск;Direct
208134;Мартиросян Гузель Антонович;2023-03-03;Челябинск;Yandex Ads
208135;Белов Лейла Алексеевна;2023-09-28;Копейск;Organic
208136;Беляев Светлана Алексеевна;2024-08-29;Казань;Direct
208137;Бекетов Станислав Михайловна;2023-04-04;Курган;Referral
208138;Новиков Максим Иванович;2023-11-28;Тюмень;Organic
208139;Ибрагимов Екатерина Павловна;2023-01-14;Уфа;Organic
208140;Мкртчян Тигран Романович;2024-03-16;Москва;Referral
208141;Аветисян Андрей Дмитриевна;2023-01-05;Миасс;Organic
208142;Каримов Айгуль Алексеевна;2024-05-08;Челябинск;Organic
208143;Кузнецов Карен Юрьевна;2023-08-14;Пермь;Organic
208144;Фролов Валерий Владимирович;2024-08-07;Миасс;Referral
208145;Бондаренко Борис Павловна;2024-02-17;Златоуст;Telegram
208146;Чернов Айгуль Антонович;2024-02-08;Копейск;Direct
208147;Степанов Даниил Алексеевич;2023-04-01;Челябинск;Yandex Ads
208148;Филатов Дарья Андреевна;2023-11-05;Миасс;Yandex Ads
208149;Исмаилов Дмитрий Владимирович;2024-07-02;Пермь;Yandex Ads
208150;Лебедев Лейла Антонович;2023-08-25;Магнитогорск;Organic
208151;Максимов Валерия Сергеевна;2023-04-08;Екатеринбург;Telegram
208152;Логинов Борис Николаевна;2024-03-03;Екатеринбург;Organic
208153;Орлов Оксана Павлович;2024-07-16;Пермь;Organic
208154;Козлов Амина Андреевна;2023-01-05;Челябинск;Direct
208155;Ершов Елена Викторовна;2023-10-14;Челябинск;Referral
208156;Аветисян Егор Евгеньевич;2023-05-04;Челябинск;Organic
208157;Беляев Михаил Романовна;2024-03-23;Челябинск;Referral
208158;Касымов Лейла Александрович;2024-06-06;Челябинск;Direct
208159;Сорокин Виктория Викторовна;2023-05-26;Уфа;Yandex Ads
208160;Ахметжанов Анна Андреевна;2024-03-14;Миасс;VK Ads
208161;Щербаков Яна Романович;2024-08-13;Челябинск;Referral
208162;Королёв Элина Юрьевич;2024-01-04;Санкт-Петербург;Organic
208163;Козлов Даниил Владимирович;2024-07-24;Копейск;Organic
208164;Логинов Ирина Романовна;2023-01-02;Екатеринбург;Organic
208165;Юсупов Георгий Михайловна;2023-09-24;Пермь;Direct
208166;Волков Наталья Павлович;2023-04-20;Екатеринбург;VK Ads
208167;Бойко Антон Михайлович;2023-11-13;Пермь;Telegram
208168;Титов Аделина Дмитриевич;2024-06-22;Челябинск;Yandex Ads
208169;Ли Юрий Олегович;2023-07-01;Курган;Yandex Ads
208170;Шин Денис Дмитриевич;2023-08-04;Копейск;Direct
208171;Галимов Антон Дмитриевич;2023-07-04;Москва;VK Ads
208172;Мкртчян Валерий Ивановна;2023-02-04;Курган;Direct
208173;Голубев Сергей Юрьевна;2024-03-22;Миасс;Direct
208174;Кравченко Николай Андреевич;2023-02-28;Екатеринбург;Yandex Ads
208175;Тарасов Лилия Владимирович;2024-03-27;Курган;Email
208176;Ахметжанов Екатерина Алексеевна;2024-07-19;Уфа;Telegram
208177;Новиков Оксана Викторовна;2024-01-10;Уфа;Organic
208178;Кадыров Валерий Игоревна;2024-04-27;Екатеринбург;Email
208179;Абрамян Тимур Алексеевич;2023-02-20;Челябинск;Direct
208180;Аветисян Светлана Михайлович;2023-04-03;Златоуст;VK Ads
208181;Шин Ксения Павловна;2023-10-20;Тюмень;Organic
208182;Григорян Денис Сергеевна;2024-04-24;Сургут;Direct
208183;Бекетов Артём Павлович;2024-02-08;Пермь;Organic
208184;Сафин Мария Николаевна;2024-08-26;Уфа;Email
208185;Мельник Вера Антонович;2024-05-27;Уфа;VK Ads
208186;Гарипов Диана Дмитриевна;2024-07-13;Златоуст;VK Ads
208187;Шарипов Егор Юрьевич;2023-11-22;Нижневартовск;Organic
208188;Арутюнян Владимир Ивановна;2023-01-31;Тюмень;Direct
208189;Мамедов Наталья Владимирович;2023-12-21;Челябинск;Email
208190;Ахметов Лилия Александрович;2023-11-10;Челябинск;Organic
208191;Киселёв Владимир Дмитриевна;2023-06-06;Миасс;VK Ads
208192;Королёв Оксана Романович;2023-07-02;Ижевск;VK Ads
208193;Королёв Артём Олеговна;2024-07-18;Челябинск;Telegram
208194;Афанасьев Лейла Андреевна;2024-03-29;Ижевск;Organic
208195;Степанов Олег Евгеньевна;2023-08-19;Копейск;Direct
208196;Пономарёв Зарина Андреевич;2023-04-02;Пермь;Direct
208197;Афанасьев Амина Александровна;2024-04-04;Новосибирск;Organic
208198;Ибрагимов Юрий Алексеевна;2023-03-21;Сургут;Referral
208199;Ильин Марина Ивановна;2023-04-10;Москва;Organic
208200;Ковалёв Михаил Юрьевич;2024-05-29;Пермь;VK Ads
208201;Макаров Антон Игоревич;2024-02-09;Копейск;Organic
208202;Соколов Георгий Владимировна;2024-06-02;Екатеринбург;Organic
208203;Мамедов Павел Павлович;2023-03-17;Челябинск;Yandex Ads
208204;Юсупов Роман Андреевна;2023-07-08;Нижневартовск;Telegram
208205;Соловьёв Карина Романовна;2023-12-03;Казань;Organic
208206;Виноградов Оксана Игоревна;2023-12-01;Челябинск;Organic
208207;Ким Ксения Викторович;2023-05-22;Уфа;Referral
208208;Григорян Евгений Николаевич;2024-05-13;Челябинск;Organic
208209;Оганесян Марат Александровна;2023-01-18;Златоуст;Telegram
208210;Захаров Евгения Андреевна;2024-01-26;Миасс;Direct
208211;Виноградов Вера Павловна;2024-08-16;Челябинск;Telegram
208212;Соколов Артём Викторовна;2024-02-16;Магнитогорск;Direct
208213;Акопян Маргарита Александрович;2023-07-20;Миасс;Organic
208214;Хабибуллин Амина Викторовна;2023-05-16;Екатеринбург;Organic
208215;Шевченко Николай Евгеньевна;2024-08-25;Миасс;Direct
208216;Кудрявцев Софья Евгеньевич;2024-01-24;Челябинск;Referral
208217;Голубев Диана Николаевич;2023-07-16;Миасс;Email
208218;Исмаилов Евгений Дмитриевна;2024-03-30;Челябинск;Email
208219;Логинов Борис Олегович;2023-01-07;Челябинск;Direct
208220;Рябов Алексей Антонович;2023-07-01;Казань;Telegram
208221;Алексеев Кирилл Юрьевна;2023-11-07;Пермь;Telegram
208222;Юн Ярослав Евгеньевич;2024-08-18;Пермь;VK Ads
208223;Котов Виктория Павловна;2024-04-29;Москва;Telegram
208224;Гусев Руслан Антонович;2023-04-19;Казань;VK Ads
208225;Шарипов Алина Дмитриевна;2024-04-14;Челябинск;Yandex Ads
208226;Логинов Алексей Павловна;2024-01-21;Челябинск;Referral
208227;Новиков Дарья Дмитриевна;2023-09-04;Челябинск;Email
208228;Щербаков Алина Евгеньевич;2024-05-22;Казань;Yandex Ads
208229;Тарасов Олег Олеговна;2024-05-20;Курган;Direct
208230;Тарасенко Елена Романовна;2024-08-29;Екатеринбург;Direct
208231;Ким Дмитрий Романович;2023-03-19;Челябинск;Direct
208232;Волков Лейла Дмитриевич;2024-08-04;Челябинск;Direct
208233;Григорьев Максим Дмитриевич;2024-02-10;Челябинск;VK Ads
208234;Чернов Евгений Евгеньевич;2023-01-24;Челябинск;VK Ads
208235;Воробьёв Элина Олеговна;2023-11-17;Екатеринбург;VK Ads
208236;Тарасов Виктор Викторовна;2024-08-11;Златоуст;Organic
208237;Чернов Элина Михайлович;2023-07-13;Челябинск;Yandex Ads
208238;Фёдоров Денис Павлович;2023-12-19;Сургут;Direct
208239;Аветисян Евгения Михайлович;2023-04-22;Казань;Referral
208240;Королёв Карина Алексеевич;2023-06-09;Тюмень;Organic
208241;Чернов Кристина Андреевна;2023-12-18;Ижевск;Organic
208242;Голубев Самвел Александровна;2023-05-16;Екатеринбург;Direct
208243;Афанасьев Роман Игоревна;2023-04-23;Челябинск;VK Ads
208244;Омаров Самвел Евгеньевна;2023-11-03;Екатеринбург;Telegram
208245;Макаров Михаил Ивановна;2023-01-07;Москва;Organic
208246;Чернов Борис Викторовна;2023-12-18;Ижевск;Organic
208247;Степанов Светлана Николаевна;2024-07-01;Челябинск;Email
208248;Титов Антон Алексеевна;2023-06-17;Тюмень;Organic
208249;Шевченко Тигран Иванович;2024-01-22;Казань;Direct
208250;Гасанов Элина Ивановна;2024-08-07;Челябинск;Direct
208251;Егоров Вероника Юрьевна;2023-05-31;Копейск;Yandex Ads
208252;Шин Сергей Евгеньевич;2023-07-11;Челябинск;Yandex Ads
208253;Соловьёв Алина Викторович;2023-11-21;Челябинск;Referral
208254;Мельник Айгуль Александровна;2024-01-25;Челябинск;Yandex Ads
208255;Кузнецов Роман Алексеевна;2023-06-06;Ижевск;Organic
208256;Макаров Даниил Дмитриевич;2023-11-25;Екатеринбург;Organic
208257;Маслов Карен Иванович;2023-12-01;Челябинск;Organic
208258;Сеитов Елена Владимирович;2023-01-18;Челябинск;Organic
208259;Абрамян Екатерина Викторовна;2024-05-15;Челябинск;Organic
208260;Хасанов Элина Игоревич;2024-07-17;Москва;Telegram
208261;Сафонов Яна Михайлович;2023-04-20;Златоуст;Telegram
208262;Соколов Артур Олегович;2023-07-01;Екатеринбург;Yandex Ads
208263;Афанасьев Маргарита Романовна;2023-01-04;Челябинск;Organic
208264;Павлов Антон Викторовна;2024-06-08;Миасс;VK Ads
208265;Сафин Надежда Михайловна;2024-06-21;Челябинск;Telegram
208266;Кузьмин Светлана Павлович;2023-01-11;Копейск;Organic
208267;Алиев Ярослав Юрьевна;2024-07-25;Тюмень;VK Ads
208268;Киселёв Маргарита Павлович;2024-06-30;Челябинск;Direct
208269;Мирзоян Иван Викторович;2024-08-03;Самара;Telegram
208270;Рахимов Андрей Олеговна;2024-04-27;Копейск;Direct
208271;Власов Евгений Юрьевна;2023-09-17;Тюмень;Organic
208272;Логинов Ольга Сергеевич;2023-11-28;Москва;Organic
208273;Волков Татьяна Андреевич;2024-06-30;Челябинск;Telegram
208274;Новиков Егор Игоревич;2024-07-03;Тюмень;Organic
208275;Лебедев Борис Антонович;2023-01-13;Златоуст;Direct
208276;Богданов Юлия Николаевна;2023-01-04;Екатеринбург;Organic
208277;Титов Амина Михайлович;2023-04-29;Магнитогорск;Email
208278;Наумов Борис Евгеньевна;2023-12-16;Курган;VK Ads
208279;Соловьёв Максим Михайлович;2024-07-08;Челябинск;Organic
208280;Голубев Ксения Павловна;2023-03-18;Челябинск;Organic
208281;Бекетов Денис Александрович;2023-03-27;Челябинск;Yandex Ads
208282;Логинов Дмитрий Павлович;2024-02-06;Уфа;Direct
208283;Аветисян Тимур Владимирович;2023-11-05;Сургут;VK Ads
208284;Бойко Карина Иванович;2023-05-20;Челябинск;Yandex Ads
208285;Шин Владимир Дмитриевна;2023-08-30;Пермь;Direct
208286;Ковалёв Аделина Игоревич;2023-11-16;Златоуст;Referral
208287;Егоров Павел Сергеевич;2024-08-19;Москва;Organic
208288;Яковлев Тимур Михайловна;2023-05-30;Челябинск;Email
208289;Никитин Диана Алексеевна;2023-06-26;Пермь;Telegram
208290;Пономарёв Денис Олеговна;2024-07-23;Челябинск;Direct
208291;Богданов Сергей Евгеньевна;2024-03-09;Челябинск;VK Ads
208292;Попов Руслан Владимировна;2023-12-17;Миасс;VK Ads
208293;Орлов Софья Павлович;2024-03-20;Миасс;VK Ads
208294;Титов Ольга Павлович;2023-01-14;Челябинск;Direct
208295;Борисов Никита Игоревич;2023-11-02;Пермь;Yandex Ads
208296;Капустин Эмиль Николаевич;2023-04-17;Челябинск;Organic
208297;Никитин Владимир Дмитриевич;2024-05-14;Копейск;Organic
208298;Ершов Алёна Антонович;2023-03-26;Челябинск;Direct
208299;Быков Алёна Дмитриевич;2023-11-23;Пермь;Referral
208300;Аветисян Вероника Евгеньевна;2023-12-31;Челябинск;Organic
208301;Кравченко Марат Олегович;2024-08-10;Уфа;VK Ads
208302;Садыков Фёдор Юрьевна;2024-08-21;Златоуст;Referral
208303;Абдуллаев Александр Юрьевна;2023-12-20;Челябинск;Organic
208304;Петросян Аделина Евгеньевна;2024-08-30;Екатеринбург;Telegram
208305;Григорьев Самвел Михайлович;2024-01-29;Челябинск;Telegram
208306;Логинов Светлана Андреевич;2023-03-24;Казань;Organic
208307;Оганесян Артур Павловна;2023-05-11;Челябинск;VK Ads
208308;Садыков Карен Олегович;2024-08-08;Челябинск;Yandex Ads
208309;Борисов Алексей Дмитриевна;2023-01-27;Миасс;Yandex Ads
208310;Козлов Валерия Дмитриевич;2024-03-23;Сургут;Yandex Ads
208311;Садыков Ксения Евгеньевич;2023-03-03;Копейск;Yandex Ads
208312;Сафин Дарья Павловна;2023-04-20;Челябинск;Direct
208313;Медведев Алёна Александрович;2023-10-24;Челябинск;VK Ads
208314;Макаров Надежда Игоревич;2024-02-07;Челябинск;Yandex Ads
208315;Кудрявцев Милана Антонович;2024-06-22;Магнитогорск;Yandex Ads
208316;Фролов Оксана Сергеевна;2023-03-22;Самара;Yandex Ads
208317;Ершов Виктор Андреевич;2023-10-05;Ижевск;Email
208318;Жуков Оксана Владимирович;2024-04-13;Курган;Organic
208319;Фролов Карина Александрович;2023-06-12;Казань;VK Ads
208320;Мухаметшин Юлия Александрович;2024-03-09;Магнитогорск;Direct
208321;Алексеев Виктор Владимировна;2023-01-16;Челябинск;Referral
208322;Сафонов Денис Ивановна;2023-02-28;Миасс;Telegram
208323;Макаров Антон Викторовна;2023-12-22;Челябинск;VK Ads
208324;Бондаренко Диана Дмитриевна;2023-06-15;Копейск;Direct
208325;Денисов Лейла Игоревич;2023-07-27;Миасс;Direct
208326;Валеев Евгений Викторовна;2023-06-16;Челябинск;Direct
208327;Киселёв Алина Романовна;2023-05-08;Тюмень;Organic
208328;Ахметов Максим Евгеньевич;2024-07-23;Магнитогорск;Organic
208329;Шин Игорь Дмитриевич;2023-08-08;Челябинск;VK Ads
208330;Яковлев Милана Николаевич;2024-06-15;Копейск;Organic
208331;Комаров Денис Андреевич;2023-04-18;Копейск;Yandex Ads
208332;Зайцев Ксения Дмитриевич;2023-01-25;Магнитогорск;Direct
208333;Смирнов Диана Алексеевич;2023-04-19;Тюмень;Organic
208334;Садыков Динара Александрович;2024-01-13;Миасс;Organic
208335;Быков Кирилл Романовна;2023-04-17;Копейск;Organic
208336;Соболев Эмиль Павловна;2024-08-16;Москва;Telegram
208337;Афанасьев Артём Владимирович;2024-03-23;Челябинск;Organic
208338;Саркисян Маргарита Павлович;2024-06-23;Челябинск;Yandex Ads
208339;Ахметжанов Максим Владимировна;2023-05-26;Челябинск;Organic
208340;Акопян Кристина Александровна;2023-01-04;Магнитогорск;Organic
208341;Кузнецов Дарья Дмитриевич;2023-12-08;Златоуст;VK Ads
208342;Лебедев Милана Михайловна;2024-04-12;Сургут;VK Ads
208343;Тен Вера Игоревна;2023-07-25;Пермь;Telegram
208344;Ершов Егор Николаевич;2023-08-22;Челябинск;Referral
208345;Петров Артём Викторович;2023-02-16;Магнитогорск;VK Ads
208346;Петросян Ярослав Евгеньевна;2024-03-27;Тюмень;Organic
208347;Савченко Вадим Сергеевна;2024-05-14;Екатеринбург;VK Ads
208348;Савченко Анна Романовна;2024-03-20;Курган;VK Ads
208349;Акопян Динара Сергеевна;2023-02-02;Пермь;Organic
208350;Гарипов Наталья Михайлович;2023-08-29;Магнитогорск;Direct
208351;Мирзоян Евгения Сергеевич;2024-08-12;Тюмень;Organic
208352;Мкртчян Александр Юрьевич;2024-05-28;Казань;Yandex Ads
208353;Сафин Иван Юрьевна;2023-11-28;Челябинск;Telegram
208354;Ткаченко Алексей Ивановна;2023-01-17;Челябинск;Direct
208355;Мухаметшин Егор Сергеевич;2023-04-26;Миасс;Direct
208356;Абдуллаев Николай Евгеньевна;2023-07-02;Уфа;Yandex Ads
208357;Кравченко Динара Игоревна;2024-05-02;Магнитогорск;Direct
208358;Баранов Даниил Михайловна;2024-03-11;Челябинск;Organic
208359;Белов Зарина Игоревич;2023-05-07;Москва;Direct
208360;Белов Константин Дмитриевич;2023-11-19;Челябинск;Referral
208361;Кравченко Самвел Дмитриевна;2023-01-30;Челябинск;Yandex Ads
208362;Титов Валерия Дмитриевич;2023-10-17;Магнитогорск;Organic
208363;Гусев Динара Олеговна;2024-06-25;Челябинск;Referral
208364;Кравченко Оксана Юрьевич;2023-08-26;Челябинск;Direct
208365;Попов Милана Романович;2023-12-16;Копейск;Organic
208366;Денисов Ярослав Николаевна;2023-12-07;Новосибирск;VK Ads
208367;Соболев Самвел Николаевна;2024-06-02;Миасс;Direct
208368;Фомин Антон Андреевна;2023-04-05;Уфа;Yandex Ads
208369;Гарипов Даниил Евгеньевич;2024-08-14;Челябинск;Direct
208370;Каримов Екатерина Александрович;2024-07-12;Челябинск;Yandex Ads
208371;Филатов Полина Евгеньевна;2024-04-18;Златоуст;Yandex Ads
208372;Рябов Дмитрий Ивановна;2023-04-16;Челябинск;Organic
208373;Нуриев Марина Михайловна;2023-05-15;Самара;Yandex Ads
208374;Фролов Иван Олегович;2024-06-07;Челябинск;Yandex Ads
208375;Алиев Ксения Андреевна;2023-11-13;Новосибирск;Yandex Ads
208376;Котов Марат Дмитриевна;2023-10-16;Челябинск;Direct
208377;Афанасьев Владимир Александрович;2024-05-18;Копейск;VK Ads
208378;Ковалёв Карен Дмитриевна;2023-01-04;Златоуст;Direct
208379;Макаров Павел Романович;2023-06-08;Нижневартовск;VK Ads
208380;Жумабаев Евгения Романович;2023-09-12;Челябинск;Yandex Ads
208381;Пономарёв Лейла Викторовна;2023-06-18;Златоуст;Yandex Ads
208382;Сеитов Мария Викторович;2023-02-03;Челябинск;Yandex Ads
208383;Сафонов Лилия Олегович;2023-08-03;Санкт-Петербург;Telegram
208384;Тарасенко Дарья Николаевна;2023-05-21;Копейск;Organic
208385;Юсупов Лилия Александровна;2023-11-19;Самара;Yandex Ads
208386;Ершов Артур Романович;2023-01-08;Копейск;Organic
208387;Никитин Мария Ивановна;2024-08-19;Челябинск;Organic
208388;Сулейманов Кирилл Романович;2023-06-26;Миасс;Yandex Ads
208389;Голубев Роман Александровна;2023-10-07;Магнитогорск;Direct
208390;Беляев Евгений Александровна;2023-06-21;Челябинск;Organic
208391;Виноградов Надежда Олеговна;2024-03-13;Екатеринбург;Email
208392;Киселёв Самвел Ивановна;2023-01-28;Екатеринбург;Organic
208393;Поляков Зарина Дмитриевна;2023-11-27;Уфа;Email
208394;Комаров Диана Алексеевна;2023-05-06;Челябинск;VK Ads
208395;Абдуллаев Ярослав Евгеньевна;2023-07-17;Уфа;Telegram
208396;Пак Карина Андреевна;2023-04-17;Миасс;Email
208397;Оганесян Дмитрий Викторовна;2024-02-13;Челябинск;Organic
208398;Волков Евгения Игоревна;2023-04-06;Копейск;Organic
208399;Белов Лейла Александровна;2023-12-07;Курган;Direct
208400;Цветков Милана Игоревич;2024-06-30;Курган;Direct
208401;Богданов Вера Евгеньевна;2024-03-17;Челябинск;VK Ads
208402;Матвеев Софья Сергеевич;2024-03-16;Самара;Telegram
208403;Кравченко Константин Романовна;2024-05-18;Пермь;Referral
208404;Ковалёв Зарина Иванович;2024-05-21;Челябинск;Organic
208405;Сеитов Самвел Павлович;2024-08-23;Челябинск;Yandex Ads
208406;Бекетов Яна Андреевич;2024-03-07;Уфа;VK Ads
208407;Семёнов Юлия Иванович;2023-08-21;Пермь;Organic
208408;Егоров Эдуард Павловна;2023-04-01;Златоуст;Organic
208409;Каримов Аделина Владимирович;2023-02-26;Курган;Organic
208410;Абдуллаев Арсен Алексеевна;2024-05-25;Москва;Yandex Ads
208411;Павлов Маргарита Алексеевна;2024-07-31;Копейск;Direct
208412;Сорокин Игорь Романович;2024-07-30;Магнитогорск;Direct
208413;Григорян Антон Иванович;2023-05-15;Уфа;Organic
208414;Борисов Артур Антонович;2023-09-01;Екатеринбург;Telegram
208415;Быков Айгуль Евгеньевна;2023-12-14;Копейск;Organic
208416;Сергеев Лилия Евгеньевна;2023-11-30;Нижневартовск;VK Ads
208417;Ким Екатерина Викторовна;2023-12-22;Казань;Direct
208418;Кадыров Надежда Юрьевна;2023-07-18;Челябинск;VK Ads
208419;Голубев Гузель Павловна;2024-07-03;Челябинск;Direct
208420;Ткаченко Олег Андреевна;2024-04-16;Санкт-Петербург;Email
208421;Романов Иван Павлович;2024-04-28;Уфа;Yandex Ads
208422;Романов Дмитрий Сергеевич;2023-03-29;Москва;Direct
208423;Васильев Виктор Владимировна;2023-07-18;Челябинск;VK Ads
208424;Гусев Иван Дмитриевич;2024-03-19;Казань;Yandex Ads
208425;Шевченко Анастасия Викторович;2023-07-15;Миасс;Yandex Ads
208426;Мкртчян Ксения Антонович;2023-07-06;Нижневартовск;Direct
208427;Королёв Кристина Сергеевна;2023-02-05;Челябинск;Direct
208428;Королёв Фёдор Павловна;2023-10-08;Уфа;VK Ads
208429;Михайлов Игорь Николаевич;2023-05-19;Екатеринбург;Direct
208430;Фёдоров Вероника Николаевна;2023-12-07;Уфа;Yandex Ads
208431;Королёв Самвел Дмитриевич;2024-07-22;Челябинск;VK Ads
208432;Сафонов Айгуль Викторович;2023-05-30;Челябинск;Referral
208433;Рахимов Юлия Юрьевич;2023-03-10;Челябинск;Telegram
208434;Ахметов Ирина Павлович;2024-04-29;Новосибирск;Yandex Ads
208435;Чернов Вера Игоревич;2024-08-12;Челябинск;Organic
208436;Омаров Тимур Романовна;2023-04-05;Уфа;Direct
208437;Нуржанов Игорь Александровна;2023-09-14;Москва;Referral
208438;Волков Амина Владимировна;2024-03-03;Магнитогорск;Direct
208439;Гусев Дмитрий Сергеевна;2024-05-08;Казань;Telegram
208440;Пономарёв Алина Павлович;2023-07-15;Миасс;Telegram
208441;Новиков Мария Юрьевна;2023-12-14;Миасс;Telegram
208442;Голубев Эмиль Александрович;2024-07-30;Москва;Organic
208443;Киселёв Полина Владимировна;2023-05-18;Пермь;Telegram
208444;Комаров Даниил Михайловна;2024-01-03;Челябинск;Telegram
208445;Кадыров Даниил Николаевич;2023-11-15;Курган;Yandex Ads
208446;Соболев Антон Алексеевна;2024-06-07;Самара;Yandex Ads
208447;Ковалёв Мария Михайловна;2024-06-21;Челябинск;Direct
208448;Белов Екатерина Алексеевна;2023-12-01;Златоуст;Yandex Ads
208449;Сеитов Кирилл Николаевич;2024-06-05;Екатеринбург;Yandex Ads
208450;Ткаченко Оксана Алексеевич;2023-11-03;Челябинск;Yandex Ads
208451;Зайцев Павел Владимирович;2023-12-18;Златоуст;Organic
208452;Ахметжанов Дмитрий Юрьевич;2023-02-20;Тюмень;Organic
208453;Юсупов Амина Романович;2023-03-30;Самара;Organic
208454;Новиков Оксана Евгеньевич;2024-06-29;Казань;Organic
208455;Гарипов Максим Ивановна;2023-11-29;Копейск;Organic
208456;Бойко Карина Романович;2023-10-03;Магнитогорск;VK Ads
208457;Григорьев Полина Андреевна;2024-02-29;Уфа;Direct
208458;Ахметов Эдуард Михайлович;2024-03-29;Челябинск;Telegram
208459;Денисов Наталья Иванович;2024-03-07;Уфа;Yandex Ads
208460;Ахметжанов Илья Евгеньевич;2023-10-16;Магнитогорск;Organic
208461;Максимов Ксения Александрович;2023-05-12;Челябинск;Telegram
208462;Алексеев Эмиль Сергеевич;2023-10-22;Челябинск;VK Ads
208463;Максимов Вероника Владимирович;2024-08-22;Миасс;Organic
208464;Бекетов Алёна Алексеевич;2024-04-15;Копейск;VK Ads
208465;Павлов Амина Алексеевич;2023-07-19;Челябинск;Telegram
208466;Королёв Лейла Дмитриевич;2024-03-13;Копейск;Organic
208467;Савченко Марат Николаевич;2023-01-10;Челябинск;Yandex Ads
208468;Цветков Лейла Юрьевич;2023-01-21;Миасс;Referral
208469;Романов Ярослав Игоревна;2024-04-24;Копейск;VK Ads
208470;Мельник Георгий Юрьевич;2024-05-16;Челябинск;Telegram
208471;Савченко Вера Дмитриевна;2024-06-27;Тюмень;Organic
208472;Волков Константин Павлович;2023-03-05;Челябинск;Yandex Ads
208473;Королёв Артур Иванович;2023-01-31;Екатеринбург;VK Ads
208474;Герасимов Оксана Евгеньевич;2023-05-21;Курган;Direct
208475;Богданов Дмитрий Сергеевна;2024-08-30;Челябинск;Direct
208476;Гарипов Эдуард Алексеевич;2024-01-06;Златоуст;Organic
208477;Попов Ирина Олегович;2023-03-23;Челябинск;Organic
208478;Хабибуллин Анастасия Михайловна;2024-01-03;Челябинск;Organic
208479;Хасанов Михаил Алексеевна;2023-12-26;Копейск;VK Ads
208480;Григорьев Наталья Владимировна;2023-05-03;Челябинск;VK Ads
208481;Аветисян Арсен Алексеевич;2023-10-03;Челябинск;VK Ads
208482;Щербаков Карина Николаевна;2023-04-24;Уфа;Organic
208483;Капустин Елена Дмитриевич;2024-06-07;Москва;VK Ads
208484;Захаров Фёдор Евгеньевна;2023-09-28;Челябинск;Direct
208485;Алиев Елена Андреевна;2024-03-27;Екатеринбург;Direct
208486;Мартиросян Егор Александровна;2023-09-09;Миасс;Organic
208487;Рябов Марат Олегович;2023-10-29;Пермь;Telegram
208488;Савченко Вероника Николаевич;2024-03-06;Челябинск;VK Ads
208489;Гусев Андрей Николаевна;2023-03-25;Копейск;Telegram
208490;Соловьёв Эмиль Евгеньевна;2023-10-28;Магнитогорск;Yandex Ads
208491;Тулеев Фёдор Ивановна;2023-12-29;Челябинск;Yandex Ads
208492;Юн Дмитрий Олеговна;2024-07-18;Сургут;Organic
208493;Матвеев Анна Павловна;2024-03-26;Златоуст;Telegram
208494;Мамедов Мария Андреевна;2024-03-04;Челябинск;Organic
208495;Ахметов Егор Николаевна;2024-08-31;Уфа;Direct
208496;Жумабаев Аделина Олеговна;2024-08-20;Челябинск;Yandex Ads
208497;Жуков Лилия Александровна;2024-02-13;Копейск;Telegram
208498;Кудрявцев Элина Сергеевна;2023-12-30;Курган;Yandex Ads
208499;Кудрявцев Екатерина Юрьевна;2023-11-03;Уфа;Organic
208500;Данилов Оксана Алексеевич;2023-05-27;Курган;Direct
208501;Герасимов Сергей Павловна;2024-06-18;Тюмень;Direct
208502;Морозов Виктор Павлович;2023-07-05;Тюмень;VK Ads
208503;Рябов Эмиль Владимировна;2023-01-16;Екатеринбург;Yandex Ads
208504;Быков Карен Юрьевна;2024-07-09;Пермь;Organic
208505;Аветисян Борис Юрьевна;2024-03-28;Златоуст;Email
208506;Данилов Гузель Сергеевич;2023-07-06;Тюмень;Organic
208507;Коваленко Алексей Павлович;2023-06-24;Челябинск;Direct
208508;Жуков Елена Николаевич;2023-01-07;Миасс;Direct
208509;Маслов Станислав Владимировна;2023-08-07;Челябинск;Email
208510;Кравченко Тигран Романович;2023-11-26;Копейск;Referral
208511;Борисов Зарина Михайловна;2024-08-23;Челябинск;Yandex Ads
208512;Лазарев Александр Антонович;2023-06-29;Тюмень;VK Ads
208513;Фролов Оксана Михайлович;2023-04-04;Москва;Email
208514;Королёв Максим Андреевич;2024-05-15;Златоуст;Organic
208515;Денисов Валерия Ивановна;2024-04-24;Челябинск;Direct
208516;Васильев Ксения Юрьевич;2023-09-20;Оренбург;Referral
208517;Лазарев Вадим Игоревна;2023-11-16;Курган;Organic
208518;Кадыров Екатерина Романович;2024-06-19;Нижневартовск;Telegram
208519;Григорьев Андрей Андреевна;2023-12-22;Челябинск;Organic
208520;Логинов Михаил Евгеньевна;2023-06-27;Казань;Yandex Ads
208521;Аветисян Денис Михайловна;2023-03-04;Пермь;Direct
208522;Комаров Полина Романович;2023-05-02;Курган;Yandex Ads
208523;Киселёв Станислав Игоревна;2024-02-04;Екатеринбург;Organic
208524;Кудрявцев Марина Романовна;2023-04-20;Челябинск;VK Ads
208525;Богданов Зарина Михайловна;2023-01-26;Копейск;VK Ads
208526;Титов Валерия Андреевич;2024-01-20;Челябинск;VK Ads
208527;Садыков Валерий Викторовна;2023-10-01;Москва;Email
208528;Сорокин Ирина Юрьевич;2024-08-12;Курган;Yandex Ads
208529;Рахимов Борис Антонович;2023-05-22;Москва;Yandex Ads
208530;Оганесян Ксения Олегович;2023-01-22;Златоуст;Direct
208531;Куликов Эмиль Алексеевич;2023-06-04;Нижневартовск;Direct
208532;Яковлев Иван Андреевна;2023-09-17;Екатеринбург;Telegram
208533;Иванов Руслан Ивановна;2024-01-08;Копейск;Referral
208534;Жумабаев Елена Игоревич;2024-03-10;Москва;Direct
208535;Михайлов Самвел Романовна;2023-03-24;Копейск;Telegram
208536;Рябов Денис Ивановна;2023-08-16;Челябинск;Yandex Ads
208537;Медведев Юрий Игоревна;2023-10-12;Челябинск;Direct
208538;Наумов Роман Юрьевна;2023-11-26;Тюмень;Direct
208539;Яковлев Николай Евгеньевна;2024-03-03;Екатеринбург;Yandex Ads
208540;Ахметов Элина Дмитриевич;2023-05-01;Оренбург;Organic
208541;Власов Юрий Ивановна;2023-01-08;Челябинск;Yandex Ads
208542;Рахимов Тигран Дмитриевич;2023-03-13;Златоуст;VK Ads
208543;Коваленко Карен Алексеевич;2023-05-02;Ижевск;Organic
208544;Фёдоров Анна Игоревич;2024-08-15;Челябинск;Direct
208545;Гусев Наталья Андреевич;2024-05-09;Челябинск;Organic
208546;Ахметов Артур Александровна;2023-07-06;Челябинск;Direct
208547;Захаров Зарина Евгеньевич;2024-01-15;Челябинск;Organic
208548;Данилов Ольга Михайлович;2023-08-16;Миасс;Organic
208549;Мартиросян Михаил Владимировна;2024-06-24;Новосибирск;Telegram
208550;Нуриев Софья Романович;2023-08-24;Челябинск;Organic
208551;Тулеев Николай Дмитриевич;2023-01-22;Екатеринбург;Direct
208552;Ли Дмитрий Игоревич;2023-08-01;Сургут;VK Ads
208553;Герасимов Роман Владимирович;2023-07-14;Москва;VK Ads
208554;Козлов Николай Романович;2023-11-08;Миасс;Yandex Ads
208555;Бондаренко Вадим Викторовна;2023-02-14;Челябинск;Yandex Ads
208556;Григорьев Валерий Иванович;2024-05-27;Копейск;Organic
208557;Михайлов Михаил Алексеевич;2023-07-20;Златоуст;Yandex Ads
208558;Григорьев Владимир Михайловна;2024-03-17;Челябинск;Organic
208559;Кузнецов Карен Алексеевич;2024-08-25;Казань;Telegram
208560;Щербаков Анна Александрович;2023-05-30;Копейск;Direct
208561;Сафин Георгий Антонович;2024-03-05;Тюмень;Direct
208562;Андреев Оксана Андреевна;2023-06-10;Казань;Telegram
208563;Абдуллаев Юрий Викторович;2024-03-23;Челябинск;Organic
208564;Маслов Эмиль Романович;2023-04-25;Копейск;Organic
208565;Сергеев Милана Ивановна;2023-02-25;Тюмень;Telegram
208566;Гасанов Анна Андреевна;2024-05-30;Челябинск;Email
208567;Миронов Валерий Владимировна;2024-05-17;Миасс;Referral
208568;Хасанов Мария Евгеньевич;2024-08-30;Екатеринбург;Organic
208569;Лазарев Карина Евгеньевна;2023-07-08;Магнитогорск;Direct
208570;Воробьёв Виктор Дмитриевич;2023-01-13;Санкт-Петербург;Direct
208571;Ткаченко Ярослав Романович;2023-02-02;Магнитогорск;Organic
208572;Борисов Милана Андреевич;2024-04-30;Курган;VK Ads
208573;Лебедев Надежда Алексеевич;2024-08-18;Тюмень;Organic
208574;Бондаренко Ирина Владимирович;2024-04-04;Златоуст;Organic
208575;Галимов Эдуард Викторович;2024-06-01;Оренбург;Organic
208576;Матвеев Александр Викторовна;2024-04-28;Уфа;Organic
208577;Саркисян Андрей Евгеньевна;2023-07-16;Челябинск;Yandex Ads
208578;Шарипов Дарья Николаевич;2024-01-10;Ижевск;Referral
208579;Юн Татьяна Дмитриевна;2023-10-20;Екатеринбург;Organic
208580;Мамедов Екатерина Ивановна;2024-05-17;Екатеринбург;Organic
208581;Хабибуллин Илья Павловна;2024-02-17;Миасс;Telegram
208582;Лебедев Денис Андреевич;2024-01-29;Уфа;Direct
208583;Баранов Татьяна Евгеньевна;2023-10-25;Курган;Direct
208584;Хасанов Илья Евгеньевич;2023-12-26;Миасс;Organic
208585;Никитин Зарина Викторовна;2023-03-19;Челябинск;Organic
208586;Шин Карен Юрьевна;2024-01-14;Екатеринбург;Direct
208587;Сергеев Валерия Олеговна;2023-03-05;Копейск;Referral
208588;Королёв Гузель Александрович;2023-08-23;Москва;Yandex Ads
208589;Чернов Зарина Романовна;2023-11-18;Пермь;VK Ads
208590;Исмаилов Анна Олеговна;2024-06-14;Уфа;Organic
208591;Ким Виктория Михайловна;2023-10-22;Челябинск;Organic
208592;Куликов Максим Алексеевна;2024-07-18;Магнитогорск;Yandex Ads
208593;Захаров Вадим Алексеевна;2023-12-15;Челябинск;Organic
208594;Григорян Валерий Владимировна;2024-02-22;Челябинск;Telegram
208595;Медведев Евгения Игоревна;2023-03-07;Пермь;VK Ads
208596;Акопян Элина Евгеньевич;2023-06-02;Челябинск;VK Ads
208597;Морозов Арсен Дмитриевна;2023-08-15;Сургут;VK Ads
208598;Абрамян Амина Алексеевич;2023-07-29;Курган;Organic
208599;Цой Антон Николаевна;2023-12-05;Тюмень;Referral
208600;Петросян Динара Романович;2023-06-03;Челябинск;Yandex Ads
208601;Романов Тигран Алексеевич;2023-01-19;Курган;Referral
208602;Сеитов Михаил Дмитриевич;2024-08-02;Екатеринбург;Yandex Ads
208603;Касымов Зарина Алексеевна;2024-08-31;Миасс;Telegram
208604;Ершов Тимур Антонович;2024-01-19;Магнитогорск;VK Ads
208605;Белов Антон Игоревич;2024-04-11;Магнитогорск;Direct
208606;Сорокин Николай Олеговна;2023-08-27;Магнитогорск;Direct
208607;Гончаренко Диана Олеговна;2023-10-20;Казань;Email
208608;Наумов Эмиль Владимировна;2024-02-06;Тюмень;VK Ads
208609;Саркисян Екатерина Романович;2024-04-15;Новосибирск;Email
208610;Алиев Илья Ивановна;2023-05-27;Челябинск;Referral
208611;Юн Валерий Владимирович;2024-02-19;Уфа;Organic
208612;Абдуллаев Милана Игоревич;2023-09-14;Миасс;Yandex Ads
208613;Бондаренко Евгений Романович;2024-04-29;Копейск;Direct
208614;Титов Олег Алексеевна;2023-03-25;Тюмень;Yandex Ads
208615;Матвеев Евгения Алексеевич;2023-11-09;Златоуст;Organic
208616;Валеев Карен Александровна;2023-10-27;Новосибирск;VK Ads
208617;Семёнов Вера Николаевна;2023-08-17;Копейск;Direct
208618;Борисов Евгения Павловна;2023-02-02;Екатеринбург;Telegram
208619;Ахметжанов Владимир Алексеевич;2023-09-05;Магнитогорск;Direct
208620;Мухаметшин Сергей Викторовна;2023-04-08;Челябинск;Yandex Ads
208621;Белов Александр Антонович;2023-01-23;Челябинск;Yandex Ads
208622;Каримов Вадим Михайловна;2024-08-06;Ижевск;Organic
208623;Щербаков Марат Дмитриевна;2023-02-02;Челябинск;Yandex Ads
208624;Касымов Анна Евгеньевна;2024-02-06;Оренбург;Direct
208625;Оганесян Егор Евгеньевич;2024-06-25;Самара;Referral
208626;Гончаренко Олег Юрьевич;2023-06-23;Уфа;Direct
208627;Белов Диана Евгеньевна;2023-07-08;Екатеринбург;Yandex Ads
208628;Петросян Алексей Николаевич;2023-12-01;Копейск;Telegram
208629;Галимов Лейла Игоревна;2023-12-11;Копейск;Telegram
208630;Кузьмин Валерий Владимировна;2024-01-03;Челябинск;Yandex Ads
208631;Петросян Лилия Андреевич;2023-12-11;Копейск;Direct
208632;Рахимов Софья Викторовна;2024-05-12;Москва;Organic
208633;Омаров Карен Игоревич;2023-07-19;Челябинск;Email
208634;Денисов Алёна Юрьевна;2024-05-20;Миасс;Organic
208635;Ковалёв Анастасия Владимировна;2023-08-04;Новосибирск;Direct
208636;Касымов Карен Игоревич;2023-02-03;Магнитогорск;Organic
208637;Семёнов Зарина Юрьевич;2024-05-23;Челябинск;Yandex Ads
208638;Данилов Даниил Романович;2023-07-27;Екатеринбург;Yandex Ads
208639;Григорян Дарья Олеговна;2023-10-18;Оренбург;VK Ads
208640;Ли Алёна Александровна;2024-01-19;Казань;Organic
208641;Мельник Дмитрий Сергеевич;2023-06-13;Челябинск;VK Ads
208642;Сафонов Станислав Олегович;2023-03-07;Новосибирск;Email
208643;Голубев Валерия Олегович;2024-01-09;Новосибирск;Yandex Ads
208644;Юсупов Милана Сергеевна;2023-04-04;Челябинск;Organic
208645;Алексеев Лейла Евгеньевна;2024-06-07;Тюмень;Direct
208646;Абдуллаев Виктория Павлович;2023-05-12;Челябинск;VK Ads
208647;Нуриев Лилия Юрьевич;2024-05-02;Казань;Organic
208648;Фролов Константин Викторович;2024-04-03;Санкт-Петербург;Referral
208649;Быков Дарья Александровна;2024-06-07;Ижевск;Telegram
208650;Ахметжанов Валерия Викторович;2023-12-08;Челябинск;Yandex Ads
208651;Котов Александр Андреевич;2023-02-21;Златоуст;VK Ads
208652;Белов Юлия Андреевна;2024-07-31;Копейск;Yandex Ads
208653;Саркисян Айгуль Викторович;2023-03-21;Челябинск;Organic
208654;Данилов Игорь Игоревна;2024-04-09;Челябинск;VK Ads
208655;Щербаков Роман Павловна;2023-01-16;Самара;Email
208656;Мельник Анастасия Олегович;2024-07-04;Миасс;VK Ads
208657;Котов Елена Иванович;2024-08-19;Челябинск;Yandex Ads
208658;Ковалёв Милана Павлович;2023-01-08;Нижневартовск;Organic
208659;Нуржанов Александр Игоревна;2024-04-21;Челябинск;Direct
208660;Тарасенко Николай Владимирович;2023-03-22;Уфа;Direct
208661;Герасимов Андрей Александрович;2023-11-19;Екатеринбург;Referral
208662;Морозов Илья Евгеньевич;2023-05-24;Челябинск;Organic
208663;Яковлев Ольга Евгеньевич;2024-01-08;Екатеринбург;Referral
208664;Егоров Тимур Игоревна;2023-09-12;Миасс;Referral
208665;Медведев Ольга Романович;2023-02-17;Копейск;Yandex Ads
208666;Фролов Николай Михайловна;2024-02-04;Миасс;Yandex Ads
208667;Егоров Евгений Владимирович;2023-10-03;Челябинск;VK Ads
208668;Абдуллаев Вера Александрович;2023-09-12;Москва;VK Ads
208669;Алиев Егор Викторович;2023-05-04;Самара;Yandex Ads
208670;Сафин Егор Павлович;2023-01-29;Магнитогорск;Organic
208671;Хабибуллин Руслан Николаевна;2023-11-19;Копейск;Direct
208672;Петров Фёдор Дмитриевич;2023-07-26;Челябинск;Yandex Ads
208673;Соколов Наталья Евгеньевна;2023-09-18;Копейск;VK Ads
208674;Щербаков Амина Романович;2024-07-21;Пермь;Telegram
208675;Мирзоян Ольга Сергеевна;2024-05-22;Екатеринбург;VK Ads
208676;Шарипов Амина Игоревич;2024-06-11;Копейск;Organic
208677;Кравченко Сергей Иванович;2024-06-12;Миасс;Direct
208678;Жуков Дарья Алексеевна;2023-04-15;Сургут;Direct
208679;Соболев Лилия Михайловна;2023-01-23;Ижевск;Referral
208680;Цой Евгения Владимировна;2023-05-23;Челябинск;Direct
208681;Зайцев Максим Евгеньевич;2023-05-22;Челябинск;Organic
208682;Шарипов Юлия Евгеньевна;2024-06-14;Челябинск;Direct
208683;Макаров Светлана Сергеевич;2024-01-03;Челябинск;Organic
208684;Рахимов Софья Андреевна;2023-06-30;Екатеринбург;Direct
208685;Алиев Кристина Ивановна;2023-11-21;Челябинск;Yandex Ads
208686;Юсупов Анастасия Сергеевич;2023-05-24;Златоуст;Organic
208687;Ибрагимов Павел Романовна;2023-04-07;Курган;Yandex Ads
208688;Миронов Анна Викторовна;2024-05-16;Челябинск;Direct
208689;Котов Руслан Павлович;2023-03-05;Челябинск;Direct
208690;Садыков Кристина Игоревна;2023-02-07;Екатеринбург;Organic
208691;Романов Иван Романовна;2023-07-02;Тюмень;Organic
208692;Каримов Иван Олеговна;2023-01-01;Пермь;VK Ads
208693;Бекетов Алексей Михайлович;2023-06-10;Санкт-Петербург;Direct
208694;Кузнецов Юрий Иванович;2023-02-05;Казань;VK Ads
208695;Лебедев Гузель Евгеньевич;2024-03-22;Челябинск;Organic
208696;Капустин Оксана Павлович;2024-02-19;Казань;Direct
208697;Афанасьев Вадим Юрьевна;2023-07-12;Копейск;Telegram
208698;Зайцев Карен Андреевна;2024-03-14;Челябинск;Yandex Ads
208699;Воробьёв Полина Иванович;2023-01-27;Миасс;VK Ads
208700;Киселёв Алексей Романовна;2023-03-17;Ижевск;Direct
208701;Юсупов Зарина Евгеньевна;2023-12-17;Челябинск;VK Ads
208702;Щербаков Арсен Олегович;2023-08-27;Уфа;Direct
208703;Наумов Кристина Андреевна;2023-03-07;Челябинск;Telegram
208704;Петров Ольга Романович;2024-08-08;Челябинск;VK Ads
208705;Ибрагимов Владимир Дмитриевич;2023-09-10;Челябинск;Yandex Ads
208706;Хасанов Алёна Игоревич;2023-02-11;Челябинск;Telegram
208707;Бекетов Оксана Антонович;2023-05-14;Ижевск;VK Ads
208708;Андреев Юрий Олегович;2023-07-25;Екатеринбург;Referral
208709;Герасимов Фёдор Олегович;2023-10-31;Магнитогорск;Organic
208710;Никитин Иван Владимирович;2023-05-19;Санкт-Петербург;Yandex Ads
208711;Кузнецов Александр Ивановна;2024-04-19;Челябинск;Yandex Ads
208712;Никитин Милана Викторович;2023-05-24;Челябинск;VK Ads
208713;Васильев Светлана Иванович;2024-03-05;Екатеринбург;Yandex Ads
208714;Акопян Дарья Викторович;2024-03-06;Москва;Organic
208715;Тарасенко Диана Олегович;2024-05-06;Уфа;Direct
208716;Баранов Маргарита Владимировна;2023-05-13;Челябинск;Yandex Ads
208717;Лазарев Арсен Игоревна;2024-03-02;Магнитогорск;Yandex Ads
208718;Волков Егор Сергеевич;2024-07-26;Санкт-Петербург;Direct
208719;Воробьёв Руслан Владимирович;2024-05-28;Копейск;Direct
208720;Яковлев Элина Дмитриевич;2024-08-24;Миасс;Organic
208721;Ковалёв Полина Викторович;2024-06-30;Миасс;VK Ads
208722;Медведев Диана Алексеевна;2024-03-30;Курган;Organic
208723;Борисов Юрий Дмитриевна;2024-03-23;Сургут;Yandex Ads
208724;Мкртчян Михаил Олеговна;2023-04-25;Курган;Direct
208725;Титов Карен Николаевич;2023-02-03;Миасс;Organic
208726;Тулеев Евгений Андреевич;2023-07-24;Екатеринбург;Organic
208727;Павлов Светлана Викторович;2023-03-24;Миасс;Organic
208728;Арутюнян Георгий Антонович;2023-05-29;Екатеринбург;Organic
208729;Иванов Николай Игоревна;2023-06-08;Магнитогорск;VK Ads
208730;Петросян Аделина Сергеевна;2023-05-25;Копейск;Organic
208731;Соболев Дмитрий Николаевна;2024-06-21;Копейск;Telegram
208732;Афанасьев Марина Викторович;2023-01-28;Ижевск;Direct
208733;Сорокин Александр Антонович;2023-04-28;Челябинск;VK Ads
208734;Поляков Ольга Игоревна;2024-05-17;Магнитогорск;Organic
208735;Ли Наталья Николаевна;2023-07-09;Ижевск;Direct
208736;Бекетов Татьяна Владимирович;2023-06-11;Челябинск;Yandex Ads
208737;Воробьёв Михаил Романовна;2024-03-10;Златоуст;Organic
208738;Киселёв Гузель Антонович;2024-01-13;Челябинск;Yandex Ads
208739;Кузнецов Максим Владимировна;2023-02-03;Челябинск;Organic
208740;Павлов Владимир Александровна;2023-06-20;Москва;Yandex Ads
208741;Омаров Роман Николаевна;2023-01-15;Москва;VK Ads
208742;Ахметжанов Лейла Дмитриевна;2023-03-02;Челябинск;Yandex Ads
208743;Зайцев Юлия Игоревич;2023-10-10;Копейск;Referral
208744;Сулейманов Яна Юрьевна;2023-07-02;Москва;Direct
208745;Захаров Сергей Антонович;2024-07-13;Оренбург;Telegram
208746;Яковлев Максим Сергеевна;2024-01-22;Екатеринбург;Yandex Ads
208747;Тарасенко Вера Дмитриевич;2023-11-05;Екатеринбург;VK Ads
208748;Смирнов Анастасия Алексеевич;2023-01-29;Копейск;Referral
208749;Валеев Артём Юрьевич;2024-08-17;Пермь;VK Ads
208750;Никитин Аделина Алексеевна;2023-11-30;Челябинск;Yandex Ads
208751;Абдуллаев Артём Николаевна;2023-07-23;Оренбург;Email
208752;Гончаренко Тимур Олеговна;2023-03-19;Челябинск;Yandex Ads
208753;Аветисян Вера Игоревич;2023-04-17;Магнитогорск;Referral
208754;Григорьев Максим Викторович;2023-03-05;Курган;Yandex Ads
208755;Бекетов Олег Алексеевна;2024-04-16;Нижневартовск;Direct
208756;Морозов Эмиль Олегович;2024-07-17;Магнитогорск;Yandex Ads
208757;Сафонов Мария Андреевна;2023-08-07;Копейск;Organic
208758;Сафонов Кристина Игоревна;2023-07-17;Уфа;Email
208759;Козлов Валерий Сергеевна;2024-01-14;Копейск;Email
208760;Виноградов Павел Евгеньевич;2023-05-12;Москва;Yandex Ads
208761;Филатов Константин Викторовна;2023-11-27;Нижневартовск;Referral
208762;Соболев Диана Николаевич;2023-11-16;Курган;Referral
208763;Логинов Константин Олеговна;2024-05-10;Челябинск;Organic
208764;Смирнов Роман Николаевич;2023-09-06;Магнитогорск;Organic
208765;Денисов Борис Михайлович;2024-03-14;Самара;Direct
208766;Юсупов Олег Андреевна;2023-06-19;Челябинск;Direct
208767;Абрамян Глеб Антонович;2023-01-20;Копейск;Organic
208768;Власов Айгуль Александровна;2024-05-17;Санкт-Петербург;Yandex Ads
208769;Тарасенко Олег Иванович;2023-12-11;Челябинск;Yandex Ads
208770;Денисов Мария Дмитриевич;2023-02-01;Миасс;Yandex Ads
208771;Егоров Екатерина Евгеньевна;2023-02-10;Копейск;Direct
208772;Котов Вероника Юрьевич;2024-01-08;Тюмень;VK Ads
208773;Назаров Елена Михайловна;2024-08-06;Тюмень;Email
208774;Рябов Артём Сергеевич;2023-12-30;Челябинск;Organic
208775;Шевченко Дмитрий Алексеевна;2024-03-21;Челябинск;VK Ads
208776;Наумов Антон Игоревна;2023-10-03;Челябинск;Organic
208777;Саркисян Арсен Викторович;2023-06-12;Пермь;Direct
208778;Кондратьев Тигран Александрович;2024-02-10;Челябинск;Organic
208779;Власов Маргарита Владимировна;2023-09-12;Челябинск;Referral
208780;Виноградов Маргарита Андреевич;2023-05-27;Москва;Direct
208781;Лазарев Кристина Викторовна;2023-08-19;Челябинск;Organic
208782;Цой Артур Андреевич;2023-01-08;Златоуст;Yandex Ads
208783;Оганесян Лейла Владимирович;2024-05-23;Самара;Telegram
208784;Нуржанов Марат Павлович;2023-07-30;Челябинск;Yandex Ads
208785;Омаров Георгий Ивановна;2023-09-08;Челябинск;Organic
208786;Ким Аделина Дмитриевна;2023-06-27;Пермь;Yandex Ads
208787;Яковлев Анастасия Викторовна;2024-01-23;Челябинск;Organic
208788;Касымов Владимир Иванович;2023-09-07;Тюмень;Organic
208789;Беляев Ирина Игоревич;2023-06-18;Нижневартовск;Organic
208790;Соловьёв Евгения Антонович;2024-05-04;Казань;Organic
208791;Пономарёв Валерий Николаевна;2023-09-21;Москва;Organic
208792;Павлов Лейла Александровна;2023-02-25;Челябинск;Direct
208793;Тулеев Карина Владимировна;2023-02-16;Челябинск;VK Ads
208794;Быков Милана Владимировна;2023-05-13;Тюмень;Yandex Ads
208795;Поляков Константин Антонович;2023-03-12;Челябинск;Organic
208796;Максимов Карина Сергеевич;2023-03-27;Челябинск;VK Ads
208797;Кравченко Владимир Михайловна;2024-06-08;Челябинск;Organic
208798;Максимов Вероника Николаевна;2023-12-22;Копейск;Yandex Ads
208799;Волков Николай Дмитриевич;2024-01-28;Челябинск;Telegram
208800;Кузьмин Елена Ивановна;2023-07-07;Магнитогорск;Direct
208801;Сорокин Борис Алексеевна;2023-03-18;Челябинск;Referral
208802;Воробьёв Кристина Игоревич;2023-01-29;Екатеринбург;Organic
208803;Абрамян Лилия Павловна;2023-07-09;Тюмень;Direct
208804;Баранов Денис Алексеевич;2024-06-01;Магнитогорск;Organic
208805;Ли Михаил Игоревич;2023-08-05;Миасс;Direct
208806;Богданов Юлия Александровна;2024-08-22;Миасс;Yandex Ads
208807;Фомин Милана Евгеньевич;2023-11-18;Магнитогорск;VK Ads
208808;Касымов Ольга Дмитриевна;2023-10-29;Казань;Organic
208809;Захаров Борис Романович;2023-05-13;Челябинск;Organic
208810;Петров Гузель Викторович;2023-03-26;Копейск;VK Ads
208811;Фёдоров Никита Романовна;2023-10-19;Ижевск;Direct
208812;Назаров Екатерина Игоревна;2023-11-04;Сургут;Organic
208813;Арутюнян Лейла Дмитриевич;2024-07-20;Уфа;Yandex Ads
208814;Валеев Валерий Олегович;2023-11-27;Копейск;Telegram
208815;Матвеев Алина Романовна;2023-08-01;Челябинск;Telegram
208816;Ахметжанов Надежда Александрович;2024-02-12;Уфа;Organic
208817;Абрамян Марат Сергеевна;2023-02-08;Златоуст;Direct
208818;Степанов Илья Дмитриевна;2023-04-24;Магнитогорск;Organic
208819;Абдуллаев Сергей Ивановна;2024-06-07;Челябинск;VK Ads
208820;Ткаченко Игорь Олегович;2024-06-25;Копейск;Direct
208821;Соколов Антон Олегович;2023-10-24;Москва;Yandex Ads
208822;Алиев Виктория Михайловна;2023-07-03;Миасс;Direct
208823;Егоров Борис Андреевна;2024-06-24;Миасс;Yandex Ads
208824;Матвеев Илья Игоревич;2023-11-04;Уфа;Yandex Ads
208825;Хасанов Наталья Ивановна;2024-04-04;Челябинск;Email
208826;Мирзоян Валерий Андреевич;2023-11-11;Челябинск;Organic
208827;Рябов Милана Александрович;2024-06-18;Челябинск;Organic
208828;Гончаренко Диана Игоревна;2024-05-31;Оренбург;Direct
208829;Новиков Екатерина Ивановна;2023-04-11;Тюмень;VK Ads
208830;Галимов Дмитрий Евгеньевич;2024-05-31;Златоуст;Referral
208831;Ткаченко Юлия Евгеньевна;2024-02-22;Миасс;VK Ads
208832;Голубев Мария Алексеевич;2023-03-07;Казань;Email
208833;Голубев Вера Павлович;2023-01-04;Магнитогорск;Organic
208834;Соловьёв Элина Николаевич;2023-09-25;Челябинск;Organic
208835;Беляев Карина Евгеньевич;2024-05-05;Копейск;Direct
208836;Королёв Игорь Романовна;2023-01-24;Пермь;VK Ads
208837;Кондратьев Максим Евгеньевна;2024-08-26;Сургут;Telegram
208838;Хасанов Милана Андреевич;2023-12-16;Златоуст;Organic
208839;Цветков Николай Иванович;2024-06-16;Казань;Email
208840;Алексеев Кристина Евгеньевна;2024-01-15;Челябинск;Direct
208841;Наумов Артём Алексеевич;2024-08-28;Копейск;Yandex Ads
208842;Андреев Алексей Романовна;2023-04-24;Екатеринбург;Yandex Ads
208843;Куликов Самвел Викторовна;2024-02-14;Копейск;Referral
208844;Мамедов Никита Олегович;2024-05-24;Челябинск;VK Ads
208845;Гарипов Андрей Дмитриевна;2023-03-24;Копейск;Direct
208846;Бекетов Ольга Сергеевна;2023-06-15;Миасс;VK Ads
208847;Богданов Елена Андреевна;2023-08-19;Копейск;Direct
208848;Гарипов Карен Игоревич;2023-09-05;Копейск;Email
208849;Волков Кристина Алексеевич;2023-07-25;Уфа;VK Ads
208850;Ковалёв Борис Алексеевич;2023-12-07;Тюмень;Telegram
208851;Миронов Олег Олеговна;2023-08-24;Оренбург;Yandex Ads
208852;Мирзоян Владимир Александрович;2024-02-06;Курган;Telegram
208853;Омаров Лейла Евгеньевич;2023-04-13;Челябинск;Yandex Ads
208854;Гусев Алёна Антонович;2024-03-14;Курган;Telegram
208855;Логинов Лейла Романович;2023-03-16;Челябинск;Organic
208856;Хасанов Николай Викторович;2024-08-21;Уфа;Email
208857;Попов Айгуль Андреевна;2023-02-03;Копейск;Yandex Ads
208858;Григорьев Полина Юрьевна;2023-10-21;Москва;Organic
208859;Рябов Вера Михайловна;2024-01-31;Уфа;VK Ads
208860;Абдуллаев Георгий Николаевна;2024-07-15;Ижевск;Organic
208861;Романов Екатерина Евгеньевна;2023-06-02;Ижевск;Organic
208862;Абдуллаев Дмитрий Павлович;2023-05-23;Златоуст;Organic
208863;Касымов Динара Викторович;2023-10-10;Пермь;Organic
208864;Шарипов Вадим Евгеньевич;2024-07-29;Златоуст;Yandex Ads
208865;Мухаметшин Валерия Юрьевич;2023-02-17;Челябинск;Direct
208866;Егоров Эмиль Романовна;2023-11-05;Нижневартовск;Direct
208867;Каримов Тимур Олеговна;2023-05-16;Челябинск;VK Ads
208868;Тарасов Фёдор Игоревна;2023-01-28;Тюмень;Organic
208869;Никитин Гузель Юрьевич;2024-07-07;Екатеринбург;Organic
208870;Иванов Валерий Дмитриевич;2023-02-06;Санкт-Петербург;Direct
208871;Филатов Зарина Владимировна;2024-06-25;Челябинск;Organic
208872;Омаров Евгения Юрьевич;2024-05-07;Казань;Direct
208873;Орлов Николай Александровна;2023-01-12;Златоуст;Organic
208874;Виноградов Аделина Владимирович;2024-06-18;Копейск;Direct
208875;Власов Олег Павлович;2023-10-23;Челябинск;Yandex Ads
208876;Орлов Карина Юрьевна;2024-07-23;Тюмень;Direct
208877;Нуриев Наталья Андреевич;2023-01-04;Уфа;Yandex Ads
208878;Мирзоян Виктор Алексеевна;2023-02-22;Курган;Yandex Ads
208879;Михайлов Марина Павлович;2024-05-30;Ижевск;Organic
208880;Шарипов Ярослав Романовна;2023-12-19;Магнитогорск;Organic
208881;Степанов Валерия Сергеевна;2024-06-10;Миасс;Yandex Ads
208882;Ковалёв Фёдор Андреевич;2023-09-01;Санкт-Петербург;Telegram
208883;Соловьёв Зарина Андреевич;2023-07-08;Челябинск;Organic
208884;Фролов Эмиль Юрьевна;2024-02-04;Челябинск;Organic
208885;Власов Полина Сергеевич;2024-08-29;Уфа;Direct
208886;Соколов Дарья Александровна;2023-03-10;Магнитогорск;Referral
208887;Оганесян Софья Андреевич;2023-03-29;Нижневартовск;Organic
208888;Петросян Максим Олегович;2024-04-04;Москва;Yandex Ads
208889;Титов Вадим Николаевич;2024-05-23;Сургут;Organic
208890;Сафин Вероника Павлович;2024-03-27;Магнитогорск;Organic
208891;Королёв Егор Павловна;2024-08-28;Челябинск;Direct
208892;Бойко Динара Игоревна;2024-03-20;Златоуст;Yandex Ads
208893;Ахметов Софья Романовна;2023-05-24;Челябинск;Referral
208894;Нуриев Ольга Олеговна;2023-01-09;Казань;Yandex Ads
208895;Мартиросян Илья Александрович;2023-02-14;Копейск;Organic
208896;Рябов Лилия Романовна;2023-06-13;Екатеринбург;Yandex Ads
208897;Мамедов Артур Иванович;2023-09-04;Челябинск;Yandex Ads
208898;Григорян Динара Олегович;2024-07-26;Челябинск;Organic
208899;Маслов Егор Сергеевич;2024-03-01;Екатеринбург;Direct
208900;Королёв Дмитрий Романовна;2023-09-16;Челябинск;Direct
208901;Сулейманов Елена Андреевич;2023-03-26;Миасс;Organic
208902;Исмаилов Алина Павлович;2024-06-04;Самара;Telegram
208903;Смирнов Алёна Дмитриевич;2023-04-02;Магнитогорск;Email
208904;Соколов Зарина Андреевич;2023-05-05;Копейск;VK Ads
208905;Шарипов Аделина Олегович;2023-10-28;Тюмень;Direct
208906;Лебедев Никита Сергеевич;2024-05-01;Курган;Organic
208907;Арутюнян Алёна Олеговна;2023-07-02;Москва;Yandex Ads
208908;Герасимов Наталья Антонович;2023-12-29;Екатеринбург;Organic
208909;Яковлев Элина Александровна;2024-05-19;Челябинск;Organic
208910;Титов Валерия Алексеевна;2023-08-25;Златоуст;Organic
208911;Титов Самвел Юрьевна;2023-05-21;Челябинск;VK Ads
208912;Королёв Екатерина Андреевна;2023-05-22;Магнитогорск;Direct
208913;Андреев Юлия Игоревич;2024-04-28;Новосибирск;VK Ads
208914;Медведев Айгуль Сергеевич;2024-08-20;Москва;VK Ads
208915;Титов Элина Сергеевич;2024-08-29;Уфа;Organic
208916;Мкртчян Алёна Юрьевна;2023-07-05;Екатеринбург;VK Ads
208917;Матвеев Руслан Романовна;2024-04-11;Уфа;Direct
208918;Мирзоян Эдуард Алексеевич;2023-03-03;Миасс;Yandex Ads
208919;Пак Артур Игоревич;2024-06-09;Уфа;Direct
208920;Садыков Тигран Евгеньевна;2024-04-18;Челябинск;VK Ads
208921;Виноградов Виктор Сергеевна;2023-12-18;Челябинск;VK Ads
208922;Цой Марат Игоревна;2024-07-21;Миасс;Organic
208923;Рахимов Кристина Павловна;2023-01-10;Челябинск;Telegram
208924;Гасанов Михаил Алексеевна;2024-08-26;Челябинск;Direct
208925;Пономарёв Фёдор Ивановна;2023-08-22;Екатеринбург;Referral
208926;Тулеев Милана Владимировна;2023-01-22;Челябинск;Organic
208927;Каримов Артём Викторовна;2024-05-29;Челябинск;Organic
208928;Коваленко Оксана Алексеевна;2024-01-28;Екатеринбург;Direct
208929;Гончаренко Дарья Дмитриевна;2023-10-14;Магнитогорск;Telegram
208930;Сафин Валерий Юрьевич;2023-11-23;Миасс;VK Ads
208931;Поляков Денис Андреевич;2024-07-31;Челябинск;VK Ads
208932;Сеитов Екатерина Дмитриевич;2023-12-26;Челябинск;Organic
208933;Алексеев Полина Михайлович;2023-09-23;Копейск;Organic
208934;Петров Марат Павловна;2023-06-14;Копейск;Direct
208935;Зайцев Егор Александрович;2023-11-25;Оренбург;Direct
208936;Ким Яна Сергеевна;2023-01-04;Копейск;Direct
208937;Соловьёв Лилия Николаевна;2023-06-20;Тюмень;Referral
208938;Жумабаев Эдуард Евгеньевна;2023-08-21;Курган;Referral
208939;Ким Карен Игоревич;2024-02-19;Уфа;Direct
208940;Каримов Амина Владимировна;2023-06-14;Тюмень;Direct
208941;Ахметжанов Лилия Николаевич;2024-07-03;Челябинск;Telegram
208942;Ибрагимов Лейла Юрьевич;2024-08-30;Копейск;Direct
208943;Ахметжанов Мария Андреевич;2023-09-12;Челябинск;Telegram
208944;Ахметжанов Самвел Александрович;2023-07-06;Самара;Yandex Ads
208945;Алиев Екатерина Алексеевна;2023-10-14;Уфа;Direct
208946;Никитин Кирилл Олеговна;2023-11-26;Златоуст;VK Ads
208947;Чернов Зарина Иванович;2023-02-12;Ижевск;Direct
208948;Акопян Аделина Владимирович;2023-09-05;Челябинск;Email
208949;Юсупов Борис Алексеевна;2024-05-08;Пермь;Direct
208950;Абрамян Дарья Юрьевна;2023-02-12;Челябинск;VK Ads
208951;Григорьев Анастасия Иванович;2024-05-17;Пермь;Referral
208952;Фролов Роман Павловна;2023-10-18;Уфа;Telegram
208953;Коваленко Александр Владимирович;2024-04-28;Магнитогорск;VK Ads
208954;Касымов Самвел Викторович;2023-02-19;Челябинск;Telegram
208955;Петросян Амина Евгеньевна;2024-02-22;Челябинск;Direct
208956;Каримов Яна Сергеевич;2024-07-15;Екатеринбург;Direct
208957;Фёдоров Анастасия Ивановна;2024-06-11;Челябинск;Yandex Ads
208958;Григорян Александр Николаевна;2023-05-05;Челябинск;Direct
208959;Алексеев Евгений Дмитриевич;2023-06-18;Екатеринбург;Telegram
208960;Филатов Екатерина Иванович;2023-06-29;Челябинск;Organic
208961;Петросян Константин Михайловна;2024-04-05;Копейск;Direct
208962;Кондратьев Олег Алексеевич;2023-05-05;Москва;Direct
208963;Ильин Марат Романовна;2023-10-07;Копейск;Direct
208964;Соловьёв Полина Дмитриевна;2023-03-22;Казань;Telegram
208965;Тарасенко Игорь Сергеевич;2024-02-22;Челябинск;Direct
208966;Макаров Яна Юрьевна;2023-08-31;Копейск;Organic
208967;Мирзоян Валерия Сергеевич;2024-05-30;Златоуст;Referral
208968;Рябов Алина Алексеевич;2024-03-10;Челябинск;Direct
208969;Ткаченко Анастасия Иванович;2024-07-27;Челябинск;VK Ads
208970;Морозов Ксения Иванович;2024-07-28;Курган;Yandex Ads
208971;Тарасов Кристина Андреевич;2023-10-09;Челябинск;VK Ads
208972;Мамедов Яна Владимирович;2023-04-25;Челябинск;Organic
208973;Макаров Карен Михайловна;2023-05-08;Челябинск;Organic
208974;Гасанов Павел Олегович;2023-01-13;Копейск;Organic
208975;Кузьмин Маргарита Андреевна;2024-02-19;Челябинск;VK Ads
208976;Белов Вера Владимирович;2024-08-22;Нижневартовск;Direct
208977;Абрамян Валерий Юрьевна;2023-11-26;Челябинск;Referral
208978;Мамедов Артур Евгеньевна;2023-10-24;Екатеринбург;VK Ads
208979;Морозов Ирина Романович;2024-07-30;Новосибирск;Email
208980;Касымов Николай Евгеньевна;2023-11-05;Магнитогорск;Organic
208981;Макаров Софья Александровна;2024-05-14;Курган;VK Ads
208982;Рябов Лейла Николаевна;2024-01-04;Челябинск;Yandex Ads
208983;Орлов Элина Николаевич;2023-06-16;Челябинск;VK Ads
208984;Хасанов Полина Александровна;2024-05-27;Челябинск;Yandex Ads
208985;Ахметов Ольга Николаевич;2023-01-27;Самара;Yandex Ads
208986;Исмаилов Эмиль Евгеньевна;2024-05-25;Курган;Organic
208987;Абдуллаев Тимур Владимирович;2024-05-12;Уфа;Yandex Ads
208988;Сулейманов Артур Алексеевич;2024-07-15;Пермь;Direct
208989;Касымов Михаил Игоревна;2023-09-14;Копейск;Email
208990;Макаров Ирина Сергеевна;2023-01-03;Челябинск;Organic
208991;Медведев Роман Олеговна;2023-04-11;Курган;Organic
208992;Маслов Самвел Антонович;2023-11-12;Курган;Direct
208993;Тарасов Алексей Дмитриевна;2023-01-07;Копейск;VK Ads
208994;Жумабаев Алексей Викторовна;2024-06-27;Копейск;Yandex Ads
208995;Денисов Вероника Романовна;2024-06-14;Челябинск;Yandex Ads
208996;Мамедов Аделина Евгеньевич;2023-10-04;Магнитогорск;Email
208997;Смирнов Олег Павловна;2023-03-24;Челябинск;Organic
208998;Егоров Артём Николаевич;2023-10-04;Челябинск;Organic
208999;Бекетов Эмиль Михайловна;2023-05-22;Челябинск;Direct
209000;Ершов Светлана Дмитриевна;2023-07-25;Челябинск;VK Ads
209001;Гусев Надежда Владимировна;2023-04-10;Челябинск;Direct
209002;Григорьев Ярослав Павлович;2024-03-24;Челябинск;Organic
209003;Сорокин Илья Алексеевна;2023-02-13;Самара;VK Ads
209004;Титов Алексей Олегович;2024-06-06;Миасс;Organic
209005;Кузнецов Никита Павловна;2023-06-15;Челябинск;Yandex Ads
209006;Логинов Ирина Павловна;2024-07-31;Миасс;Yandex Ads
209007;Алексеев Элина Сергеевна;2023-07-02;Пермь;Organic
209008;Егоров Анастасия Евгеньевич;2023-12-23;Пермь;Organic
209009;Фролов Лилия Евгеньевна;2023-10-03;Челябинск;Telegram
209010;Белов Марат Дмитриевна;2023-05-12;Нижневартовск;Referral
209011;Власов Валерия Александровна;2024-06-22;Златоуст;Direct
209012;Бойко Мария Николаевна;2023-10-15;Челябинск;Organic
209013;Лебедев Евгений Александрович;2023-04-28;Екатеринбург;Yandex Ads
209014;Баранов Даниил Дмитриевич;2023-01-12;Челябинск;VK Ads
209015;Богданов Маргарита Евгеньевна;2024-07-26;Миасс;Referral
209016;Куликов Наталья Юрьевна;2023-01-17;Челябинск;VK Ads
209017;Алексеев Кристина Алексеевич;2024-07-27;Москва;VK Ads
209018;Соболев Мария Алексеевна;2024-01-19;Челябинск;Direct
209019;Маслов Эмиль Викторовна;2023-07-04;Челябинск;VK Ads
209020;Соколов Елена Владимировна;2024-01-08;Златоуст;Organic
209021;Григорян Даниил Иванович;2024-02-27;Челябинск;Yandex Ads
209022;Цой Кристина Александрович;2024-08-31;Тюмень;VK Ads
209023;Бекетов Вероника Викторович;2023-12-30;Екатеринбург;Direct
209024;Поляков Илья Викторович;2023-09-12;Челябинск;Direct
209025;Лебедев Екатерина Дмитриевич;2023-09-06;Уфа;Telegram
209026;Григорян Яна Дмитриевич;2024-01-02;Екатеринбург;Direct
209027;Романов Светлана Евгеньевна;2023-08-22;Екатеринбург;VK Ads
209028;Лебедев Игорь Олегович;2024-02-16;Челябинск;Yandex Ads
209029;Макаров Глеб Евгеньевич;2024-01-01;Челябинск;Referral
209030;Ковалёв Руслан Викторовна;2024-01-04;Пермь;Organic
209031;Хасанов Наталья Александрович;2024-01-21;Уфа;Email
209032;Егоров Егор Алексеевна;2024-01-19;Миасс;Organic
209033;Киселёв Марат Викторович;2023-02-12;Пермь;Email
209034;Хасанов Даниил Владимирович;2023-01-09;Копейск;Referral
209035;Хабибуллин Роман Романовна;2023-12-09;Челябинск;Direct
209036;Афанасьев Михаил Алексеевич;2023-07-13;Казань;Yandex Ads
209037;Цой Глеб Дмитриевич;2023-06-04;Челябинск;Telegram
209038;Валеев Никита Николаевич;2023-06-24;Челябинск;Organic
209039;Григорьев Анна Юрьевна;2023-06-08;Челябинск;Yandex Ads
209040;Абрамян Милана Андреевна;2024-01-30;Курган;VK Ads
209041;Сорокин Константин Игоревич;2023-01-23;Магнитогорск;Direct
209042;Соловьёв Олег Евгеньевич;2023-09-04;Тюмень;Referral
209043;Андреев Артём Александрович;2023-11-29;Златоуст;Yandex Ads
209044;Бекетов Николай Викторович;2023-12-18;Тюмень;Telegram
209045;Котов Светлана Романович;2024-02-28;Копейск;Organic
209046;Кондратьев Зарина Юрьевич;2023-03-26;Курган;Yandex Ads
209047;Хабибуллин Амина Романовна;2023-04-01;Копейск;Direct
209048;Герасимов Марина Романович;2023-03-01;Челябинск;Yandex Ads
209049;Лазарев Евгения Юрьевич;2023-12-28;Златоуст;Direct
209050;Тарасенко Вероника Антонович;2024-06-30;Екатеринбург;Organic
209051;Комаров Амина Игоревич;2023-04-23;Копейск;VK Ads
209052;Цой Алёна Иванович;2023-02-17;Тюмень;Telegram
209053;Кузнецов Анастасия Алексеевна;2023-01-07;Екатеринбург;Yandex Ads
209054;Макаров Айгуль Романович;2023-07-21;Уфа;Yandex Ads
209055;Борисов Ирина Евгеньевич;2023-06-22;Тюмень;Direct
209056;Богданов Яна Александрович;2023-08-12;Москва;VK Ads
209057;Быков Иван Павлович;2024-04-22;Магнитогорск;Direct
209058;Куликов Марат Александрович;2023-05-09;Пермь;Email
209059;Соловьёв Марина Павлович;2023-05-17;Копейск;Telegram
209060;Григорян Станислав Николаевна;2023-04-12;Пермь;Email
209061;Лебедев Лилия Юрьевич;2023-06-04;Нижневартовск;VK Ads
209062;Лебедев Софья Николаевич;2023-11-30;Москва;Yandex Ads
209063;Беляев Илья Олеговна;2023-06-02;Златоуст;Yandex Ads
209064;Мартиросян Вероника Романович;2023-04-27;Челябинск;Direct
209065;Мамедов Денис Юрьевна;2023-06-30;Челябинск;Direct
209066;Быков Ярослав Михайлович;2023-06-09;Челябинск;VK Ads
209067;Валеев Яна Алексеевич;2023-03-15;Екатеринбург;Organic
209068;Садыков Марат Владимировна;2024-03-30;Казань;Yandex Ads
209069;Морозов Никита Антонович;2024-07-16;Челябинск;Telegram
209070;Попов Глеб Михайловна;2023-05-08;Екатеринбург;Email
209071;Каримов Иван Романовна;2023-01-23;Екатеринбург;Direct
209072;Морозов Глеб Евгеньевич;2023-01-22;Миасс;Direct
209073;Ким Оксана Николаевна;2024-08-26;Москва;Telegram
209074;Беляев Алёна Сергеевна;2023-07-26;Челябинск;Email
209075;Сорокин Арсен Антонович;2023-03-30;Екатеринбург;Direct
209076;Наумов Алёна Сергеевна;2023-07-24;Копейск;Telegram
209077;Гончаренко Самвел Игоревна;2023-05-14;Челябинск;Organic
209078;Ильин Диана Игоревна;2024-02-10;Челябинск;Direct
209079;Козлов Мария Иванович;2023-01-10;Тюмень;Telegram
209080;Афанасьев Даниил Александрович;2024-04-26;Тюмень;Yandex Ads
209081;Гарипов Вадим Романович;2024-01-30;Самара;Email
209082;Павлов Руслан Михайлович;2024-04-24;Челябинск;VK Ads
209083;Макаров Тигран Михайловна;2024-01-26;Челябинск;Direct
209084;Филатов Юлия Иванович;2023-05-15;Пермь;Direct
209085;Зайцев Максим Ивановна;2024-08-03;Курган;Telegram
209086;Алексеев Алексей Дмитриевна;2023-01-07;Челябинск;Organic
209087;Касымов Марина Александровна;2023-04-15;Москва;Direct
209088;Гарипов Даниил Евгеньевич;2023-08-10;Челябинск;Yandex Ads
209089;Никитин Аделина Михайлович;2024-05-15;Челябинск;Organic
209090;Ким Антон Олеговна;2024-04-24;Магнитогорск;Telegram
209091;Романов Зарина Александрович;2024-05-30;Копейск;Direct
209092;Алиев Илья Николаевна;2024-04-15;Челябинск;Direct
209093;Смирнов Валерий Викторовна;2023-05-11;Копейск;Yandex Ads
209094;Мельник Павел Алексеевич;2023-01-13;Копейск;Direct
209095;Егоров Даниил Андреевна;2024-07-17;Копейск;Organic
209096;Васильев Виктория Алексеевна;2023-08-13;Уфа;Direct
209097;Касымов Вероника Викторович;2023-07-21;Златоуст;Email
209098;Кузнецов Валерия Владимирович;2024-08-03;Челябинск;Direct
209099;Миронов Элина Владимирович;2024-03-13;Миасс;VK Ads
209100;Быков Милана Игоревна;2023-12-28;Челябинск;Organic
209101;Сергеев Полина Дмитриевна;2024-03-05;Златоуст;Yandex Ads
209102;Мамедов Вероника Игоревна;2024-07-15;Челябинск;Direct
209103;Белов Валерия Сергеевна;2024-03-05;Екатеринбург;Email
209104;Саркисян Евгения Романович;2024-07-04;Челябинск;Yandex Ads
209105;Белов Аделина Олеговна;2023-01-24;Курган;Direct
209106;Фёдоров Наталья Иванович;2024-02-05;Магнитогорск;Direct
209107;Котов Лилия Дмитриевна;2024-05-05;Копейск;Organic
209108;Исмаилов Даниил Юрьевна;2023-04-15;Тюмень;Direct
209109;Рябов Софья Ивановна;2024-02-21;Пермь;Email
209110;Поляков Тимур Павлович;2023-05-11;Челябинск;Direct
209111;Цветков Станислав Павловна;2023-05-24;Пермь;Organic
209112;Сеитов Диана Михайлович;2023-10-07;Ижевск;Organic
209113;Ершов Николай Александровна;2024-04-30;Екатеринбург;Organic
209114;Исмаилов Тигран Викторовна;2023-03-26;Екатеринбург;Organic
209115;Капустин Вероника Павлович;2024-02-19;Москва;Organic
209116;Романов Кристина Андреевна;2023-05-02;Челябинск;Referral
209117;Ковалёв Владимир Иванович;2023-02-19;Казань;Organic
209118;Смирнов Светлана Ивановна;2023-03-07;Челябинск;Referral
209119;Сафонов Антон Олеговна;2024-05-09;Екатеринбург;Direct
209120;Медведев Юлия Юрьевич;2024-04-25;Челябинск;Yandex Ads
209121;Валеев Ирина Сергеевна;2024-02-06;Екатеринбург;Yandex Ads
209122;Семёнов Ярослав Дмитриевич;2023-01-01;Копейск;Organic
209123;Козлов Эмиль Андреевич;2023-05-03;Миасс;Referral
209124;Шин Георгий Павловна;2023-10-27;Пермь;Direct
209125;Кондратьев Дарья Михайлович;2024-02-01;Челябинск;Yandex Ads
209126;Сорокин Павел Евгеньевна;2024-06-19;Магнитогорск;Organic
209127;Киселёв Руслан Владимирович;2023-05-16;Златоуст;VK Ads
209128;Ильин Алёна Александрович;2024-02-13;Челябинск;VK Ads
209129;Матвеев Мария Олеговна;2023-09-14;Магнитогорск;Telegram
209130;Ким Максим Александрович;2024-08-20;Челябинск;Yandex Ads
209131;Петросян Владимир Дмитриевна;2023-06-11;Москва;Organic
209132;Матвеев Владимир Романовна;2023-06-21;Пермь;VK Ads
209133;Акопян Юлия Игоревич;2023-01-29;Миасс;Email
209134;Власов Юрий Александровна;2024-05-14;Уфа;Yandex Ads
209135;Никитин Татьяна Романовна;2024-04-27;Челябинск;Organic
209136;Алиев Антон Романовна;2024-03-23;Челябинск;Direct
209137;Омаров Илья Олеговна;2023-05-26;Ижевск;Yandex Ads
209138;Мамедов Валерия Владимировна;2023-05-12;Екатеринбург;Referral
209139;Голубев Ирина Николаевич;2024-08-18;Челябинск;Organic
209140;Соловьёв Екатерина Алексеевич;2023-12-04;Магнитогорск;Direct
209141;Поляков Анастасия Евгеньевна;2023-06-24;Копейск;Direct
209142;Афанасьев Антон Михайлович;2024-08-19;Челябинск;Telegram
209143;Титов Александр Николаевич;2023-08-28;Уфа;Organic
209144;Петросян Софья Михайловна;2024-08-20;Курган;Referral
209145;Яковлев Тигран Александрович;2023-05-02;Миасс;Organic
209146;Шин Аделина Михайлович;2024-02-13;Магнитогорск;VK Ads
209147;Лебедев Михаил Романовна;2024-03-14;Новосибирск;Organic
209148;Данилов Олег Павлович;2024-05-22;Челябинск;Referral
209149;Сергеев Наталья Юрьевна;2024-02-04;Пермь;Organic
209150;Ахметжанов Амина Юрьевич;2023-01-13;Магнитогорск;Telegram
209151;Шарипов Тимур Павловна;2023-02-07;Челябинск;Organic
209152;Мирзоян Евгений Викторович;2023-03-10;Уфа;Email
209153;Яковлев Динара Андреевич;2023-02-16;Челябинск;Direct
209154;Беляев Диана Романович;2023-10-26;Миасс;Direct
209155;Степанов Михаил Юрьевна;2023-12-04;Тюмень;Telegram
209156;Ли Егор Олеговна;2023-04-04;Пермь;Direct
209157;Сорокин Лейла Павлович;2024-07-23;Магнитогорск;Direct
209158;Шарипов Мария Алексеевна;2024-02-18;Пермь;Organic
209159;Ковалёв Валерий Юрьевна;2023-06-02;Миасс;Direct
209160;Сафин Юлия Дмитриевич;2023-03-06;Оренбург;Yandex Ads
209161;Сергеев Софья Игоревич;2023-01-20;Самара;Yandex Ads
209162;Павлов Никита Андреевич;2023-11-10;Копейск;Referral
209163;Бойко Валерия Андреевич;2024-08-18;Челябинск;Telegram
209164;Борисов Николай Викторовна;2023-02-11;Новосибирск;Direct
209165;Юн Валерий Викторовна;2024-08-12;Копейск;Organic
209166;Нуриев Денис Николаевна;2023-11-07;Челябинск;Telegram
209167;Голубев Екатерина Николаевна;2023-06-04;Уфа;VK Ads
209168;Степанов Гузель Андреевич;2024-04-25;Санкт-Петербург;Organic
209169;Белов Фёдор Андреевич;2023-11-28;Магнитогорск;Direct
209170;Гарипов Георгий Олеговна;2024-01-26;Челябинск;Organic
209171;Мамедов Яна Игоревна;2023-12-16;Челябинск;Referral
209172;Маслов Даниил Дмитриевич;2023-01-14;Челябинск;Referral
209173;Данилов Константин Иванович;2023-02-04;Челябинск;VK Ads
209174;Мухаметшин Аделина Дмитриевич;2023-04-08;Екатеринбург;Direct
209175;Сафин Сергей Сергеевич;2023-04-07;Новосибирск;VK Ads
209176;Тулеев Артур Дмитриевич;2023-04-22;Копейск;Direct
209177;Щербаков Михаил Александровна;2023-08-03;Тюмень;Organic
209178;Фёдоров Оксана Михайлович;2023-12-12;Челябинск;Organic
209179;Сорокин Евгений Евгеньевна;2023-09-28;Магнитогорск;Direct
209180;Мартиросян Никита Ивановна;2023-11-04;Челябинск;Referral
209181;Лазарев Айгуль Павловна;2023-07-10;Челябинск;Organic
209182;Тен Анна Викторович;2023-05-08;Миасс;Yandex Ads
209183;Морозов Марат Андреевна;2023-08-14;Тюмень;Yandex Ads
209184;Сафин Айгуль Романовна;2023-06-18;Челябинск;Organic
209185;Рахимов Эмиль Олеговна;2024-01-31;Златоуст;Organic
209186;Юн Марина Николаевна;2024-04-12;Самара;Yandex Ads
209187;Медведев Михаил Андреевна;2024-01-20;Нижневартовск;Organic
209188;Данилов Татьяна Олегович;2023-04-03;Челябинск;Organic
209189;Наумов Елена Михайлович;2023-10-20;Челябинск;Yandex Ads
209190;Зайцев Юлия Евгеньевна;2023-09-08;Курган;Direct
209191;Козлов Юрий Игоревна;2023-04-29;Пермь;Yandex Ads
209192;Шарипов Элина Сергеевич;2024-06-08;Копейск;Yandex Ads
209193;Данилов Евгения Иванович;2023-10-18;Казань;Yandex Ads
209194;Новиков Юлия Владимирович;2023-07-11;Миасс;Referral
209195;Гарипов Эмиль Андреевна;2023-11-21;Челябинск;Telegram
209196;Петросян Вера Игоревич;2023-09-14;Нижневартовск;Telegram
209197;Юн Кристина Игоревна;2024-04-25;Челябинск;Email
209198;Ахметов Илья Михайловна;2024-07-22;Пермь;Direct
209199;Ахметов Эмиль Николаевна;2024-06-06;Миасс;Referral
209200;Тен Татьяна Романовна;2024-03-11;Уфа;VK Ads
209201;Сеитов Глеб Романовна;2023-06-24;Новосибирск;Yandex Ads
209202;Абрамян Сергей Евгеньевич;2023-08-12;Самара;Organic
209203;Андреев Карина Павлович;2023-09-29;Миасс;Telegram
209204;Аветисян Полина Антонович;2024-06-12;Уфа;VK Ads
209205;Савченко Маргарита Алексеевна;2023-11-04;Челябинск;Organic
209206;Афанасьев Николай Павловна;2023-07-19;Миасс;Referral
209207;Соловьёв Екатерина Михайловна;2023-08-05;Москва;VK Ads
209208;Титов Тимур Дмитриевна;2023-03-28;Екатеринбург;VK Ads
209209;Куликов Мария Романовна;2023-12-07;Ижевск;VK Ads
209210;Зайцев Оксана Олеговна;2024-06-25;Златоуст;VK Ads
209211;Галимов Вадим Викторович;2023-05-19;Курган;VK Ads
209212;Морозов Диана Юрьевич;2023-10-04;Курган;Email
209213;Бондаренко Евгений Владимировна;2024-04-13;Екатеринбург;Yandex Ads
209214;Куликов Марат Сергеевич;2023-10-29;Тюмень;Referral
209215;Капустин Артур Алексеевна;2023-01-29;Челябинск;Direct
209216;Кравченко Кирилл Романовна;2023-06-17;Челябинск;Organic
209217;Богданов Лейла Евгеньевич;2024-07-31;Тюмень;Organic
209218;Валеев Марат Александровна;2024-01-05;Златоуст;Direct
209219;Кузнецов Александр Евгеньевич;2023-05-28;Сургут;Direct
209220;Сорокин Елена Евгеньевна;2023-10-07;Москва;Organic
209221;Никитин Максим Павлович;2023-02-23;Екатеринбург;Organic
209222;Белов Зарина Романович;2023-07-24;Челябинск;Referral
209223;Ершов Станислав Игоревна;2024-03-22;Златоуст;Organic
209224;Сафонов Константин Владимирович;2023-06-06;Челябинск;Referral
209225;Никитин Татьяна Романовна;2023-01-11;Челябинск;Organic
209226;Валеев Полина Александрович;2023-05-10;Тюмень;Yandex Ads
209227;Бондаренко Илья Романович;2023-03-28;Челябинск;Yandex Ads
209228;Соколов Дарья Николаевна;2024-06-08;Челябинск;Yandex Ads
209229;Пак Юлия Владимировна;2024-01-18;Миасс;Direct
209230;Шарипов Виктория Игоревич;2023-08-14;Миасс;VK Ads
209231;Соловьёв Зарина Николаевич;2024-01-27;Челябинск;Organic
209232;Королёв Светлана Антонович;2024-01-18;Курган;VK Ads
209233;Мартиросян Александр Дмитриевич;2023-12-17;Челябинск;Direct
209234;Мартиросян Ольга Павлович;2023-05-11;Челябинск;Referral
209235;Шевченко Лилия Игоревич;2024-02-20;Магнитогорск;Organic
209236;Абдуллаев Алина Юрьевна;2023-09-21;Магнитогорск;Organic
209237;Григорян Кристина Иванович;2024-03-08;Миасс;Referral
209238;Максимов Татьяна Михайловна;2023-03-09;Челябинск;Organic
209239;Захаров Денис Евгеньевна;2023-10-18;Челябинск;VK Ads
209240;Нуриев Ирина Сергеевич;2023-06-01;Челябинск;Organic
209241;Рябов Максим Михайловна;2023-06-28;Челябинск;Organic
209242;Васильев Денис Викторовна;2023-12-19;Челябинск;Organic
209243;Хасанов Светлана Игоревна;2024-01-11;Магнитогорск;Direct
209244;Титов Георгий Андреевна;2023-11-25;Тюмень;Referral
209245;Смирнов Евгения Дмитриевич;2024-06-25;Челябинск;Yandex Ads
209246;Хасанов Виктория Андреевич;2023-11-08;Челябинск;Organic
209247;Фомин Ирина Викторович;2023-06-11;Златоуст;Organic
209248;Мкртчян Надежда Дмитриевич;2023-07-09;Москва;Yandex Ads
209249;Омаров Амина Антонович;2023-04-30;Самара;Organic
209250;Герасимов Дарья Николаевна;2024-04-08;Курган;Organic
209251;Яковлев Карина Юрьевич;2023-04-21;Челябинск;Yandex Ads
209252;Ковалёв Яна Ивановна;2024-03-10;Челябинск;Direct
209253;Лебедев Евгения Александровна;2023-07-16;Тюмень;Organic
209254;Мамедов Михаил Игоревич;2024-01-27;Сургут;Organic
209255;Афанасьев Станислав Сергеевич;2023-06-13;Курган;Direct
209256;Оганесян Ксения Николаевич;2023-08-26;Челябинск;Direct
209257;Баранов Борис Михайловна;2024-02-03;Челябинск;Direct
209258;Алиев Карина Дмитриевич;2023-09-17;Челябинск;Organic
209259;Алексеев Денис Олегович;2023-09-20;Самара;Direct
209260;Куликов Диана Ивановна;2023-11-01;Санкт-Петербург;Direct
209261;Оганесян Карен Николаевич;2024-07-20;Челябинск;Direct
209262;Козлов Георгий Романович;2023-02-25;Копейск;VK Ads
209263;Васильев Артём Михайловна;2023-02-17;Курган;VK Ads
209264;Романов Антон Евгеньевна;2023-06-15;Магнитогорск;Direct
209265;Фёдоров Надежда Романович;2024-06-10;Челябинск;Organic
209266;Иванов Полина Иванович;2024-06-19;Самара;Direct
209267;Никитин Валерий Андреевич;2024-02-27;Екатеринбург;Referral
209268;Аветисян Фёдор Дмитриевна;2023-02-09;Уфа;Organic
209269;Ильин Михаил Михайлович;2024-03-05;Пермь;Yandex Ads
209270;Тарасов Лилия Павлович;2023-06-24;Пермь;VK Ads
209271;Королёв Елена Игоревна;2023-10-28;Челябинск;Direct
209272;Ибрагимов Валерия Иванович;2023-10-17;Магнитогорск;VK Ads
209273;Фёдоров Зарина Игоревич;2023-06-18;Челябинск;Yandex Ads
209274;Мухаметшин Антон Юрьевич;2023-06-05;Челябинск;Yandex Ads
209275;Козлов Надежда Алексеевич;2023-01-25;Челябинск;Direct
209276;Тарасов Ольга Николаевна;2023-01-29;Казань;Referral
209277;Гасанов Валерия Александрович;2023-04-10;Миасс;Yandex Ads
209278;Нуриев Екатерина Сергеевич;2024-05-23;Миасс;Organic
209279;Егоров Полина Олеговна;2024-04-17;Челябинск;Yandex Ads
209280;Сафонов Марат Игоревна;2024-01-31;Казань;Telegram
209281;Аветисян Сергей Евгеньевна;2023-10-13;Челябинск;Yandex Ads
209282;Оганесян Евгений Михайлович;2024-02-28;Миасс;Organic
209283;Тарасов Елена Олегович;2023-09-14;Магнитогорск;Yandex Ads
209284;Савченко Кирилл Евгеньевич;2024-01-11;Курган;Organic
209285;Соколов Станислав Владимировна;2023-10-14;Челябинск;Telegram
209286;Морозов Софья Андреевна;2024-03-20;Казань;Yandex Ads
209287;Ким Аделина Евгеньевич;2023-02-22;Копейск;Yandex Ads
209288;Михайлов Ольга Олеговна;2023-09-14;Копейск;Organic
209289;Гусев Надежда Павловна;2024-07-30;Челябинск;Yandex Ads
209290;Исмаилов Тимур Романовна;2023-05-25;Челябинск;Organic
209291;Кудрявцев Анастасия Дмитриевич;2023-04-16;Екатеринбург;Yandex Ads
209292;Белов Маргарита Юрьевич;2023-07-16;Челябинск;Direct
209293;Цой Вера Романович;2023-05-31;Екатеринбург;Telegram
209294;Гончаренко Олег Андреевич;2024-06-16;Пермь;Organic
209295;Виноградов Ольга Игоревна;2024-08-12;Москва;Direct
209296;Кондратьев Татьяна Сергеевич;2024-08-25;Челябинск;Organic
209297;Захаров Эдуард Олегович;2023-05-08;Екатеринбург;Referral
209298;Исмаилов Валерия Сергеевна;2023-04-12;Челябинск;Telegram
209299;Каримов Евгения Алексеевна;2023-01-22;Челябинск;Direct
209300;Жуков Антон Михайлович;2023-11-17;Пермь;Organic
209301;Киселёв Полина Дмитриевна;2023-03-20;Челябинск;VK Ads
209302;Голубев Татьяна Александрович;2023-02-03;Миасс;Yandex Ads
209303;Мкртчян Тимур Владимировна;2024-05-22;Миасс;Direct
209304;Ильин Ярослав Андреевна;2023-06-24;Челябинск;Yandex Ads
209305;Андреев Евгений Дмитриевич;2023-01-15;Миасс;Direct
209306;Белов Михаил Ивановна;2023-01-26;Пермь;Organic
209307;Орлов Лейла Михайловна;2024-07-18;Пермь;VK Ads
209308;Лебедев Андрей Владимирович;2024-05-02;Курган;VK Ads
209309;Наумов Оксана Евгеньевна;2023-09-14;Ижевск;Telegram
209310;Щербаков Станислав Романович;2023-11-15;Пермь;Direct
209311;Воробьёв Тигран Антонович;2023-03-10;Копейск;Organic
209312;Петросян Александр Евгеньевна;2024-06-18;Миасс;VK Ads
209313;Ибрагимов Кристина Юрьевич;2024-05-25;Тюмень;Yandex Ads
209314;Лазарев Динара Владимирович;2023-06-22;Нижневартовск;Referral
209315;Котов Валерия Александрович;2024-07-03;Златоуст;Direct
209316;Петросян Карина Михайлович;2023-04-29;Магнитогорск;Email
209317;Гусев Максим Иванович;2023-10-23;Тюмень;Organic
209318;Данилов Надежда Романовна;2023-10-19;Челябинск;Yandex Ads
209319;Денисов Фёдор Ивановна;2024-08-06;Копейск;Telegram
209320;Быков Алёна Викторович;2023-06-24;Уфа;Yandex Ads
209321;Исмаилов Самвел Олегович;2024-02-11;Челябинск;Direct
209322;Борисов Евгения Игоревич;2023-04-17;Екатеринбург;Organic
209323;Шевченко Сергей Андреевич;2023-07-14;Уфа;Referral
209324;Кузнецов Максим Александровна;2024-08-09;Нижневартовск;Direct
209325;Коваленко Борис Викторович;2024-08-05;Челябинск;Yandex Ads
209326;Фролов Яна Евгеньевич;2024-08-09;Магнитогорск;Direct
209327;Денисов Николай Андреевич;2023-12-14;Копейск;Email
209328;Волков Фёдор Михайлович;2023-09-07;Челябинск;Organic
209329;Андреев Алёна Владимирович;2023-03-08;Челябинск;Telegram
209330;Сорокин Светлана Сергеевич;2024-02-01;Челябинск;Email
209331;Ершов Илья Олеговна;2024-04-20;Тюмень;VK Ads
209332;Гусев Татьяна Сергеевич;2023-01-05;Уфа;VK Ads
209333;Соболев Николай Сергеевич;2024-03-09;Копейск;Direct
209334;Матвеев Валерий Алексеевна;2023-10-24;Челябинск;Telegram
209335;Соколов Максим Николаевна;2023-03-13;Челябинск;VK Ads
209336;Ершов Антон Михайловна;2023-11-19;Челябинск;Direct
209337;Волков Денис Викторович;2023-10-10;Копейск;Yandex Ads
209338;Козлов Карина Андреевич;2023-05-24;Челябинск;Yandex Ads
209339;Мирзоян Марина Иванович;2023-01-18;Миасс;Direct
209340;Михайлов Ксения Михайловна;2024-03-03;Челябинск;Organic
209341;Белов Роман Николаевна;2023-05-28;Челябинск;Telegram
209342;Кузьмин Михаил Михайлович;2023-06-05;Сургут;Yandex Ads
209343;Фомин Милана Игоревич;2024-01-16;Златоуст;Referral
209344;Ли Евгения Николаевна;2024-06-15;Екатеринбург;Organic
209345;Бекетов Диана Юрьевна;2023-01-31;Курган;Yandex Ads
209346;Мирзоян Владимир Андреевич;2024-02-19;Златоуст;Organic
209347;Шин Тигран Дмитриевич;2023-03-25;Миасс;Email
209348;Ахметов Ярослав Сергеевна;2024-04-20;Магнитогорск;Yandex Ads
209349;Фёдоров Айгуль Алексеевна;2023-09-26;Челябинск;Direct
209350;Саркисян Полина Андреевна;2024-03-07;Пермь;Yandex Ads
209351;Белов Тигран Игоревич;2023-08-23;Челябинск;Direct
209352;Сорокин Виктор Антонович;2024-02-13;Новосибирск;Yandex Ads
209353;Борисов Динара Юрьевич;2023-05-18;Миасс;Organic
209354;Жумабаев Самвел Алексеевич;2024-01-01;Магнитогорск;Direct
209355;Соколов Карина Юрьевич;2024-06-27;Миасс;Telegram
209356;Абдуллаев Евгения Алексеевич;2024-06-01;Сургут;Organic
209357;Маслов Карен Сергеевна;2024-01-06;Курган;Yandex Ads
209358;Герасимов Дарья Владимирович;2023-12-09;Копейск;Organic
209359;Кадыров Глеб Ивановна;2023-08-08;Уфа;Direct
209360;Коваленко Элина Иванович;2023-05-17;Челябинск;Direct
209361;Волков Элина Владимирович;2023-04-22;Пермь;Yandex Ads
209362;Матвеев Дмитрий Михайлович;2024-04-25;Челябинск;Organic
209363;Исмаилов Кристина Сергеевич;2024-06-26;Пермь;Organic
209364;Смирнов Валерия Олегович;2024-04-16;Нижневартовск;Direct
209365;Цой Максим Викторовна;2023-09-04;Миасс;Organic
209366;Арутюнян Евгения Иванович;2023-06-01;Магнитогорск;Referral
209367;Лазарев Аделина Алексеевна;2024-07-17;Екатеринбург;Direct
209368;Шевченко Милана Александровна;2023-05-25;Челябинск;Email
209369;Королёв Вадим Алексеевич;2023-01-02;Екатеринбург;Email
209370;Мельник Борис Дмитриевич;2023-06-01;Оренбург;Organic
209371;Новиков Станислав Николаевич;2023-09-14;Челябинск;Yandex Ads
209372;Галимов Айгуль Юрьевна;2023-04-21;Нижневартовск;Yandex Ads
209373;Фомин Иван Олегович;2023-01-21;Златоуст;Direct
209374;Шевченко Тигран Сергеевна;2024-03-16;Уфа;Direct
209375;Зайцев Ксения Андреевич;2023-04-10;Челябинск;Yandex Ads
209376;Исмаилов Игорь Михайлович;2023-11-08;Екатеринбург;Telegram
209377;Ким Евгений Игоревна;2024-02-29;Екатеринбург;Telegram
209378;Хабибуллин Константин Павлович;2023-10-24;Пермь;Yandex Ads
209379;Фёдоров Никита Александрович;2023-05-09;Москва;Yandex Ads
209380;Ким Анастасия Иванович;2023-04-17;Ижевск;Email
209381;Пак Алина Сергеевна;2023-12-18;Москва;Referral
209382;Титов Артур Юрьевич;2024-07-06;Челябинск;Direct
209383;Гарипов Сергей Николаевна;2024-01-14;Екатеринбург;Yandex Ads
209384;Ахметжанов Вадим Владимирович;2023-08-15;Челябинск;Direct
209385;Виноградов Яна Викторович;2023-12-13;Самара;Direct
209386;Кузнецов Эдуард Николаевич;2023-07-20;Челябинск;VK Ads
209387;Галимов Зарина Дмитриевна;2023-03-12;Копейск;VK Ads
209388;Саркисян Анна Сергеевна;2024-03-18;Тюмень;Organic
209389;Оганесян Татьяна Николаевна;2023-08-12;Оренбург;Telegram
209390;Ли Глеб Евгеньевна;2024-08-26;Челябинск;Organic
209391;Цветков Эмиль Игоревич;2023-07-10;Челябинск;Direct
209392;Капустин Ярослав Ивановна;2023-01-11;Челябинск;Organic
209393;Садыков Борис Викторович;2024-06-30;Челябинск;Yandex Ads
209394;Максимов Милана Дмитриевна;2023-04-09;Златоуст;Telegram
209395;Егоров Тимур Андреевич;2024-01-19;Челябинск;Direct
209396;Соколов Глеб Ивановна;2024-01-28;Челябинск;Organic
209397;Волков Елена Юрьевич;2023-01-22;Златоуст;VK Ads
209398;Голубев Михаил Игоревич;2023-03-17;Магнитогорск;Direct
209399;Данилов Айгуль Владимирович;2024-03-31;Тюмень;Organic
209400;Гусев Тимур Игоревна;2023-11-21;Копейск;Direct
209401;Ахметжанов Елена Алексеевна;2023-07-03;Нижневартовск;Direct
209402;Кравченко Тигран Алексеевна;2023-01-06;Магнитогорск;Yandex Ads
209403;Жуков Эдуард Иванович;2023-02-15;Копейск;Organic
209404;Тарасов Руслан Михайлович;2024-05-26;Челябинск;Organic
209405;Ким Полина Евгеньевна;2024-01-30;Сургут;Yandex Ads
209406;Жумабаев Зарина Сергеевич;2024-01-09;Челябинск;Referral
209407;Мельник Самвел Андреевна;2023-02-12;Челябинск;Organic
209408;Рахимов Юлия Алексеевна;2023-12-09;Златоуст;Direct
209409;Шин Лилия Евгеньевна;2023-05-07;Челябинск;Organic
209410;Кудрявцев Ольга Владимирович;2023-08-12;Челябинск;Direct
209411;Ким Даниил Михайловна;2023-08-12;Пермь;Direct
209412;Юн Кирилл Романовна;2023-02-08;Миасс;Direct
209413;Оганесян Тигран Игоревна;2023-05-22;Екатеринбург;Yandex Ads
209414;Тулеев Ирина Дмитриевна;2023-05-29;Тюмень;Yandex Ads
209415;Соловьёв Оксана Николаевич;2023-09-02;Челябинск;Organic
209416;Мухаметшин Вероника Игоревич;2024-08-24;Миасс;Email
209417;Воробьёв Гузель Андреевич;2024-08-10;Екатеринбург;Organic
209418;Пак Николай Ивановна;2024-08-22;Казань;Direct
209419;Сафин Зарина Николаевич;2024-07-09;Ижевск;Telegram
209420;Комаров Карина Павловна;2023-04-25;Сургут;Referral
209421;Галимов Маргарита Юрьевич;2024-05-24;Екатеринбург;Organic
209422;Романов Анна Викторович;2024-03-18;Магнитогорск;VK Ads
209423;Сафин Диана Евгеньевич;2024-06-30;Москва;Direct
209424;Бондаренко Ирина Алексеевич;2024-05-06;Челябинск;Yandex Ads
209425;Касымов Динара Сергеевна;2024-06-10;Магнитогорск;Email
209426;Капустин Валерия Викторовна;2023-03-25;Челябинск;Direct
209427;Саркисян Антон Викторовна;2023-05-16;Тюмень;Direct
209428;Воробьёв Эмиль Романович;2023-09-17;Пермь;Referral
209429;Сафин Артём Алексеевна;2023-05-23;Челябинск;Organic
209430;Романов Кирилл Евгеньевич;2023-03-16;Челябинск;VK Ads
209431;Попов Надежда Дмитриевна;2023-08-02;Екатеринбург;VK Ads
209432;Ершов Мария Павлович;2024-07-30;Челябинск;Yandex Ads
209433;Хасанов Эмиль Владимировна;2024-04-17;Копейск;Organic
209434;Петросян Мария Евгеньевич;2023-03-31;Златоуст;Direct
209435;Жуков Гузель Александровна;2023-09-21;Копейск;Organic
209436;Власов Зарина Сергеевна;2023-11-18;Миасс;VK Ads
209437;Алексеев Олег Юрьевна;2024-08-01;Пермь;Direct
209438;Омаров Марат Сергеевна;2023-03-27;Миасс;Yandex Ads
209439;Титов Самвел Игоревич;2023-11-24;Миасс;Direct
209440;Денисов Элина Николаевна;2023-02-17;Екатеринбург;Email
209441;Наумов Айгуль Романович;2024-07-12;Новосибирск;Direct
209442;Гончаренко Егор Андреевич;2023-04-04;Магнитогорск;Direct
209443;Мухаметшин Ксения Олегович;2024-03-06;Пермь;Organic
209444;Рахимов Артём Юрьевна;2023-05-26;Копейск;Referral
209445;Алексеев Антон Сергеевич;2023-11-01;Копейск;Yandex Ads
209446;Саркисян Михаил Павловна;2024-01-15;Пермь;Organic
209447;Михайлов Надежда Романович;2023-11-21;Екатеринбург;Direct
209448;Семёнов Арсен Александрович;2024-05-15;Самара;Direct
209449;Борисов Ксения Ивановна;2024-05-03;Челябинск;Organic
209450;Бойко Александр Игоревич;2023-10-27;Пермь;Yandex Ads
209451;Котов Виктор Владимировна;2024-08-14;Челябинск;Referral
209452;Фролов Ольга Дмитриевич;2023-03-16;Екатеринбург;VK Ads
209453;Герасимов Тигран Романович;2024-08-08;Оренбург;Direct
209454;Орлов Айгуль Владимировна;2024-07-02;Магнитогорск;Yandex Ads
209455;Касымов Полина Алексеевна;2023-01-22;Челябинск;Direct
209456;Шин Милана Игоревич;2023-04-23;Уфа;Telegram
209457;Орлов Диана Андреевна;2024-05-05;Магнитогорск;Direct
209458;Шарипов Полина Михайловна;2023-11-01;Челябинск;Yandex Ads
209459;Ахметжанов Яна Романович;2024-05-07;Москва;Yandex Ads
209460;Степанов Алексей Викторович;2024-04-04;Челябинск;VK Ads
209461;Коваленко Евгений Викторовна;2023-08-06;Казань;Organic
209462;Гарипов Виктор Дмитриевна;2024-06-16;Челябинск;VK Ads
209463;Сорокин Артур Павловна;2023-10-31;Уфа;VK Ads
209464;Оганесян Полина Сергеевна;2023-05-18;Златоуст;Telegram
209465;Рахимов Динара Олеговна;2024-07-31;Уфа;Referral
209466;Котов Виктория Юрьевна;2023-08-29;Москва;Yandex Ads
209467;Омаров Даниил Олеговна;2024-02-15;Златоуст;Organic
209468;Рябов Константин Алексеевич;2024-02-11;Златоуст;Direct
209469;Королёв Надежда Алексеевна;2024-05-09;Челябинск;Organic
209470;Гасанов Аделина Владимирович;2024-08-22;Челябинск;Organic
209471;Тарасов Марина Сергеевна;2024-01-19;Челябинск;Organic
209472;Тарасенко Аделина Иванович;2023-02-24;Екатеринбург;Yandex Ads
209473;Цветков Эмиль Олегович;2024-01-07;Копейск;Organic
209474;Чернов Софья Олеговна;2023-08-16;Казань;Organic
209475;Ахметов Даниил Павлович;2023-05-04;Челябинск;Direct
209476;Назаров Максим Александровна;2023-04-09;Челябинск;Telegram
209477;Орлов Алёна Михайловна;2023-06-16;Челябинск;Telegram
209478;Абрамян Николай Павлович;2024-01-24;Тюмень;Direct
209479;Поляков Анна Евгеньевна;2023-09-28;Миасс;Organic
209480;Ким Елена Романовна;2023-02-21;Челябинск;Direct
209481;Мельник Руслан Дмитриевич;2024-03-18;Самара;Yandex Ads
209482;Мирзоян Евгения Олегович;2024-07-03;Курган;Direct
209483;Егоров Арсен Юрьевич;2024-01-04;Миасс;Organic
209484;Петросян Айгуль Михайловна;2023-05-26;Копейск;Telegram
209485;Котов Полина Олеговна;2024-07-13;Челябинск;Direct
209486;Васильев Виктор Андреевич;2024-05-09;Магнитогорск;Direct
209487;Виноградов Ольга Андреевич;2023-06-22;Курган;Organic
209488;Зайцев Анна Викторович;2023-01-13;Челябинск;Organic
209489;Григорьев Диана Иванович;2023-09-10;Тюмень;Yandex Ads
209490;Сеитов Тигран Юрьевич;2023-01-12;Челябинск;Direct
209491;Котов Надежда Павлович;2024-07-12;Челябинск;Yandex Ads
209492;Гусев Дарья Дмитриевна;2024-05-03;Екатеринбург;Telegram
209493;Миронов Эмиль Алексеевна;2024-02-22;Челябинск;Organic
209494;Ахметов Эдуард Александрович;2023-04-26;Казань;Organic
209495;Ким Гузель Иванович;2024-07-07;Курган;VK Ads
209496;Васильев Анастасия Николаевна;2023-10-02;Миасс;Organic
209497;Абдуллаев Эмиль Александровна;2024-04-18;Курган;VK Ads
209498;Оганесян Артур Павлович;2024-02-01;Миасс;Email
209499;Данилов Зарина Алексеевна;2024-03-10;Уфа;Organic
209500;Шин Карен Юрьевна;2023-09-15;Челябинск;VK Ads
209501;Михайлов Надежда Николаевич;2023-01-19;Пермь;Telegram
209502;Жумабаев Олег Сергеевич;2023-02-03;Курган;VK Ads
209503;Медведев Зарина Евгеньевич;2023-06-06;Челябинск;Telegram
209504;Кравченко Марина Сергеевна;2023-07-04;Тюмень;Telegram
209505;Назаров Александр Николаевна;2023-11-15;Челябинск;Yandex Ads
209506;Шевченко Глеб Викторовна;2024-04-12;Самара;Yandex Ads
209507;Кудрявцев Марат Юрьевич;2023-08-20;Екатеринбург;Yandex Ads
209508;Ли Эмиль Антонович;2024-04-25;Копейск;Yandex Ads
209509;Афанасьев Егор Сергеевич;2024-07-29;Копейск;Direct
209510;Капустин Алёна Владимировна;2023-02-06;Нижневартовск;Yandex Ads
209511;Петросян Тимур Олегович;2023-10-28;Магнитогорск;Yandex Ads
209512;Галимов Евгений Игоревна;2023-06-14;Екатеринбург;VK Ads
209513;Ершов Юлия Евгеньевна;2023-06-08;Челябинск;Organic
209514;Каримов Ирина Игоревна;2024-03-09;Челябинск;Referral
209515;Юн Яна Михайлович;2023-02-18;Миасс;VK Ads
209516;Ильин Марина Алексеевич;2024-08-21;Челябинск;Organic
209517;Мельник Павел Дмитриевич;2024-03-08;Челябинск;Referral
209518;Фомин Илья Игоревич;2023-06-07;Челябинск;Yandex Ads
209519;Власов Владимир Юрьевич;2024-08-04;Челябинск;Organic
209520;Ибрагимов Полина Алексеевич;2024-03-22;Миасс;Email
209521;Власов Анастасия Павлович;2024-07-21;Челябинск;VK Ads
209522;Степанов Вероника Сергеевич;2023-08-23;Копейск;VK Ads
209523;Рахимов Полина Евгеньевич;2023-04-18;Москва;Organic
209524;Быков Виктор Антонович;2023-03-11;Магнитогорск;Organic
209525;Кондратьев Маргарита Александрович;2024-04-19;Новосибирск;Organic
209526;Беляев Амина Николаевич;2023-02-11;Магнитогорск;Referral
209527;Ильин Надежда Владимировна;2024-06-12;Тюмень;Telegram
209528;Цой Дарья Владимирович;2023-01-26;Оренбург;Yandex Ads
209529;Логинов Алёна Сергеевна;2023-08-17;Ижевск;VK Ads
209530;Акопян Светлана Олеговна;2023-08-02;Сургут;Email
209531;Куликов Элина Дмитриевич;2024-03-08;Копейск;VK Ads
209532;Мирзоян Анастасия Павлович;2023-01-07;Москва;Direct
209533;Лебедев Евгений Викторович;2024-06-10;Казань;VK Ads
209534;Шин Карина Дмитриевна;2023-04-16;Екатеринбург;VK Ads
209535;Ахметов Максим Дмитриевич;2023-08-04;Магнитогорск;Yandex Ads
209536;Тарасенко Антон Игоревич;2024-07-13;Екатеринбург;Direct
209537;Валеев Юрий Алексеевна;2023-04-28;Санкт-Петербург;Yandex Ads
209538;Сергеев Алёна Иванович;2024-05-25;Копейск;Direct
209539;Сеитов Андрей Александровна;2024-06-28;Москва;Telegram
209540;Власов Владимир Романовна;2023-06-14;Челябинск;VK Ads
209541;Тарасов Тимур Сергеевна;2023-09-30;Челябинск;Referral
209542;Щербаков Антон Андреевна;2024-07-18;Челябинск;Organic
209543;Фомин Игорь Николаевна;2023-06-17;Тюмень;Referral
209544;Ковалёв Айгуль Алексеевна;2023-11-17;Челябинск;Yandex Ads
209545;Пономарёв Сергей Сергеевна;2023-04-14;Челябинск;Direct
209546;Юсупов Яна Евгеньевич;2023-06-04;Златоуст;Organic
209547;Гарипов Ольга Сергеевич;2024-07-25;Челябинск;Referral
209548;Смирнов Станислав Юрьевич;2023-01-05;Златоуст;Organic
209549;Сулейманов Евгения Романович;2023-06-08;Челябинск;Organic
209550;Нуриев Дарья Юрьевна;2024-02-04;Екатеринбург;Direct
209551;Юсупов Александр Николаевна;2023-08-20;Магнитогорск;Direct
209552;Михайлов Марина Романовна;2023-09-12;Сургут;Telegram
209553;Петров Татьяна Николаевна;2024-07-20;Миасс;Organic
209554;Капустин Олег Романовна;2023-12-06;Уфа;Yandex Ads
209555;Сулейманов Денис Романович;2024-06-19;Миасс;Yandex Ads
209556;Каримов Самвел Викторович;2023-03-05;Тюмень;Direct
209557;Морозов Андрей Олегович;2023-10-22;Казань;Organic
209558;Саркисян Арсен Романович;2023-12-05;Курган;Organic
209559;Исмаилов Милана Викторовна;2023-06-25;Ижевск;Yandex Ads
209560;Борисов Артур Дмитриевич;2024-06-10;Челябинск;Direct
209561;Капустин Алёна Викторович;2023-08-10;Копейск;Yandex Ads
209562;Андреев Георгий Павлович;2024-06-01;Челябинск;Direct
209563;Ковалёв Фёдор Антонович;2023-02-27;Челябинск;VK Ads
209564;Васильев Айгуль Павлович;2024-07-09;Екатеринбург;Referral
209565;Саркисян Вадим Андреевич;2023-07-01;Златоуст;VK Ads
209566;Белов Егор Андреевич;2023-02-05;Ижевск;Direct
209567;Капустин Софья Владимирович;2024-08-22;Магнитогорск;Direct
209568;Морозов Иван Игоревна;2023-03-15;Копейск;Direct
209569;Герасимов Диана Владимировна;2023-08-22;Челябинск;Email
209570;Щербаков Софья Антонович;2023-08-15;Уфа;Referral
209571;Ибрагимов Диана Романовна;2024-02-25;Нижневартовск;Yandex Ads
209572;Афанасьев Татьяна Павлович;2024-04-09;Уфа;Direct
209573;Белов Амина Сергеевич;2023-04-16;Магнитогорск;Yandex Ads
209574;Жуков Наталья Игоревич;2023-04-01;Челябинск;Organic
209575;Соловьёв Виктория Дмитриевич;2023-11-03;Челябинск;Organic
209576;Фролов Тимур Павловна;2023-06-28;Копейск;Telegram
209577;Голубев Никита Владимирович;2023-03-30;Челябинск;Yandex Ads
209578;Сафонов Тимур Михайловна;2024-03-24;Магнитогорск;Direct
209579;Садыков Кристина Дмитриевна;2023-10-13;Копейск;Direct
209580;Фролов Ирина Дмитриевич;2023-07-18;Копейск;VK Ads
209581;Бондаренко Ксения Олеговна;2023-04-03;Челябинск;Direct
209582;Жуков Денис Олеговна;2023-12-03;Самара;Email
209583;Кузнецов Артур Андреевич;2024-08-12;Казань;Referral
209584;Нуржанов Маргарита Алексеевич;2023-09-22;Златоуст;VK Ads
209585;Ахметжанов Маргарита Викторовна;2023-03-30;Екатеринбург;Yandex Ads
209586;Тен Алексей Иванович;2024-05-15;Челябинск;Yandex Ads
209587;Тен Аделина Олегович;2023-07-25;Челябинск;Organic
209588;Каримов Егор Игоревич;2024-08-09;Челябинск;Yandex Ads
209589;Михайлов Елена Александрович;2024-08-06;Екатеринбург;Referral
209590;Тен Эдуард Иванович;2024-04-20;Екатеринбург;Direct
209591;Голубев Аделина Владимирович;2023-08-14;Самара;Organic
209592;Волков Максим Андреевна;2024-07-11;Москва;Direct
209593;Сеитов Светлана Олегович;2024-02-28;Москва;Organic
209594;Максимов Руслан Олегович;2023-06-12;Челябинск;Yandex Ads
209595;Мартиросян Глеб Николаевич;2024-05-23;Челябинск;Organic
209596;Герасимов Вероника Николаевич;2023-09-07;Челябинск;Direct
209597;Комаров Руслан Павловна;2024-07-22;Копейск;Direct
209598;Алиев Наталья Олегович;2024-03-17;Челябинск;Organic
209599;Андреев Николай Владимирович;2023-07-09;Миасс;Organic
209600;Омаров Станислав Николаевна;2023-10-13;Казань;Referral
209601;Кадыров Надежда Алексеевна;2024-08-02;Москва;VK Ads
209602;Ибрагимов Евгения Олеговна;2024-06-06;Москва;VK Ads
209603;Рахимов Самвел Юрьевна;2024-08-22;Челябинск;Organic
209604;Киселёв Тигран Иванович;2024-04-02;Оренбург;Yandex Ads
209605;Каримов Игорь Павлович;2023-12-08;Екатеринбург;Direct
209606;Цветков Виктор Евгеньевна;2024-01-04;Пермь;Organic
209607;Филатов Артур Дмитриевич;2024-08-10;Курган;Yandex Ads
209608;Степанов Лилия Владимировна;2023-10-10;Магнитогорск;Direct
209609;Шин Иван Иванович;2024-02-02;Уфа;Yandex Ads
209610;Степанов Виктория Михайловна;2024-01-06;Курган;Direct
209611;Ткаченко Карен Романовна;2023-03-15;Пермь;Telegram
209612;Хабибуллин Виктория Олеговна;2023-01-22;Миасс;Direct
209613;Жумабаев Алёна Андреевич;2023-08-05;Москва;Direct
209614;Максимов Вера Владимировна;2023-07-31;Курган;VK Ads
209615;Кравченко Илья Дмитриевич;2023-11-03;Челябинск;VK Ads
209616;Шевченко Аделина Михайловна;2023-05-10;Челябинск;Organic
209617;Романов Олег Евгеньевна;2023-04-14;Челябинск;Referral
209618;Тулеев Наталья Владимировна;2024-08-06;Екатеринбург;Telegram
209619;Фёдоров Самвел Олеговна;2024-05-19;Челябинск;Yandex Ads
209620;Юсупов Аделина Андреевна;2023-05-17;Казань;Direct
209621;Григорян Максим Андреевна;2023-08-13;Копейск;Telegram
209622;Пономарёв Николай Викторович;2024-05-05;Курган;Direct
209623;Юн Глеб Евгеньевич;2023-11-10;Ижевск;Yandex Ads
209624;Яковлев Дарья Николаевич;2024-07-28;Челябинск;Direct
209625;Ли Никита Олегович;2024-03-12;Челябинск;Yandex Ads
209626;Кравченко Егор Игоревич;2023-05-26;Челябинск;VK Ads
209627;Мкртчян Артём Иванович;2023-07-12;Магнитогорск;Direct
209628;Юсупов Айгуль Владимировна;2023-05-27;Копейск;Organic
209629;Пак Константин Романовна;2024-06-29;Челябинск;Organic
209630;Медведев Софья Юрьевич;2024-07-22;Курган;Yandex Ads
209631;Наумов Мария Юрьевна;2023-07-11;Миасс;Direct
209632;Мирзоян Даниил Андреевич;2024-03-27;Челябинск;Direct
209633;Капустин Роман Алексеевна;2023-08-12;Челябинск;Telegram
209634;Иванов Станислав Викторовна;2023-11-25;Магнитогорск;Direct
209635;Баранов Софья Павлович;2024-06-28;Курган;Telegram
209636;Галимов Мария Евгеньевич;2024-01-17;Нижневартовск;Direct
209637;Кузнецов Вера Александрович;2024-03-20;Златоуст;Organic
209638;Хабибуллин Полина Николаевич;2023-01-03;Челябинск;Telegram
209639;Ткаченко Виктория Павлович;2024-06-24;Магнитогорск;Organic
209640;Белов Артур Александрович;2024-02-21;Челябинск;Direct
209641;Герасимов Эмиль Николаевич;2023-04-17;Челябинск;Direct
209642;Мамедов Дарья Владимировна;2023-10-17;Тюмень;VK Ads
209643;Григорьев Роман Павлович;2024-07-17;Екатеринбург;Direct
209644;Мухаметшин Марат Павлович;2023-05-16;Екатеринбург;VK Ads
209645;Степанов Фёдор Викторович;2023-11-30;Уфа;Yandex Ads
209646;Иванов Аделина Алексеевич;2024-02-21;Москва;Organic
209647;Быков Дмитрий Романович;2023-05-05;Челябинск;Direct
209648;Герасимов Тигран Романовна;2024-03-16;Магнитогорск;VK Ads
209649;Ибрагимов Лейла Владимировна;2024-02-10;Копейск;VK Ads
209650;Петросян Константин Иванович;2023-10-19;Тюмень;Organic
209651;Мухаметшин Михаил Евгеньевич;2023-03-05;Екатеринбург;VK Ads
209652;Сеитов Глеб Александровна;2024-06-01;Челябинск;Direct
209653;Беляев Никита Викторович;2023-01-02;Челябинск;Referral
209654;Абдуллаев Борис Павлович;2023-07-02;Нижневартовск;Yandex Ads
209655;Григорян Виктория Павлович;2023-01-12;Челябинск;Referral
209656;Морозов Ирина Антонович;2023-09-27;Челябинск;Yandex Ads
209657;Лазарев Фёдор Игоревна;2024-05-08;Челябинск;Organic
209658;Акопян Полина Викторович;2023-10-14;Челябинск;Email
209659;Никитин Борис Сергеевич;2024-04-10;Миасс;Organic
209660;Беляев Карина Олегович;2023-05-08;Копейск;Direct
209661;Баранов Елена Романовна;2023-11-28;Миасс;Yandex Ads
209662;Алексеев Эмиль Викторович;2024-06-02;Челябинск;Telegram
209663;Зайцев Сергей Викторовна;2023-10-11;Курган;Direct
209664;Коваленко Марат Олегович;2024-06-24;Челябинск;VK Ads
209665;Бондаренко Тимур Юрьевна;2024-08-12;Челябинск;VK Ads
209666;Ершов Дарья Александровна;2023-08-08;Челябинск;Organic
209667;Абдуллаев Николай Дмитриевна;2023-01-15;Челябинск;Yandex Ads
209668;Морозов Гузель Игоревна;2023-08-13;Екатеринбург;Referral
209669;Соболев Тимур Павловна;2023-08-03;Копейск;Direct
209670;Тен Екатерина Романовна;2023-04-10;Челябинск;Direct
209671;Воробьёв Алексей Александровна;2023-10-14;Курган;Organic
209672;Акопян Ирина Романович;2024-06-04;Екатеринбург;Email
209673;Галимов Евгений Викторовна;2024-07-22;Пермь;Direct
209674;Кузьмин Светлана Алексеевич;2023-12-31;Челябинск;VK Ads
209675;Попов Игорь Ивановна;2024-05-25;Екатеринбург;Yandex Ads
209676;Романов Алина Павловна;2023-03-25;Екатеринбург;Email
209677;Галимов Кристина Викторович;2023-12-01;Самара;Yandex Ads
209678;Королёв Евгения Юрьевич;2023-05-27;Челябинск;VK Ads
209679;Тулеев Дмитрий Сергеевна;2024-01-12;Магнитогорск;Referral
209680;Галимов Константин Николаевич;2024-04-19;Копейск;VK Ads
209681;Соболев Евгений Павловна;2023-04-11;Челябинск;Direct
209682;Сорокин Фёдор Игоревич;2024-02-18;Челябинск;Organic
209683;Фролов Денис Антонович;2023-01-22;Новосибирск;Email
209684;Цой Эмиль Владимирович;2023-08-07;Пермь;VK Ads
209685;Кравченко Виктория Игоревна;2024-07-24;Екатеринбург;VK Ads
209686;Белов Илья Михайлович;2023-12-28;Челябинск;Organic
209687;Сафонов Вера Александрович;2023-07-05;Магнитогорск;VK Ads
209688;Пак Ирина Андреевич;2023-07-07;Челябинск;Yandex Ads
209689;Алексеев Кристина Олегович;2023-05-10;Челябинск;Yandex Ads
209690;Васильев Егор Игоревна;2024-04-28;Челябинск;Organic
209691;Денисов Павел Ивановна;2023-11-20;Челябинск;Direct
209692;Кравченко Наталья Романовна;2023-08-17;Челябинск;Organic
209693;Иванов Лейла Алексеевич;2023-08-14;Самара;VK Ads
209694;Жуков Яна Ивановна;2024-02-20;Магнитогорск;Direct
209695;Беляев Ирина Александрович;2024-05-16;Москва;Referral
209696;Сеитов Иван Владимирович;2023-02-25;Челябинск;Direct
209697;Сорокин Оксана Владимировна;2023-04-07;Челябинск;Direct
209698;Виноградов Зарина Дмитриевич;2023-06-02;Москва;Yandex Ads
209699;Ахметов Алина Юрьевич;2023-10-08;Златоуст;Yandex Ads
209700;Алиев Валерия Павлович;2023-07-09;Челябинск;Organic
209701;Мкртчян Константин Викторовна;2023-12-12;Новосибирск;Direct
209702;Сергеев Лейла Романович;2024-01-31;Миасс;Email
209703;Сулейманов Борис Николаевич;2024-01-11;Копейск;Yandex Ads
209704;Мамедов Максим Юрьевич;2024-05-14;Оренбург;Organic
209705;Макаров Оксана Владимировна;2024-08-03;Тюмень;Organic
209706;Гончаренко Артём Александровна;2024-01-31;Челябинск;Yandex Ads
209707;Афанасьев Арсен Павловна;2023-12-03;Оренбург;VK Ads
209708;Сорокин Георгий Александрович;2023-05-12;Челябинск;VK Ads
209709;Быков Арсен Дмитриевна;2023-11-18;Челябинск;Email
209710;Филатов Гузель Дмитриевич;2023-07-03;Челябинск;Organic
209711;Никитин Олег Иванович;2023-06-10;Екатеринбург;Direct
209712;Гарипов Диана Дмитриевна;2024-05-09;Миасс;Direct
209713;Оганесян Ирина Викторовна;2023-12-07;Копейск;Direct
209714;Сеитов Виктор Дмитриевич;2023-05-22;Челябинск;Organic
209715;Матвеев Екатерина Олегович;2024-08-03;Копейск;Organic
209716;Васильев Марина Владимирович;2024-05-17;Оренбург;VK Ads
209717;Денисов Кристина Николаевич;2024-04-25;Челябинск;Referral
209718;Фролов Марат Ивановна;2023-04-17;Казань;Yandex Ads
209719;Тен Наталья Андреевич;2024-02-02;Магнитогорск;Yandex Ads
209720;Морозов Иван Юрьевич;2023-12-05;Копейск;Yandex Ads
209721;Фролов Георгий Дмитриевна;2023-02-26;Екатеринбург;Yandex Ads
209722;Ершов Антон Владимировна;2024-05-18;Тюмень;Direct
209723;Юн Борис Викторович;2023-09-19;Курган;VK Ads
209724;Фёдоров Аделина Романовна;2024-03-22;Челябинск;Email
209725;Богданов Константин Игоревна;2023-10-25;Челябинск;Organic
209726;Павлов Екатерина Николаевич;2023-04-02;Казань;Organic
209727;Михайлов Дмитрий Андреевич;2024-04-03;Челябинск;VK Ads
209728;Тулеев Карина Дмитриевич;2023-03-08;Екатеринбург;Direct
209729;Исмаилов Татьяна Владимировна;2024-01-24;Магнитогорск;Yandex Ads
209730;Воробьёв Оксана Александровна;2023-03-30;Казань;Organic
209731;Фролов Тимур Игоревич;2023-12-07;Челябинск;Direct
209732;Тулеев Светлана Алексеевна;2024-02-04;Челябинск;Referral
209733;Цой Тимур Алексеевич;2023-11-11;Магнитогорск;Yandex Ads
209734;Кадыров Полина Михайлович;2023-04-29;Екатеринбург;Referral
209735;Ибрагимов Яна Викторович;2023-12-02;Миасс;Direct
209736;Тулеев Артём Андреевич;2024-05-12;Нижневартовск;Yandex Ads
209737;Борисов Анастасия Юрьевна;2023-08-28;Сургут;Yandex Ads
209738;Васильев Вероника Олегович;2023-10-26;Пермь;Email
209739;Назаров Фёдор Юрьевич;2024-08-31;Екатеринбург;Organic
209740;Валеев Евгения Игоревич;2023-11-29;Москва;Yandex Ads
209741;Сеитов Кирилл Сергеевна;2023-01-24;Челябинск;Direct
209742;Кузнецов Арсен Михайловна;2023-08-03;Миасс;Organic
209743;Захаров Анна Романович;2024-02-27;Курган;Yandex Ads
209744;Смирнов Виктор Олеговна;2023-09-09;Челябинск;Direct
209745;Петров Вера Сергеевна;2023-12-18;Казань;Organic
209746;Гусев Динара Викторовна;2023-03-15;Казань;Direct
209747;Григорян Мария Николаевна;2024-07-12;Уфа;VK Ads
209748;Сергеев Илья Олеговна;2024-05-24;Златоуст;Telegram
209749;Петросян Ольга Викторовна;2023-02-20;Пермь;Organic
209750;Тарасов Мария Олегович;2023-01-15;Челябинск;VK Ads
209751;Захаров Аделина Олегович;2023-03-01;Магнитогорск;VK Ads
209752;Мирзоян Павел Романович;2023-06-30;Магнитогорск;Organic
209753;Рахимов Тимур Владимирович;2023-01-29;Екатеринбург;VK Ads
209754;Иванов Георгий Николаевич;2023-06-11;Нижневартовск;Referral
209755;Тен Руслан Романович;2023-11-16;Копейск;Telegram
209756;Хабибуллин Тимур Андреевна;2024-02-28;Пермь;Yandex Ads
209757;Кузнецов Лейла Евгеньевна;2024-08-01;Екатеринбург;VK Ads
209758;Тарасенко Лилия Романовна;2024-03-16;Пермь;Yandex Ads
209759;Киселёв Ксения Николаевна;2024-06-08;Пермь;Organic
209760;Бондаренко Фёдор Павловна;2023-12-15;Пермь;Direct
209761;Касымов Виктория Романовна;2024-01-14;Челябинск;Yandex Ads
209762;Афанасьев Фёдор Павловна;2023-01-24;Челябинск;Yandex Ads
209763;Петросян Глеб Павловна;2024-08-31;Москва;Telegram
209764;Логинов Сергей Николаевна;2023-05-26;Москва;Organic
209765;Григорян Алина Юрьевич;2024-06-13;Челябинск;Yandex Ads
209766;Бойко Даниил Антонович;2023-02-05;Магнитогорск;Organic
209767;Хасанов Юлия Михайлович;2024-01-28;Магнитогорск;Yandex Ads
209768;Ахметжанов Эмиль Сергеевич;2024-01-24;Миасс;Email
209769;Поляков Амина Андреевна;2024-01-11;Копейск;Organic
209770;Новиков Анна Викторовна;2023-04-06;Москва;Email
209771;Королёв Борис Олегович;2023-03-11;Челябинск;Yandex Ads
209772;Цветков Динара Андреевич;2023-04-23;Уфа;Organic
209773;Ким Евгений Дмитриевич;2024-08-13;Самара;Organic
209774;Бондаренко Артур Евгеньевна;2023-09-24;Челябинск;Email
209775;Миронов Евгения Николаевна;2023-03-07;Копейск;VK Ads
209776;Голубев Алина Алексеевна;2024-05-28;Миасс;Yandex Ads
209777;Ким Никита Владимирович;2023-05-22;Курган;VK Ads
209778;Омаров Полина Андреевич;2023-07-13;Челябинск;Yandex Ads
209779;Маслов Элина Олегович;2023-01-03;Пермь;Email
209780;Никитин Максим Александрович;2023-07-14;Пермь;Organic
209781;Жумабаев Светлана Андреевич;2024-04-21;Копейск;Organic
209782;Денисов Елена Юрьевна;2023-02-11;Уфа;Organic
209783;Шин Антон Владимирович;2023-02-05;Уфа;Referral
209784;Смирнов Наталья Олеговна;2023-02-01;Уфа;Organic
209785;Сергеев Валерия Игоревич;2023-11-18;Копейск;Yandex Ads
209786;Кузнецов Максим Александрович;2023-08-13;Челябинск;Organic
209787;Валеев Максим Алексеевна;2024-08-03;Миасс;Telegram
209788;Ахметов Лилия Викторович;2024-07-08;Челябинск;Yandex Ads
209789;Новиков Арсен Романовна;2024-04-13;Челябинск;Direct
209790;Рябов Кристина Александровна;2023-07-23;Копейск;VK Ads
209791;Борисов Игорь Юрьевна;2023-04-30;Златоуст;Telegram
209792;Кондратьев Андрей Михайлович;2023-01-23;Магнитогорск;VK Ads
209793;Щербаков Ирина Владимирович;2023-05-05;Челябинск;Referral
209794;Капустин Ирина Антонович;2023-02-12;Курган;Direct
209795;Рябов Артём Андреевич;2023-10-01;Самара;Direct
209796;Котов Алёна Владимирович;2023-04-21;Оренбург;Telegram
209797;Фомин Вера Юрьевна;2023-05-19;Санкт-Петербург;Referral
209798;Абдуллаев Диана Евгеньевна;2023-07-15;Уфа;Direct
209799;Сеитов Карен Николаевна;2024-07-15;Оренбург;Organic
209800;Сулейманов Тигран Александровна;2023-03-29;Челябинск;Organic
209801;Ковалёв Даниил Алексеевна;2024-08-03;Миасс;Direct
209802;Фёдоров Эмиль Александровна;2024-07-27;Челябинск;Organic
209803;Иванов Алина Дмитриевич;2023-05-10;Миасс;Email
209804;Наумов Вероника Андреевич;2024-05-19;Магнитогорск;Organic
209805;Гарипов Амина Иванович;2023-12-03;Челябинск;Direct
209806;Петросян Борис Михайловна;2023-01-16;Екатеринбург;Organic
209807;Иванов Ольга Дмитриевич;2023-03-28;Златоуст;Referral
209808;Миронов Дарья Николаевич;2023-08-27;Челябинск;Organic
209809;Бойко Александр Евгеньевич;2023-07-14;Казань;Email
209810;Васильев Роман Юрьевна;2024-05-18;Златоуст;Direct
209811;Баранов Константин Игоревич;2023-07-01;Миасс;Telegram
209812;Королёв Глеб Дмитриевич;2024-07-31;Уфа;Organic
209813;Гарипов Алина Викторович;2023-10-08;Челябинск;Organic
209814;Наумов Полина Павловна;2023-06-26;Пермь;Organic
209815;Куликов Арсен Алексеевна;2023-08-11;Пермь;Yandex Ads
209816;Яковлев Дарья Игоревна;2023-07-05;Екатеринбург;Organic
209817;Захаров Наталья Николаевич;2024-05-11;Челябинск;Referral
209818;Степанов Ярослав Игоревна;2024-06-10;Копейск;Organic
209819;Григорьев Марат Иванович;2023-05-20;Челябинск;Yandex Ads
209820;Куликов Айгуль Александровна;2024-01-22;Златоуст;Direct
209821;Гусев Евгений Михайлович;2023-01-18;Уфа;Telegram
209822;Григорян Карен Павлович;2023-03-15;Челябинск;Organic
209823;Бондаренко Тимур Игоревна;2024-02-28;Казань;Email
209824;Зайцев Михаил Владимирович;2023-07-24;Екатеринбург;Direct
209825;Чернов Яна Павловна;2023-03-29;Челябинск;Organic
209826;Мамедов Артём Сергеевич;2024-05-23;Челябинск;VK Ads
209827;Кравченко Эдуард Юрьевна;2023-01-10;Екатеринбург;Yandex Ads
209828;Бондаренко Фёдор Михайлович;2024-05-26;Челябинск;Organic
209829;Назаров Оксана Дмитриевич;2023-08-02;Челябинск;Organic
209830;Романов Вадим Евгеньевич;2024-03-03;Челябинск;Direct
209831;Галимов Айгуль Юрьевна;2023-03-17;Челябинск;Yandex Ads
209832;Акопян Полина Антонович;2023-03-28;Миасс;Direct
209833;Касымов Ксения Николаевна;2023-07-27;Челябинск;Organic
209834;Оганесян Борис Александровна;2023-01-08;Курган;Direct
209835;Макаров Зарина Павлович;2023-02-17;Миасс;Direct
209836;Ибрагимов Арсен Игоревна;2024-08-20;Уфа;Referral
209837;Исмаилов Мария Олеговна;2023-05-11;Миасс;Referral
209838;Мартиросян Диана Павловна;2023-02-07;Челябинск;Yandex Ads
209839;Мамедов Яна Михайловна;2023-07-05;Нижневартовск;Organic
209840;Пак Кирилл Николаевич;2024-05-12;Пермь;Email
209841;Пономарёв Екатерина Алексеевич;2023-11-02;Казань;Telegram
209842;Зайцев Карина Николаевич;2023-09-24;Тюмень;Referral
209843;Воробьёв Диана Олеговна;2024-02-06;Магнитогорск;VK Ads
209844;Афанасьев Марина Викторович;2023-10-29;Москва;Direct
209845;Тулеев Станислав Викторовна;2024-05-21;Уфа;VK Ads
209846;Юн Виктор Романович;2023-08-23;Копейск;Email
209847;Гусев Ирина Романовна;2024-07-21;Миасс;VK Ads
209848;Фомин Андрей Николаевна;2023-05-14;Челябинск;Organic
209849;Попов Анна Михайловна;2023-11-01;Челябинск;Direct
209850;Ершов Артём Ивановна;2024-02-10;Курган;VK Ads
209851;Быков Павел Антонович;2023-08-30;Челябинск;Direct
209852;Филатов Виктор Павлович;2023-05-10;Москва;Yandex Ads
209853;Степанов Эдуард Михайлович;2024-05-31;Челябинск;Direct
209854;Комаров Яна Дмитриевна;2024-07-07;Самара;VK Ads
209855;Логинов Яна Игоревна;2024-08-13;Челябинск;Organic
209856;Бекетов Марат Юрьевич;2023-08-12;Миасс;VK Ads
209857;Морозов Алина Олеговна;2023-05-25;Магнитогорск;Yandex Ads
209858;Киселёв Эмиль Романовна;2023-04-30;Уфа;Direct
209859;Щербаков Оксана Антонович;2024-04-27;Пермь;Direct
209860;Филатов Олег Юрьевич;2023-05-03;Челябинск;Direct
209861;Королёв Андрей Романовна;2024-05-06;Челябинск;Direct
209862;Куликов Евгения Павловна;2023-09-13;Казань;Telegram
209863;Соколов Максим Владимирович;2023-05-22;Нижневартовск;Direct
209864;Михайлов Полина Евгеньевич;2023-11-27;Санкт-Петербург;Yandex Ads
209865;Арутюнян Вероника Михайлович;2023-04-16;Челябинск;Organic
209866;Лазарев Арсен Евгеньевна;2023-03-26;Курган;Yandex Ads
209867;Фёдоров Марат Николаевна;2024-03-16;Самара;Organic
209868;Савченко Полина Олегович;2023-03-17;Челябинск;Yandex Ads
209869;Михайлов Гузель Андреевич;2024-02-05;Екатеринбург;Yandex Ads
209870;Сорокин Игорь Николаевна;2024-05-21;Челябинск;Direct
209871;Фролов Даниил Николаевна;2024-06-29;Екатеринбург;Direct
209872;Смирнов Милана Дмитриевна;2024-08-10;Тюмень;VK Ads
209873;Соболев Юлия Викторовна;2023-01-30;Магнитогорск;Telegram
209874;Яковлев Михаил Евгеньевна;2024-07-22;Новосибирск;Organic
209875;Беляев Марат Николаевна;2023-02-14;Магнитогорск;VK Ads
209876;Коваленко Роман Дмитриевна;2023-04-01;Златоуст;Organic
209877;Щербаков Самвел Александровна;2023-11-11;Челябинск;Telegram
209878;Сулейманов Вера Евгеньевна;2024-08-26;Челябинск;Organic
209879;Титов Ирина Игоревна;2023-12-31;Челябинск;Organic
209880;Быков Юрий Алексеевна;2023-09-04;Магнитогорск;Telegram
209881;Гарипов Виктор Игоревна;2024-05-29;Челябинск;Email
209882;Яковлев Иван Олеговна;2023-02-16;Челябинск;Direct
209883;Садыков Елена Андреевич;2024-05-01;Ижевск;Direct
209884;Медведев Лилия Олегович;2024-04-12;Москва;Email
209885;Шин Маргарита Александровна;2024-07-14;Оренбург;VK Ads
209886;Шевченко Евгений Ивановна;2023-05-24;Челябинск;Telegram
209887;Шин Динара Дмитриевна;2024-08-19;Уфа;Organic
209888;Кондратьев Вадим Романовна;2024-03-15;Самара;VK Ads
209889;Галимов Тигран Сергеевич;2023-03-03;Челябинск;Organic
209890;Гарипов Дмитрий Викторовна;2023-02-02;Челябинск;Organic
209891;Ковалёв Виктория Евгеньевич;2024-04-08;Челябинск;VK Ads
209892;Ильин Дарья Дмитриевна;2023-07-13;Магнитогорск;Yandex Ads
209893;Ким Тигран Сергеевна;2023-10-27;Оренбург;Telegram
209894;Денисов Антон Николаевна;2023-07-09;Челябинск;Organic
209895;Шин Павел Алексеевна;2024-02-27;Челябинск;Direct
209896;Морозов Татьяна Алексеевич;2024-05-10;Уфа;Telegram
209897;Тарасенко Арсен Викторович;2023-06-07;Курган;Organic
209898;Гарипов Олег Евгеньевна;2023-02-22;Челябинск;Yandex Ads
209899;Ковалёв Дмитрий Юрьевна;2024-07-11;Челябинск;Telegram
209900;Сулейманов Яна Александровна;2024-07-02;Екатеринбург;Telegram
209901;Захаров Константин Романовна;2024-07-20;Копейск;Telegram
209902;Валеев Софья Романовна;2023-06-01;Магнитогорск;Yandex Ads
209903;Тулеев Дарья Евгеньевна;2024-05-30;Казань;Yandex Ads
209904;Сафонов Виктория Алексеевич;2023-09-02;Казань;Organic
209905;Пономарёв Надежда Николаевна;2024-02-06;Челябинск;Direct
209906;Никитин Вадим Николаевич;2023-04-12;Уфа;Organic
209907;Григорян Ксения Николаевич;2024-04-04;Уфа;Organic
209908;Сеитов Яна Дмитриевич;2023-11-29;Копейск;VK Ads
209909;Ершов Никита Владимирович;2023-08-09;Челябинск;Organic
209910;Денисов Валерия Романович;2023-07-02;Нижневартовск;Referral
209911;Миронов Андрей Павлович;2024-02-27;Пермь;Direct
209912;Оганесян Айгуль Викторович;2023-04-20;Уфа;Organic
209913;Жумабаев Елена Андреевич;2023-06-20;Уфа;Direct
209914;Ли Антон Романович;2023-02-12;Магнитогорск;Direct
209915;Комаров Станислав Павловна;2023-12-25;Магнитогорск;VK Ads
209916;Пономарёв Ирина Михайлович;2024-04-09;Копейск;Direct
209917;Абрамян Валерия Викторовна;2024-02-10;Екатеринбург;Telegram
209918;Иванов Мария Павловна;2023-05-09;Челябинск;Organic
209919;Воробьёв Евгения Дмитриевич;2023-04-28;Курган;Organic
209920;Смирнов Алексей Алексеевна;2024-06-20;Челябинск;Organic
209921;Гасанов Иван Ивановна;2023-01-19;Екатеринбург;Organic
209922;Быков Алексей Михайлович;2024-06-22;Челябинск;VK Ads
209923;Пак Элина Романовна;2024-05-05;Москва;Yandex Ads
209924;Акопян Никита Евгеньевна;2023-12-31;Курган;Referral
209925;Алиев Софья Юрьевна;2023-12-22;Сургут;Yandex Ads
209926;Орлов Вадим Дмитриевна;2023-09-10;Магнитогорск;Email
209927;Тен Айгуль Олеговна;2023-06-09;Челябинск;Telegram
209928;Мирзоян Милана Игоревич;2023-12-20;Копейск;VK Ads
209929;Соколов Кирилл Евгеньевич;2023-03-14;Челябинск;Organic
209930;Фролов Даниил Владимировна;2023-02-21;Уфа;Yandex Ads
209931;Ильин Денис Александровна;2023-03-06;Челябинск;Yandex Ads
209932;Капустин Виктор Александровна;2024-05-07;Магнитогорск;Organic
209933;Лазарев Марина Евгеньевич;2023-12-16;Челябинск;Telegram
209934;Зайцев Полина Сергеевич;2023-04-22;Челябинск;Yandex Ads
209935;Кузнецов Надежда Сергеевич;2024-06-16;Магнитогорск;VK Ads
209936;Белов Амина Александровна;2024-01-27;Уфа;Organic
209937;Алиев Борис Викторовна;2023-03-29;Уфа;Direct
209938;Сергеев Валерия Николаевич;2023-02-17;Магнитогорск;Organic
209939;Арутюнян Анна Николаевна;2023-10-22;Санкт-Петербург;Direct
209940;Гарипов Дарья Владимирович;2023-12-12;Челябинск;Yandex Ads
209941;Жуков Илья Андреевич;2024-06-01;Пермь;Direct
209942;Афанасьев Артур Романович;2023-02-22;Челябинск;VK Ads
209943;Сергеев Анна Ивановна;2023-01-29;Челябинск;Organic
209944;Оганесян Софья Алексеевна;2024-06-01;Златоуст;Direct
209945;Ковалёв Наталья Юрьевна;2024-02-24;Казань;Organic
209946;Герасимов Павел Михайловна;2024-08-29;Челябинск;Direct
209947;Воробьёв Никита Юрьевна;2023-06-14;Челябинск;Organic
209948;Андреев Анастасия Иванович;2023-10-31;Курган;Organic
209949;Тен Маргарита Николаевна;2024-07-18;Миасс;Telegram
209950;Козлов Эдуард Николаевна;2023-03-11;Магнитогорск;Yandex Ads
209951;Саркисян Эмиль Владимировна;2023-11-13;Челябинск;Direct
209952;Иванов Ксения Александрович;2023-12-30;Санкт-Петербург;Direct
209953;Герасимов Никита Андреевна;2023-04-22;Казань;Organic
209954;Фролов Лилия Сергеевич;2023-09-21;Магнитогорск;Organic
209955;Виноградов Константин Дмитриевич;2023-09-21;Челябинск;Organic
209956;Матвеев Карина Михайловна;2024-02-10;Челябинск;Organic
209957;Кравченко Виктория Павлович;2023-09-01;Екатеринбург;Direct
209958;Мухаметшин Сергей Николаевна;2024-08-17;Москва;Yandex Ads
209959;Гасанов Константин Павлович;2023-07-12;Челябинск;Organic
209960;Логинов Динара Николаевна;2023-08-20;Москва;Direct
209961;Сафин Илья Александрович;2024-07-20;Челябинск;Yandex Ads
209962;Комаров Тигран Евгеньевич;2024-08-15;Копейск;Direct
209963;Хасанов Лейла Михайловна;2024-04-15;Екатеринбург;Organic
209964;Новиков Владимир Юрьевна;2023-04-20;Уфа;Yandex Ads
209965;Сеитов Зарина Евгеньевич;2023-02-10;Челябинск;Organic
209966;Петров Екатерина Игоревна;2024-02-27;Оренбург;Yandex Ads
209967;Данилов Гузель Олеговна;2024-02-21;Миасс;Direct
209968;Семёнов Артур Дмитриевна;2024-08-16;Самара;Telegram
209969;Романов Полина Олеговна;2024-03-31;Самара;Yandex Ads
209970;Яковлев Тигран Ивановна;2024-03-01;Уфа;Yandex Ads
209971;Соболев Вероника Владимировна;2023-11-14;Златоуст;Organic
209972;Белов Светлана Алексеевна;2024-04-16;Тюмень;Organic
209973;Ибрагимов Виктор Павловна;2024-08-11;Челябинск;Organic
209974;Никитин Никита Иванович;2024-04-08;Курган;Telegram
209975;Иванов Самвел Романовна;2023-04-21;Челябинск;Organic
209976;Гончаренко Дмитрий Владимирович;2024-07-07;Челябинск;Organic
209977;Васильев Антон Сергеевна;2024-01-11;Миасс;Direct
209978;Ковалёв Марат Евгеньевна;2023-09-12;Тюмень;Telegram
209979;Медведев Виктория Владимировна;2024-03-09;Санкт-Петербург;Referral
209980;Титов Самвел Алексеевна;2024-01-20;Нижневартовск;VK Ads
209981;Тарасов Анастасия Олеговна;2024-05-09;Миасс;Yandex Ads
209982;Григорьев Арсен Николаевна;2024-05-25;Челябинск;Referral
209983;Титов Наталья Юрьевич;2024-04-29;Москва;Direct
209984;Данилов Вадим Викторовна;2023-12-06;Екатеринбург;Direct
209985;Рябов Ксения Павлович;2024-02-11;Ижевск;Organic
209986;Власов Алина Павловна;2023-08-17;Челябинск;Yandex Ads
209987;Гусев Кристина Александровна;2024-04-17;Тюмень;Direct
209988;Быков Дарья Павловна;2024-05-29;Екатеринбург;Organic
209989;Яковлев Эмиль Юрьевич;2023-04-14;Златоуст;Telegram
209990;Воробьёв Елена Ивановна;2023-06-06;Златоуст;VK Ads
209991;Щербаков Карен Романовна;2023-08-29;Уфа;VK Ads
209992;Петров Егор Олеговна;2023-07-16;Челябинск;Telegram
209993;Кадыров Юрий Михайлович;2024-04-25;Копейск;Yandex Ads
209994;Титов Самвел Алексеевич;2023-08-13;Уфа;Referral
209995;Ковалёв Иван Сергеевич;2023-08-21;Екатеринбург;Direct
209996;Каримов Татьяна Сергеевна;2023-01-12;Челябинск;Direct
209997;Григорян Эдуард Юрьевна;2024-04-30;Сургут;Direct
209998;Цветков Вадим Дмитриевна;2024-04-08;Челябинск;Direct
209999;Цветков Виктория Андреевна;2023-11-21;Сургут;Yandex Ads
210000;Орлов Виктор Андреевич;2024-05-08;Миасс;VK Ads
