order_item_id;order_id;product_id;quantity;unit_price;discount_pct;line_amount
9000001;700001;1020;1;38345;0;38345
9000002;700002;1021;1;39490;7;36726
9000003;700003;1084;1;4567;5;4339
9000004;700004;1068;1;24490;5;23266
9000005;700005;1072;1;7790;7;7245
9000006;700006;1047;1;32567;0;32567
9000007;700007;1060;1;10090;0;10090
9000008;700008;1026;1;43790;0;43790
9000009;700009;1065;1;1090;12;959
9000010;700010;1091;1;798;0;798
9000011;700011;1085;1;1990;3;1930
9000012;700012;1001;1;72090;3;69927
9000013;700013;1021;1;40345;3;39135
9000014;700014;1032;1;4567;3;4430
9000015;700014;1022;1;19090;7;17754
9000016;700014;1002;1;85345;5;81078
9000017;700015;1061;1;3567;3;3460
9000018;700016;1069;1;6567;3;6370
9000019;700017;1094;1;2790;3;2706
9000020;700018;1039;1;68990;7;64161
9000021;700019;1018;1;40990;5;38940
9000022;700020;1048;1;44990;0;44990
9000023;700020;1082;1;3090;0;3090
9000024;700021;1042;1;19345;10;17411
9000025;700022;1069;1;6345;3;6155
9000026;700022;1074;1;11490;0;11490
9000027;700023;1047;1;33490;5;31816
9000028;700023;1090;1;1090;7;1014
9000029;700024;1083;1;2490;12;2191
9000030;700025;1038;1;42090;7;39144
9000031;700026;1039;1;68090;0;68090
9000032;700027;1076;2;1990;3;3861
9000033;700028;1082;1;3990;0;3990
9000034;700029;1035;1;56990;0;56990
9000035;700030;1078;1;691;0;691
9000036;700030;1069;1;6490;0;6490
9000037;700031;1071;1;7567;0;7567
9000038;700032;1014;1;28990;0;28990
9000039;700033;1023;1;24090;0;24090
9000040;700034;1032;1;4790;0;4790
9000041;700035;1017;1;22990;3;22300
9000042;700036;1069;1;6790;7;6315
9000043;700037;1049;1;51090;5;48536
9000044;700037;1087;1;1490;10;1341
9000045;700038;1006;1;127567;0;127567
9000046;700039;1023;1;25990;0;25990
9000047;700040;1066;1;12990;0;12990
9000048;700041;1032;1;4490;5;4266
9000049;700042;1012;1;34490;0;34490
9000050;700042;1077;1;884;5;840
9000051;700043;1041;1;49345;10;44411
9000052;700043;1077;1;902;0;902
9000053;700044;1050;1;6567;12;5779
9000054;700045;1058;1;12345;3;11975
9000055;700046;1068;1;24090;0;24090
9000056;700047;1066;1;11790;0;11790
9000057;700048;1092;1;692;7;644
9000058;700049;1077;1;903;0;903
9000059;700050;1078;1;690;0;690
9000060;700051;1011;1;42567;0;42567
9000061;700052;1043;1;31790;7;29565
9000062;700052;1086;1;4090;0;4090
9000063;700052;1033;1;88790;7;82575
9000064;700053;1073;1;18790;12;16535
9000065;700054;1050;1;6090;7;5664
9000066;700055;1006;1;126990;0;126990
9000067;700056;1092;1;698;3;677
9000068;700057;1041;1;50090;5;47586
9000069;700058;1057;1;7345;10;6611
9000070;700058;1085;1;1790;0;1790
9000071;700059;1005;1;112790;0;112790
9000072;700059;1094;1;2790;12;2455
9000073;700060;1058;1;12490;0;12490
9000074;700061;1073;1;18990;0;18990
9000075;700062;1077;2;889;5;1689
9000076;700063;1012;1;34345;5;32628
9000077;700064;1063;1;3490;5;3316
9000078;700064;1012;1;34090;0;34090
9000079;700065;1087;2;1990;0;3980
9000080;700065;1033;1;88345;12;77744
9000081;700066;1038;1;42490;0;42490
9000082;700066;1034;1;109990;3;106690
9000083;700067;1019;1;24790;10;22311
9000084;700067;1092;1;687;5;653
9000085;700068;1032;1;4490;5;4266
9000086;700068;1057;1;7567;10;6810
9000087;700068;1035;1;57790;3;56056
9000088;700069;1069;1;6990;0;6990
9000089;700070;1004;1;101567;10;91410
9000090;700071;1070;1;13345;3;12945
9000091;700071;1061;1;3567;5;3389
9000092;700072;1043;1;31090;0;31090
9000093;700073;1076;1;1490;3;1445
9000094;700074;1042;1;19490;12;17151
9000095;700075;1022;1;18490;0;18490
9000096;700076;1094;1;2990;10;2691
9000097;700076;1047;1;33567;0;33567
9000098;700077;1059;1;3490;5;3316
9000099;700078;1015;1;21490;5;20416
9000100;700079;1012;1;35790;5;34000
9000101;700080;1016;1;35567;0;35567
9000102;700080;1079;1;1790;0;1790
9000103;700081;1023;1;25345;0;25345
9000104;700082;1031;1;18345;0;18345
9000105;700083;1078;1;690;5;656
9000106;700083;1031;1;18567;12;16339
9000107;700084;1018;1;39490;3;38305
9000108;700085;1050;1;7490;0;7490
9000109;700086;1005;1;111790;5;106200
9000110;700087;1043;1;31790;0;31790
9000111;700087;1077;1;895;0;895
9000112;700087;1081;1;2345;3;2275
9000113;700088;1070;1;13090;0;13090
9000114;700089;1010;1;109567;10;98610
9000115;700090;1028;1;78090;0;78090
9000116;700091;1089;1;1345;3;1305
9000117;700092;1001;1;73090;0;73090
9000118;700093;1019;1;25567;0;25567
9000119;700094;1018;1;40990;10;36891
9000120;700095;1051;1;27090;0;27090
9000121;700096;1027;1;27090;0;27090
9000122;700097;1065;1;1990;5;1890
9000123;700098;1074;1;11790;10;10611
9000124;700098;1086;1;4567;3;4430
9000125;700099;1027;1;28090;10;25281
9000126;700100;1048;1;44990;0;44990
9000127;700101;1026;1;43345;10;39011
9000128;700102;1041;1;50790;10;45711
9000129;700103;1039;1;67990;0;67990
9000130;700104;1015;1;21990;5;20890
9000131;700105;1085;1;1090;0;1090
9000132;700105;1069;1;6345;0;6345
9000133;700106;1075;1;2090;0;2090
9000134;700107;1071;1;7790;3;7556
9000135;700108;1047;1;32345;3;31375
9000136;700109;1042;1;19990;0;19990
9000137;700110;1027;1;27990;7;26031
9000138;700111;1077;1;899;7;836
9000139;700112;1002;1;84490;0;84490
9000140;700113;1072;1;8567;0;8567
9000141;700113;1042;1;19567;7;18197
9000142;700113;1013;1;74090;0;74090
9000143;700114;1092;1;700;12;616
9000144;700114;1042;1;20567;3;19950
9000145;700114;1002;1;84990;0;84990
9000146;700115;1032;1;4990;0;4990
9000147;700116;1028;1;76990;0;76990
9000148;700117;1065;1;1090;0;1090
9000149;700118;1032;1;4490;3;4355
9000150;700119;1071;1;7090;5;6736
9000151;700120;1015;1;21567;10;19410
9000152;700121;1041;1;50567;3;49050
9000153;700121;1066;1;11567;7;10757
9000154;700122;1039;1;67790;10;61011
9000155;700123;1013;1;74790;0;74790
9000156;700124;1073;1;19090;0;19090
9000157;700124;1074;1;12345;0;12345
9000158;700125;1023;1;24567;0;24567
9000159;700125;1090;1;1567;0;1567
9000160;700126;1091;1;789;0;789
9000161;700127;1091;1;798;10;718
9000162;700128;1017;1;23790;5;22600
9000163;700129;1073;1;19567;0;19567
9000164;700130;1093;1;569;0;569
9000165;700131;1065;1;1345;10;1211
9000166;700132;1087;1;1790;7;1665
9000167;700133;1025;1;39345;10;35411
9000168;700134;1052;1;40567;3;39350
9000169;700135;1030;1;19790;0;19790
9000170;700135;1087;1;1490;3;1445
9000171;700136;1058;1;12790;0;12790
9000172;700137;1010;1;108490;0;108490
9000173;700138;1056;1;3090;5;2936
9000174;700138;1001;1;72490;10;65241
9000175;700139;1017;1;23090;0;23090
9000176;700140;1042;1;19490;0;19490
9000177;700141;1023;1;25790;0;25790
9000178;700142;1042;1;19345;0;19345
9000179;700143;1025;1;39345;0;39345
9000180;700144;1072;1;8567;0;8567
9000181;700145;1076;1;1090;3;1057
9000182;700146;1030;1;19990;0;19990
9000183;700147;1027;1;27090;0;27090
9000184;700148;1014;1;28990;0;28990
9000185;700149;1024;1;27990;0;27990
9000186;700150;1056;2;3790;0;7580
9000187;700150;1094;1;2790;7;2595
9000188;700150;1071;1;7090;0;7090
9000189;700151;1075;1;2345;0;2345
9000190;700152;1031;1;18567;0;18567
9000191;700152;1082;1;3790;3;3676
9000192;700153;1033;1;89567;0;89567
9000193;700154;1091;1;790;10;711
9000194;700155;1041;1;49567;0;49567
9000195;700156;1009;1;78990;3;76620
9000196;700157;1005;1;110567;12;97299
9000197;700158;1085;1;1090;0;1090
9000198;700159;1027;1;28567;0;28567
9000199;700160;1032;1;4790;0;4790
9000200;700160;1056;1;3567;7;3317
9000201;700161;1080;1;3790;0;3790
9000202;700161;1019;1;25790;0;25790
9000203;700162;1076;1;1790;3;1736
9000204;700163;1050;1;7345;5;6978
9000205;700164;1041;1;50790;0;50790
9000206;700165;1034;1;111790;0;111790
9000207;700166;1013;1;74090;10;66681
9000208;700166;1078;1;683;5;649
9000209;700167;1020;1;37090;5;35236
9000210;700168;1024;1;27345;0;27345
9000211;700169;1060;1;9490;3;9205
9000212;700170;1008;1;56567;5;53739
9000213;700171;1020;1;37990;0;37990
9000214;700172;1023;1;24790;0;24790
9000215;700173;1054;1;24567;5;23339
9000216;700174;1003;1;82567;0;82567
9000217;700175;1059;1;3990;0;3990
9000218;700176;1059;1;4567;10;4110
9000219;700176;1033;1;91990;5;87390
9000220;700177;1032;1;4345;5;4128
9000221;700177;1008;1;55567;0;55567
9000222;700178;1026;1;43790;0;43790
9000223;700179;1045;1;37490;0;37490
9000224;700180;1004;1;99490;0;99490
9000225;700181;1094;1;2567;10;2310
9000226;700182;1040;1;35567;0;35567
9000227;700182;1079;1;1090;0;1090
9000228;700183;1088;1;2567;0;2567
9000229;700184;1090;1;1790;7;1665
9000230;700184;1003;1;83090;7;77274
9000231;700184;1048;1;45090;3;43737
9000232;700185;1078;1;686;3;665
9000233;700186;1067;1;18090;5;17186
9000234;700187;1040;1;34090;3;33067
9000235;700187;1043;1;31345;0;31345
9000236;700188;1076;1;1345;0;1345
9000237;700189;1034;1;109090;0;109090
9000238;700190;1040;1;35490;0;35490
9000239;700191;1042;1;20345;0;20345
9000240;700192;1024;1;26345;0;26345
9000241;700192;1073;1;19490;5;18516
9000242;700193;1039;1;67345;0;67345
9000243;700194;1062;1;10090;0;10090
9000244;700195;1042;1;19567;7;18197
9000245;700196;1023;1;24490;7;22776
9000246;700197;1010;1;110345;3;107035
9000247;700198;1017;1;23090;10;20781
9000248;700199;1078;1;700;3;679
9000249;700200;1031;1;18490;10;16641
9000250;700201;1064;1;1490;0;1490
9000251;700202;1094;1;2567;3;2490
9000252;700202;1033;1;90567;0;90567
9000253;700202;1059;1;4345;5;4128
9000254;700203;1022;1;18567;5;17639
9000255;700203;1022;1;18567;0;18567
9000256;700204;1085;1;1345;10;1211
9000257;700205;1092;1;683;12;601
9000258;700206;1008;1;55490;0;55490
9000259;700206;1094;1;2490;0;2490
9000260;700206;1089;2;1345;0;2690
9000261;700207;1016;1;36990;0;36990
9000262;700207;1074;1;11090;10;9981
9000263;700208;1039;1;67490;0;67490
9000264;700209;1013;1;76990;3;74680
9000265;700210;1065;1;1567;5;1489
9000266;700210;1069;1;6790;0;6790
9000267;700211;1024;1;26490;10;23841
9000268;700212;1032;1;4345;0;4345
9000269;700212;1039;1;68790;0;68790
9000270;700213;1093;1;566;12;498
9000271;700214;1052;1;39090;12;34399
9000272;700215;1080;1;3567;0;3567
9000273;700216;1077;1;882;0;882
9000274;700217;1072;1;7567;0;7567
9000275;700218;1041;1;49490;3;48005
9000276;700219;1015;1;21490;0;21490
9000277;700220;1043;1;31567;5;29989
9000278;700221;1042;1;19090;12;16799
9000279;700222;1093;1;575;0;575
9000280;700222;1066;1;12345;3;11975
9000281;700223;1082;1;3990;12;3511
9000282;700224;1065;1;1790;0;1790
9000283;700224;1042;1;20090;0;20090
9000284;700225;1017;1;23345;0;23345
9000285;700226;1031;1;18790;10;16911
9000286;700226;1029;1;26567;0;26567
9000287;700227;1070;1;14790;12;13015
9000288;700228;1079;1;1567;0;1567
9000289;700228;1057;1;7090;10;6381
9000290;700229;1050;1;6090;0;6090
9000291;700230;1061;1;3345;12;2944
9000292;700230;1077;1;892;0;892
9000293;700231;1089;1;1090;0;1090
9000294;700232;1092;1;697;0;697
9000295;700233;1093;1;572;5;543
9000296;700234;1088;1;2345;5;2228
9000297;700235;1050;1;6490;5;6166
9000298;700236;1090;1;1490;0;1490
9000299;700236;1087;1;1090;0;1090
9000300;700237;1027;1;27090;0;27090
9000301;700238;1020;1;38790;0;38790
9000302;700239;1001;1;72345;3;70175
9000303;700240;1084;1;5990;0;5990
9000304;700240;1077;1;894;0;894
9000305;700241;1068;1;25567;3;24800
9000306;700242;1072;1;7567;0;7567
9000307;700243;1001;1;72490;5;68866
9000308;700244;1068;1;24990;0;24990
9000309;700245;1028;1;78990;7;73461
9000310;700246;1082;1;3990;7;3711
9000311;700247;1070;1;14790;3;14346
9000312;700248;1046;1;35790;0;35790
9000313;700249;1060;1;9345;10;8411
9000314;700249;1092;1;700;0;700
9000315;700250;1004;1;101490;5;96416
9000316;700251;1004;1;99790;0;99790
9000317;700252;1077;1;877;0;877
9000318;700253;1002;1;85345;0;85345
9000319;700254;1034;1;110790;5;105250
9000320;700255;1020;1;38567;5;36639
9000321;700255;1083;1;2790;5;2650
9000322;700256;1076;1;1567;7;1457
9000323;700257;1034;1;111790;0;111790
9000324;700258;1012;1;35567;3;34500
9000325;700259;1056;1;3990;12;3511
9000326;700260;1080;1;3990;3;3870
9000327;700261;1024;1;27990;0;27990
9000328;700262;1041;1;49790;10;44811
9000329;700263;1057;1;7345;10;6611
9000330;700264;1081;1;1567;3;1520
9000331;700264;1050;1;7490;0;7490
9000332;700265;1032;1;4790;7;4455
9000333;700265;1067;1;18490;0;18490
9000334;700266;1042;1;19790;7;18405
9000335;700267;1022;1;18990;0;18990
9000336;700268;1023;1;25567;3;24800
9000337;700269;1080;1;4345;0;4345
9000338;700270;1062;1;10490;10;9441
9000339;700270;1066;1;11990;0;11990
9000340;700270;1030;1;20090;7;18684
9000341;700271;1077;1;898;5;853
9000342;700272;1072;1;8567;0;8567
9000343;700273;1068;1;25567;5;24289
9000344;700274;1041;1;50567;0;50567
9000345;700275;1034;1;109567;5;104089
9000346;700275;1086;1;4567;7;4247
9000347;700276;1060;1;10090;0;10090
9000348;700277;1027;1;27990;10;25191
9000349;700278;1032;1;4990;5;4740
9000350;700278;1027;1;27490;0;27490
9000351;700279;1092;1;686;10;617
9000352;700279;1068;1;25490;0;25490
9000353;700280;1072;1;8790;0;8790
9000354;700281;1027;1;27090;5;25736
9000355;700282;1063;1;3790;0;3790
9000356;700282;1007;1;64567;0;64567
9000357;700283;1027;1;27490;5;26116
9000358;700284;1041;1;49567;0;49567
9000359;700285;1024;1;27345;0;27345
9000360;700285;1087;1;1790;0;1790
9000361;700286;1017;1;23345;0;23345
9000362;700287;1082;1;3345;10;3011
9000363;700288;1012;1;35090;7;32634
9000364;700289;1011;1;42090;3;40827
9000365;700290;1075;1;2790;0;2790
9000366;700290;1072;1;7345;3;7125
9000367;700291;1013;1;75990;0;75990
9000368;700292;1032;1;4490;0;4490
9000369;700292;1040;1;34790;10;31311
9000370;700293;1020;1;37990;0;37990
9000371;700294;1023;1;24567;12;21619
9000372;700294;1090;1;1345;0;1345
9000373;700295;1093;1;564;0;564
9000374;700296;1063;1;3567;10;3210
9000375;700297;1030;1;19090;0;19090
9000376;700298;1092;1;697;5;662
9000377;700299;1016;1;35345;0;35345
9000378;700300;1054;1;24090;0;24090
9000379;700300;1052;1;39567;3;38380
9000380;700301;1084;1;4567;5;4339
9000381;700301;1078;1;681;5;647
9000382;700302;1078;1;700;0;700
9000383;700303;1029;1;27790;0;27790
9000384;700304;1049;1;52790;0;52790
9000385;700305;1067;1;18345;5;17428
9000386;700306;1036;1;65090;0;65090
9000387;700307;1031;1;18990;10;17091
9000388;700308;1088;1;2490;0;2490
9000389;700308;1035;1;57790;7;53745
9000390;700309;1003;1;81567;3;79120
9000391;700310;1020;1;37790;0;37790
9000392;700310;1076;1;2790;10;2511
9000393;700310;1024;1;26790;0;26790
9000394;700311;1038;1;41090;0;41090
9000395;700312;1011;1;42345;0;42345
9000396;700313;1032;1;4990;10;4491
9000397;700314;1032;1;4090;5;3886
9000398;700315;1047;1;33490;5;31816
9000399;700315;1027;1;28345;7;26361
9000400;700316;1032;1;4090;3;3967
9000401;700317;1030;1;19567;3;18980
9000402;700318;1067;1;17345;7;16131
9000403;700319;1084;1;4490;5;4266
9000404;700320;1074;1;12567;0;12567
9000405;700321;1040;1;35490;0;35490
9000406;700321;1083;1;2567;3;2490
9000407;700322;1067;1;17790;0;17790
9000408;700323;1049;1;51090;3;49557
9000409;700323;1079;1;1345;0;1345
9000410;700324;1091;1;789;0;789
9000411;700324;1006;1;127990;10;115191
9000412;700325;1042;1;19790;0;19790
9000413;700326;1044;1;64990;0;64990
9000414;700327;1082;1;3790;5;3600
9000415;700328;1008;1;56345;3;54655
9000416;700329;1091;1;780;0;780
9000417;700330;1081;1;2790;0;2790
9000418;700330;1043;1;31567;5;29989
9000419;700331;1031;1;18345;5;17428
9000420;700332;1004;1;100490;12;88431
9000421;700332;1076;1;1090;0;1090
9000422;700333;1024;1;26490;5;25166
9000423;700333;1075;1;2090;5;1986
9000424;700333;1075;2;2345;0;4690
9000425;700334;1089;2;1090;7;2027
9000426;700335;1025;1;39567;3;38380
9000427;700335;1072;1;8567;5;8139
9000428;700336;1066;1;11490;0;11490
9000429;700337;1063;1;3345;0;3345
9000430;700338;1011;1;42490;0;42490
9000431;700339;1090;1;1790;0;1790
9000432;700340;1092;1;683;0;683
9000433;700340;1056;1;3990;7;3711
9000434;700341;1074;1;11090;7;10314
9000435;700341;1006;1;126490;0;126490
9000436;700342;1075;1;2990;0;2990
9000437;700343;1069;1;6490;5;6166
9000438;700344;1090;1;1090;0;1090
9000439;700345;1020;1;38490;5;36566
9000440;700346;1077;1;879;5;835
9000441;700347;1002;1;84567;5;80339
9000442;700348;1072;1;8790;0;8790
9000443;700349;1074;1;12490;0;12490
9000444;700350;1088;1;2345;7;2181
9000445;700351;1069;1;6567;5;6239
9000446;700352;1047;1;32090;0;32090
9000447;700353;1014;1;29490;5;28016
9000448;700354;1036;1;65345;12;57504
9000449;700354;1035;1;56345;5;53528
9000450;700355;1031;1;18990;5;18040
9000451;700356;1020;1;38490;7;35796
9000452;700357;1040;1;35090;0;35090
9000453;700358;1032;1;4990;10;4491
9000454;700359;1025;1;39567;10;35610
9000455;700360;1050;1;7567;0;7567
9000456;700360;1078;1;700;0;700
9000457;700361;1075;1;2490;0;2490
9000458;700362;1067;1;17345;7;16131
9000459;700363;1087;2;1790;0;3580
9000460;700364;1071;1;7790;0;7790
9000461;700365;1030;1;19790;0;19790
9000462;700366;1050;1;6490;10;5841
9000463;700367;1056;1;3567;5;3389
9000464;700368;1093;2;559;0;1118
9000465;700369;1074;1;11345;0;11345
9000466;700370;1004;1;100990;7;93921
9000467;700370;1075;1;2790;7;2595
9000468;700371;1068;1;25567;0;25567
9000469;700372;1010;1;110090;10;99081
9000470;700372;1091;1;792;10;713
9000471;700373;1034;1;109990;12;96791
9000472;700374;1073;1;18345;0;18345
9000473;700375;1034;1;110990;10;99891
9000474;700376;1027;1;27090;3;26277
9000475;700376;1050;1;6790;12;5975
9000476;700377;1066;1;11990;0;11990
9000477;700377;1092;1;699;0;699
9000478;700377;1071;1;7345;0;7345
9000479;700378;1027;1;27490;12;24191
9000480;700378;1069;1;6490;0;6490
9000481;700379;1037;1;69345;3;67265
9000482;700380;1076;1;1567;0;1567
9000483;700381;1012;1;35345;5;33578
9000484;700382;1016;1;35990;7;33471
9000485;700382;1075;1;2490;7;2316
9000486;700382;1091;1;787;0;787
9000487;700383;1072;1;7790;5;7400
9000488;700383;1069;1;6567;3;6370
9000489;700384;1056;2;3490;0;6980
9000490;700385;1044;1;65990;10;59391
9000491;700385;1074;1;11090;0;11090
9000492;700385;1083;1;2790;3;2706
9000493;700386;1014;1;29490;0;29490
9000494;700387;1027;1;28790;0;28790
9000495;700387;1041;1;49567;7;46097
9000496;700388;1020;1;38490;7;35796
9000497;700389;1087;2;1790;5;3401
9000498;700390;1005;1;111790;5;106200
9000499;700391;1023;1;24090;0;24090
9000500;700392;1091;1;788;12;693
9000501;700393;1001;1;71345;10;64211
9000502;700394;1002;1;85490;0;85490
9000503;700395;1044;1;65490;0;65490
9000504;700395;1050;1;6790;0;6790
9000505;700395;1091;1;787;10;708
9000506;700396;1028;1;77990;0;77990
9000507;700397;1031;1;18990;7;17661
9000508;700398;1003;1;82090;0;82090
9000509;700398;1081;1;1990;0;1990
9000510;700399;1032;1;4345;3;4215
9000511;700400;1055;1;13345;0;13345
9000512;700400;1027;1;28567;0;28567
9000513;700401;1049;1;51790;12;45575
9000514;700402;1056;1;3345;0;3345
9000515;700403;1050;1;6345;3;6155
9000516;700404;1024;1;27567;0;27567
9000517;700405;1009;1;80990;0;80990
9000518;700406;1025;1;38567;0;38567
9000519;700407;1087;1;1090;5;1036
9000520;700407;1091;1;791;0;791
9000521;700407;1011;1;43345;3;42045
9000522;700408;1022;1;18345;7;17061
9000523;700409;1048;1;44990;0;44990
9000524;700410;1018;1;39567;12;34819
9000525;700410;1081;1;1345;0;1345
9000526;700411;1087;1;1490;3;1445
9000527;700412;1038;1;42490;5;40366
9000528;700413;1016;1;35990;0;35990
9000529;700413;1081;1;2567;0;2567
9000530;700413;1020;1;38790;12;34135
9000531;700414;1050;1;7990;7;7431
9000532;700415;1049;1;51990;0;51990
9000533;700416;1025;1;38990;0;38990
9000534;700417;1062;1;10090;0;10090
9000535;700418;1083;1;2345;7;2181
9000536;700418;1091;1;793;0;793
9000537;700419;1083;1;2090;5;1986
9000538;700419;1059;1;3990;3;3870
9000539;700420;1092;1;691;0;691
9000540;700421;1035;1;56490;5;53666
9000541;700422;1093;1;568;3;551
9000542;700423;1039;1;67490;0;67490
9000543;700424;1088;1;2990;3;2900
9000544;700425;1002;1;84490;10;76041
9000545;700426;1048;1;44345;0;44345
9000546;700426;1010;1;110567;10;99510
9000547;700427;1026;1;42090;5;39986
9000548;700427;1085;1;1567;5;1489
9000549;700427;1001;1;73345;0;73345
9000550;700428;1032;2;4490;0;8980
9000551;700428;1005;1;111090;12;97759
9000552;700428;1043;1;32345;0;32345
9000553;700429;1066;1;12090;0;12090
9000554;700430;1007;1;64990;0;64990
9000555;700431;1061;1;3990;10;3591
9000556;700431;1049;1;51567;3;50020
9000557;700432;1056;1;3345;5;3178
9000558;700433;1037;1;69567;5;66089
9000559;700433;1078;1;681;0;681
9000560;700434;1093;1;575;5;546
9000561;700435;1066;1;12567;3;12190
9000562;700436;1042;1;20567;5;19539
9000563;700437;1067;1;17090;0;17090
9000564;700437;1076;1;2990;10;2691
9000565;700438;1016;1;36090;5;34286
9000566;700439;1031;1;18345;5;17428
9000567;700440;1082;1;3990;0;3990
9000568;700441;1042;1;19490;0;19490
9000569;700442;1073;1;19345;7;17991
9000570;700443;1035;1;56567;5;53739
9000571;700444;1049;1;51490;12;45311
9000572;700444;1093;1;566;0;566
9000573;700444;1022;1;18090;3;17547
9000574;700445;1091;2;797;0;1594
9000575;700446;1073;1;18490;7;17196
9000576;700447;1041;1;49990;10;44991
9000577;700447;1027;1;28990;10;26091
9000578;700448;1062;1;9090;0;9090
9000579;700449;1062;1;9990;0;9990
9000580;700449;1055;1;13345;0;13345
9000581;700450;1079;1;1490;3;1445
9000582;700450;1002;1;84790;7;78855
9000583;700451;1083;1;2090;10;1881
9000584;700452;1002;1;84990;0;84990
9000585;700453;1068;1;25567;0;25567
9000586;700454;1071;1;7490;0;7490
9000587;700455;1019;1;25567;0;25567
9000588;700456;1003;1;83790;3;81276
9000589;700457;1019;1;24490;5;23266
9000590;700457;1017;1;22990;0;22990
9000591;700458;1003;1;83490;0;83490
9000592;700459;1047;1;32345;10;29111
9000593;700460;1066;1;11790;0;11790
9000594;700461;1071;1;7090;5;6736
9000595;700462;1032;1;4790;3;4646
9000596;700463;1011;1;42790;0;42790
9000597;700463;1086;1;4090;0;4090
9000598;700463;1082;1;3567;7;3317
9000599;700464;1037;1;70090;0;70090
9000600;700465;1091;1;786;10;707
9000601;700466;1047;1;33345;0;33345
9000602;700467;1015;1;21790;0;21790
9000603;700468;1032;1;4345;0;4345
9000604;700469;1045;1;37345;0;37345
9000605;700470;1060;1;9345;7;8691
9000606;700471;1091;1;793;0;793
9000607;700472;1040;1;35345;0;35345
9000608;700473;1078;1;682;5;648
9000609;700473;1017;1;23345;0;23345
9000610;700474;1088;1;2090;5;1986
9000611;700475;1058;1;12090;3;11727
9000612;700476;1087;1;1567;10;1410
9000613;700477;1036;1;64345;7;59841
9000614;700478;1069;1;6090;5;5786
9000615;700479;1049;1;52345;5;49728
9000616;700479;1029;1;27567;0;27567
9000617;700480;1069;1;6990;0;6990
9000618;700481;1084;1;4990;0;4990
9000619;700482;1026;1;42490;3;41215
9000620;700483;1059;1;3567;3;3460
9000621;700484;1001;1;72990;0;72990
9000622;700485;1067;1;17090;7;15894
9000623;700486;1045;1;37345;5;35478
9000624;700487;1063;1;3345;0;3345
9000625;700488;1088;1;2567;0;2567
9000626;700489;1048;1;45990;0;45990
9000627;700490;1046;1;34345;0;34345
9000628;700491;1012;1;35345;0;35345
9000629;700492;1050;1;7790;0;7790
9000630;700492;1061;1;3567;7;3317
9000631;700492;1093;1;559;0;559
9000632;700493;1079;1;1345;0;1345
9000633;700493;1038;1;41790;0;41790
9000634;700494;1031;1;18345;0;18345
9000635;700495;1093;1;563;7;524
9000636;700496;1067;1;18790;12;16535
9000637;700497;1029;1;27090;0;27090
9000638;700498;1082;1;3990;12;3511
9000639;700499;1019;1;24090;12;21199
9000640;700499;1090;2;1090;0;2180
9000641;700500;1034;1;110790;0;110790
9000642;700501;1001;1;72790;3;70606
9000643;700502;1004;1;99345;0;99345
9000644;700503;1057;1;7990;0;7990
9000645;700504;1078;1;682;0;682
9000646;700505;1021;1;40090;7;37284
9000647;700506;1033;1;89567;10;80610
9000648;700507;1073;1;18490;0;18490
9000649;700507;1028;1;76567;5;72739
9000650;700508;1085;1;1090;0;1090
9000651;700508;1067;1;17990;0;17990
9000652;700508;1029;1;27790;3;26956
9000653;700509;1040;1;35567;0;35567
9000654;700509;1078;1;688;0;688
9000655;700510;1026;1;43345;0;43345
9000656;700510;1008;1;56567;0;56567
9000657;700511;1029;1;27090;0;27090
9000658;700512;1032;1;4345;5;4128
9000659;700512;1031;1;18490;0;18490
9000660;700513;1017;1;22490;0;22490
9000661;700513;1091;1;795;0;795
9000662;700514;1086;1;4790;0;4790
9000663;700515;1091;1;781;0;781
9000664;700516;1032;1;4790;0;4790
9000665;700517;1031;1;18790;10;16911
9000666;700518;1047;1;32345;0;32345
9000667;700519;1022;1;18090;0;18090
9000668;700519;1076;1;2090;7;1944
9000669;700520;1049;1;51990;0;51990
9000670;700520;1070;1;13790;0;13790
9000671;700521;1012;1;34490;3;33455
9000672;700522;1037;1;69790;5;66300
9000673;700522;1039;1;67567;0;67567
9000674;700523;1014;1;28490;10;25641
9000675;700523;1082;1;3090;0;3090
9000676;700523;1001;1;73567;3;71360
9000677;700524;1012;1;35490;0;35490
9000678;700525;1047;1;33790;0;33790
9000679;700526;1027;1;28567;5;27139
9000680;700526;1083;1;2090;0;2090
9000681;700527;1074;1;11567;0;11567
9000682;700528;1064;1;1090;3;1057
9000683;700529;1046;1;34567;7;32147
9000684;700530;1025;1;39345;0;39345
9000685;700531;1064;2;1490;10;2682
9000686;700531;1031;1;18490;0;18490
9000687;700531;1077;1;895;5;850
9000688;700532;1070;1;13490;0;13490
9000689;700533;1023;1;24090;0;24090
9000690;700534;1043;1;31790;10;28611
9000691;700534;1027;1;28090;10;25281
9000692;700535;1072;1;7090;0;7090
9000693;700535;1012;1;35790;7;33285
9000694;700536;1084;1;4567;3;4430
9000695;700537;1079;1;1090;5;1036
9000696;700538;1004;1;99490;3;96505
9000697;700539;1081;1;2567;3;2490
9000698;700540;1043;1;31090;0;31090
9000699;700540;1082;1;3490;5;3316
9000700;700541;1045;1;36567;7;34007
9000701;700542;1080;1;4567;0;4567
9000702;700543;1086;2;4990;12;8782
9000703;700543;1077;1;901;10;811
9000704;700543;1036;1;65345;10;58811
9000705;700544;1071;1;7090;0;7090
9000706;700545;1077;1;881;7;819
9000707;700546;1056;1;3345;0;3345
9000708;700547;1051;1;27790;0;27790
9000709;700548;1050;1;7345;0;7345
9000710;700549;1081;1;1090;7;1014
9000711;700549;1029;1;27090;0;27090
9000712;700550;1085;1;1345;7;1251
9000713;700551;1034;1;109567;0;109567
9000714;700551;1002;1;83990;0;83990
9000715;700551;1092;1;688;5;654
9000716;700552;1050;1;6790;0;6790
9000717;700553;1026;1;43990;3;42670
9000718;700554;1043;1;31345;0;31345
9000719;700555;1065;1;1490;0;1490
9000720;700556;1069;1;6345;0;6345
9000721;700556;1032;1;4490;3;4355
9000722;700557;1050;1;6090;10;5481
9000723;700558;1014;1;28490;7;26496
9000724;700558;1091;1;786;0;786
9000725;700559;1040;1;35790;0;35790
9000726;700560;1030;1;20990;0;20990
9000727;700561;1051;1;28567;3;27710
9000728;700562;1078;1;683;5;649
9000729;700562;1085;1;1990;0;1990
9000730;700563;1091;1;782;0;782
9000731;700564;1047;1;32567;0;32567
9000732;700565;1042;1;19090;0;19090
9000733;700566;1068;1;25790;7;23985
9000734;700566;1060;1;9567;0;9567
9000735;700567;1093;1;567;3;550
9000736;700567;1014;1;28790;3;27926
9000737;700568;1068;1;25490;10;22941
9000738;700569;1027;1;28990;12;25511
9000739;700570;1046;1;34490;0;34490
9000740;700570;1064;1;1567;7;1457
9000741;700571;1036;1;65790;0;65790
9000742;700572;1043;1;31490;7;29286
9000743;700572;1090;1;1345;12;1184
9000744;700573;1004;1;100090;3;97087
9000745;700574;1081;1;1490;0;1490
9000746;700574;1034;1;111567;0;111567
9000747;700574;1029;1;27990;0;27990
9000748;700575;1039;1;68790;3;66726
9000749;700576;1031;1;18490;0;18490
9000750;700577;1040;1;35790;0;35790
9000751;700578;1087;1;1090;0;1090
9000752;700578;1064;1;1567;3;1520
9000753;700578;1065;1;1790;5;1700
9000754;700579;1072;1;7567;0;7567
9000755;700580;1029;1;27790;3;26956
9000756;700581;1089;1;1490;0;1490
9000757;700582;1045;1;36345;3;35255
9000758;700582;1077;1;892;0;892
9000759;700582;1080;1;3567;0;3567
9000760;700583;1048;1;44490;3;43155
9000761;700584;1071;1;7090;0;7090
9000762;700585;1088;1;2345;0;2345
9000763;700586;1074;1;12567;3;12190
9000764;700587;1050;1;7090;0;7090
9000765;700588;1032;1;4345;0;4345
9000766;700589;1050;1;6790;12;5975
9000767;700589;1075;1;2567;0;2567
9000768;700590;1043;1;32790;12;28855
9000769;700591;1042;1;20990;5;19940
9000770;700592;1015;1;21490;0;21490
9000771;700593;1040;1;34490;7;32076
9000772;700594;1068;1;24567;7;22847
9000773;700595;1092;2;700;0;1400
9000774;700596;1059;1;3790;0;3790
9000775;700597;1003;1;83345;0;83345
9000776;700598;1048;1;44090;0;44090
9000777;700598;1094;1;2345;0;2345
9000778;700599;1047;1;32090;3;31127
9000779;700599;1092;1;698;5;663
9000780;700600;1040;1;34790;10;31311
9000781;700601;1032;1;4990;7;4641
9000782;700602;1065;1;1345;0;1345
9000783;700603;1014;1;28567;0;28567
9000784;700604;1019;1;25345;0;25345
9000785;700605;1042;1;20090;5;19086
9000786;700605;1075;2;2345;12;4127
9000787;700605;1080;1;4490;0;4490
9000788;700606;1075;1;2567;3;2490
9000789;700607;1022;1;19990;5;18990
9000790;700607;1087;1;1090;0;1090
9000791;700608;1074;1;12345;10;11111
9000792;700609;1024;1;27490;0;27490
9000793;700609;1027;1;28345;5;26928
9000794;700609;1089;1;1090;5;1036
9000795;700610;1067;1;18090;7;16824
9000796;700611;1010;1;108090;5;102686
9000797;700612;1090;2;1345;0;2690
9000798;700612;1010;1;111790;3;108436
9000799;700613;1031;1;18567;0;18567
9000800;700614;1015;1;21490;0;21490
9000801;700615;1068;1;25990;5;24690
9000802;700615;1076;1;1790;0;1790
9000803;700616;1012;1;34490;0;34490
9000804;700616;1063;2;4990;0;9980
9000805;700617;1029;1;27790;0;27790
9000806;700618;1049;1;52990;0;52990
9000807;700619;1048;1;44090;0;44090
9000808;700620;1037;1;69490;7;64626
9000809;700621;1045;1;37090;10;33381
9000810;700622;1042;1;20567;7;19127
9000811;700623;1045;1;36990;3;35880
9000812;700624;1079;1;1567;0;1567
9000813;700625;1067;1;17567;10;15810
9000814;700626;1083;1;2567;7;2387
9000815;700627;1040;1;34990;3;33940
9000816;700628;1091;1;801;0;801
9000817;700629;1012;1;35345;0;35345
9000818;700630;1003;1;83790;5;79600
9000819;700631;1022;1;19090;0;19090
9000820;700632;1026;1;43990;0;43990
9000821;700633;1076;1;1990;3;1930
9000822;700634;1079;1;1990;5;1890
9000823;700634;1073;1;19490;0;19490
9000824;700635;1043;1;31567;3;30620
9000825;700635;1092;1;688;5;654
9000826;700635;1076;1;1790;5;1700
9000827;700636;1017;1;22790;5;21650
9000828;700637;1073;1;19345;10;17411
9000829;700638;1004;1;100090;12;88079
9000830;700639;1022;1;19990;10;17991
9000831;700639;1082;1;3567;3;3460
9000832;700640;1044;1;65345;0;65345
9000833;700640;1044;1;65090;0;65090
9000834;700640;1066;1;11567;12;10179
9000835;700641;1087;1;1490;0;1490
9000836;700642;1048;1;44990;5;42740
9000837;700643;1072;1;7490;10;6741
9000838;700643;1055;1;13490;0;13490
9000839;700644;1022;1;18567;0;18567
9000840;700644;1079;1;1790;3;1736
9000841;700645;1067;1;17990;0;17990
9000842;700646;1022;1;19790;0;19790
9000843;700646;1092;1;696;5;661
9000844;700647;1062;1;9990;0;9990
9000845;700647;1005;1;113790;0;113790
9000846;700648;1071;1;7345;5;6978
9000847;700649;1007;1;65790;0;65790
9000848;700650;1065;1;1990;3;1930
9000849;700651;1002;1;85490;0;85490
9000850;700652;1087;1;1990;5;1890
9000851;700653;1038;1;42490;5;40366
9000852;700654;1083;1;2490;3;2415
9000853;700655;1057;1;7345;5;6978
9000854;700656;1073;1;18567;0;18567
9000855;700657;1011;1;43567;10;39210
9000856;700657;1079;1;1790;0;1790
9000857;700658;1070;1;13090;0;13090
9000858;700659;1090;1;1345;0;1345
9000859;700660;1065;1;1345;7;1251
9000860;700661;1017;1;23090;0;23090
9000861;700662;1039;1;68090;3;66047
9000862;700663;1040;1;35345;5;33578
9000863;700664;1066;1;12990;0;12990
9000864;700665;1032;1;4345;3;4215
9000865;700666;1062;1;10345;0;10345
9000866;700667;1067;1;18567;7;17267
9000867;700668;1044;1;65990;0;65990
9000868;700668;1085;1;1567;0;1567
9000869;700669;1065;1;1490;7;1386
9000870;700669;1060;1;10990;0;10990
9000871;700669;1002;1;85490;5;81216
9000872;700670;1045;1;36567;12;32179
9000873;700671;1010;1;110990;0;110990
9000874;700672;1026;1;42990;3;41700
9000875;700672;1081;1;2345;0;2345
9000876;700673;1072;1;8345;5;7928
9000877;700674;1081;1;1345;0;1345
9000878;700674;1090;1;1490;0;1490
9000879;700675;1039;1;68990;7;64161
9000880;700676;1015;1;21567;0;21567
9000881;700677;1075;1;2345;0;2345
9000882;700677;1066;1;12990;3;12600
9000883;700677;1045;1;37345;0;37345
9000884;700678;1012;1;35990;10;32391
9000885;700678;1043;1;31490;0;31490
9000886;700679;1069;1;6990;0;6990
9000887;700679;1028;1;79490;3;77105
9000888;700680;1087;1;1990;0;1990
9000889;700681;1047;1;32990;5;31340
9000890;700682;1081;1;1345;5;1278
9000891;700682;1070;1;13345;5;12678
9000892;700682;1050;1;6490;0;6490
9000893;700683;1036;1;64490;10;58041
9000894;700684;1066;1;11490;7;10686
9000895;700685;1069;1;6790;10;6111
9000896;700686;1010;1;111090;7;103314
9000897;700687;1050;1;6490;7;6036
9000898;700687;1075;1;2567;5;2439
9000899;700687;1086;1;4790;3;4646
9000900;700688;1094;1;2790;12;2455
9000901;700688;1068;1;25345;5;24078
9000902;700689;1050;1;6990;5;6640
9000903;700690;1018;1;39090;0;39090
9000904;700691;1056;1;3090;0;3090
9000905;700692;1078;1;696;0;696
9000906;700692;1091;1;783;5;744
9000907;700693;1047;1;32345;10;29111
9000908;700694;1053;1;33567;0;33567
9000909;700695;1073;1;18990;0;18990
9000910;700696;1068;1;24990;7;23241
9000911;700697;1077;1;885;0;885
9000912;700697;1090;1;1345;3;1305
9000913;700698;1063;1;3990;0;3990
9000914;700698;1013;1;74990;0;74990
9000915;700699;1057;1;7345;0;7345
9000916;700700;1003;1;81790;3;79336
9000917;700701;1038;1;42790;0;42790
9000918;700702;1013;1;74790;7;69555
9000919;700703;1067;1;17490;10;15741
9000920;700703;1011;1;43345;0;43345
9000921;700704;1030;1;19490;10;17541
9000922;700705;1015;1;21345;0;21345
9000923;700706;1032;1;4790;3;4646
9000924;700707;1031;1;18090;0;18090
9000925;700707;1072;1;8990;0;8990
9000926;700708;1017;1;23345;0;23345
9000927;700709;1011;1;43090;10;38781
9000928;700710;1032;1;4790;10;4311
9000929;700711;1078;1;690;10;621
9000930;700712;1020;1;37990;0;37990
9000931;700713;1081;1;2567;0;2567
9000932;700714;1035;1;56790;3;55086
9000933;700714;1079;1;1090;0;1090
9000934;700715;1077;1;879;0;879
9000935;700716;1073;1;19567;10;17610
9000936;700717;1029;1;26345;0;26345
9000937;700718;1073;1;18790;0;18790
9000938;700718;1059;1;3490;0;3490
9000939;700719;1090;1;1090;0;1090
9000940;700720;1015;1;21990;0;21990
9000941;700721;1005;1;111490;3;108145
9000942;700722;1032;1;4090;0;4090
9000943;700723;1048;1;45345;0;45345
9000944;700724;1046;1;35090;0;35090
9000945;700724;1083;1;2490;3;2415
9000946;700725;1078;1;692;0;692
9000947;700726;1056;1;3490;3;3385
9000948;700727;1034;1;110790;0;110790
9000949;700728;1018;1;40345;0;40345
9000950;700729;1092;1;689;7;641
9000951;700730;1073;1;19090;0;19090
9000952;700730;1052;1;39490;5;37516
9000953;700731;1022;1;19790;0;19790
9000954;700732;1084;1;4490;3;4355
9000955;700733;1074;1;12345;10;11111
9000956;700734;1009;1;79567;0;79567
9000957;700735;1086;1;4090;5;3886
9000958;700736;1003;1;83567;0;83567
9000959;700736;1056;1;3090;12;2719
9000960;700737;1059;1;4790;0;4790
9000961;700738;1072;1;8090;3;7847
9000962;700739;1091;1;793;0;793
9000963;700739;1009;1;79567;0;79567
9000964;700739;1059;1;4790;3;4646
9000965;700740;1019;1;24790;5;23550
9000966;700741;1001;1;72790;0;72790
9000967;700742;1024;1;27790;5;26400
9000968;700742;1089;1;1990;10;1791
9000969;700743;1077;1;898;0;898
9000970;700744;1045;1;36490;0;36490
9000971;700745;1071;1;7990;7;7431
9000972;700746;1021;1;40345;10;36311
9000973;700746;1094;1;2990;7;2781
9000974;700747;1066;1;11567;0;11567
9000975;700748;1049;1;51490;3;49945
9000976;700749;1030;1;19490;12;17151
9000977;700750;1024;1;27790;3;26956
9000978;700751;1006;1;128090;0;128090
9000979;700751;1092;1;699;0;699
9000980;700752;1008;1;56345;0;56345
9000981;700753;1054;1;24990;0;24990
9000982;700754;1015;1;21345;5;20278
9000983;700755;1065;1;1990;0;1990
9000984;700755;1071;1;7567;5;7189
9000985;700755;1042;1;19567;0;19567
9000986;700756;1070;1;13990;5;13290
9000987;700756;1042;1;19567;3;18980
9000988;700757;1062;1;10345;12;9104
9000989;700758;1060;1;10990;0;10990
9000990;700759;1078;1;686;10;617
9000991;700760;1073;1;18090;0;18090
9000992;700760;1075;2;2790;7;5189
9000993;700761;1024;1;27090;5;25736
9000994;700762;1027;1;28490;5;27066
9000995;700763;1068;1;25090;7;23334
9000996;700763;1007;1;65790;7;61185
9000997;700763;1005;1;114567;10;103110
9000998;700764;1025;1;38345;0;38345
9000999;700765;1061;1;3490;5;3316
9001000;700766;1022;1;18790;0;18790
9001001;700767;1040;1;35490;0;35490
9001002;700768;1032;1;4567;0;4567
9001003;700769;1016;1;36090;7;33564
9001004;700770;1052;1;40790;0;40790
9001005;700770;1068;1;25345;7;23571
9001006;700771;1076;1;2567;7;2387
9001007;700771;1077;2;894;7;1663
9001008;700772;1027;1;28567;0;28567
9001009;700773;1049;1;52090;0;52090
9001010;700774;1040;1;34790;0;34790
9001011;700775;1007;1;64090;0;64090
9001012;700775;1092;1;684;3;663
9001013;700776;1015;1;21345;5;20278
9001014;700777;1022;1;19490;0;19490
9001015;700778;1002;1;85567;0;85567
9001016;700779;1077;1;877;5;833
9001017;700780;1056;1;3490;0;3490
9001018;700781;1031;1;18345;0;18345
9001019;700781;1045;1;36490;5;34666
9001020;700782;1002;1;85090;5;80836
9001021;700783;1046;1;34567;3;33530
9001022;700783;1081;1;1490;0;1490
9001023;700784;1069;1;6567;0;6567
9001024;700785;1014;1;28567;7;26567
9001025;700786;1061;1;3490;0;3490
9001026;700787;1034;1;109990;0;109990
9001027;700787;1092;2;698;5;1326
9001028;700787;1083;1;2990;3;2900
9001029;700788;1066;1;11090;0;11090
9001030;700789;1077;1;893;0;893
9001031;700790;1079;1;1790;0;1790
9001032;700791;1094;1;2990;7;2781
9001033;700791;1041;1;49567;0;49567
9001034;700792;1062;1;9567;0;9567
9001035;700793;1037;1;70090;7;65184
9001036;700794;1006;1;125790;0;125790
9001037;700795;1022;1;19090;10;17181
9001038;700795;1021;1;40567;7;37727
9001039;700796;1094;1;2490;5;2366
9001040;700797;1087;1;1490;0;1490
9001041;700798;1042;1;20567;0;20567
9001042;700798;1083;1;2990;5;2840
9001043;700799;1033;1;90345;0;90345
9001044;700800;1067;1;18090;3;17547
9001045;700800;1085;1;1490;0;1490
9001046;700800;1023;1;24567;0;24567
9001047;700801;1023;1;25090;12;22079
9001048;700802;1027;1;28790;7;26775
9001049;700803;1003;1;83567;0;83567
9001050;700804;1047;1;32990;0;32990
9001051;700805;1010;1;110990;3;107660
9001052;700806;1020;1;38490;0;38490
9001053;700807;1080;1;3567;0;3567
9001054;700808;1035;1;57790;0;57790
9001055;700809;1089;1;1345;3;1305
9001056;700810;1074;1;12090;0;12090
9001057;700810;1062;1;9567;5;9089
9001058;700811;1077;1;898;5;853
9001059;700812;1022;1;19567;3;18980
9001060;700813;1072;1;8567;0;8567
9001061;700814;1079;1;1790;0;1790
9001062;700814;1044;1;64567;0;64567
9001063;700815;1068;1;25990;12;22871
9001064;700815;1016;1;35345;0;35345
9001065;700816;1092;2;680;0;1360
9001066;700816;1093;1;565;0;565
9001067;700817;1032;1;4345;7;4041
9001068;700818;1025;1;38990;0;38990
9001069;700819;1091;2;783;7;1456
9001070;700819;1014;1;28090;0;28090
9001071;700820;1035;1;56090;0;56090
9001072;700821;1026;1;43090;0;43090
9001073;700821;1037;1;70090;5;66586
9001074;700822;1093;1;564;0;564
9001075;700823;1035;1;56790;0;56790
9001076;700824;1045;1;36490;10;32841
9001077;700824;1078;1;684;0;684
9001078;700825;1076;1;2090;10;1881
9001079;700826;1009;1;79790;0;79790
9001080;700827;1041;1;50790;7;47235
9001081;700828;1009;1;80990;0;80990
9001082;700829;1068;1;25567;7;23777
9001083;700830;1072;1;7567;0;7567
9001084;700831;1003;1;83345;5;79178
9001085;700832;1083;1;2790;0;2790
9001086;700833;1076;1;1345;0;1345
9001087;700833;1003;1;82090;12;72239
9001088;700833;1079;1;1345;3;1305
9001089;700834;1068;1;24345;0;24345
9001090;700835;1066;1;11790;0;11790
9001091;700836;1050;1;6567;3;6370
9001092;700836;1079;1;1090;12;959
9001093;700836;1077;1;898;5;853
9001094;700837;1089;1;1790;0;1790
9001095;700838;1016;1;36990;0;36990
9001096;700838;1035;1;56990;3;55280
9001097;700839;1075;1;2990;5;2840
9001098;700840;1091;1;787;0;787
9001099;700841;1007;1;65990;5;62690
9001100;700841;1086;1;4790;12;4215
9001101;700841;1094;1;2490;0;2490
9001102;700842;1060;1;9790;5;9300
9001103;700843;1031;1;18790;0;18790
9001104;700844;1060;1;9567;12;8419
9001105;700845;1009;1;79990;0;79990
9001106;700845;1084;1;4790;0;4790
9001107;700846;1026;1;42790;5;40650
9001108;700847;1071;1;7567;0;7567
9001109;700848;1034;1;109567;7;101897
9001110;700848;1093;1;574;0;574
9001111;700849;1067;1;18790;3;18226
9001112;700849;1002;1;83090;0;83090
9001113;700850;1026;1;42567;0;42567
9001114;700851;1089;1;1990;0;1990
9001115;700852;1045;1;37490;5;35616
9001116;700853;1086;1;4090;0;4090
9001117;700854;1067;1;17567;0;17567
9001118;700855;1032;1;4345;0;4345
9001119;700856;1017;1;22090;7;20544
9001120;700856;1076;1;2567;0;2567
9001121;700857;1068;1;25790;0;25790
9001122;700858;1054;1;25790;3;25016
9001123;700859;1078;1;690;0;690
9001124;700860;1014;1;29090;0;29090
9001125;700861;1033;1;89490;0;89490
9001126;700861;1078;1;689;5;655
9001127;700862;1088;1;2090;0;2090
9001128;700863;1081;1;2090;0;2090
9001129;700863;1065;1;1345;3;1305
9001130;700864;1078;1;688;3;667
9001131;700865;1061;1;3567;10;3210
9001132;700866;1045;1;37567;3;36440
9001133;700866;1090;1;1567;7;1457
9001134;700867;1084;1;4345;10;3911
9001135;700868;1042;1;20567;7;19127
9001136;700869;1082;1;3990;3;3870
9001137;700870;1075;1;2490;7;2316
9001138;700871;1042;1;20990;0;20990
9001139;700871;1087;1;1990;0;1990
9001140;700872;1056;1;3345;0;3345
9001141;700873;1093;1;559;5;531
9001142;700873;1085;1;1090;3;1057
9001143;700874;1066;1;11345;7;10551
9001144;700874;1014;1;28490;3;27635
9001145;700875;1039;1;67090;12;59039
9001146;700876;1002;1;85990;5;81690
9001147;700877;1006;1;126090;0;126090
9001148;700878;1050;1;6490;10;5841
9001149;700878;1079;1;1090;7;1014
9001150;700879;1057;1;7090;0;7090
9001151;700880;1037;1;69490;5;66016
9001152;700881;1066;1;12790;7;11895
9001153;700881;1047;1;32790;5;31150
9001154;700882;1053;1;32790;0;32790
9001155;700882;1043;1;32990;3;32000
9001156;700883;1061;1;3090;10;2781
9001157;700884;1067;1;17490;0;17490
9001158;700885;1063;1;4090;3;3967
9001159;700886;1075;1;2990;0;2990
9001160;700887;1087;1;1090;5;1036
9001161;700888;1088;1;3090;0;3090
9001162;700889;1008;1;56990;0;56990
9001163;700890;1067;1;17990;10;16191
9001164;700890;1047;1;33790;0;33790
9001165;700891;1083;1;2990;0;2990
9001166;700892;1016;1;35990;5;34190
9001167;700893;1021;1;39567;5;37589
9001168;700894;1050;1;7990;3;7750
9001169;700895;1079;1;1490;3;1445
9001170;700896;1081;1;1790;0;1790
9001171;700897;1009;1;78790;0;78790
9001172;700898;1018;1;39490;7;36726
9001173;700899;1036;1;64790;0;64790
9001174;700900;1050;1;6490;10;5841
9001175;700901;1071;1;7345;0;7345
9001176;700901;1077;1;886;5;842
9001177;700902;1036;1;64790;0;64790
9001178;700903;1031;1;18990;3;18420
9001179;700903;1057;1;7990;3;7750
9001180;700904;1089;1;1790;0;1790
9001181;700905;1065;1;1990;10;1791
9001182;700906;1047;1;33990;0;33990
9001183;700907;1046;1;34790;0;34790
9001184;700908;1003;1;82790;5;78650
9001185;700909;1091;1;791;0;791
9001186;700910;1068;1;25990;0;25990
9001187;700911;1024;1;26567;0;26567
9001188;700912;1029;1;27090;0;27090
9001189;700913;1058;1;12345;0;12345
9001190;700913;1092;1;680;3;660
9001191;700914;1040;1;35990;7;33471
9001192;700915;1078;1;688;7;640
9001193;700916;1056;1;3090;0;3090
9001194;700917;1070;1;13567;0;13567
9001195;700918;1041;1;50990;0;50990
9001196;700919;1076;1;1490;7;1386
9001197;700920;1094;1;2990;10;2691
9001198;700921;1013;1;74490;5;70766
9001199;700922;1027;1;27490;0;27490
9001200;700923;1073;1;19567;0;19567
9001201;700924;1071;1;7345;0;7345
9001202;700925;1035;1;57490;0;57490
9001203;700926;1032;1;4490;7;4176
9001204;700927;1013;1;75490;0;75490
9001205;700927;1094;1;2345;5;2228
9001206;700928;1067;1;17490;0;17490
9001207;700929;1043;1;32490;0;32490
9001208;700930;1014;1;29790;3;28896
9001209;700930;1006;1;128090;5;121686
9001210;700931;1022;1;19567;7;18197
9001211;700932;1092;1;694;0;694
9001212;700933;1073;1;19990;0;19990
9001213;700934;1093;1;560;5;532
9001214;700935;1081;1;2345;0;2345
9001215;700936;1001;1;72567;10;65310
9001216;700936;1089;1;1090;0;1090
9001217;700937;1016;1;36567;7;34007
9001218;700938;1033;1;89990;0;89990
9001219;700939;1083;1;2990;0;2990
9001220;700940;1027;1;28490;3;27635
9001221;700941;1077;1;889;0;889
9001222;700941;1027;1;28790;5;27350
9001223;700942;1040;1;35490;0;35490
9001224;700943;1093;1;563;5;535
9001225;700944;1062;1;9490;5;9016
9001226;700945;1020;1;37490;5;35616
9001227;700945;1072;1;7490;5;7116
9001228;700946;1066;1;11490;3;11145
9001229;700947;1075;1;2090;10;1881
9001230;700948;1044;1;64990;0;64990
9001231;700949;1023;1;24090;10;21681
9001232;700950;1078;1;689;10;620
9001233;700951;1075;1;2567;0;2567
9001234;700952;1071;1;7490;0;7490
9001235;700953;1018;1;40990;0;40990
9001236;700954;1070;1;13790;0;13790
9001237;700955;1030;1;19345;5;18378
9001238;700956;1006;1;125345;5;119078
9001239;700957;1079;1;1090;5;1036
9001240;700957;1069;1;6090;0;6090
9001241;700958;1025;1;39490;3;38305
9001242;700959;1087;2;1345;5;2556
9001243;700960;1014;1;28345;0;28345
9001244;700961;1071;1;7345;5;6978
9001245;700961;1076;1;1345;7;1251
9001246;700962;1023;1;25990;0;25990
9001247;700963;1035;1;57990;0;57990
9001248;700963;1078;1;699;3;678
9001249;700964;1056;1;3567;0;3567
9001250;700964;1015;1;21090;5;20036
9001251;700964;1068;1;24345;3;23615
9001252;700965;1030;1;19567;3;18980
9001253;700966;1077;1;885;3;858
9001254;700967;1057;1;7790;10;7011
9001255;700967;1021;1;39990;3;38790
9001256;700967;1078;2;681;0;1362
9001257;700968;1045;1;36990;0;36990
9001258;700968;1078;1;684;0;684
9001259;700969;1027;1;28090;7;26124
9001260;700969;1094;1;2345;0;2345
9001261;700970;1056;1;3345;0;3345
9001262;700970;1042;1;19490;7;18126
9001263;700970;1089;1;1345;10;1211
9001264;700971;1090;1;1790;0;1790
9001265;700971;1023;1;24490;3;23755
9001266;700972;1017;1;22090;3;21427
9001267;700973;1029;1;27090;0;27090
9001268;700974;1037;1;69090;10;62181
9001269;700974;1032;1;4090;7;3804
9001270;700975;1036;1;64090;0;64090
9001271;700976;1028;1;77345;5;73478
9001272;700977;1020;1;37090;3;35977
9001273;700978;1009;1;79090;5;75136
9001274;700979;1071;1;7790;0;7790
9001275;700980;1032;1;4790;0;4790
9001276;700981;1034;1;110990;5;105440
9001277;700982;1021;1;40790;0;40790
9001278;700983;1093;1;574;0;574
9001279;700983;1007;1;64490;7;59976
9001280;700984;1073;1;19090;0;19090
9001281;700985;1018;1;40345;0;40345
9001282;700986;1066;1;11990;3;11630
9001283;700987;1032;1;4090;3;3967
9001284;700988;1019;1;25345;0;25345
9001285;700989;1013;1;74567;12;65619
9001286;700990;1033;1;91790;10;82611
9001287;700991;1031;1;18490;0;18490
9001288;700992;1020;1;38567;12;33939
9001289;700993;1020;1;38090;7;35424
9001290;700994;1009;1;79790;0;79790
9001291;700995;1014;1;28490;0;28490
9001292;700995;1082;1;3345;0;3345
9001293;700996;1068;1;24990;0;24990
9001294;700997;1091;1;802;5;762
9001295;700998;1036;1;64345;0;64345
9001296;700999;1030;1;19490;12;17151
9001297;700999;1032;1;4567;0;4567
9001298;701000;1044;1;64990;0;64990
9001299;701000;1082;1;3090;5;2936
9001300;701001;1077;1;898;0;898
9001301;701002;1076;1;2790;0;2790
9001302;701003;1071;1;7790;3;7556
9001303;701004;1032;1;4990;5;4740
9001304;701005;1046;1;35345;0;35345
9001305;701006;1031;1;18490;5;17566
9001306;701007;1069;1;6090;3;5907
9001307;701008;1084;1;5090;12;4479
9001308;701009;1077;1;900;7;837
9001309;701010;1012;1;35567;0;35567
9001310;701011;1037;1;69990;3;67890
9001311;701011;1075;1;2790;0;2790
9001312;701012;1082;1;3790;0;3790
9001313;701013;1046;1;34345;0;34345
9001314;701014;1018;1;40090;0;40090
9001315;701015;1067;1;17490;5;16616
9001316;701015;1016;1;35345;12;31104
9001317;701016;1010;1;108790;0;108790
9001318;701017;1030;1;20567;3;19950
9001319;701017;1073;1;19990;0;19990
9001320;701017;1026;1;43567;0;43567
9001321;701018;1090;1;1090;0;1090
9001322;701019;1029;1;27345;0;27345
9001323;701020;1067;1;18090;5;17186
9001324;701021;1069;1;6490;0;6490
9001325;701022;1071;1;7790;7;7245
9001326;701023;1074;1;12090;0;12090
9001327;701024;1017;1;23990;5;22790
9001328;701025;1027;1;27345;0;27345
9001329;701026;1022;1;18790;0;18790
9001330;701027;1082;1;3990;12;3511
9001331;701028;1072;1;8345;0;8345
9001332;701029;1070;1;14490;0;14490
9001333;701030;1027;1;28567;10;25710
9001334;701031;1040;1;35090;0;35090
9001335;701032;1051;1;27345;0;27345
9001336;701033;1011;1;42790;7;39795
9001337;701033;1075;1;2790;7;2595
9001338;701034;1087;1;1345;0;1345
9001339;701035;1026;1;42490;0;42490
9001340;701036;1089;1;1990;3;1930
9001341;701036;1085;1;1090;0;1090
9001342;701037;1069;1;6090;7;5664
9001343;701038;1072;1;7990;3;7750
9001344;701039;1075;1;2490;10;2241
9001345;701040;1093;1;569;0;569
9001346;701041;1014;1;28345;0;28345
9001347;701041;1081;1;2567;0;2567
9001348;701042;1015;1;21345;3;20705
9001349;701043;1068;1;25090;0;25090
9001350;701044;1065;1;1490;12;1311
9001351;701045;1079;1;1790;0;1790
9001352;701045;1045;1;36567;0;36567
9001353;701046;1027;1;28567;7;26567
9001354;701047;1004;1;100790;5;95750
9001355;701047;1079;1;1990;0;1990
9001356;701048;1046;1;35990;10;32391
9001357;701049;1087;1;1990;7;1851
9001358;701049;1064;1;1345;0;1345
9001359;701050;1073;1;18990;0;18990
9001360;701051;1089;1;1090;0;1090
9001361;701052;1060;1;9990;0;9990
9001362;701053;1050;1;6567;10;5910
9001363;701054;1032;1;4790;0;4790
9001364;701055;1045;1;37990;0;37990
9001365;701056;1093;1;560;7;521
9001366;701056;1043;1;31090;0;31090
9001367;701057;1091;1;781;5;742
9001368;701058;1090;1;1990;7;1851
9001369;701059;1029;1;27090;3;26277
9001370;701059;1071;1;7790;5;7400
9001371;701060;1071;1;7090;7;6594
9001372;701061;1024;1;26490;0;26490
9001373;701061;1076;1;2790;0;2790
9001374;701062;1008;1;55490;0;55490
9001375;701063;1080;1;4790;0;4790
9001376;701064;1035;1;57345;3;55625
9001377;701065;1023;1;25490;0;25490
9001378;701066;1076;1;1345;0;1345
9001379;701067;1069;1;6567;7;6107
9001380;701067;1049;1;52567;7;48887
9001381;701067;1088;1;2990;5;2840
9001382;701068;1010;1;110090;0;110090
9001383;701069;1066;1;11345;12;9984
9001384;701069;1076;1;2990;10;2691
9001385;701070;1057;1;7990;0;7990
9001386;701070;1082;1;3567;5;3389
9001387;701071;1090;1;1345;0;1345
9001388;701072;1035;1;56567;7;52607
9001389;701073;1087;1;1490;3;1445
9001390;701073;1079;1;1790;0;1790
9001391;701074;1046;1;34090;5;32386
9001392;701075;1050;1;6345;0;6345
9001393;701076;1009;1;80090;3;77687
9001394;701077;1006;1;128090;0;128090
9001395;701078;1013;1;76090;0;76090
9001396;701079;1020;1;38990;5;37040
9001397;701079;1088;1;2490;0;2490
9001398;701080;1017;1;23567;0;23567
9001399;701081;1064;1;1990;3;1930
9001400;701082;1075;1;2790;5;2650
9001401;701083;1012;1;34345;0;34345
9001402;701084;1086;1;4490;12;3951
9001403;701085;1020;1;38790;10;34911
9001404;701086;1050;1;7790;0;7790
9001405;701087;1071;1;7090;7;6594
9001406;701088;1005;1;112490;5;106866
9001407;701088;1011;1;42490;0;42490
9001408;701089;1045;1;36090;10;32481
9001409;701089;1085;1;1345;5;1278
9001410;701090;1064;1;1345;3;1305
9001411;701090;1029;1;27345;7;25431
9001412;701091;1042;1;20567;5;19539
9001413;701092;1050;1;7990;0;7990
9001414;701093;1018;1;40790;0;40790
9001415;701094;1080;1;4345;0;4345
9001416;701094;1088;1;2567;7;2387
9001417;701095;1022;1;19490;0;19490
9001418;701096;1025;1;38345;0;38345
9001419;701096;1059;1;3790;0;3790
9001420;701096;1031;1;18990;3;18420
9001421;701097;1029;1;26790;0;26790
9001422;701098;1089;1;1990;0;1990
9001423;701099;1092;1;684;3;663
9001424;701100;1076;1;1790;3;1736
9001425;701101;1028;1;78990;0;78990
9001426;701102;1021;1;39345;3;38165
9001427;701103;1083;1;2990;0;2990
9001428;701104;1043;1;31790;10;28611
9001429;701105;1009;1;79990;5;75990
9001430;701105;1088;1;2990;0;2990
9001431;701106;1064;1;1490;5;1416
9001432;701107;1036;1;64490;0;64490
9001433;701107;1088;1;2490;5;2366
9001434;701108;1075;1;2990;7;2781
9001435;701108;1072;1;7790;3;7556
9001436;701109;1008;1;55790;5;53000
9001437;701110;1075;1;2567;5;2439
9001438;701111;1041;1;50567;0;50567
9001439;701112;1040;1;34990;10;31491
9001440;701112;1049;1;52345;10;47111
9001441;701113;1079;1;1090;0;1090
9001442;701113;1040;1;35990;0;35990
9001443;701113;1053;1;33790;12;29735
9001444;701114;1042;1;19567;0;19567
9001445;701115;1065;1;1990;0;1990
9001446;701116;1094;1;2567;0;2567
9001447;701117;1015;1;21567;7;20057
9001448;701117;1081;1;2990;7;2781
9001449;701118;1023;1;24090;5;22886
9001450;701119;1082;1;3790;0;3790
9001451;701119;1019;1;25790;3;25016
9001452;701120;1087;1;1567;7;1457
9001453;701121;1073;1;18490;0;18490
9001454;701121;1064;1;1790;0;1790
9001455;701122;1031;1;18990;0;18990
9001456;701123;1093;1;572;7;532
9001457;701124;1088;1;3345;0;3345
9001458;701125;1019;1;24490;0;24490
9001459;701125;1084;2;5490;3;10651
9001460;701126;1028;1;77345;0;77345
9001461;701126;1009;1;79090;0;79090
9001462;701127;1074;1;12490;0;12490
9001463;701127;1036;1;65345;0;65345
9001464;701128;1058;1;12490;0;12490
9001465;701129;1053;1;32790;12;28855
9001466;701129;1001;1;72490;5;68866
9001467;701130;1082;1;3990;0;3990
9001468;701131;1004;1;99567;3;96580
9001469;701131;1077;1;882;12;776
9001470;701132;1058;1;11790;0;11790
9001471;701133;1007;1;64790;7;60255
9001472;701134;1078;1;700;5;665
9001473;701134;1065;1;1990;0;1990
9001474;701134;1015;1;21567;0;21567
9001475;701135;1079;1;1090;0;1090
9001476;701136;1059;1;3567;0;3567
9001477;701137;1016;1;35490;10;31941
9001478;701138;1019;1;24345;3;23615
9001479;701139;1062;1;9090;0;9090
9001480;701140;1072;1;8790;10;7911
9001481;701141;1058;1;11990;7;11151
9001482;701142;1050;1;6490;0;6490
9001483;701143;1084;1;5490;0;5490
9001484;701143;1090;1;1567;0;1567
9001485;701144;1061;1;3345;0;3345
9001486;701145;1039;1;67790;0;67790
9001487;701146;1062;1;10090;0;10090
9001488;701147;1065;1;1490;0;1490
9001489;701148;1054;1;25345;0;25345
9001490;701149;1064;2;1990;0;3980
9001491;701150;1041;1;49345;0;49345
9001492;701151;1048;1;44990;0;44990
9001493;701152;1080;1;3490;0;3490
9001494;701153;1025;1;38567;5;36639
9001495;701153;1034;1;110490;0;110490
9001496;701154;1067;1;17345;7;16131
9001497;701155;1025;1;38490;0;38490
9001498;701156;1077;1;898;3;871
9001499;701157;1066;1;12990;7;12081
9001500;701158;1067;1;17490;10;15741
9001501;701159;1060;1;10090;0;10090
9001502;701160;1022;1;18345;0;18345
9001503;701161;1083;1;2490;0;2490
9001504;701162;1079;1;1090;0;1090
9001505;701163;1055;1;12990;0;12990
9001506;701164;1030;1;19990;0;19990
9001507;701165;1001;1;72790;5;69150
9001508;701165;1087;1;1990;0;1990
9001509;701166;1065;1;1090;0;1090
9001510;701167;1031;1;18345;5;17428
9001511;701168;1015;1;21567;3;20920
9001512;701168;1078;1;688;0;688
9001513;701169;1076;1;2567;0;2567
9001514;701169;1035;1;57790;0;57790
9001515;701170;1076;2;1490;5;2831
9001516;701171;1017;1;22790;3;22106
9001517;701172;1004;1;100090;0;100090
9001518;701172;1081;1;1345;10;1211
9001519;701173;1017;1;23090;0;23090
9001520;701174;1084;1;4990;5;4740
9001521;701174;1012;1;35090;7;32634
9001522;701175;1046;1;35990;3;34910
9001523;701176;1066;1;11345;5;10778
9001524;701177;1035;1;56345;0;56345
9001525;701178;1010;1;110567;0;110567
9001526;701178;1081;1;1990;0;1990
9001527;701179;1003;1;82345;7;76581
9001528;701179;1084;1;5567;3;5400
9001529;701180;1069;1;6345;0;6345
9001530;701181;1037;1;69090;12;60799
9001531;701182;1004;1;100567;0;100567
9001532;701183;1084;1;5345;3;5185
9001533;701184;1029;1;27790;0;27790
9001534;701184;1083;1;2790;0;2790
9001535;701185;1087;1;1490;0;1490
9001536;701186;1041;1;50990;5;48440
9001537;701187;1076;1;1790;0;1790
9001538;701188;1071;1;7567;0;7567
9001539;701189;1013;1;74790;3;72546
9001540;701190;1071;1;7567;10;6810
9001541;701191;1094;1;2990;0;2990
9001542;701192;1002;1;85345;0;85345
9001543;701193;1042;1;19490;3;18905
9001544;701193;1007;1;65490;0;65490
9001545;701194;1023;1;24490;12;21551
9001546;701195;1039;1;68567;0;68567
9001547;701196;1024;1;27090;7;25194
9001548;701196;1089;1;1990;10;1791
9001549;701197;1086;1;4345;0;4345
9001550;701198;1081;1;1345;0;1345
9001551;701198;1035;1;57567;12;50659
9001552;701199;1066;1;11490;5;10916
9001553;701199;1024;1;26090;5;24786
9001554;701200;1046;1;35790;0;35790
9001555;701201;1086;1;4090;5;3886
9001556;701201;1065;1;1490;7;1386
9001557;701202;1022;1;19990;0;19990
9001558;701203;1015;1;21090;0;21090
9001559;701204;1028;1;77490;5;73616
9001560;701205;1019;1;25345;0;25345
9001561;701206;1050;1;7490;3;7265
9001562;701206;1091;1;793;7;737
9001563;701207;1011;1;42490;0;42490
9001564;701208;1081;1;1345;0;1345
9001565;701209;1027;1;28345;5;26928
9001566;701210;1054;1;24567;0;24567
9001567;701211;1022;1;18567;7;17267
9001568;701212;1027;1;27490;0;27490
9001569;701213;1070;1;14567;0;14567
9001570;701214;1072;1;8090;3;7847
9001571;701214;1011;1;43567;10;39210
9001572;701215;1091;2;801;0;1602
9001573;701216;1047;1;32790;10;29511
9001574;701217;1053;1;33490;5;31816
9001575;701218;1034;1;108790;0;108790
9001576;701219;1093;1;561;7;522
9001577;701219;1072;1;7990;0;7990
9001578;701220;1065;1;1567;3;1520
9001579;701221;1085;1;1090;0;1090
9001580;701221;1018;1;40345;7;37521
9001581;701222;1033;1;90490;5;85966
9001582;701222;1093;1;564;0;564
9001583;701223;1024;1;27090;7;25194
9001584;701223;1077;1;897;0;897
9001585;701224;1066;1;12090;0;12090
9001586;701224;1050;1;6345;0;6345
9001587;701225;1089;1;1567;5;1489
9001588;701226;1077;1;889;0;889
9001589;701227;1038;1;42790;0;42790
9001590;701227;1078;1;688;3;667
9001591;701228;1088;1;3090;0;3090
9001592;701229;1064;1;1345;5;1278
9001593;701230;1082;1;3790;3;3676
9001594;701231;1088;1;3090;3;2997
9001595;701232;1019;1;25990;0;25990
9001596;701233;1087;1;1990;0;1990
9001597;701234;1064;1;1345;5;1278
9001598;701235;1033;1;89090;0;89090
9001599;701236;1058;1;12790;0;12790
9001600;701237;1090;1;1790;5;1700
9001601;701238;1042;1;19490;0;19490
9001602;701239;1045;1;37790;7;35145
9001603;701240;1067;1;17490;0;17490
9001604;701241;1017;1;22090;0;22090
9001605;701242;1007;1;65490;12;57631
9001606;701242;1088;1;2790;0;2790
9001607;701243;1004;1;99790;3;96796
9001608;701244;1038;1;42990;10;38691
9001609;701245;1068;1;25790;12;22695
9001610;701246;1029;1;27567;12;24259
9001611;701247;1014;1;28567;7;26567
9001612;701248;1047;1;32090;0;32090
9001613;701249;1012;1;34567;0;34567
9001614;701250;1074;1;12790;3;12406
9001615;701251;1042;1;20090;7;18684
9001616;701251;1075;1;2345;3;2275
9001617;701251;1090;1;1345;0;1345
9001618;701252;1026;1;43490;0;43490
9001619;701253;1092;1;698;10;628
9001620;701254;1048;1;45790;0;45790
9001621;701254;1083;2;2990;0;5980
9001622;701255;1076;1;2567;7;2387
9001623;701256;1057;1;7790;10;7011
9001624;701257;1084;1;4790;0;4790
9001625;701257;1078;1;681;3;661
9001626;701257;1068;1;25345;12;22304
9001627;701258;1037;1;70567;0;70567
9001628;701259;1075;1;2790;7;2595
9001629;701260;1028;1;77567;7;72137
9001630;701261;1024;1;26990;0;26990
9001631;701261;1094;1;2345;0;2345
9001632;701262;1012;1;35090;0;35090
9001633;701263;1089;1;1345;3;1305
9001634;701264;1069;1;6490;10;5841
9001635;701265;1047;1;33345;3;32345
9001636;701266;1022;1;18990;0;18990
9001637;701267;1027;1;27790;0;27790
9001638;701268;1058;1;11345;10;10211
9001639;701269;1080;1;3345;3;3245
9001640;701270;1032;1;4990;0;4990
9001641;701271;1012;1;34790;0;34790
9001642;701271;1082;1;3345;0;3345
9001643;701272;1078;1;697;0;697
9001644;701273;1092;1;699;3;678
9001645;701274;1093;1;562;0;562
9001646;701275;1040;1;34090;3;33067
9001647;701276;1011;1;43790;0;43790
9001648;701277;1012;1;34567;10;31110
9001649;701278;1069;1;6990;7;6501
9001650;701279;1025;1;39090;5;37136
9001651;701279;1072;1;7090;7;6594
9001652;701280;1089;1;1090;0;1090
9001653;701281;1041;1;50990;3;49460
9001654;701282;1065;1;1990;5;1890
9001655;701283;1063;1;3490;0;3490
9001656;701283;1035;1;56490;7;52536
9001657;701283;1094;1;2567;0;2567
9001658;701284;1022;1;19345;5;18378
9001659;701285;1069;1;6345;5;6028
9001660;701286;1065;2;1490;0;2980
9001661;701287;1017;1;23490;0;23490
9001662;701288;1014;1;28567;12;25139
9001663;701289;1056;1;3790;7;3525
9001664;701290;1023;1;25790;10;23211
9001665;701291;1022;1;18090;10;16281
9001666;701292;1057;1;7345;0;7345
9001667;701292;1093;1;563;0;563
9001668;701293;1068;1;25990;7;24171
9001669;701294;1072;1;8490;0;8490
9001670;701295;1014;1;29990;10;26991
9001671;701296;1076;1;1790;10;1611
9001672;701297;1006;1;128567;5;122139
9001673;701297;1050;1;6090;5;5786
9001674;701298;1040;1;35567;7;33077
9001675;701299;1028;1;78090;5;74186
9001676;701299;1090;1;1567;7;1457
9001677;701300;1082;1;3345;0;3345
9001678;701301;1083;1;2567;0;2567
9001679;701301;1081;1;2490;0;2490
9001680;701302;1066;1;12345;10;11111
9001681;701303;1004;1;98990;5;94040
9001682;701304;1083;1;2345;0;2345
9001683;701304;1017;1;23345;10;21011
9001684;701305;1014;1;28345;0;28345
9001685;701306;1025;1;38345;0;38345
9001686;701307;1047;1;33490;7;31146
9001687;701308;1020;1;37345;3;36225
9001688;701309;1032;1;4990;0;4990
9001689;701309;1019;1;24990;10;22491
9001690;701310;1071;1;7090;3;6877
9001691;701311;1037;1;69345;0;69345
9001692;701312;1008;1;55090;12;48479
9001693;701313;1023;1;24345;5;23128
9001694;701313;1066;1;12345;7;11481
9001695;701313;1079;1;1990;7;1851
9001696;701314;1072;1;7090;0;7090
9001697;701315;1067;1;17345;5;16478
9001698;701316;1024;1;27790;12;24455
9001699;701317;1035;1;56345;0;56345
9001700;701318;1071;1;7345;0;7345
9001701;701319;1047;1;33567;3;32560
9001702;701319;1085;1;1345;0;1345
9001703;701320;1039;1;68345;10;61511
9001704;701321;1061;1;3990;0;3990
9001705;701321;1011;1;43090;3;41797
9001706;701322;1082;1;3790;0;3790
9001707;701323;1030;1;20490;10;18441
9001708;701324;1037;1;69345;0;69345
9001709;701325;1091;1;790;0;790
9001710;701326;1009;1;80990;0;80990
9001711;701327;1078;1;685;0;685
9001712;701327;1021;1;39567;0;39567
9001713;701328;1034;1;110567;10;99510
9001714;701329;1076;1;2490;0;2490
9001715;701330;1007;1;65567;5;62289
9001716;701331;1050;1;6490;7;6036
9001717;701332;1072;1;7790;5;7400
9001718;701333;1074;1;11090;0;11090
9001719;701333;1075;1;2990;0;2990
9001720;701334;1059;1;3790;3;3676
9001721;701335;1080;1;3790;10;3411
9001722;701335;1064;1;1567;0;1567
9001723;701336;1060;1;9090;0;9090
9001724;701337;1044;1;65790;10;59211
9001725;701338;1032;1;4345;3;4215
9001726;701339;1093;1;571;10;514
9001727;701340;1035;1;57567;0;57567
9001728;701340;1090;1;1345;0;1345
9001729;701341;1082;1;3990;7;3711
9001730;701342;1032;1;4090;10;3681
9001731;701343;1034;1;110567;3;107250
9001732;701344;1001;1;72345;0;72345
9001733;701345;1049;1;51345;0;51345
9001734;701346;1078;1;700;0;700
9001735;701346;1041;1;49090;0;49090
9001736;701347;1047;1;32345;3;31375
9001737;701348;1001;1;72490;5;68866
9001738;701349;1057;1;7345;12;6464
9001739;701349;1049;1;51990;7;48351
9001740;701350;1004;1;99345;10;89411
9001741;701351;1050;1;7790;7;7245
9001742;701352;1087;1;1567;3;1520
9001743;701353;1070;1;13790;0;13790
9001744;701353;1011;1;42090;12;37039
9001745;701353;1080;1;4567;5;4339
9001746;701354;1042;1;20790;7;19335
9001747;701355;1050;1;6990;5;6640
9001748;701355;1028;1;77790;5;73900
9001749;701355;1014;1;28490;0;28490
9001750;701356;1019;1;24567;3;23830
9001751;701357;1079;1;1090;0;1090
9001752;701358;1022;1;18567;3;18010
9001753;701359;1048;1;44567;0;44567
9001754;701360;1028;1;78490;5;74566
9001755;701361;1085;1;1345;0;1345
9001756;701362;1024;1;26345;0;26345
9001757;701363;1043;1;31567;0;31567
9001758;701364;1043;1;31345;10;28211
9001759;701365;1019;1;25090;0;25090
9001760;701365;1089;1;1090;5;1036
9001761;701365;1093;2;563;0;1126
9001762;701366;1070;1;14790;7;13755
9001763;701367;1086;1;4790;0;4790
9001764;701368;1028;1;78790;0;78790
9001765;701368;1031;1;18790;0;18790
9001766;701369;1020;1;37990;0;37990
9001767;701370;1049;1;51090;0;51090
9001768;701371;1003;1;83990;3;81470
9001769;701372;1064;2;1345;0;2690
9001770;701373;1015;1;21790;0;21790
9001771;701374;1057;1;7345;0;7345
9001772;701375;1004;1;99567;5;94589
9001773;701376;1014;1;28790;0;28790
9001774;701377;1012;1;34567;5;32839
9001775;701378;1066;1;12090;0;12090
9001776;701379;1047;1;33790;0;33790
9001777;701379;1092;1;693;3;672
9001778;701380;1009;1;80345;7;74721
9001779;701381;1018;1;39567;10;35610
9001780;701382;1050;1;6567;0;6567
9001781;701383;1048;1;45990;0;45990
9001782;701384;1073;1;18567;3;18010
9001783;701385;1023;1;25990;10;23391
9001784;701386;1027;1;27567;0;27567
9001785;701387;1071;1;7990;7;7431
9001786;701388;1073;1;19090;0;19090
9001787;701389;1087;1;1990;0;1990
9001788;701390;1035;1;56090;10;50481
9001789;701391;1068;1;24090;10;21681
9001790;701392;1065;2;1790;5;3401
9001791;701392;1031;1;18345;0;18345
9001792;701393;1062;1;9090;0;9090
9001793;701394;1064;1;1990;7;1851
9001794;701395;1087;2;1990;0;3980
9001795;701396;1037;1;70567;0;70567
9001796;701397;1071;1;7345;0;7345
9001797;701397;1075;1;2990;12;2631
9001798;701398;1065;1;1790;0;1790
9001799;701399;1056;1;3090;0;3090
9001800;701400;1022;1;18090;10;16281
9001801;701401;1070;1;14345;0;14345
9001802;701402;1036;1;64090;0;64090
9001803;701403;1026;1;42567;3;41290
9001804;701403;1084;1;5090;0;5090
9001805;701404;1048;1;44345;0;44345
9001806;701405;1050;1;7567;0;7567
9001807;701405;1079;1;1345;0;1345
9001808;701406;1049;1;51567;0;51567
9001809;701407;1073;1;18090;3;17547
9001810;701407;1025;1;39345;3;38165
9001811;701407;1071;1;7090;10;6381
9001812;701408;1091;1;784;0;784
9001813;701409;1071;1;7090;5;6736
9001814;701410;1015;1;21490;0;21490
9001815;701411;1083;1;2345;0;2345
9001816;701412;1011;1;43990;0;43990
9001817;701413;1022;1;19790;5;18800
9001818;701414;1038;1;41345;0;41345
9001819;701414;1089;1;1990;0;1990
9001820;701415;1046;1;34790;0;34790
9001821;701415;1024;1;27790;0;27790
9001822;701416;1010;1;108345;0;108345
9001823;701416;1027;1;27990;0;27990
9001824;701417;1011;1;43090;10;38781
9001825;701418;1093;1;566;0;566
9001826;701418;1023;1;25090;0;25090
9001827;701418;1085;1;1345;0;1345
9001828;701419;1017;1;23567;5;22389
9001829;701420;1016;1;35090;0;35090
9001830;701421;1012;1;34790;7;32355
9001831;701422;1094;1;2090;0;2090
9001832;701423;1016;1;36567;0;36567
9001833;701424;1012;1;34567;12;30419
9001834;701425;1065;2;1790;0;3580
9001835;701426;1013;1;74990;3;72740
9001836;701427;1034;1;108490;0;108490
9001837;701428;1050;1;7567;5;7189
9001838;701428;1091;1;781;0;781
9001839;701429;1070;1;13567;0;13567
9001840;701430;1077;1;897;3;870
9001841;701431;1030;1;20345;0;20345
9001842;701431;1038;1;42345;0;42345
9001843;701432;1077;1;894;7;831
9001844;701433;1039;1;67790;0;67790
9001845;701434;1069;1;6345;3;6155
9001846;701434;1077;1;894;3;867
9001847;701435;1075;1;2790;0;2790
9001848;701436;1030;1;20567;0;20567
9001849;701436;1045;1;37090;0;37090
9001850;701437;1056;1;3990;0;3990
9001851;701438;1066;1;11567;0;11567
9001852;701439;1091;1;796;10;716
9001853;701440;1043;1;32790;0;32790
9001854;701441;1003;1;81567;0;81567
9001855;701442;1028;1;77790;0;77790
9001856;701443;1081;1;1990;0;1990
9001857;701444;1010;1;109090;10;98181
9001858;701445;1014;1;28090;5;26686
9001859;701446;1071;1;7990;12;7031
9001860;701447;1017;1;22345;5;21228
9001861;701447;1089;1;1567;7;1457
9001862;701448;1009;1;79990;0;79990
9001863;701448;1076;1;1345;0;1345
9001864;701449;1013;1;75490;5;71716
9001865;701450;1041;1;49345;5;46878
9001866;701451;1031;1;18790;0;18790
9001867;701452;1001;1;73090;7;67974
9001868;701452;1021;1;39790;3;38596
9001869;701453;1074;1;11090;5;10536
9001870;701453;1091;1;778;12;685
9001871;701454;1032;1;4790;5;4550
9001872;701455;1024;1;27345;0;27345
9001873;701456;1046;1;35490;5;33716
9001874;701457;1085;1;1990;0;1990
9001875;701458;1077;1;902;7;839
9001876;701459;1085;1;1790;5;1700
9001877;701460;1019;1;25567;3;24800
9001878;701461;1012;1;34345;0;34345
9001879;701462;1050;1;7090;10;6381
9001880;701463;1040;1;34790;3;33746
9001881;701464;1082;1;3490;5;3316
9001882;701465;1019;1;24790;12;21815
9001883;701466;1004;1;100345;0;100345
9001884;701467;1020;1;38490;5;36566
9001885;701467;1076;1;1790;5;1700
9001886;701468;1093;1;574;5;545
9001887;701469;1010;1;108090;0;108090
9001888;701469;1094;1;2345;3;2275
9001889;701470;1062;1;9345;0;9345
9001890;701471;1018;1;39490;7;36726
9001891;701472;1023;1;25345;3;24585
9001892;701473;1089;2;1990;5;3781
9001893;701474;1060;1;9090;10;8181
9001894;701475;1078;1;693;0;693
9001895;701475;1032;2;4990;12;8782
9001896;701475;1083;1;2490;5;2366
9001897;701476;1001;1;73790;0;73790
9001898;701477;1048;1;44567;3;43230
9001899;701478;1031;1;18990;0;18990
9001900;701479;1022;1;19490;0;19490
9001901;701479;1078;2;686;0;1372
9001902;701480;1071;1;7345;7;6831
9001903;701481;1090;1;1490;0;1490
9001904;701482;1066;1;11567;0;11567
9001905;701483;1094;1;2345;3;2275
9001906;701484;1094;1;2567;10;2310
9001907;701485;1040;1;35567;10;32010
9001908;701486;1024;1;26090;0;26090
9001909;701486;1093;2;564;5;1072
9001910;701486;1077;1;893;3;866
9001911;701487;1050;1;6090;0;6090
9001912;701488;1013;1;75567;0;75567
9001913;701489;1045;1;37345;0;37345
9001914;701490;1075;1;2990;3;2900
9001915;701490;1010;1;108490;0;108490
9001916;701491;1017;1;22567;10;20310
9001917;701492;1088;2;3490;0;6980
9001918;701492;1047;1;32090;5;30486
9001919;701493;1003;1;83490;7;77646
9001920;701494;1028;1;77567;0;77567
9001921;701495;1028;1;77790;0;77790
9001922;701495;1074;1;11490;0;11490
9001923;701496;1066;1;11990;0;11990
9001924;701497;1077;1;891;0;891
9001925;701498;1046;1;34345;0;34345
9001926;701499;1042;1;19790;0;19790
9001927;701500;1086;1;4990;0;4990
9001928;701501;1028;1;78790;0;78790
9001929;701502;1071;1;7567;0;7567
9001930;701502;1038;1;41567;0;41567
9001931;701502;1082;1;3490;3;3385
9001932;701503;1053;1;32490;5;30866
9001933;701504;1067;1;18490;0;18490
9001934;701504;1007;1;65090;10;58581
9001935;701504;1005;1;111490;5;105916
9001936;701505;1031;1;18990;0;18990
9001937;701506;1059;1;4567;3;4430
9001938;701507;1033;1;89790;0;89790
9001939;701508;1022;1;18490;0;18490
9001940;701509;1085;1;1790;0;1790
9001941;701510;1050;1;6345;7;5901
9001942;701510;1086;1;4567;0;4567
9001943;701510;1092;1;680;0;680
9001944;701511;1092;1;688;5;654
9001945;701512;1004;1;99990;7;92991
9001946;701512;1089;1;1345;5;1278
9001947;701513;1073;1;19990;0;19990
9001948;701514;1016;1;35790;0;35790
9001949;701514;1089;1;1090;0;1090
9001950;701515;1019;1;24345;5;23128
9001951;701516;1064;1;1345;0;1345
9001952;701517;1038;1;42345;3;41075
9001953;701518;1078;1;700;0;700
9001954;701519;1070;1;14790;0;14790
9001955;701520;1045;1;37567;0;37567
9001956;701521;1016;1;35490;0;35490
9001957;701522;1016;1;35345;0;35345
9001958;701523;1050;1;6490;0;6490
9001959;701523;1094;1;2790;7;2595
9001960;701524;1064;1;1990;3;1930
9001961;701525;1012;1;34990;12;30791
9001962;701526;1009;1;80790;7;75135
9001963;701527;1076;1;1090;12;959
9001964;701528;1073;1;18790;5;17850
9001965;701529;1049;1;52090;3;50527
9001966;701530;1050;1;6990;0;6990
9001967;701530;1080;1;4090;0;4090
9001968;701530;1089;1;1490;3;1445
9001969;701531;1038;1;42990;0;42990
9001970;701532;1075;1;2345;0;2345
9001971;701533;1062;1;9790;10;8811
9001972;701534;1010;1;110990;0;110990
9001973;701535;1071;1;7567;0;7567
9001974;701536;1054;1;25345;0;25345
9001975;701537;1015;1;21790;0;21790
9001976;701538;1031;1;18790;10;16911
9001977;701538;1041;1;49490;0;49490
9001978;701539;1056;1;3345;5;3178
9001979;701539;1057;1;7090;12;6239
9001980;701540;1074;1;11490;10;10341
9001981;701541;1075;1;2990;10;2691
9001982;701541;1064;1;1567;3;1520
9001983;701541;1068;1;25090;0;25090
9001984;701542;1025;1;38567;3;37410
9001985;701543;1091;1;782;5;743
9001986;701544;1071;1;7090;0;7090
9001987;701545;1071;1;7490;0;7490
9001988;701546;1042;1;20345;5;19328
9001989;701546;1008;1;55567;5;52789
9001990;701547;1031;1;18567;5;17639
9001991;701548;1058;1;11090;3;10757
9001992;701549;1006;1;128790;0;128790
9001993;701550;1071;1;7567;0;7567
9001994;701551;1083;1;2567;10;2310
9001995;701552;1094;1;2990;5;2840
9001996;701553;1042;1;19567;7;18197
9001997;701553;1084;1;4990;0;4990
9001998;701553;1031;1;18090;0;18090
9001999;701554;1071;1;7490;5;7116
9002000;701555;1035;1;56567;0;56567
9002001;701555;1047;1;32490;7;30216
9002002;701556;1015;1;21790;7;20265
9002003;701557;1003;1;82345;5;78228
9002004;701558;1078;1;681;0;681
9002005;701559;1056;1;3567;0;3567
9002006;701560;1065;1;1790;0;1790
9002007;701561;1087;1;1990;0;1990
9002008;701562;1063;1;4567;3;4430
9002009;701563;1087;2;1090;3;2115
9002010;701564;1016;1;36090;0;36090
9002011;701565;1090;1;1567;0;1567
9002012;701566;1049;1;52345;0;52345
9002013;701566;1085;1;1345;10;1211
9002014;701567;1024;1;26567;5;25239
9002015;701568;1029;1;27567;10;24810
9002016;701569;1078;1;683;10;615
9002017;701570;1030;1;20490;5;19466
9002018;701571;1002;1;85345;0;85345
9002019;701572;1037;1;70790;0;70790
9002020;701573;1003;1;83990;0;83990
9002021;701574;1002;1;84990;10;76491
9002022;701574;1032;1;4790;0;4790
9002023;701575;1034;1;109990;0;109990
9002024;701576;1072;1;7090;0;7090
9002025;701577;1071;1;7345;0;7345
9002026;701578;1091;1;781;0;781
9002027;701579;1094;2;2090;0;4180
9002028;701580;1004;1;98490;3;95535
9002029;701581;1063;1;3490;3;3385
9002030;701582;1050;1;6490;7;6036
9002031;701583;1051;1;28790;0;28790
9002032;701584;1006;1;127567;5;121189
9002033;701585;1089;1;1790;7;1665
9002034;701586;1020;1;38990;7;36261
9002035;701586;1087;1;1990;3;1930
9002036;701586;1082;1;3990;0;3990
9002037;701587;1074;1;12990;10;11691
9002038;701588;1001;1;72790;10;65511
9002039;701589;1071;1;7790;7;7245
9002040;701590;1094;1;2090;12;1839
9002041;701591;1048;1;45345;3;43985
9002042;701592;1026;1;42567;0;42567
9002043;701593;1015;1;21090;5;20036
9002044;701594;1082;2;3090;12;5438
9002045;701594;1011;1;43567;0;43567
9002046;701595;1074;1;12090;12;10639
9002047;701596;1024;1;26567;5;25239
9002048;701597;1085;1;1345;0;1345
9002049;701598;1015;1;21990;7;20451
9002050;701599;1074;1;12345;0;12345
9002051;701600;1086;1;4090;0;4090
9002052;701601;1023;1;25490;0;25490
9002053;701601;1075;1;2490;12;2191
9002054;701602;1082;1;3790;0;3790
9002055;701602;1008;1;55490;5;52716
9002056;701603;1032;1;4790;0;4790
9002057;701604;1017;1;23090;0;23090
9002058;701605;1036;1;64990;0;64990
9002059;701606;1068;1;25090;0;25090
9002060;701606;1032;1;4090;0;4090
9002061;701607;1093;1;573;0;573
9002062;701608;1079;1;1490;5;1416
9002063;701609;1024;1;27490;0;27490
9002064;701610;1077;1;885;3;858
9002065;701611;1034;1;110345;5;104828
9002066;701612;1058;1;11490;0;11490
9002067;701613;1063;1;4490;7;4176
9002068;701613;1050;1;7090;0;7090
9002069;701614;1073;1;18790;0;18790
9002070;701615;1071;1;7090;0;7090
9002071;701616;1012;1;34990;12;30791
9002072;701616;1087;1;1567;0;1567
9002073;701617;1011;1;42567;3;41290
9002074;701618;1015;1;21567;0;21567
9002075;701619;1062;1;10990;10;9891
9002076;701620;1039;1;68345;10;61511
9002077;701621;1009;1;80790;12;71095
9002078;701622;1041;1;50567;10;45510
9002079;701622;1081;1;1567;7;1457
9002080;701623;1058;1;12790;0;12790
9002081;701624;1083;1;2345;0;2345
9002082;701625;1077;1;895;12;788
9002083;701625;1087;1;1490;0;1490
9002084;701626;1002;1;86990;0;86990
9002085;701627;1056;1;3990;5;3790
9002086;701628;1052;1;40990;0;40990
9002087;701628;1075;1;2345;0;2345
9002088;701629;1067;1;18567;0;18567
9002089;701630;1022;1;18990;0;18990
9002090;701631;1074;1;12990;7;12081
9002091;701632;1038;1;41990;3;40730
9002092;701633;1059;1;3490;0;3490
9002093;701634;1043;1;31490;0;31490
9002094;701635;1048;1;45567;10;41010
9002095;701635;1089;1;1990;0;1990
9002096;701636;1087;1;1567;0;1567
9002097;701636;1003;1;83090;0;83090
9002098;701637;1002;1;83790;0;83790
9002099;701638;1077;1;885;10;797
9002100;701639;1015;1;21490;3;20845
9002101;701639;1093;1;570;5;542
9002102;701640;1024;1;26990;0;26990
9002103;701640;1092;1;684;0;684
9002104;701641;1066;1;11567;10;10410
9002105;701642;1029;1;27790;12;24455
9002106;701643;1027;1;28490;0;28490
9002107;701643;1054;1;25345;0;25345
9002108;701644;1041;1;49790;10;44811
9002109;701645;1067;1;17567;0;17567
9002110;701646;1067;1;18490;12;16271
9002111;701646;1036;1;64790;10;58311
9002112;701647;1073;1;18790;0;18790
9002113;701648;1032;2;4090;7;7607
9002114;701649;1038;1;42490;5;40366
9002115;701650;1074;1;11790;0;11790
9002116;701651;1005;1;113567;0;113567
9002117;701652;1063;1;3345;0;3345
9002118;701653;1042;1;19090;0;19090
9002119;701654;1074;1;12490;0;12490
9002120;701655;1071;1;7990;5;7590
9002121;701656;1022;1;19567;0;19567
9002122;701656;1020;1;37490;12;32991
9002123;701656;1073;1;18090;0;18090
9002124;701657;1037;1;69090;0;69090
9002125;701658;1040;1;34345;0;34345
9002126;701659;1072;1;8990;0;8990
9002127;701660;1007;1;64790;0;64790
9002128;701660;1034;1;110490;0;110490
9002129;701661;1010;1;111990;5;106390
9002130;701662;1032;1;4090;0;4090
9002131;701663;1014;1;29990;0;29990
9002132;701664;1022;1;19790;0;19790
9002133;701665;1021;1;39790;0;39790
9002134;701666;1043;1;32090;0;32090
9002135;701667;1078;1;689;3;668
9002136;701667;1089;1;1990;5;1890
9002137;701667;1041;1;50090;3;48587
9002138;701668;1073;1;19090;7;17754
9002139;701669;1060;1;10567;0;10567
9002140;701670;1056;1;3790;5;3600
9002141;701671;1060;1;10567;0;10567
9002142;701672;1072;1;7490;0;7490
9002143;701672;1064;1;1345;12;1184
9002144;701673;1008;1;56790;10;51111
9002145;701674;1032;2;4490;0;8980
9002146;701675;1033;1;90345;0;90345
9002147;701676;1034;1;108790;0;108790
9002148;701677;1056;2;3567;0;7134
9002149;701678;1014;1;28490;0;28490
9002150;701679;1040;1;35345;0;35345
9002151;701680;1071;1;7345;0;7345
9002152;701680;1059;1;3990;0;3990
9002153;701681;1047;1;32490;10;29241
9002154;701682;1020;1;37490;10;33741
9002155;701683;1020;1;38567;5;36639
9002156;701684;1049;1;52567;5;49939
9002157;701685;1036;1;64790;12;57015
9002158;701686;1078;1;693;12;610
9002159;701687;1048;1;44345;3;43015
9002160;701687;1083;1;2490;3;2415
9002161;701687;1091;1;798;12;702
9002162;701688;1042;1;19567;10;17610
9002163;701689;1053;1;32567;5;30939
9002164;701690;1016;1;35345;3;34285
9002165;701691;1028;1;77567;0;77567
9002166;701692;1030;1;19490;0;19490
9002167;701693;1023;1;24790;0;24790
9002168;701693;1093;1;571;5;542
9002169;701694;1021;1;40490;7;37656
9002170;701694;1088;1;3345;0;3345
9002171;701695;1004;1;99790;12;87815
9002172;701696;1034;1;109790;5;104300
9002173;701697;1080;1;4790;0;4790
9002174;701698;1034;1;110790;10;99711
9002175;701698;1089;1;1490;0;1490
9002176;701699;1018;1;40567;0;40567
9002177;701700;1093;1;568;12;500
9002178;701700;1032;2;4567;5;8677
9002179;701700;1036;1;64345;5;61128
9002180;701701;1043;1;32090;0;32090
9002181;701702;1011;1;42490;7;39516
9002182;701703;1089;1;1567;0;1567
9002183;701703;1074;1;11790;0;11790
9002184;701703;1022;1;18790;12;16535
9002185;701704;1002;1;85090;3;82537
9002186;701705;1049;1;51490;10;46341
9002187;701706;1088;1;2567;10;2310
9002188;701707;1033;1;88990;0;88990
9002189;701708;1038;1;42990;7;39981
9002190;701708;1078;1;682;0;682
9002191;701709;1085;1;1790;10;1611
9002192;701710;1063;1;3090;7;2874
9002193;701711;1039;1;68090;0;68090
9002194;701712;1050;1;7990;0;7990
9002195;701713;1071;1;7490;5;7116
9002196;701714;1016;1;35345;0;35345
9002197;701715;1040;1;34090;7;31704
9002198;701716;1045;1;37790;0;37790
9002199;701717;1067;1;18345;0;18345
9002200;701718;1047;1;33490;3;32485
9002201;701719;1090;1;1345;0;1345
9002202;701720;1064;1;1345;0;1345
9002203;701721;1039;1;68990;0;68990
9002204;701722;1046;1;34490;0;34490
9002205;701723;1076;2;1090;7;2027
9002206;701723;1034;1;109567;0;109567
9002207;701723;1070;1;13790;0;13790
9002208;701724;1005;1;113790;0;113790
9002209;701725;1001;1;72345;0;72345
9002210;701726;1087;1;1490;10;1341
9002211;701727;1070;1;14567;0;14567
9002212;701728;1078;1;682;3;662
9002213;701728;1018;1;39790;0;39790
9002214;701729;1047;1;33790;0;33790
9002215;701730;1087;1;1990;0;1990
9002216;701731;1030;1;19567;0;19567
9002217;701732;1065;1;1490;10;1341
9002218;701733;1007;1;65790;0;65790
9002219;701734;1049;1;52990;0;52990
9002220;701735;1036;1;64990;0;64990
9002221;701736;1024;1;27090;7;25194
9002222;701737;1068;1;24990;0;24990
9002223;701738;1027;1;27790;3;26956
9002224;701739;1075;1;2567;0;2567
9002225;701740;1055;1;13567;5;12889
9002226;701741;1069;1;6345;0;6345
9002227;701742;1009;1;78790;0;78790
9002228;701743;1069;1;6345;3;6155
9002229;701744;1072;1;8990;10;8091
9002230;701745;1008;1;56990;5;54140
9002231;701745;1077;1;884;12;778
9002232;701746;1012;1;35567;5;33789
9002233;701747;1059;1;4990;0;4990
9002234;701747;1025;1;39567;5;37589
9002235;701748;1050;1;7790;0;7790
9002236;701749;1015;1;21567;3;20920
9002237;701750;1091;1;782;10;704
9002238;701751;1078;1;696;0;696
9002239;701752;1045;1;37790;5;35900
9002240;701753;1056;1;3490;0;3490
9002241;701754;1050;1;7090;0;7090
9002242;701755;1070;1;13490;10;12141
9002243;701755;1019;1;24790;5;23550
9002244;701756;1055;1;13345;0;13345
9002245;701756;1061;1;3790;0;3790
9002246;701757;1081;1;1345;3;1305
9002247;701758;1005;1;112790;0;112790
9002248;701759;1071;1;7567;10;6810
9002249;701760;1005;1;112990;7;105081
9002250;701761;1071;1;7567;7;7037
9002251;701762;1032;1;4567;0;4567
9002252;701763;1062;1;10990;0;10990
9002253;701764;1032;1;4990;5;4740
9002254;701765;1050;1;6090;0;6090
9002255;701765;1046;1;35090;3;34037
9002256;701766;1031;1;18090;0;18090
9002257;701767;1067;1;18345;3;17795
9002258;701768;1074;1;11990;10;10791
9002259;701769;1018;1;40345;0;40345
9002260;701770;1076;2;1990;0;3980
9002261;701771;1007;1;64345;0;64345
9002262;701771;1094;1;2490;0;2490
9002263;701772;1066;1;12790;0;12790
9002264;701773;1093;1;562;10;506
9002265;701774;1083;1;2567;10;2310
9002266;701775;1070;1;13790;5;13100
9002267;701775;1068;1;25090;7;23334
9002268;701775;1028;1;78790;0;78790
9002269;701776;1077;1;900;5;855
9002270;701777;1030;1;20490;0;20490
9002271;701778;1085;1;1345;0;1345
9002272;701778;1091;1;789;0;789
9002273;701779;1047;1;33790;10;30411
9002274;701780;1030;1;19490;5;18516
9002275;701781;1040;1;35090;0;35090
9002276;701781;1075;1;2567;3;2490
9002277;701782;1078;2;687;10;1237
9002278;701783;1068;1;25790;5;24500
9002279;701783;1013;1;75567;0;75567
9002280;701784;1026;1;42345;12;37264
9002281;701784;1046;1;34090;0;34090
9002282;701784;1033;1;89090;5;84636
9002283;701785;1003;1;84490;0;84490
9002284;701786;1050;1;7345;3;7125
9002285;701787;1081;1;2345;0;2345
9002286;701788;1036;1;64090;0;64090
9002287;701789;1048;1;44990;0;44990
9002288;701790;1042;1;20567;5;19539
9002289;701791;1018;1;39490;12;34751
9002290;701792;1023;1;25345;0;25345
9002291;701793;1004;1;101345;10;91211
9002292;701793;1085;1;1990;5;1890
9002293;701794;1074;1;11567;0;11567
9002294;701794;1008;1;55990;5;53190
9002295;701795;1035;1;56345;5;53528
9002296;701795;1090;1;1790;0;1790
9002297;701796;1041;1;49567;5;47089
9002298;701797;1038;1;42490;5;40366
9002299;701797;1086;1;4090;0;4090
9002300;701797;1075;1;2345;7;2181
9002301;701798;1077;1;893;0;893
9002302;701799;1093;1;560;0;560
9002303;701800;1007;1;65790;0;65790
9002304;701801;1028;1;77090;10;69381
9002305;701802;1074;1;11490;10;10341
9002306;701803;1040;1;34790;0;34790
9002307;701803;1079;1;1490;0;1490
9002308;701804;1050;1;7090;0;7090
9002309;701805;1025;1;39345;5;37378
9002310;701805;1035;1;56790;3;55086
9002311;701806;1032;1;4990;0;4990
9002312;701807;1025;1;38490;0;38490
9002313;701808;1064;1;1490;12;1311
9002314;701808;1017;1;22490;0;22490
9002315;701809;1082;1;3990;0;3990
9002316;701810;1007;1;64490;12;56751
9002317;701811;1066;1;11990;0;11990
9002318;701812;1040;1;35090;0;35090
9002319;701812;1090;1;1490;0;1490
9002320;701813;1004;1;101090;0;101090
9002321;701814;1032;1;4345;7;4041
9002322;701815;1007;1;65790;0;65790
9002323;701816;1092;1;686;7;638
9002324;701816;1077;1;892;3;865
9002325;701817;1084;2;4990;0;9980
9002326;701817;1007;1;65345;10;58811
9002327;701818;1038;1;42345;3;41075
9002328;701819;1035;1;57345;0;57345
9002329;701819;1091;1;789;3;765
9002330;701820;1079;1;1490;0;1490
9002331;701821;1085;1;1490;5;1416
9002332;701822;1077;1;899;0;899
9002333;701823;1075;1;2790;10;2511
9002334;701824;1057;1;7990;0;7990
9002335;701825;1039;1;67090;3;65077
9002336;701826;1093;1;566;0;566
9002337;701827;1026;1;42345;0;42345
9002338;701828;1014;1;29090;0;29090
9002339;701828;1093;1;570;3;553
9002340;701829;1054;1;25567;5;24289
9002341;701830;1048;1;45490;0;45490
9002342;701831;1070;1;13790;7;12825
9002343;701832;1093;1;571;7;531
9002344;701832;1025;1;39490;0;39490
9002345;701833;1070;1;13990;0;13990
9002346;701834;1043;1;32567;12;28659
9002347;701834;1029;1;27990;0;27990
9002348;701835;1074;1;11490;3;11145
9002349;701836;1062;1;9567;5;9089
9002350;701837;1003;1;83567;0;83567
9002351;701838;1076;2;1345;0;2690
9002352;701839;1077;1;901;0;901
9002353;701840;1088;1;2345;0;2345
9002354;701841;1072;1;8090;5;7686
9002355;701842;1079;1;1790;5;1700
9002356;701842;1066;1;11990;3;11630
9002357;701843;1069;1;6990;3;6780
9002358;701844;1040;1;35990;5;34190
9002359;701845;1071;1;7490;7;6966
9002360;701846;1040;1;34090;0;34090
9002361;701847;1026;1;42567;0;42567
9002362;701848;1085;1;1790;0;1790
9002363;701849;1043;1;31990;3;31030
9002364;701850;1070;1;14790;0;14790
9002365;701851;1010;1;110090;7;102384
9002366;701851;1090;1;1990;12;1751
9002367;701851;1032;1;4990;7;4641
9002368;701852;1036;1;65990;7;61371
9002369;701852;1092;1;696;0;696
9002370;701853;1078;2;685;5;1302
9002371;701854;1047;1;33490;0;33490
9002372;701854;1078;1;689;0;689
9002373;701855;1082;1;3790;0;3790
9002374;701855;1042;1;19990;12;17591
9002375;701855;1029;1;26990;5;25640
9002376;701856;1043;1;31490;0;31490
9002377;701856;1085;2;1790;10;3222
9002378;701857;1070;1;13090;0;13090
9002379;701857;1090;1;1567;7;1457
9002380;701857;1053;1;32567;3;31590
9002381;701858;1067;1;17567;5;16689
9002382;701859;1055;1;12490;5;11866
9002383;701860;1010;1;110490;3;107175
9002384;701861;1077;2;882;0;1764
9002385;701862;1091;1;798;0;798
9002386;701863;1075;1;2345;0;2345
9002387;701864;1027;1;27567;10;24810
9002388;701865;1006;1;127990;0;127990
9002389;701866;1073;1;19990;0;19990
9002390;701867;1075;1;2990;5;2840
9002391;701868;1010;1;110490;7;102756
9002392;701869;1091;1;793;7;737
9002393;701870;1091;2;787;0;1574
9002394;701871;1050;1;7990;7;7431
9002395;701872;1013;1;74790;0;74790
9002396;701872;1085;1;1990;0;1990
9002397;701872;1077;1;898;0;898
9002398;701873;1002;1;85567;0;85567
9002399;701874;1090;1;1567;10;1410
9002400;701874;1036;1;64490;0;64490
9002401;701875;1022;1;18567;7;17267
9002402;701875;1091;1;797;0;797
9002403;701875;1092;1;694;10;625
9002404;701876;1085;2;1567;3;3040
9002405;701877;1033;1;89090;0;89090
9002406;701878;1081;1;2345;12;2064
9002407;701879;1025;1;39990;7;37191
9002408;701880;1073;1;18567;10;16710
9002409;701881;1034;1;110090;0;110090
9002410;701881;1088;1;3990;3;3870
9002411;701882;1069;1;6490;5;6166
9002412;701882;1087;1;1490;0;1490
9002413;701883;1001;1;73567;0;73567
9002414;701884;1071;1;7090;0;7090
9002415;701885;1056;1;3090;0;3090
9002416;701886;1005;1;111567;7;103757
9002417;701887;1054;1;25345;0;25345
9002418;701888;1027;1;27490;5;26116
9002419;701889;1071;1;7567;3;7340
9002420;701890;1066;1;11567;0;11567
9002421;701891;1059;1;4990;0;4990
9002422;701892;1024;1;27090;0;27090
9002423;701892;1078;1;698;7;649
9002424;701893;1043;1;31990;0;31990
9002425;701894;1050;1;7490;7;6966
9002426;701895;1038;1;42090;3;40827
9002427;701896;1011;1;42090;0;42090
9002428;701897;1031;1;18345;0;18345
9002429;701898;1005;1;113567;0;113567
9002430;701899;1079;1;1790;0;1790
9002431;701899;1059;1;3990;3;3870
9002432;701899;1014;1;28345;7;26361
9002433;701900;1008;1;56490;0;56490
9002434;701901;1030;1;19090;3;18517
9002435;701902;1067;1;18790;0;18790
9002436;701902;1041;1;50790;5;48250
9002437;701903;1078;1;699;0;699
9002438;701904;1040;1;34790;10;31311
9002439;701904;1094;1;2090;0;2090
9002440;701905;1051;1;27345;5;25978
9002441;701906;1080;1;4790;0;4790
9002442;701907;1031;1;18490;3;17935
9002443;701908;1037;1;69990;0;69990
9002444;701909;1072;1;7490;0;7490
9002445;701910;1029;1;26345;5;25028
9002446;701911;1072;1;7345;0;7345
9002447;701912;1040;1;35490;0;35490
9002448;701913;1012;1;35090;5;33336
9002449;701914;1032;1;4567;5;4339
9002450;701915;1066;1;12990;7;12081
9002451;701916;1038;1;41345;0;41345
9002452;701917;1041;1;50990;3;49460
9002453;701917;1081;1;2090;7;1944
9002454;701918;1005;1;112567;0;112567
9002455;701919;1094;1;2567;0;2567
9002456;701919;1032;1;4567;0;4567
9002457;701919;1031;1;18790;0;18790
9002458;701920;1001;1;73990;0;73990
9002459;701920;1044;1;65990;0;65990
9002460;701921;1002;1;85090;0;85090
9002461;701921;1090;1;1345;0;1345
9002462;701922;1081;1;1345;0;1345
9002463;701923;1014;1;29345;0;29345
9002464;701924;1014;1;29990;5;28490
9002465;701925;1071;1;7790;10;7011
9002466;701925;1061;1;3090;0;3090
9002467;701926;1021;1;40345;0;40345
9002468;701926;1041;1;49345;0;49345
9002469;701927;1068;1;25790;0;25790
9002470;701928;1050;1;7345;0;7345
9002471;701929;1001;1;73345;0;73345
9002472;701930;1027;1;28345;7;26361
9002473;701931;1014;1;29790;0;29790
9002474;701932;1011;1;42490;5;40366
9002475;701933;1067;1;18090;7;16824
9002476;701934;1077;1;886;0;886
9002477;701934;1030;1;19345;3;18765
9002478;701935;1032;1;4090;0;4090
9002479;701936;1008;1;56090;10;50481
9002480;701937;1059;1;4567;0;4567
9002481;701937;1089;1;1790;5;1700
9002482;701938;1015;1;21790;10;19611
9002483;701939;1021;1;39490;3;38305
9002484;701939;1082;2;3990;3;7741
9002485;701940;1069;1;6490;3;6295
9002486;701940;1025;1;38790;12;34135
9002487;701940;1043;1;32345;10;29111
9002488;701941;1020;1;37345;7;34731
9002489;701942;1081;2;1345;10;2421
9002490;701943;1029;1;26790;0;26790
9002491;701944;1019;1;25490;10;22941
9002492;701944;1078;1;695;5;660
9002493;701945;1006;1;125090;0;125090
9002494;701946;1018;1;39090;0;39090
9002495;701947;1058;1;11567;3;11220
9002496;701948;1089;1;1345;7;1251
9002497;701949;1020;1;37567;0;37567
9002498;701949;1091;2;784;5;1490
9002499;701950;1039;1;67490;7;62766
9002500;701951;1074;1;11990;10;10791
9002501;701952;1028;1;77345;0;77345
9002502;701953;1064;1;1990;3;1930
9002503;701954;1085;1;1990;0;1990
9002504;701955;1058;1;12567;10;11310
9002505;701956;1050;1;6790;5;6450
9002506;701957;1004;1;98567;5;93639
9002507;701958;1012;1;34345;3;33315
9002508;701959;1093;1;562;0;562
9002509;701960;1067;1;18790;0;18790
9002510;701960;1069;1;6567;12;5779
9002511;701961;1035;1;56490;0;56490
9002512;701962;1006;1;128567;0;128567
9002513;701962;1078;1;699;0;699
9002514;701963;1092;1;687;5;653
9002515;701963;1065;1;1790;3;1736
9002516;701964;1050;1;7490;0;7490
9002517;701965;1019;1;24345;3;23615
9002518;701966;1077;1;882;3;856
9002519;701967;1094;1;2090;0;2090
9002520;701968;1091;1;788;7;733
9002521;701969;1069;1;6567;3;6370
9002522;701970;1047;1;33567;0;33567
9002523;701971;1073;1;18790;3;18226
9002524;701972;1074;1;11990;7;11151
9002525;701973;1028;1;79090;10;71181
9002526;701974;1011;1;43090;7;40074
9002527;701974;1027;1;27090;5;25736
9002528;701975;1014;1;29090;10;26181
9002529;701976;1078;1;688;0;688
9002530;701977;1042;1;19490;5;18516
9002531;701978;1046;1;34490;3;33455
9002532;701979;1037;1;70090;5;66586
9002533;701979;1085;1;1345;12;1184
9002534;701980;1001;1;72790;3;70606
9002535;701981;1029;1;27345;0;27345
9002536;701982;1020;1;37790;7;35145
9002537;701983;1042;1;19490;0;19490
9002538;701983;1078;2;681;0;1362
9002539;701984;1025;1;38990;3;37820
9002540;701985;1031;1;18990;5;18040
9002541;701985;1037;1;69490;0;69490
9002542;701986;1072;1;7345;0;7345
9002543;701987;1044;1;65090;0;65090
9002544;701988;1011;1;42090;5;39986
9002545;701989;1070;1;14090;12;12399
9002546;701990;1015;1;21790;5;20700
9002547;701991;1050;1;7567;0;7567
9002548;701992;1024;1;27490;10;24741
9002549;701993;1075;1;2090;10;1881
9002550;701994;1080;1;3990;0;3990
9002551;701995;1062;1;9567;0;9567
9002552;701996;1007;1;64790;0;64790
9002553;701996;1092;1;684;5;650
9002554;701997;1021;1;39490;10;35541
9002555;701998;1027;1;28345;0;28345
9002556;701998;1024;1;26990;0;26990
9002557;701999;1023;1;25345;0;25345
9002558;702000;1067;1;18490;3;17935
9002559;702001;1071;1;7790;5;7400
9002560;702002;1014;1;28490;10;25641
9002561;702002;1087;1;1567;0;1567
9002562;702003;1073;1;18790;5;17850
9002563;702004;1025;1;38490;0;38490
9002564;702005;1067;1;17990;7;16731
9002565;702006;1049;1;52990;0;52990
9002566;702007;1073;1;18567;0;18567
9002567;702008;1091;1;779;12;686
9002568;702009;1046;1;35090;0;35090
9002569;702010;1001;1;72490;0;72490
9002570;702011;1082;1;3490;0;3490
9002571;702012;1084;1;5490;0;5490
9002572;702013;1027;1;28090;3;27247
9002573;702014;1077;1;893;0;893
9002574;702015;1070;1;14990;0;14990
9002575;702015;1013;1;75490;10;67941
9002576;702015;1043;1;32990;5;31340
9002577;702016;1061;1;3567;10;3210
9002578;702016;1079;1;1490;5;1416
9002579;702017;1069;1;6567;7;6107
9002580;702018;1017;1;22567;5;21439
9002581;702019;1022;1;19490;0;19490
9002582;702020;1011;1;43345;0;43345
9002583;702021;1066;1;11567;3;11220
9002584;702022;1085;1;1567;5;1489
9002585;702022;1017;1;22990;0;22990
9002586;702023;1071;1;7990;12;7031
9002587;702024;1076;2;2490;0;4980
9002588;702025;1014;1;29567;5;28089
9002589;702026;1093;1;560;12;493
9002590;702027;1090;2;1990;5;3781
9002591;702028;1010;1;109790;10;98811
9002592;702029;1029;1;27490;5;26116
9002593;702030;1014;1;29990;5;28490
9002594;702030;1075;1;2490;10;2241
9002595;702031;1007;1;64090;12;56399
9002596;702032;1026;1;42567;0;42567
9002597;702033;1039;1;68345;0;68345
9002598;702034;1007;1;65345;0;65345
9002599;702035;1066;1;11567;0;11567
9002600;702036;1011;1;43990;0;43990
9002601;702037;1051;1;28990;7;26961
9002602;702038;1022;1;19990;0;19990
9002603;702039;1024;1;27490;0;27490
9002604;702039;1072;1;7345;0;7345
9002605;702040;1045;1;37990;5;36090
9002606;702040;1082;1;3345;3;3245
9002607;702041;1014;1;28345;0;28345
9002608;702042;1093;1;570;10;513
9002609;702043;1014;1;29567;3;28680
9002610;702043;1087;1;1490;7;1386
9002611;702044;1023;1;25345;0;25345
9002612;702044;1082;1;3790;0;3790
9002613;702045;1089;1;1567;0;1567
9002614;702046;1076;1;1090;5;1036
9002615;702047;1087;1;1990;0;1990
9002616;702048;1050;1;6567;0;6567
9002617;702048;1093;1;575;0;575
9002618;702049;1064;1;1790;5;1700
9002619;702049;1015;1;21090;5;20036
9002620;702050;1063;1;3790;3;3676
9002621;702050;1023;1;24090;7;22404
9002622;702051;1031;1;18345;0;18345
9002623;702052;1015;1;21990;3;21330
9002624;702053;1032;1;4090;0;4090
9002625;702054;1017;1;22490;0;22490
9002626;702055;1012;1;34490;3;33455
9002627;702055;1087;1;1090;5;1036
9002628;702056;1068;1;25990;3;25210
9002629;702056;1017;1;22345;7;20781
9002630;702057;1026;1;43090;7;40074
9002631;702058;1043;1;32345;5;30728
9002632;702058;1093;1;561;0;561
9002633;702058;1093;1;570;0;570
9002634;702059;1044;1;64490;0;64490
9002635;702060;1077;1;902;7;839
9002636;702061;1071;1;7490;0;7490
9002637;702062;1094;1;2990;0;2990
9002638;702063;1071;1;7567;10;6810
9002639;702064;1087;1;1990;3;1930
9002640;702065;1017;1;22567;3;21890
9002641;702066;1092;1;687;5;653
9002642;702067;1077;1;878;7;817
9002643;702068;1039;1;68990;7;64161
9002644;702069;1075;1;2567;0;2567
9002645;702070;1057;1;7567;0;7567
9002646;702071;1064;1;1490;3;1445
9002647;702071;1009;1;79790;3;77396
9002648;702072;1079;1;1345;0;1345
9002649;702073;1033;1;91345;0;91345
9002650;702074;1038;1;41790;0;41790
9002651;702075;1086;1;4090;0;4090
9002652;702076;1011;1;43490;5;41316
9002653;702077;1020;1;37090;7;34494
9002654;702078;1069;1;6490;7;6036
9002655;702079;1048;1;44567;0;44567
9002656;702080;1024;1;26790;10;24111
9002657;702081;1067;1;18990;0;18990
9002658;702082;1014;1;29490;0;29490
9002659;702083;1073;1;18790;12;16535
9002660;702084;1064;1;1490;3;1445
9002661;702085;1092;1;681;0;681
9002662;702085;1041;1;49490;3;48005
9002663;702086;1027;1;27345;0;27345
9002664;702087;1015;1;21490;0;21490
9002665;702088;1082;1;3490;0;3490
9002666;702089;1064;1;1090;7;1014
9002667;702089;1064;1;1345;3;1305
9002668;702090;1019;1;25567;10;23010
9002669;702091;1030;1;20090;0;20090
9002670;702092;1034;1;110345;0;110345
9002671;702093;1089;2;1567;10;2821
9002672;702093;1072;1;7490;5;7116
9002673;702094;1014;1;29090;3;28217
9002674;702095;1033;1;88345;0;88345
9002675;702096;1021;1;39567;5;37589
9002676;702097;1040;1;35567;5;33789
9002677;702098;1067;1;18567;7;17267
9002678;702098;1081;1;2090;0;2090
9002679;702099;1089;1;1090;0;1090
9002680;702099;1073;1;19790;0;19790
9002681;702099;1093;1;571;0;571
9002682;702100;1019;1;24490;12;21551
9002683;702101;1022;1;18567;3;18010
9002684;702101;1084;1;4490;5;4266
9002685;702102;1076;1;2090;7;1944
9002686;702103;1043;1;32790;0;32790
9002687;702104;1043;1;31345;0;31345
9002688;702105;1065;1;1090;0;1090
9002689;702106;1012;1;34567;3;33530
9002690;702107;1036;1;64090;0;64090
9002691;702108;1089;1;1345;10;1211
9002692;702109;1046;1;34990;0;34990
9002693;702110;1073;1;19490;0;19490
9002694;702111;1081;1;1490;7;1386
9002695;702112;1041;1;50990;0;50990
9002696;702113;1042;1;20090;5;19086
9002697;702114;1022;1;18345;3;17795
9002698;702115;1069;1;6990;3;6780
9002699;702116;1029;1;27345;0;27345
9002700;702116;1092;1;688;0;688
9002701;702117;1024;1;26567;10;23910
9002702;702118;1093;1;561;3;544
9002703;702119;1078;1;683;10;615
9002704;702120;1071;1;7990;3;7750
9002705;702120;1084;1;5345;0;5345
9002706;702121;1043;1;31567;0;31567
9002707;702122;1038;1;41990;12;36951
9002708;702123;1087;1;1090;0;1090
9002709;702124;1032;1;4790;5;4550
9002710;702125;1006;1;125990;7;117171
9002711;702126;1016;1;35990;3;34910
9002712;702127;1069;1;6790;0;6790
9002713;702128;1011;1;42345;3;41075
9002714;702129;1091;1;789;5;750
9002715;702129;1027;1;28567;3;27710
9002716;702130;1091;1;800;0;800
9002717;702131;1093;1;565;0;565
9002718;702132;1068;1;24345;5;23128
9002719;702133;1038;1;42490;3;41215
9002720;702133;1093;1;571;3;554
9002721;702134;1075;1;2090;0;2090
9002722;702135;1091;1;780;0;780
9002723;702136;1014;1;29990;0;29990
9002724;702137;1019;1;24990;5;23740
9002725;702137;1093;2;560;0;1120
9002726;702138;1012;1;35345;10;31811
9002727;702139;1084;1;4090;12;3599
9002728;702139;1008;1;55567;5;52789
9002729;702140;1093;1;567;5;539
9002730;702140;1026;1;43490;0;43490
9002731;702141;1074;1;11567;5;10989
9002732;702142;1062;1;9090;5;8636
9002733;702143;1084;1;5567;0;5567
9002734;702143;1078;1;689;5;655
9002735;702144;1064;2;1990;0;3980
9002736;702144;1083;2;2790;10;5022
9002737;702145;1063;1;3345;12;2944
9002738;702146;1009;1;79345;7;73791
9002739;702147;1067;1;18567;0;18567
9002740;702148;1070;1;14090;10;12681
9002741;702149;1028;1;77790;0;77790
9002742;702150;1088;1;3990;10;3591
9002743;702151;1070;1;13790;0;13790
9002744;702152;1032;1;4567;0;4567
9002745;702152;1038;1;42345;5;40228
9002746;702152;1075;1;2090;0;2090
9002747;702153;1036;1;64090;5;60886
9002748;702153;1080;1;4490;7;4176
9002749;702153;1087;1;1490;0;1490
9002750;702154;1008;1;56490;10;50841
9002751;702155;1034;1;111567;0;111567
9002752;702156;1006;1;127090;7;118194
9002753;702157;1025;1;38345;0;38345
9002754;702158;1002;1;84567;0;84567
9002755;702159;1001;1;72345;10;65111
9002756;702159;1083;1;2790;0;2790
9002757;702160;1059;1;3990;0;3990
9002758;702160;1068;1;24990;7;23241
9002759;702161;1075;1;2090;12;1839
9002760;702162;1012;1;34990;0;34990
9002761;702163;1083;1;2490;3;2415
9002762;702164;1034;1;111567;5;105989
9002763;702165;1046;1;35345;0;35345
9002764;702166;1039;1;67990;0;67990
9002765;702167;1077;1;893;10;804
9002766;702168;1004;1;100090;0;100090
9002767;702169;1033;1;90490;0;90490
9002768;702170;1073;1;19790;7;18405
9002769;702171;1013;1;75567;0;75567
9002770;702172;1032;1;4790;0;4790
9002771;702173;1006;1;127490;0;127490
9002772;702174;1076;1;2990;0;2990
9002773;702175;1042;1;19490;5;18516
9002774;702176;1006;1;126490;3;122695
9002775;702177;1058;1;12567;0;12567
9002776;702178;1064;1;1345;0;1345
9002777;702179;1031;1;18790;0;18790
9002778;702180;1009;1;80790;0;80790
9002779;702180;1079;1;1490;0;1490
9002780;702181;1078;1;694;0;694
9002781;702182;1060;1;9990;7;9291
9002782;702183;1013;1;74567;0;74567
9002783;702184;1040;1;35490;10;31941
9002784;702184;1083;1;2990;10;2691
9002785;702185;1021;1;39490;5;37516
9002786;702185;1084;1;4790;10;4311
9002787;702186;1070;1;14090;0;14090
9002788;702187;1050;1;7567;0;7567
9002789;702188;1034;1;109567;3;106280
9002790;702189;1047;1;33090;12;29119
9002791;702189;1057;1;7990;7;7431
9002792;702190;1091;1;781;0;781
9002793;702191;1069;1;6567;0;6567
9002794;702192;1034;1;109490;3;106205
9002795;702193;1016;1;36990;0;36990
9002796;702194;1019;1;25090;0;25090
9002797;702195;1077;1;885;0;885
9002798;702196;1077;1;892;0;892
9002799;702197;1084;1;4790;0;4790
9002800;702198;1062;1;9567;7;8897
9002801;702198;1011;1;43490;0;43490
9002802;702199;1094;1;2790;3;2706
9002803;702199;1089;1;1345;0;1345
9002804;702200;1040;1;35567;0;35567
9002805;702201;1021;1;40090;0;40090
9002806;702201;1010;1;109790;0;109790
9002807;702202;1011;1;43990;10;39591
9002808;702202;1076;1;1090;0;1090
9002809;702203;1064;1;1090;5;1036
9002810;702204;1015;1;21790;0;21790
9002811;702205;1029;1;26790;0;26790
9002812;702206;1066;1;12090;5;11486
9002813;702207;1071;1;7990;0;7990
9002814;702208;1031;1;18490;12;16271
9002815;702209;1038;1;42567;10;38310
9002816;702210;1071;1;7345;7;6831
9002817;702211;1047;1;33990;12;29911
9002818;702211;1092;1;695;0;695
9002819;702212;1038;1;42490;0;42490
9002820;702213;1089;1;1790;5;1700
9002821;702213;1067;1;18790;5;17850
9002822;702214;1002;1;83567;0;83567
9002823;702215;1016;1;35790;5;34000
9002824;702216;1026;1;43090;0;43090
9002825;702217;1094;1;2567;7;2387
9002826;702218;1073;1;18345;10;16511
9002827;702219;1039;1;68990;0;68990
9002828;702220;1040;1;35090;7;32634
9002829;702221;1084;1;4345;3;4215
9002830;702222;1055;1;13790;0;13790
9002831;702223;1090;1;1090;0;1090
9002832;702224;1037;1;70990;5;67440
9002833;702225;1014;1;28345;5;26928
9002834;702225;1079;1;1790;0;1790
9002835;702226;1047;1;33790;0;33790
9002836;702227;1022;1;18490;10;16641
9002837;702228;1036;1;64345;0;64345
9002838;702229;1070;1;13990;5;13290
9002839;702230;1040;1;34090;5;32386
9002840;702231;1012;1;34345;3;33315
9002841;702232;1035;1;56345;0;56345
9002842;702233;1041;1;49490;0;49490
9002843;702234;1020;1;38790;5;36850
9002844;702235;1016;1;36990;3;35880
9002845;702236;1084;1;4090;0;4090
9002846;702236;1083;1;2490;7;2316
9002847;702236;1046;1;34567;0;34567
9002848;702237;1050;1;7567;3;7340
9002849;702237;1093;1;569;5;541
9002850;702237;1058;1;11567;0;11567
9002851;702238;1042;1;19990;0;19990
9002852;702239;1057;1;7990;7;7431
9002853;702239;1012;1;34567;3;33530
9002854;702240;1015;1;21345;0;21345
9002855;702241;1072;1;7490;0;7490
9002856;702241;1007;1;65090;0;65090
9002857;702242;1026;1;42567;0;42567
9002858;702243;1082;1;3490;10;3141
9002859;702244;1055;1;12490;0;12490
9002860;702244;1040;1;35090;10;31581
9002861;702245;1083;1;2345;10;2111
9002862;702245;1071;1;7990;7;7431
9002863;702245;1069;1;6490;0;6490
9002864;702246;1034;1;108345;0;108345
9002865;702247;1065;1;1345;0;1345
9002866;702247;1019;1;25790;0;25790
9002867;702248;1079;1;1490;3;1445
9002868;702249;1061;1;3790;0;3790
9002869;702250;1036;1;64345;0;64345
9002870;702251;1067;1;18567;7;17267
9002871;702252;1049;1;51090;12;44959
9002872;702253;1004;1;100490;0;100490
9002873;702254;1006;1;128490;0;128490
9002874;702255;1022;1;18490;3;17935
9002875;702256;1020;1;38490;5;36566
9002876;702256;1093;1;563;3;546
9002877;702257;1047;1;32790;7;30495
9002878;702257;1032;1;4567;0;4567
9002879;702258;1003;1;83345;0;83345
9002880;702259;1075;1;2345;0;2345
9002881;702259;1072;1;7490;3;7265
9002882;702260;1032;1;4990;0;4990
9002883;702261;1047;1;33345;7;31011
9002884;702261;1079;1;1990;0;1990
9002885;702262;1039;1;68090;3;66047
9002886;702263;1042;1;20345;0;20345
9002887;702264;1077;2;902;0;1804
9002888;702265;1088;1;2090;0;2090
9002889;702266;1083;1;2490;3;2415
9002890;702267;1044;1;64345;0;64345
9002891;702268;1035;1;56345;0;56345
9002892;702268;1085;1;1345;3;1305
9002893;702269;1070;1;13345;12;11744
9002894;702270;1081;1;1790;3;1736
9002895;702271;1054;1;24990;12;21991
9002896;702272;1007;1;65490;0;65490
9002897;702272;1082;1;3567;5;3389
9002898;702273;1004;1;100090;7;93084
9002899;702274;1073;1;18345;0;18345
9002900;702275;1048;1;44345;7;41241
9002901;702275;1093;1;561;5;533
9002902;702275;1091;1;792;0;792
9002903;702276;1087;1;1567;0;1567
9002904;702277;1008;1;55990;10;50391
9002905;702278;1026;1;42790;5;40650
9002906;702279;1091;2;800;0;1600
9002907;702280;1003;1;82790;0;82790
9002908;702281;1055;1;12345;0;12345
9002909;702282;1079;1;1490;0;1490
9002910;702283;1029;1;26090;10;23481
9002911;702284;1090;1;1345;7;1251
9002912;702285;1067;1;17090;5;16236
9002913;702286;1031;1;18090;0;18090
9002914;702287;1047;1;32790;5;31150
9002915;702288;1035;1;57567;0;57567
9002916;702289;1071;1;7990;7;7431
9002917;702289;1029;1;27790;5;26400
9002918;702290;1073;1;19345;0;19345
9002919;702291;1015;1;21090;0;21090
9002920;702291;1050;1;7567;3;7340
9002921;702292;1061;1;3790;0;3790
9002922;702292;1077;1;899;0;899
9002923;702293;1037;1;71567;0;71567
9002924;702294;1050;1;6790;5;6450
9002925;702294;1091;1;794;12;699
9002926;702295;1066;1;12567;0;12567
9002927;702295;1075;1;2090;0;2090
9002928;702296;1005;1;113990;0;113990
9002929;702297;1037;1;70490;7;65556
9002930;702298;1007;1;65345;0;65345
9002931;702299;1089;1;1345;0;1345
9002932;702300;1081;1;2790;10;2511
9002933;702301;1032;2;4345;0;8690
9002934;702302;1029;1;27490;0;27490
9002935;702303;1069;1;6990;0;6990
9002936;702304;1017;1;23345;3;22645
9002937;702304;1080;1;3790;3;3676
9002938;702305;1027;1;28345;7;26361
9002939;702306;1001;1;73790;12;64935
9002940;702306;1091;1;798;0;798
9002941;702307;1029;1;26345;12;23184
9002942;702308;1033;1;88345;3;85695
9002943;702309;1016;1;35090;7;32634
9002944;702310;1089;1;1990;3;1930
9002945;702311;1067;1;17567;10;15810
9002946;702312;1070;1;13345;7;12411
9002947;702313;1092;1;700;3;679
9002948;702314;1055;1;13490;0;13490
9002949;702315;1085;1;1790;5;1700
9002950;702316;1042;1;20567;0;20567
9002951;702317;1088;1;2567;0;2567
9002952;702318;1062;1;9090;0;9090
9002953;702319;1062;1;9490;0;9490
9002954;702319;1089;1;1490;0;1490
9002955;702320;1007;1;64490;3;62555
9002956;702321;1038;1;42490;7;39516
9002957;702321;1053;1;33490;7;31146
9002958;702321;1010;1;110490;0;110490
9002959;702322;1066;1;11490;0;11490
9002960;702323;1085;1;1990;5;1890
9002961;702323;1075;1;2490;0;2490
9002962;702324;1079;1;1567;3;1520
9002963;702325;1037;1;70990;0;70990
9002964;702326;1069;1;6090;5;5786
9002965;702327;1049;1;52790;3;51206
9002966;702328;1062;1;9490;0;9490
9002967;702329;1038;1;42490;5;40366
9002968;702329;1093;1;564;0;564
9002969;702330;1027;1;28490;7;26496
9002970;702331;1020;1;37490;10;33741
9002971;702332;1040;1;34090;0;34090
9002972;702333;1041;1;50567;3;49050
9002973;702334;1069;1;6490;0;6490
9002974;702335;1092;1;688;0;688
9002975;702336;1073;1;18490;0;18490
9002976;702336;1081;1;1090;3;1057
9002977;702337;1089;1;1790;0;1790
9002978;702338;1004;1;100990;5;95940
9002979;702338;1090;1;1090;10;981
9002980;702339;1065;1;1345;3;1305
9002981;702340;1070;1;14567;0;14567
9002982;702341;1014;1;28345;7;26361
9002983;702342;1038;1;41567;12;36579
9002984;702343;1079;1;1345;0;1345
9002985;702344;1076;1;2490;0;2490
9002986;702345;1002;1;85567;7;79577
9002987;702346;1026;1;42490;10;38241
9002988;702346;1082;1;3567;3;3460
9002989;702347;1088;1;2990;3;2900
9002990;702347;1041;1;50490;0;50490
9002991;702348;1066;1;11790;0;11790
9002992;702349;1093;1;569;5;541
9002993;702350;1036;1;64990;10;58491
9002994;702351;1092;1;697;0;697
9002995;702352;1022;1;19567;5;18589
9002996;702353;1011;1;42567;0;42567
9002997;702353;1083;1;2090;0;2090
9002998;702354;1038;1;41090;5;39036
9002999;702354;1091;1;794;0;794
9003000;702355;1058;1;12790;7;11895
9003001;702356;1040;1;34345;5;32628
9003002;702357;1047;1;32345;7;30081
9003003;702358;1045;1;37790;0;37790
9003004;702359;1001;1;72567;5;68939
9003005;702360;1027;1;28490;0;28490
9003006;702361;1036;1;65090;0;65090
9003007;702362;1066;1;11490;0;11490
9003008;702362;1027;1;28990;0;28990
9003009;702363;1026;1;42790;7;39795
9003010;702364;1059;1;3090;7;2874
9003011;702364;1065;1;1345;5;1278
9003012;702365;1035;1;56090;0;56090
9003013;702365;1050;1;6567;10;5910
9003014;702366;1010;1;110090;0;110090
9003015;702366;1094;1;2567;0;2567
9003016;702367;1011;1;43090;3;41797
9003017;702368;1065;1;1345;0;1345
9003018;702369;1062;1;10345;0;10345
9003019;702370;1016;1;36345;0;36345
9003020;702371;1011;1;42345;0;42345
9003021;702372;1026;1;43990;3;42670
9003022;702372;1069;1;6790;5;6450
9003023;702372;1093;1;561;0;561
9003024;702373;1024;1;26490;7;24636
9003025;702374;1092;1;683;0;683
9003026;702375;1014;1;28567;12;25139
9003027;702376;1039;1;68567;10;61710
9003028;702377;1035;1;57090;0;57090
9003029;702378;1033;1;90345;7;84021
9003030;702378;1089;1;1345;3;1305
9003031;702379;1092;2;699;10;1258
9003032;702379;1050;1;6345;0;6345
9003033;702380;1007;1;64490;0;64490
9003034;702381;1022;1;18090;10;16281
9003035;702382;1042;1;19490;0;19490
9003036;702383;1063;1;3790;5;3600
9003037;702384;1087;1;1990;3;1930
9003038;702384;1027;1;27990;0;27990
9003039;702385;1042;1;19567;12;17219
9003040;702385;1064;1;1790;12;1575
9003041;702386;1050;1;7567;5;7189
9003042;702387;1071;1;7090;10;6381
9003043;702388;1025;1;38090;0;38090
9003044;702389;1068;1;25490;5;24216
9003045;702390;1042;1;20090;0;20090
9003046;702391;1029;1;26345;0;26345
9003047;702392;1076;1;1990;0;1990
9003048;702392;1057;1;7990;0;7990
9003049;702393;1090;1;1567;5;1489
9003050;702394;1067;1;18990;3;18420
9003051;702395;1017;1;23990;10;21591
9003052;702396;1091;1;787;0;787
9003053;702397;1015;1;21990;5;20890
9003054;702397;1042;1;20090;5;19086
9003055;702397;1002;1;85090;0;85090
9003056;702398;1037;1;69567;0;69567
9003057;702399;1036;1;65490;0;65490
9003058;702399;1093;1;573;0;573
9003059;702400;1035;1;57090;5;54236
9003060;702401;1066;1;11490;3;11145
9003061;702402;1081;1;1090;5;1036
9003062;702403;1047;1;33990;0;33990
9003063;702404;1062;1;9490;3;9205
9003064;702405;1018;1;39990;5;37990
9003065;702406;1072;1;8790;0;8790
9003066;702407;1027;1;27090;0;27090
9003067;702408;1073;1;18490;0;18490
9003068;702409;1048;1;45990;0;45990
9003069;702410;1069;1;6490;7;6036
9003070;702411;1038;1;41567;5;39489
9003071;702411;1092;1;684;7;636
9003072;702412;1001;1;73345;3;71145
9003073;702412;1079;2;1345;5;2556
9003074;702413;1057;1;7345;5;6978
9003075;702414;1020;1;38490;0;38490
9003076;702415;1024;1;26345;5;25028
9003077;702416;1077;1;902;12;794
9003078;702416;1063;1;4490;0;4490
9003079;702417;1036;1;64490;0;64490
9003080;702418;1070;1;14345;10;12911
9003081;702418;1059;1;3490;5;3316
9003082;702419;1056;1;3090;0;3090
9003083;702420;1035;1;57090;0;57090
9003084;702421;1066;1;11790;0;11790
9003085;702421;1002;1;84990;3;82440
9003086;702422;1024;1;26990;7;25101
9003087;702423;1075;1;2345;3;2275
9003088;702424;1050;1;6567;0;6567
9003089;702425;1094;1;2990;3;2900
9003090;702425;1012;1;35345;7;32871
9003091;702426;1031;1;18490;0;18490
9003092;702427;1050;1;7990;10;7191
9003093;702428;1030;1;20567;0;20567
9003094;702429;1064;1;1567;3;1520
9003095;702429;1064;1;1567;0;1567
9003096;702430;1068;1;25490;0;25490
9003097;702430;1072;1;8567;0;8567
9003098;702431;1030;1;20090;7;18684
9003099;702432;1028;1;78345;7;72861
9003100;702433;1093;1;564;3;547
9003101;702434;1024;1;27790;0;27790
9003102;702435;1011;1;42490;5;40366
9003103;702435;1087;1;1790;0;1790
9003104;702436;1015;1;21345;0;21345
9003105;702436;1091;1;783;5;744
9003106;702436;1094;1;2567;10;2310
9003107;702437;1093;1;564;5;536
9003108;702438;1023;1;25345;5;24078
9003109;702439;1005;1;112345;10;101111
9003110;702439;1083;1;2090;12;1839
9003111;702440;1005;1;111790;10;100611
9003112;702441;1086;1;4490;5;4266
9003113;702442;1050;1;7090;0;7090
9003114;702443;1066;1;12345;3;11975
9003115;702443;1003;1;83790;10;75411
9003116;702443;1079;1;1790;5;1700
9003117;702444;1073;1;18567;0;18567
9003118;702445;1054;1;24345;5;23128
9003119;702446;1056;1;3790;5;3600
9003120;702447;1024;1;27567;3;26740
9003121;702448;1023;1;25790;0;25790
9003122;702448;1087;1;1490;0;1490
9003123;702449;1006;1;125345;0;125345
9003124;702450;1008;1;55990;0;55990
9003125;702451;1093;1;571;0;571
9003126;702451;1002;1;84790;0;84790
9003127;702451;1078;1;692;0;692
9003128;702452;1033;1;88345;0;88345
9003129;702453;1025;1;38567;0;38567
9003130;702454;1025;1;39345;0;39345
9003131;702455;1085;2;1790;0;3580
9003132;702456;1066;1;12090;0;12090
9003133;702457;1041;1;49490;0;49490
9003134;702457;1088;1;2345;10;2111
9003135;702458;1024;1;26490;5;25166
9003136;702459;1026;1;42790;10;38511
9003137;702459;1085;1;1490;7;1386
9003138;702459;1089;1;1345;5;1278
9003139;702460;1065;1;1790;0;1790
9003140;702461;1076;1;1790;5;1700
9003141;702462;1017;1;23345;7;21711
9003142;702463;1074;1;12090;0;12090
9003143;702463;1076;2;2490;5;4731
9003144;702464;1074;1;12490;5;11866
9003145;702464;1042;1;20490;0;20490
9003146;702465;1059;1;3090;5;2936
9003147;702466;1013;1;74490;5;70766
9003148;702467;1050;1;6345;10;5711
9003149;702467;1087;1;1990;0;1990
9003150;702468;1025;1;39990;3;38790
9003151;702469;1073;1;18790;0;18790
9003152;702469;1045;1;37490;0;37490
9003153;702470;1091;1;798;0;798
9003154;702471;1003;1;83990;5;79790
9003155;702472;1035;1;56790;3;55086
9003156;702473;1013;1;75990;0;75990
9003157;702474;1027;1;28490;5;27066
9003158;702475;1008;1;56567;5;53739
9003159;702475;1086;1;4990;0;4990
9003160;702476;1011;1;42990;3;41700
9003161;702477;1020;1;37490;0;37490
9003162;702478;1051;1;28490;10;25641
9003163;702478;1047;1;32567;0;32567
9003164;702479;1065;1;1090;5;1036
9003165;702479;1018;1;39345;3;38165
9003166;702480;1055;1;12790;5;12150
9003167;702481;1090;1;1990;3;1930
9003168;702482;1025;1;38345;3;37195
9003169;702483;1041;1;50567;0;50567
9003170;702484;1071;1;7490;0;7490
9003171;702484;1036;1;64090;5;60886
9003172;702484;1016;1;35990;0;35990
9003173;702485;1089;1;1090;3;1057
9003174;702485;1089;1;1567;0;1567
9003175;702486;1018;1;40567;0;40567
9003176;702487;1027;1;27990;7;26031
9003177;702488;1061;1;3567;5;3389
9003178;702489;1020;1;37490;5;35616
9003179;702489;1005;1;111567;0;111567
9003180;702490;1036;1;64790;0;64790
9003181;702491;1021;1;39567;3;38380
9003182;702492;1018;1;39345;0;39345
9003183;702493;1071;1;7345;0;7345
9003184;702494;1020;1;37790;0;37790
9003185;702495;1077;1;888;12;781
9003186;702496;1002;1;84990;10;76491
9003187;702497;1048;1;44490;0;44490
9003188;702498;1088;1;2090;0;2090
9003189;702499;1071;1;7567;3;7340
9003190;702499;1042;1;20790;12;18295
9003191;702499;1002;1;84090;5;79886
9003192;702500;1092;1;681;3;661
9003193;702500;1033;1;89490;0;89490
9003194;702501;1028;1;79990;0;79990
9003195;702502;1038;1;42990;0;42990
9003196;702503;1016;1;35990;3;34910
9003197;702504;1093;1;575;3;558
9003198;702505;1011;1;43790;0;43790
9003199;702506;1025;1;38990;7;36261
9003200;702506;1072;1;8345;0;8345
9003201;702507;1090;1;1490;0;1490
9003202;702508;1091;1;797;10;717
9003203;702509;1090;1;1990;0;1990
9003204;702510;1020;1;38345;0;38345
9003205;702511;1083;1;2090;0;2090
9003206;702512;1083;1;2090;5;1986
9003207;702513;1021;1;40490;0;40490
9003208;702514;1028;1;77490;0;77490
9003209;702515;1020;1;37567;0;37567
9003210;702515;1085;1;1567;3;1520
9003211;702516;1090;1;1490;0;1490
9003212;702517;1019;1;24090;5;22886
9003213;702518;1062;1;10490;5;9966
9003214;702518;1047;1;33490;5;31816
9003215;702519;1075;1;2567;0;2567
9003216;702520;1064;1;1490;5;1416
9003217;702521;1038;1;41345;5;39278
9003218;702521;1089;1;1990;5;1890
9003219;702521;1085;1;1567;3;1520
9003220;702522;1091;1;800;5;760
9003221;702522;1086;1;4567;0;4567
9003222;702523;1087;1;1990;3;1930
9003223;702524;1063;1;4990;10;4491
9003224;702525;1038;1;41090;0;41090
9003225;702526;1078;1;695;5;660
9003226;702527;1001;1;72490;0;72490
9003227;702528;1077;1;903;5;858
9003228;702529;1021;1;40490;0;40490
9003229;702529;1087;1;1790;0;1790
9003230;702530;1087;1;1990;7;1851
9003231;702531;1023;1;24090;0;24090
9003232;702532;1045;1;37490;7;34866
9003233;702533;1064;1;1790;7;1665
9003234;702534;1091;1;786;0;786
9003235;702535;1028;1;78490;0;78490
9003236;702536;1037;1;70345;5;66828
9003237;702537;1039;1;67490;3;65465
9003238;702538;1050;1;7567;0;7567
9003239;702539;1091;1;782;5;743
9003240;702540;1077;1;884;0;884
9003241;702541;1058;1;12790;0;12790
9003242;702542;1043;1;32790;0;32790
9003243;702543;1070;1;14790;7;13755
9003244;702544;1070;1;14490;0;14490
9003245;702545;1003;1;82090;3;79627
9003246;702546;1089;1;1490;3;1445
9003247;702546;1039;1;67567;0;67567
9003248;702547;1066;1;12790;5;12150
9003249;702548;1014;1;28790;3;27926
9003250;702549;1077;1;896;10;806
9003251;702550;1078;1;686;0;686
9003252;702550;1092;1;698;10;628
9003253;702551;1087;1;1990;0;1990
9003254;702552;1035;1;56567;0;56567
9003255;702553;1087;1;1790;0;1790
9003256;702554;1026;1;43790;7;40725
9003257;702554;1047;1;33345;0;33345
9003258;702554;1074;1;11790;0;11790
9003259;702555;1067;1;18990;0;18990
9003260;702556;1059;1;3790;0;3790
9003261;702557;1001;1;73090;0;73090
9003262;702558;1088;1;2345;0;2345
9003263;702559;1016;1;35990;5;34190
9003264;702560;1027;1;28567;5;27139
9003265;702561;1090;1;1567;3;1520
9003266;702562;1018;1;40790;12;35895
9003267;702563;1025;1;39567;0;39567
9003268;702564;1022;1;19090;0;19090
9003269;702565;1034;1;111490;5;105916
9003270;702566;1041;1;50990;5;48440
9003271;702567;1010;1;108567;5;103139
9003272;702568;1027;1;28790;7;26775
9003273;702569;1015;1;21090;0;21090
9003274;702570;1032;1;4790;0;4790
9003275;702571;1007;1;64090;0;64090
9003276;702572;1037;1;69345;5;65878
9003277;702572;1074;1;12790;0;12790
9003278;702573;1010;1;111790;7;103965
9003279;702574;1093;1;569;0;569
9003280;702575;1071;1;7490;0;7490
9003281;702575;1083;1;2345;0;2345
9003282;702576;1017;1;23490;0;23490
9003283;702577;1019;1;24990;0;24990
9003284;702578;1031;1;18990;3;18420
9003285;702579;1031;1;18567;10;16710
9003286;702580;1092;1;689;3;668
9003287;702581;1078;2;683;0;1366
9003288;702582;1064;1;1345;0;1345
9003289;702583;1076;1;1790;0;1790
9003290;702583;1029;1;26790;7;24915
9003291;702584;1064;1;1567;0;1567
9003292;702585;1027;1;27990;0;27990
9003293;702586;1045;1;37567;10;33810
9003294;702587;1077;1;879;5;835
9003295;702588;1019;1;24790;0;24790
9003296;702589;1044;1;65990;0;65990
9003297;702590;1073;1;19345;10;17411
9003298;702591;1063;1;3567;7;3317
9003299;702592;1041;1;49790;7;46305
9003300;702593;1020;1;38345;10;34511
9003301;702594;1043;1;31490;0;31490
9003302;702595;1069;1;6990;0;6990
9003303;702596;1083;1;2345;0;2345
9003304;702597;1070;1;13345;0;13345
9003305;702597;1080;1;3090;0;3090
9003306;702598;1037;1;71567;0;71567
9003307;702598;1080;1;4567;0;4567
9003308;702599;1082;1;3090;0;3090
9003309;702600;1031;1;18345;0;18345
9003310;702601;1067;1;17790;0;17790
9003311;702602;1085;1;1090;0;1090
9003312;702603;1022;1;19090;0;19090
9003313;702604;1002;1;85345;0;85345
9003314;702605;1027;1;28990;0;28990
9003315;702605;1071;1;7490;0;7490
9003316;702606;1012;1;34790;0;34790
9003317;702607;1028;1;78345;0;78345
9003318;702608;1001;1;73345;5;69678
9003319;702609;1031;1;18567;5;17639
9003320;702609;1067;1;17790;0;17790
9003321;702610;1080;1;4567;0;4567
9003322;702611;1018;1;40090;3;38887
9003323;702611;1080;1;3490;7;3246
9003324;702612;1049;1;51990;5;49390
9003325;702613;1077;2;889;0;1778
9003326;702613;1030;1;19090;0;19090
9003327;702614;1065;1;1090;0;1090
9003328;702615;1020;1;38090;3;36947
9003329;702615;1089;1;1490;3;1445
9003330;702616;1067;1;17090;5;16236
9003331;702617;1003;1;82090;0;82090
9003332;702618;1014;1;29345;3;28465
9003333;702619;1007;1;65567;0;65567
9003334;702619;1077;1;886;7;824
9003335;702619;1083;1;2567;0;2567
9003336;702620;1062;1;9345;0;9345
9003337;702621;1078;1;692;0;692
9003338;702622;1021;1;39090;0;39090
9003339;702623;1041;1;49090;7;45654
9003340;702623;1092;1;694;0;694
9003341;702624;1009;1;79790;0;79790
9003342;702625;1012;1;35790;10;32211
9003343;702626;1084;1;4790;3;4646
9003344;702627;1044;1;64567;0;64567
9003345;702627;1087;1;1790;3;1736
9003346;702628;1075;1;2567;0;2567
9003347;702629;1066;1;12345;3;11975
9003348;702630;1033;1;90567;0;90567
9003349;702630;1089;1;1567;5;1489
9003350;702631;1072;1;8490;5;8066
9003351;702631;1037;1;69345;0;69345
9003352;702632;1082;1;3345;0;3345
9003353;702632;1011;1;43990;0;43990
9003354;702632;1032;1;4490;0;4490
9003355;702633;1009;1;80990;10;72891
9003356;702634;1079;1;1345;5;1278
9003357;702634;1035;1;57790;5;54900
9003358;702635;1003;1;82790;7;76995
9003359;702636;1071;1;7790;10;7011
9003360;702637;1092;1;690;10;621
9003361;702638;1074;1;11345;0;11345
9003362;702639;1019;1;24790;0;24790
9003363;702640;1011;1;43790;10;39411
9003364;702641;1056;1;3990;0;3990
9003365;702642;1072;1;8567;3;8310
9003366;702643;1052;1;39790;0;39790
9003367;702644;1043;1;32790;3;31806
9003368;702645;1094;1;2090;7;1944
9003369;702646;1074;1;12790;5;12150
9003370;702647;1087;1;1790;12;1575
9003371;702647;1030;1;20345;0;20345
9003372;702648;1076;1;1090;3;1057
9003373;702648;1073;1;18567;12;16339
9003374;702649;1039;1;67345;0;67345
9003375;702650;1093;1;571;3;554
9003376;702651;1061;1;3090;5;2936
9003377;702652;1031;1;18567;10;16710
9003378;702652;1035;1;57567;0;57567
9003379;702653;1042;1;19790;0;19790
9003380;702654;1044;1;65790;7;61185
9003381;702654;1085;1;1090;3;1057
9003382;702655;1044;1;65567;10;59010
9003383;702655;1071;1;7790;7;7245
9003384;702655;1089;1;1990;3;1930
9003385;702656;1057;1;7490;5;7116
9003386;702657;1038;1;41490;0;41490
9003387;702658;1019;1;24567;0;24567
9003388;702659;1030;1;19490;12;17151
9003389;702660;1046;1;35345;0;35345
9003390;702661;1012;1;35990;7;33471
9003391;702662;1067;1;18345;7;17061
9003392;702663;1045;1;37345;0;37345
9003393;702664;1040;1;35345;0;35345
9003394;702665;1081;1;1990;0;1990
9003395;702665;1084;1;4567;0;4567
9003396;702666;1050;1;6345;0;6345
9003397;702667;1079;1;1090;3;1057
9003398;702667;1050;1;6790;0;6790
9003399;702668;1078;1;690;0;690
9003400;702669;1069;1;6345;0;6345
9003401;702669;1022;1;19345;0;19345
9003402;702670;1008;1;55345;0;55345
9003403;702670;1090;1;1090;3;1057
9003404;702671;1071;1;7567;0;7567
9003405;702672;1034;1;109567;7;101897
9003406;702673;1067;1;17345;7;16131
9003407;702674;1012;1;34345;0;34345
9003408;702675;1015;1;21090;0;21090
9003409;702676;1055;1;12790;0;12790
9003410;702677;1087;1;1345;3;1305
9003411;702678;1026;1;43090;5;40936
9003412;702679;1049;1;51790;0;51790
9003413;702680;1062;1;10490;0;10490
9003414;702681;1019;1;25345;10;22811
9003415;702682;1011;1;42567;0;42567
9003416;702683;1007;1;65490;0;65490
9003417;702683;1094;1;2790;3;2706
9003418;702683;1091;1;801;0;801
9003419;702684;1088;1;2567;0;2567
9003420;702684;1001;1;72490;5;68866
9003421;702685;1031;1;18790;5;17850
9003422;702685;1029;1;27345;5;25978
9003423;702686;1012;1;34567;5;32839
9003424;702687;1015;1;21090;5;20036
9003425;702687;1023;1;25490;0;25490
9003426;702688;1066;1;11090;0;11090
9003427;702689;1089;1;1490;12;1311
9003428;702690;1012;1;35790;12;31495
9003429;702690;1076;1;2090;0;2090
9003430;702691;1010;1;111090;3;107757
9003431;702692;1034;1;109345;3;106065
9003432;702693;1029;1;27567;0;27567
9003433;702694;1017;1;23490;7;21846
9003434;702695;1039;1;68790;0;68790
9003435;702695;1076;1;1345;0;1345
9003436;702696;1070;1;14090;5;13386
9003437;702697;1072;1;7490;0;7490
9003438;702698;1024;1;26790;0;26790
9003439;702698;1080;1;3490;7;3246
9003440;702699;1002;1;84990;5;80740
9003441;702699;1080;1;3090;10;2781
9003442;702700;1032;1;4990;0;4990
9003443;702700;1008;1;55990;0;55990
9003444;702701;1042;1;20345;0;20345
9003445;702702;1085;1;1790;3;1736
9003446;702703;1032;1;4345;7;4041
9003447;702704;1056;1;3490;0;3490
9003448;702705;1034;1;109490;0;109490
9003449;702706;1004;1;98490;0;98490
9003450;702707;1064;2;1567;0;3134
9003451;702708;1065;1;1490;0;1490
9003452;702708;1063;2;3790;5;7201
9003453;702709;1037;1;70567;0;70567
9003454;702710;1017;1;23090;12;20319
9003455;702711;1038;1;41090;3;39857
9003456;702712;1089;1;1345;3;1305
9003457;702713;1014;1;28990;7;26961
9003458;702714;1060;1;10490;10;9441
9003459;702715;1078;1;695;0;695
9003460;702716;1088;1;2490;0;2490
9003461;702716;1039;1;68790;5;65350
9003462;702716;1077;1;888;7;826
9003463;702717;1045;1;37090;3;35977
9003464;702718;1042;1;19790;0;19790
9003465;702719;1093;1;559;0;559
9003466;702720;1092;2;700;3;1358
9003467;702721;1040;1;35490;0;35490
9003468;702722;1033;1;90345;0;90345
9003469;702723;1077;2;899;5;1708
9003470;702724;1070;1;13990;7;13011
9003471;702724;1083;1;2490;0;2490
9003472;702725;1044;1;65567;0;65567
9003473;702726;1008;1;55345;10;49811
9003474;702727;1070;1;14567;10;13110
9003475;702727;1041;1;49345;0;49345
9003476;702728;1054;1;24990;3;24240
9003477;702728;1077;1;889;0;889
9003478;702729;1029;1;27490;0;27490
9003479;702730;1018;1;40790;0;40790
9003480;702731;1040;1;35090;0;35090
9003481;702732;1046;1;34090;0;34090
9003482;702733;1058;1;12990;12;11431
9003483;702734;1090;1;1567;10;1410
9003484;702734;1083;1;2090;12;1839
9003485;702735;1018;1;40490;10;36441
9003486;702736;1034;1;111990;3;108630
9003487;702737;1032;1;4490;10;4041
9003488;702737;1035;1;57090;0;57090
9003489;702738;1052;1;39090;3;37917
9003490;702738;1085;1;1567;5;1489
9003491;702739;1049;1;51090;3;49557
9003492;702740;1009;1;81990;3;79530
9003493;702741;1004;1;101090;5;96036
9003494;702742;1067;1;17490;7;16266
9003495;702742;1046;1;35567;3;34500
9003496;702743;1078;2;689;0;1378
9003497;702744;1074;1;12567;0;12567
9003498;702745;1068;1;24990;0;24990
9003499;702746;1030;1;20567;0;20567
9003500;702747;1094;1;2790;0;2790
9003501;702747;1032;1;4990;10;4491
9003502;702748;1009;1;80345;0;80345
9003503;702748;1092;1;682;5;648
9003504;702749;1040;1;34345;7;31941
9003505;702750;1054;1;25990;10;23391
9003506;702751;1093;1;571;0;571
9003507;702752;1069;1;6490;0;6490
9003508;702753;1092;1;680;0;680
9003509;702754;1032;1;4345;0;4345
9003510;702755;1017;1;22790;7;21195
9003511;702755;1076;1;1090;0;1090
9003512;702756;1029;1;27790;0;27790
9003513;702756;1093;1;566;0;566
9003514;702757;1027;1;27090;0;27090
9003515;702758;1077;1;877;7;816
9003516;702759;1087;1;1490;0;1490
9003517;702759;1079;1;1345;5;1278
9003518;702760;1002;1;84345;3;81815
9003519;702761;1080;1;4567;0;4567
9003520;702761;1039;1;67490;3;65465
9003521;702762;1042;1;20490;3;19875
9003522;702762;1078;1;697;0;697
9003523;702763;1007;1;64990;0;64990
9003524;702764;1091;1;792;7;737
9003525;702765;1069;1;6790;12;5975
9003526;702766;1013;1;75567;0;75567
9003527;702767;1086;1;4090;0;4090
9003528;702768;1008;1;56490;3;54795
9003529;702769;1093;1;565;7;525
9003530;702770;1065;1;1567;5;1489
9003531;702771;1008;1;56345;3;54655
9003532;702771;1083;1;2090;0;2090
9003533;702772;1062;1;10990;0;10990
9003534;702773;1044;1;65990;10;59391
9003535;702774;1070;1;13090;10;11781
9003536;702775;1065;1;1090;12;959
9003537;702776;1053;1;33567;0;33567
9003538;702777;1062;1;9090;0;9090
9003539;702778;1032;1;4567;10;4110
9003540;702779;1083;1;2490;0;2490
9003541;702779;1001;1;73490;10;66141
9003542;702780;1033;1;90790;7;84435
9003543;702781;1083;1;2790;0;2790
9003544;702782;1085;1;1490;7;1386
9003545;702783;1032;1;4790;5;4550
9003546;702784;1089;1;1490;10;1341
9003547;702785;1046;1;34090;3;33067
9003548;702786;1091;1;799;10;719
9003549;702786;1042;1;19345;12;17024
9003550;702787;1061;1;3345;0;3345
9003551;702788;1011;1;42567;0;42567
9003552;702789;1077;1;884;3;857
9003553;702789;1008;1;55790;0;55790
9003554;702789;1074;1;12490;7;11616
9003555;702790;1032;1;4567;0;4567
9003556;702791;1007;1;65990;0;65990
9003557;702791;1002;1;85090;3;82537
9003558;702792;1058;1;11567;0;11567
9003559;702793;1038;1;41490;0;41490
9003560;702793;1076;1;2090;0;2090
9003561;702794;1012;1;34090;12;29999
9003562;702795;1020;1;38490;0;38490
9003563;702795;1083;1;2990;10;2691
9003564;702796;1093;1;569;0;569
9003565;702797;1063;1;4490;0;4490
9003566;702797;1022;1;18790;0;18790
9003567;702797;1064;1;1990;0;1990
9003568;702798;1037;1;69345;5;65878
9003569;702799;1094;1;2345;5;2228
9003570;702800;1084;2;4090;7;7607
9003571;702801;1067;1;17567;0;17567
9003572;702801;1006;1;125567;10;113010
9003573;702802;1015;1;21090;12;18559
9003574;702803;1071;1;7490;3;7265
9003575;702804;1024;1;27490;10;24741
9003576;702805;1023;1;25345;0;25345
9003577;702805;1089;1;1990;0;1990
9003578;702806;1077;1;890;3;863
9003579;702807;1074;1;11490;3;11145
9003580;702808;1034;1;110990;3;107660
9003581;702808;1087;1;1567;0;1567
9003582;702809;1079;1;1490;3;1445
9003583;702810;1034;1;110790;10;99711
9003584;702811;1055;1;13790;0;13790
9003585;702812;1014;1;28090;0;28090
9003586;702813;1069;1;6090;0;6090
9003587;702814;1070;1;13345;10;12011
9003588;702815;1008;1;55090;0;55090
9003589;702816;1066;1;11345;0;11345
9003590;702816;1072;1;7345;0;7345
9003591;702817;1082;1;3490;0;3490
9003592;702818;1020;1;38345;0;38345
9003593;702818;1079;1;1090;5;1036
9003594;702819;1085;1;1090;0;1090
9003595;702820;1008;1;55490;0;55490
9003596;702821;1073;1;18345;0;18345
9003597;702821;1014;1;28567;0;28567
9003598;702822;1020;1;38090;12;33519
9003599;702823;1020;1;38490;3;37335
9003600;702824;1042;1;20790;10;18711
9003601;702825;1064;1;1345;0;1345
9003602;702825;1032;1;4990;7;4641
9003603;702826;1064;1;1090;5;1036
9003604;702826;1027;1;27790;5;26400
9003605;702826;1050;1;7790;0;7790
9003606;702827;1093;1;563;0;563
9003607;702828;1090;1;1090;0;1090
9003608;702829;1035;1;56790;10;51111
9003609;702829;1081;1;2990;0;2990
9003610;702829;1093;1;573;0;573
9003611;702830;1026;1;42090;0;42090
9003612;702830;1033;1;89345;10;80411
9003613;702831;1035;1;56090;7;52164
9003614;702832;1036;1;64090;3;62167
9003615;702832;1022;1;18567;0;18567
9003616;702833;1032;2;4567;5;8677
9003617;702834;1065;1;1090;7;1014
9003618;702835;1021;1;39790;0;39790
9003619;702836;1045;1;36490;0;36490
9003620;702837;1018;1;39490;5;37516
9003621;702838;1083;1;2090;3;2027
9003622;702838;1074;1;11345;0;11345
9003623;702839;1086;1;4790;5;4550
9003624;702840;1038;1;41990;0;41990
9003625;702840;1078;1;682;7;634
9003626;702841;1064;1;1090;0;1090
9003627;702842;1028;1;77567;7;72137
9003628;702843;1093;1;568;0;568
9003629;702844;1023;1;25567;5;24289
9003630;702845;1022;1;18790;0;18790
9003631;702845;1026;1;43490;0;43490
9003632;702846;1020;1;37990;7;35331
9003633;702847;1012;1;34490;10;31041
9003634;702847;1081;1;2990;5;2840
9003635;702848;1078;1;692;0;692
9003636;702849;1046;1;34567;0;34567
9003637;702849;1042;1;19345;0;19345
9003638;702850;1092;1;697;3;676
9003639;702851;1073;1;18490;0;18490
9003640;702852;1057;1;7567;7;7037
9003641;702852;1069;1;6490;0;6490
9003642;702853;1047;1;33790;3;32776
9003643;702853;1065;1;1490;3;1445
9003644;702854;1035;1;57090;0;57090
9003645;702855;1002;1;83790;0;83790
9003646;702856;1089;1;1990;3;1930
9003647;702856;1014;1;28345;10;25511
9003648;702857;1040;1;35990;3;34910
9003649;702858;1020;1;38790;0;38790
9003650;702859;1012;1;35567;5;33789
9003651;702860;1069;1;6490;5;6166
9003652;702861;1022;1;18345;5;17428
9003653;702861;1077;2;898;0;1796
9003654;702862;1082;1;3090;0;3090
9003655;702862;1037;1;70490;10;63441
9003656;702862;1029;1;27567;0;27567
9003657;702863;1055;1;12790;0;12790
9003658;702864;1066;1;11090;5;10536
9003659;702864;1032;1;4090;0;4090
9003660;702865;1087;1;1567;10;1410
9003661;702866;1087;1;1345;0;1345
9003662;702867;1064;1;1345;7;1251
9003663;702868;1068;1;24790;12;21815
9003664;702868;1082;1;3567;0;3567
9003665;702869;1032;1;4090;0;4090
9003666;702870;1028;1;77345;3;75025
9003667;702871;1060;1;9990;0;9990
9003668;702871;1016;1;36345;0;36345
9003669;702871;1084;1;4790;0;4790
9003670;702872;1077;1;896;0;896
9003671;702873;1030;1;20990;12;18471
9003672;702874;1025;1;38990;0;38990
9003673;702875;1058;1;11345;5;10778
9003674;702876;1047;1;33990;0;33990
9003675;702877;1009;1;80345;0;80345
9003676;702877;1083;1;2567;0;2567
9003677;702878;1041;1;50567;0;50567
9003678;702879;1023;1;24567;7;22847
9003679;702880;1084;1;5490;0;5490
9003680;702881;1061;1;3567;3;3460
9003681;702881;1047;1;32790;3;31806
9003682;702882;1020;1;37345;5;35478
9003683;702883;1073;1;19490;0;19490
9003684;702884;1020;1;37567;0;37567
9003685;702884;1093;1;575;0;575
9003686;702884;1089;1;1790;0;1790
9003687;702885;1049;1;51990;0;51990
9003688;702886;1029;1;27990;0;27990
9003689;702887;1056;1;3490;0;3490
9003690;702888;1001;1;73990;0;73990
9003691;702889;1083;1;2790;3;2706
9003692;702890;1015;1;21790;7;20265
9003693;702890;1093;1;561;0;561
9003694;702891;1029;1;26790;0;26790
9003695;702892;1015;1;21090;3;20457
9003696;702893;1077;1;903;5;858
9003697;702894;1091;1;789;5;750
9003698;702895;1015;1;21790;5;20700
9003699;702896;1025;1;38490;3;37335
9003700;702897;1064;1;1790;0;1790
9003701;702898;1040;1;35567;0;35567
9003702;702899;1062;1;10490;0;10490
9003703;702900;1022;1;18490;0;18490
9003704;702900;1093;2;571;5;1085
9003705;702901;1003;1;83567;0;83567
9003706;702902;1013;1;73567;5;69889
9003707;702903;1068;1;24090;0;24090
9003708;702904;1074;1;12567;0;12567
9003709;702905;1064;2;1490;7;2771
9003710;702906;1083;1;2790;0;2790
9003711;702907;1034;1;108345;10;97511
9003712;702907;1079;1;1990;0;1990
9003713;702908;1072;1;8567;0;8567
9003714;702909;1036;1;64567;0;64567
9003715;702910;1041;1;49567;5;47089
9003716;702911;1031;1;18490;10;16641
9003717;702912;1006;1;126490;5;120166
9003718;702913;1010;1;110790;5;105250
9003719;702913;1092;1;692;5;657
9003720;702914;1083;1;2345;0;2345
9003721;702915;1010;1;111990;0;111990
9003722;702915;1083;1;2345;0;2345
9003723;702916;1072;1;7090;3;6877
9003724;702917;1071;1;7090;0;7090
9003725;702918;1044;1;65790;0;65790
9003726;702918;1089;1;1490;0;1490
9003727;702919;1084;1;4990;0;4990
9003728;702920;1008;1;56490;3;54795
9003729;702920;1083;1;2090;7;1944
9003730;702921;1043;1;31990;10;28791
9003731;702922;1042;1;19490;0;19490
9003732;702922;1071;1;7345;7;6831
9003733;702923;1067;1;17490;10;15741
9003734;702924;1033;1;91990;0;91990
9003735;702925;1073;1;18345;0;18345
9003736;702926;1020;1;38990;0;38990
9003737;702927;1040;1;35345;3;34285
9003738;702928;1071;1;7345;3;7125
9003739;702929;1032;1;4990;12;4391
9003740;702930;1094;1;2990;0;2990
9003741;702931;1072;1;7090;3;6877
9003742;702932;1040;1;35345;0;35345
9003743;702933;1001;1;72345;7;67281
9003744;702933;1040;1;35490;5;33716
9003745;702933;1084;1;4345;0;4345
9003746;702934;1040;1;34490;0;34490
9003747;702935;1044;1;64490;0;64490
9003748;702936;1018;1;40345;3;39135
9003749;702937;1008;1;55790;0;55790
9003750;702938;1083;1;2345;7;2181
9003751;702939;1008;1;56990;5;54140
9003752;702939;1088;1;3790;0;3790
9003753;702940;1064;1;1567;0;1567
9003754;702941;1077;1;900;5;855
9003755;702942;1091;1;794;5;754
9003756;702942;1073;1;19490;0;19490
9003757;702943;1092;1;680;0;680
9003758;702944;1089;1;1990;5;1890
9003759;702945;1092;1;691;10;622
9003760;702946;1078;1;686;5;652
9003761;702947;1032;1;4490;3;4355
9003762;702948;1073;1;19567;3;18980
9003763;702948;1069;1;6490;0;6490
9003764;702949;1006;1;125567;10;113010
9003765;702949;1064;1;1567;10;1410
9003766;702950;1019;1;24990;3;24240
9003767;702950;1089;1;1490;0;1490
9003768;702951;1013;1;75490;0;75490
9003769;702952;1078;1;691;0;691
9003770;702953;1073;1;19090;12;16799
9003771;702954;1031;1;18490;5;17566
9003772;702954;1038;1;42345;0;42345
9003773;702955;1087;1;1790;3;1736
9003774;702955;1064;1;1567;0;1567
9003775;702956;1030;1;20490;0;20490
9003776;702957;1038;1;42345;10;38111
9003777;702957;1091;1;798;0;798
9003778;702958;1022;1;19490;0;19490
9003779;702959;1077;1;901;0;901
9003780;702960;1075;1;2090;10;1881
9003781;702960;1006;1;127345;3;123525
9003782;702961;1050;1;6990;3;6780
9003783;702962;1007;1;64567;5;61339
9003784;702962;1089;1;1345;0;1345
9003785;702963;1004;1;99567;0;99567
9003786;702964;1013;1;74990;0;74990
9003787;702965;1061;1;3490;0;3490
9003788;702966;1024;1;27990;7;26031
9003789;702966;1042;1;19490;7;18126
9003790;702967;1074;1;11990;0;11990
9003791;702968;1075;1;2790;3;2706
9003792;702968;1049;1;51790;0;51790
9003793;702969;1021;1;39490;0;39490
9003794;702970;1012;1;35567;10;32010
9003795;702970;1081;1;1490;5;1416
9003796;702970;1089;1;1490;0;1490
9003797;702971;1055;1;13567;5;12889
9003798;702972;1069;1;6790;0;6790
9003799;702972;1038;1;42790;10;38511
9003800;702973;1008;1;56345;5;53528
9003801;702973;1062;1;9567;10;8610
9003802;702974;1002;1;84345;0;84345
9003803;702975;1022;1;19090;3;18517
9003804;702975;1076;1;2490;0;2490
9003805;702976;1033;1;88490;0;88490
9003806;702976;1092;1;682;3;662
9003807;702977;1038;1;42345;0;42345
9003808;702978;1085;1;1567;0;1567
9003809;702978;1027;1;28790;0;28790
9003810;702979;1013;1;75345;10;67811
9003811;702980;1045;1;37790;5;35900
9003812;702981;1093;1;560;0;560
9003813;702982;1032;1;4567;5;4339
9003814;702982;1016;1;36090;3;35007
9003815;702983;1079;1;1090;3;1057
9003816;702983;1076;1;2990;0;2990
9003817;702983;1065;1;1345;0;1345
9003818;702984;1038;1;42345;3;41075
9003819;702985;1020;1;37345;0;37345
9003820;702986;1074;1;11090;0;11090
9003821;702987;1060;1;9490;0;9490
9003822;702987;1046;1;35790;0;35790
9003823;702987;1056;1;3990;3;3870
9003824;702988;1070;1;13490;0;13490
9003825;702989;1009;1;80990;12;71271
9003826;702989;1081;2;2345;3;4549
9003827;702990;1003;1;84567;0;84567
9003828;702990;1088;1;3567;0;3567
9003829;702991;1051;1;28990;10;26091
9003830;702992;1091;2;798;5;1516
9003831;702993;1021;1;40090;0;40090
9003832;702994;1011;1;42990;0;42990
9003833;702995;1046;1;34490;0;34490
9003834;702996;1036;1;65345;7;60771
9003835;702997;1094;1;2790;3;2706
9003836;702997;1059;1;4490;7;4176
9003837;702998;1019;1;24090;0;24090
9003838;702999;1016;1;35567;0;35567
9003839;703000;1076;2;1567;0;3134
9003840;703000;1071;1;7345;0;7345
9003841;703001;1066;1;12090;0;12090
9003842;703002;1057;1;7790;3;7556
9003843;703003;1092;1;695;0;695
9003844;703004;1033;1;90090;0;90090
9003845;703005;1071;1;7990;3;7750
9003846;703006;1003;1;82567;0;82567
9003847;703007;1002;1;84490;0;84490
9003848;703008;1058;1;11790;10;10611
9003849;703009;1090;1;1345;0;1345
9003850;703010;1092;1;685;0;685
9003851;703011;1083;2;2990;0;5980
9003852;703012;1009;1;80567;3;78150
9003853;703012;1091;1;785;0;785
9003854;703013;1037;1;69090;0;69090
9003855;703014;1025;1;39990;12;35191
9003856;703015;1039;1;68990;7;64161
9003857;703016;1019;1;25490;0;25490
9003858;703016;1081;1;1490;0;1490
9003859;703016;1087;1;1345;0;1345
9003860;703017;1042;1;20345;5;19328
9003861;703018;1067;1;17090;0;17090
9003862;703019;1027;1;27790;10;25011
9003863;703020;1087;1;1790;10;1611
9003864;703020;1074;1;11345;0;11345
9003865;703021;1007;1;64490;0;64490
9003866;703022;1048;1;44790;12;39415
9003867;703023;1038;1;42567;0;42567
9003868;703024;1087;1;1990;0;1990
9003869;703024;1004;1;100990;0;100990
9003870;703024;1088;2;2490;0;4980
9003871;703025;1032;1;4345;0;4345
9003872;703026;1014;1;28567;0;28567
9003873;703027;1075;1;2490;0;2490
9003874;703027;1061;1;3345;5;3178
9003875;703028;1088;1;3990;0;3990
9003876;703029;1069;1;6790;5;6450
9003877;703030;1056;1;3990;0;3990
9003878;703031;1069;1;6990;7;6501
9003879;703031;1091;2;797;3;1546
9003880;703032;1024;1;26990;7;25101
9003881;703032;1089;1;1990;5;1890
9003882;703033;1042;1;19490;0;19490
9003883;703034;1036;1;65345;7;60771
9003884;703035;1067;1;18490;0;18490
9003885;703036;1086;1;4490;5;4266
9003886;703037;1036;1;64490;0;64490
9003887;703038;1094;1;2990;0;2990
9003888;703039;1091;1;788;5;749
9003889;703040;1041;1;50990;3;49460
9003890;703041;1056;1;3567;7;3317
9003891;703042;1014;1;29990;0;29990
9003892;703043;1001;1;73090;0;73090
9003893;703044;1080;1;3345;12;2944
9003894;703045;1071;1;7990;0;7990
9003895;703046;1027;1;28090;10;25281
9003896;703047;1034;1;109567;0;109567
9003897;703047;1089;1;1090;5;1036
9003898;703047;1076;1;1090;12;959
9003899;703048;1050;1;7990;0;7990
9003900;703049;1049;1;51790;5;49200
9003901;703049;1081;1;1345;5;1278
9003902;703050;1029;1;27567;0;27567
9003903;703050;1017;1;23790;0;23790
9003904;703051;1032;1;4790;0;4790
9003905;703051;1027;1;27990;5;26590
9003906;703052;1017;1;23490;7;21846
9003907;703053;1087;1;1345;0;1345
9003908;703053;1018;1;39345;5;37378
9003909;703054;1026;1;42490;0;42490
9003910;703055;1075;1;2790;5;2650
9003911;703055;1033;1;89790;3;87096
9003912;703056;1059;1;4990;0;4990
9003913;703057;1070;1;13990;12;12311
9003914;703057;1092;1;693;10;624
9003915;703058;1040;1;34567;7;32147
9003916;703059;1091;1;787;0;787
9003917;703059;1020;1;37790;10;34011
9003918;703060;1071;1;7090;10;6381
9003919;703060;1021;1;39990;0;39990
9003920;703061;1089;2;1790;10;3222
9003921;703061;1050;1;7790;5;7400
9003922;703062;1020;1;37490;3;36365
9003923;703063;1037;1;68090;5;64686
9003924;703064;1077;1;891;0;891
9003925;703065;1005;1;112490;0;112490
9003926;703065;1094;1;2790;3;2706
9003927;703066;1078;1;697;5;662
9003928;703067;1039;1;68567;5;65139
9003929;703068;1034;1;109345;3;106065
9003930;703069;1092;1;696;3;675
9003931;703070;1013;1;75567;3;73300
9003932;703070;1076;1;1345;3;1305
9003933;703071;1071;1;7490;10;6741
9003934;703072;1035;1;57490;0;57490
9003935;703072;1091;1;784;0;784
9003936;703073;1012;1;34790;0;34790
9003937;703074;1014;1;29090;0;29090
9003938;703075;1067;1;18567;5;17639
9003939;703076;1077;1;880;0;880
9003940;703077;1092;1;690;0;690
9003941;703078;1066;1;11990;0;11990
9003942;703078;1038;1;41345;10;37211
9003943;703078;1073;1;19490;0;19490
9003944;703079;1040;1;35790;10;32211
9003945;703079;1072;1;7345;0;7345
9003946;703080;1082;1;3567;12;3139
9003947;703081;1002;1;85990;5;81690
9003948;703081;1076;1;1090;0;1090
9003949;703082;1066;1;12090;5;11486
9003950;703083;1056;1;3490;0;3490
9003951;703084;1053;1;33490;3;32485
9003952;703085;1056;1;3090;3;2997
9003953;703085;1077;1;886;10;797
9003954;703086;1056;1;3790;0;3790
9003955;703086;1092;1;686;0;686
9003956;703087;1074;1;12490;3;12115
9003957;703088;1032;1;4990;0;4990
9003958;703089;1091;1;797;5;757
9003959;703090;1053;1;33345;5;31678
9003960;703091;1062;1;10490;5;9966
9003961;703092;1011;1;43790;0;43790
9003962;703093;1054;1;25990;7;24171
9003963;703093;1057;1;7345;5;6978
9003964;703094;1024;1;27990;7;26031
9003965;703094;1063;1;3090;5;2936
9003966;703095;1038;1;42790;0;42790
9003967;703095;1077;1;896;0;896
9003968;703096;1079;2;1090;0;2180
9003969;703097;1021;1;40090;0;40090
9003970;703097;1090;1;1790;0;1790
9003971;703098;1071;1;7567;7;7037
9003972;703098;1030;1;20990;0;20990
9003973;703099;1092;1;696;0;696
9003974;703100;1079;1;1345;0;1345
9003975;703101;1020;1;38090;0;38090
9003976;703101;1008;1;55345;0;55345
9003977;703102;1087;1;1345;0;1345
9003978;703103;1033;1;88567;0;88567
9003979;703104;1072;1;8790;0;8790
9003980;703104;1024;1;26990;0;26990
9003981;703105;1018;1;40790;3;39566
9003982;703106;1077;1;890;12;783
9003983;703107;1051;1;27345;0;27345
9003984;703108;1070;1;13345;0;13345
9003985;703109;1002;1;85567;0;85567
9003986;703110;1020;1;38790;0;38790
9003987;703111;1092;1;686;5;652
9003988;703112;1067;1;18790;5;17850
9003989;703113;1089;1;1345;0;1345
9003990;703114;1043;1;32490;0;32490
9003991;703115;1056;1;3990;5;3790
9003992;703116;1070;1;14490;5;13766
9003993;703116;1032;1;4990;0;4990
9003994;703117;1042;1;19490;3;18905
9003995;703118;1006;1;126790;0;126790
9003996;703119;1011;1;42567;12;37459
9003997;703120;1029;1;26990;10;24291
9003998;703121;1068;1;25490;3;24725
9003999;703122;1060;1;9990;0;9990
9004000;703123;1040;1;34345;0;34345
9004001;703124;1066;1;12345;0;12345
9004002;703124;1056;2;3990;0;7980
9004003;703125;1084;1;5990;0;5990
9004004;703125;1072;1;7345;0;7345
9004005;703125;1017;1;22990;0;22990
9004006;703126;1075;1;2090;3;2027
9004007;703127;1069;1;6345;10;5711
9004008;703128;1076;1;1490;0;1490
9004009;703129;1042;1;19345;0;19345
9004010;703130;1033;1;90567;5;86039
9004011;703130;1056;2;3990;0;7980
9004012;703131;1052;1;40990;5;38940
9004013;703132;1079;1;1790;3;1736
9004014;703132;1025;1;39990;0;39990
9004015;703132;1082;1;3345;3;3245
9004016;703133;1009;1;79490;5;75516
9004017;703134;1041;1;49490;0;49490
9004018;703135;1066;1;12790;5;12150
9004019;703136;1048;1;45567;0;45567
9004020;703137;1041;1;49990;0;49990
9004021;703138;1029;1;26345;5;25028
9004022;703139;1023;1;25790;5;24500
9004023;703140;1013;1;75490;5;71716
9004024;703141;1043;1;31345;0;31345
9004025;703142;1032;1;4490;0;4490
9004026;703143;1020;1;38345;5;36428
9004027;703143;1089;1;1790;5;1700
9004028;703144;1025;1;38345;0;38345
9004029;703145;1016;1;36990;0;36990
9004030;703146;1078;1;692;7;644
9004031;703147;1066;1;11790;5;11200
9004032;703148;1091;1;783;0;783
9004033;703149;1081;1;1345;0;1345
9004034;703149;1032;1;4790;0;4790
9004035;703150;1003;1;82990;7;77181
9004036;703151;1024;1;27490;0;27490
9004037;703152;1021;1;39790;0;39790
9004038;703153;1054;1;24490;0;24490
9004039;703154;1053;1;33490;0;33490
9004040;703155;1087;1;1567;10;1410
9004041;703156;1029;1;26990;0;26990
9004042;703157;1040;1;35567;7;33077
9004043;703158;1067;1;18490;12;16271
9004044;703159;1081;1;1567;0;1567
9004045;703160;1069;1;6490;5;6166
9004046;703161;1031;1;18990;7;17661
9004047;703162;1049;1;51567;0;51567
9004048;703163;1022;1;19990;0;19990
9004049;703164;1073;1;19567;0;19567
9004050;703165;1092;1;688;7;640
9004051;703166;1050;1;6567;0;6567
9004052;703167;1025;1;38345;7;35661
9004053;703168;1026;1;42090;7;39144
9004054;703168;1038;1;42567;0;42567
9004055;703169;1027;1;27567;7;25637
9004056;703170;1024;1;27490;0;27490
9004057;703171;1022;1;19990;0;19990
9004058;703172;1085;1;1345;0;1345
9004059;703173;1090;1;1567;0;1567
9004060;703174;1002;1;85990;10;77391
9004061;703175;1027;1;28990;0;28990
9004062;703176;1075;1;2990;0;2990
9004063;703177;1030;1;19345;7;17991
9004064;703177;1048;1;44090;0;44090
9004065;703178;1009;1;80345;5;76328
9004066;703178;1094;2;2567;0;5134
9004067;703179;1075;1;2090;0;2090
9004068;703179;1030;1;20090;5;19086
9004069;703180;1084;1;5790;7;5385
9004070;703181;1066;1;12990;0;12990
9004071;703182;1084;1;5790;0;5790
9004072;703183;1002;1;85567;0;85567
9004073;703183;1071;1;7567;0;7567
9004074;703184;1072;1;8790;0;8790
9004075;703185;1039;1;68567;0;68567
9004076;703186;1015;1;21345;0;21345
9004077;703186;1089;1;1345;3;1305
9004078;703187;1092;1;694;5;659
9004079;703188;1049;1;51090;0;51090
9004080;703189;1038;1;41790;3;40536
9004081;703189;1094;2;2990;0;5980
9004082;703190;1080;1;3090;5;2936
9004083;703191;1094;1;2990;5;2840
9004084;703191;1056;1;3090;3;2997
9004085;703192;1049;1;51567;3;50020
9004086;703192;1077;1;881;0;881
9004087;703193;1032;1;4490;0;4490
9004088;703194;1079;2;1790;0;3580
9004089;703195;1071;1;7090;0;7090
9004090;703196;1024;1;27345;7;25431
9004091;703197;1008;1;56990;0;56990
9004092;703198;1024;1;27990;0;27990
9004093;703198;1033;1;89990;0;89990
9004094;703199;1024;1;26790;10;24111
9004095;703199;1045;1;37990;12;33431
9004096;703200;1061;1;3567;0;3567
9004097;703200;1030;1;20490;7;19056
9004098;703201;1032;1;4345;0;4345
9004099;703201;1068;1;25990;0;25990
9004100;703202;1067;1;18490;7;17196
9004101;703203;1068;1;25090;0;25090
9004102;703204;1072;1;7090;12;6239
9004103;703205;1017;1;22567;0;22567
9004104;703206;1092;1;690;0;690
9004105;703206;1088;1;2345;7;2181
9004106;703207;1050;1;7567;0;7567
9004107;703208;1042;1;19090;3;18517
9004108;703209;1013;1;75790;7;70485
9004109;703210;1066;1;11490;12;10111
9004110;703211;1066;1;11567;3;11220
9004111;703211;1017;1;22990;5;21840
9004112;703211;1051;1;27990;0;27990
9004113;703212;1072;1;8490;3;8235
9004114;703213;1032;2;4790;0;9580
9004115;703214;1059;1;3567;0;3567
9004116;703215;1020;1;37090;10;33381
9004117;703216;1040;1;35490;0;35490
9004118;703217;1091;1;798;5;758
9004119;703218;1049;1;52790;7;49095
9004120;703219;1041;1;49567;0;49567
9004121;703220;1070;1;13990;5;13290
9004122;703221;1086;1;4567;5;4339
9004123;703222;1047;1;33790;0;33790
9004124;703223;1069;1;6567;0;6567
9004125;703224;1019;1;25990;10;23391
9004126;703225;1082;1;3790;7;3525
9004127;703226;1089;1;1990;0;1990
9004128;703226;1085;1;1790;10;1611
9004129;703227;1069;1;6567;0;6567
9004130;703228;1042;1;20567;5;19539
9004131;703228;1085;1;1990;0;1990
9004132;703229;1022;1;18345;0;18345
9004133;703230;1036;1;64090;5;60886
9004134;703230;1004;1;99345;0;99345
9004135;703231;1040;1;35090;0;35090
9004136;703232;1037;1;70090;0;70090
9004137;703233;1058;1;11490;3;11145
9004138;703233;1011;1;43090;3;41797
9004139;703234;1016;1;35490;5;33716
9004140;703235;1035;1;56567;0;56567
9004141;703235;1040;1;34990;3;33940
9004142;703235;1087;1;1790;5;1700
9004143;703236;1031;1;18345;0;18345
9004144;703237;1093;1;567;10;510
9004145;703238;1038;1;42490;0;42490
9004146;703238;1076;1;1790;0;1790
9004147;703239;1084;1;4567;10;4110
9004148;703240;1087;1;1345;0;1345
9004149;703241;1041;1;49490;5;47016
9004150;703241;1085;1;1790;3;1736
9004151;703242;1027;1;28567;10;25710
9004152;703242;1040;1;34567;0;34567
9004153;703243;1018;1;39790;0;39790
9004154;703244;1023;1;24990;5;23740
9004155;703245;1078;1;682;12;600
9004156;703246;1033;1;90345;5;85828
9004157;703247;1029;1;27345;0;27345
9004158;703248;1025;1;39490;0;39490
9004159;703249;1068;1;24490;5;23266
9004160;703250;1040;1;35345;5;33578
9004161;703250;1079;1;1345;10;1211
9004162;703251;1058;1;12567;10;11310
9004163;703252;1050;1;6345;3;6155
9004164;703253;1072;1;8990;3;8720
9004165;703254;1074;1;11567;0;11567
9004166;703255;1071;1;7345;0;7345
9004167;703256;1016;1;35090;0;35090
9004168;703256;1049;1;52090;0;52090
9004169;703257;1064;1;1790;0;1790
9004170;703257;1014;1;28790;0;28790
9004171;703258;1032;1;4345;7;4041
9004172;703259;1026;1;43790;5;41600
9004173;703260;1032;1;4990;12;4391
9004174;703260;1029;1;26990;7;25101
9004175;703261;1003;1;82990;0;82990
9004176;703262;1077;1;897;0;897
9004177;703262;1030;1;20345;0;20345
9004178;703263;1082;1;3790;7;3525
9004179;703264;1085;1;1490;10;1341
9004180;703265;1024;1;27090;0;27090
9004181;703266;1068;1;25345;0;25345
9004182;703267;1012;1;34567;5;32839
9004183;703268;1048;1;45790;5;43500
9004184;703269;1031;1;18790;5;17850
9004185;703270;1090;2;1490;7;2771
9004186;703271;1037;1;70567;3;68450
9004187;703272;1094;1;2567;0;2567
9004188;703273;1017;1;22990;0;22990
9004189;703274;1036;1;64990;0;64990
9004190;703274;1086;1;4990;10;4491
9004191;703275;1090;1;1490;10;1341
9004192;703276;1090;1;1567;10;1410
9004193;703277;1045;1;36345;0;36345
9004194;703278;1047;1;32345;10;29111
9004195;703279;1091;1;778;3;755
9004196;703280;1094;1;2790;0;2790
9004197;703281;1065;1;1567;0;1567
9004198;703281;1022;1;19490;3;18905
9004199;703282;1044;1;65790;0;65790
9004200;703283;1042;1;19790;5;18800
9004201;703284;1094;1;2345;0;2345
9004202;703284;1056;1;3490;0;3490
9004203;703285;1044;1;64345;3;62415
9004204;703286;1071;1;7090;7;6594
9004205;703287;1003;1;81790;0;81790
9004206;703287;1093;1;573;0;573
9004207;703288;1076;1;1490;0;1490
9004208;703288;1049;1;52990;7;49281
9004209;703288;1070;1;13090;0;13090
9004210;703289;1012;1;34490;0;34490
9004211;703290;1070;1;13790;0;13790
9004212;703291;1044;1;64345;0;64345
9004213;703292;1090;1;1345;0;1345
9004214;703293;1017;1;22090;5;20986
9004215;703294;1040;1;34567;0;34567
9004216;703295;1008;1;56990;5;54140
9004217;703295;1094;1;2790;0;2790
9004218;703296;1067;1;17990;5;17090
9004219;703297;1038;1;41090;0;41090
9004220;703298;1087;1;1090;0;1090
9004221;703298;1036;1;64790;5;61550
9004222;703299;1078;1;688;0;688
9004223;703299;1045;1;36345;0;36345
9004224;703299;1080;2;4345;0;8690
9004225;703300;1071;1;7490;3;7265
9004226;703301;1064;1;1567;0;1567
9004227;703301;1080;1;4790;3;4646
9004228;703302;1077;1;883;0;883
9004229;703302;1041;1;49490;0;49490
9004230;703303;1066;1;12090;7;11244
9004231;703303;1066;1;11345;7;10551
9004232;703303;1089;1;1090;0;1090
9004233;703304;1081;2;1567;0;3134
9004234;703305;1077;1;896;5;851
9004235;703306;1012;1;35990;0;35990
9004236;703307;1031;1;18567;0;18567
9004237;703308;1017;1;22990;0;22990
9004238;703308;1091;1;793;10;714
9004239;703309;1093;1;563;0;563
9004240;703310;1074;1;11090;0;11090
9004241;703310;1018;1;39490;0;39490
9004242;703311;1050;1;6790;5;6450
9004243;703312;1022;1;19090;5;18136
9004244;703313;1066;1;12990;12;11431
9004245;703313;1092;1;685;0;685
9004246;703314;1046;1;35345;5;33578
9004247;703315;1072;1;7490;3;7265
9004248;703315;1071;1;7345;7;6831
9004249;703316;1073;1;19345;3;18765
9004250;703317;1062;1;10090;0;10090
9004251;703318;1032;1;4790;7;4455
9004252;703319;1068;1;25567;10;23010
9004253;703320;1073;1;18490;0;18490
9004254;703320;1069;1;6790;5;6450
9004255;703321;1078;1;684;3;663
9004256;703322;1059;1;4567;10;4110
9004257;703323;1041;1;50090;0;50090
9004258;703324;1083;2;2990;0;5980
9004259;703325;1071;1;7090;12;6239
9004260;703326;1031;1;18990;10;17091
9004261;703326;1047;1;33990;3;32970
9004262;703327;1056;1;3790;0;3790
9004263;703327;1008;1;55490;0;55490
9004264;703328;1061;1;3090;0;3090
9004265;703329;1092;1;691;0;691
9004266;703330;1027;1;27345;5;25978
9004267;703330;1031;1;18567;0;18567
9004268;703330;1034;1;109790;7;102105
9004269;703331;1038;1;41790;0;41790
9004270;703332;1035;1;56790;10;51111
9004271;703333;1033;1;91090;0;91090
9004272;703334;1015;1;21790;3;21136
9004273;703335;1039;1;68567;0;68567
9004274;703335;1021;1;39345;12;34624
9004275;703336;1094;1;2490;0;2490
9004276;703337;1007;1;64990;0;64990
9004277;703338;1076;1;1345;5;1278
9004278;703339;1028;1;76090;0;76090
9004279;703340;1039;1;67790;7;63045
9004280;703341;1086;1;4790;12;4215
9004281;703342;1044;1;65790;0;65790
9004282;703342;1071;1;7090;10;6381
9004283;703343;1066;1;12567;0;12567
9004284;703344;1051;1;27990;5;26590
9004285;703345;1018;1;39490;5;37516
9004286;703345;1092;1;692;3;671
9004287;703346;1037;1;69990;0;69990
9004288;703347;1023;1;24090;5;22886
9004289;703348;1028;1;78345;0;78345
9004290;703349;1010;1;110567;0;110567
9004291;703350;1043;1;31345;5;29778
9004292;703350;1083;1;2567;0;2567
9004293;703351;1081;1;1090;0;1090
9004294;703352;1070;1;14345;5;13628
9004295;703353;1024;1;27790;0;27790
9004296;703354;1071;1;7567;0;7567
9004297;703355;1023;1;25990;0;25990
9004298;703356;1030;1;20090;0;20090
9004299;703357;1080;2;4490;5;8531
9004300;703357;1081;1;1567;5;1489
9004301;703358;1020;1;37345;3;36225
9004302;703359;1079;1;1490;12;1311
9004303;703360;1041;1;49090;10;44181
9004304;703361;1093;1;572;7;532
9004305;703362;1072;1;8345;0;8345
9004306;703363;1079;1;1790;7;1665
9004307;703364;1038;1;41345;0;41345
9004308;703365;1072;1;8345;10;7511
9004309;703366;1092;1;688;7;640
9004310;703367;1013;1;75790;10;68211
9004311;703368;1069;1;6345;0;6345
9004312;703369;1051;1;28990;0;28990
9004313;703370;1071;1;7490;0;7490
9004314;703371;1036;1;64345;0;64345
9004315;703371;1084;1;5990;0;5990
9004316;703371;1093;1;574;0;574
9004317;703372;1063;1;3990;0;3990
9004318;703373;1068;1;25345;3;24585
9004319;703374;1037;1;70790;5;67250
9004320;703374;1077;1;887;5;843
9004321;703375;1012;1;35345;7;32871
9004322;703375;1085;1;1990;10;1791
9004323;703376;1079;1;1345;10;1211
9004324;703377;1092;1;688;0;688
9004325;703377;1067;1;17567;5;16689
9004326;703378;1066;1;12345;3;11975
9004327;703378;1034;1;109790;0;109790
9004328;703378;1081;2;1345;0;2690
9004329;703379;1081;1;1345;3;1305
9004330;703380;1003;1;81790;5;77700
9004331;703381;1018;1;39567;0;39567
9004332;703382;1093;1;570;0;570
9004333;703382;1088;1;2790;10;2511
9004334;703383;1020;1;38090;5;36186
9004335;703384;1008;1;55567;10;50010
9004336;703385;1089;1;1990;3;1930
9004337;703386;1073;1;19790;5;18800
9004338;703387;1069;1;6345;0;6345
9004339;703387;1041;1;50345;5;47828
9004340;703388;1025;1;39490;12;34751
9004341;703389;1032;1;4090;7;3804
9004342;703390;1024;1;26990;5;25640
9004343;703391;1063;1;3990;5;3790
9004344;703392;1014;1;28990;10;26091
9004345;703393;1086;1;4990;10;4491
9004346;703394;1075;1;2790;0;2790
9004347;703394;1021;1;40090;0;40090
9004348;703394;1056;1;3567;3;3460
9004349;703395;1018;1;40345;0;40345
9004350;703396;1025;1;38090;10;34281
9004351;703396;1003;1;82790;0;82790
9004352;703397;1036;1;64345;7;59841
9004353;703398;1068;1;25490;0;25490
9004354;703398;1069;1;6990;0;6990
9004355;703399;1008;1;55345;0;55345
9004356;703400;1030;1;20090;10;18081
9004357;703401;1042;1;19990;12;17591
9004358;703402;1075;1;2090;5;1986
9004359;703402;1005;1;111790;0;111790
9004360;703402;1029;1;26790;0;26790
9004361;703403;1051;1;28490;0;28490
9004362;703404;1037;1;68090;7;63324
9004363;703405;1078;1;698;7;649
9004364;703406;1008;1;55567;12;48899
9004365;703406;1093;1;568;0;568
9004366;703407;1016;1;35490;0;35490
9004367;703408;1075;1;2567;3;2490
9004368;703408;1032;1;4990;10;4491
9004369;703409;1077;1;878;5;834
9004370;703410;1038;1;41090;0;41090
9004371;703410;1085;1;1567;0;1567
9004372;703411;1049;1;52490;12;46191
9004373;703412;1045;1;37490;3;36365
9004374;703413;1007;1;65490;12;57631
9004375;703413;1090;2;1990;0;3980
9004376;703414;1074;1;12490;3;12115
9004377;703415;1067;1;17790;0;17790
9004378;703416;1040;1;34090;3;33067
9004379;703417;1073;1;19990;5;18990
9004380;703417;1010;1;110490;7;102756
9004381;703418;1076;1;1090;10;981
9004382;703419;1032;1;4567;0;4567
9004383;703420;1018;1;39567;5;37589
9004384;703421;1020;1;38345;0;38345
9004385;703422;1040;1;35790;10;32211
9004386;703423;1072;1;8990;5;8540
9004387;703424;1032;2;4345;12;7647
9004388;703425;1078;1;693;5;658
9004389;703426;1086;1;4490;0;4490
9004390;703427;1083;1;2490;0;2490
9004391;703427;1037;1;70490;10;63441
9004392;703428;1084;1;4090;5;3886
9004393;703429;1030;1;19490;12;17151
9004394;703430;1007;1;64567;0;64567
9004395;703431;1016;1;36790;12;32375
9004396;703431;1085;1;1567;10;1410
9004397;703432;1050;1;6567;0;6567
9004398;703433;1083;1;2345;0;2345
9004399;703433;1018;1;39790;5;37800
9004400;703434;1043;1;32490;7;30216
9004401;703435;1033;1;91490;5;86916
9004402;703436;1050;1;7790;0;7790
9004403;703437;1067;1;17790;12;15655
9004404;703438;1048;1;45090;5;42836
9004405;703439;1011;1;43990;0;43990
9004406;703440;1073;1;19345;7;17991
9004407;703441;1094;1;2990;7;2781
9004408;703442;1006;1;128090;5;121686
9004409;703443;1006;1;127990;0;127990
9004410;703443;1077;2;897;7;1668
9004411;703444;1072;1;8990;0;8990
9004412;703444;1073;1;18490;5;17566
9004413;703445;1006;1;125790;0;125790
9004414;703446;1094;1;2345;5;2228
9004415;703447;1030;1;19990;12;17591
9004416;703448;1010;1;110345;0;110345
9004417;703449;1006;1;128490;0;128490
9004418;703450;1091;2;794;10;1429
9004419;703451;1001;1;72990;5;69340
9004420;703451;1092;1;690;0;690
9004421;703452;1066;1;11345;3;11005
9004422;703453;1048;1;45090;5;42836
9004423;703453;1086;1;4345;5;4128
9004424;703454;1061;1;3345;0;3345
9004425;703455;1078;1;698;0;698
9004426;703455;1079;1;1490;12;1311
9004427;703456;1001;1;73990;7;68811
9004428;703457;1022;1;18567;0;18567
9004429;703457;1076;1;1490;7;1386
9004430;703458;1093;1;574;3;557
9004431;703459;1027;1;27490;0;27490
9004432;703460;1048;1;44990;0;44990
9004433;703461;1048;1;45490;5;43216
9004434;703462;1001;1;72345;0;72345
9004435;703463;1002;1;84790;0;84790
9004436;703464;1076;1;2345;0;2345
9004437;703465;1089;1;1990;0;1990
9004438;703465;1047;1;32990;3;32000
9004439;703465;1069;1;6567;0;6567
9004440;703466;1015;1;21345;0;21345
9004441;703467;1064;1;1090;10;981
9004442;703467;1064;1;1567;3;1520
9004443;703468;1094;1;2567;0;2567
9004444;703469;1014;1;29567;7;27497
9004445;703469;1083;1;2790;5;2650
9004446;703469;1078;1;700;5;665
9004447;703470;1007;1;64090;5;60886
9004448;703470;1014;1;29090;10;26181
9004449;703471;1020;1;37490;7;34866
9004450;703472;1036;1;64790;3;62846
9004451;703473;1028;1;78490;0;78490
9004452;703474;1050;1;6090;7;5664
9004453;703475;1058;1;11345;10;10211
9004454;703476;1031;1;18567;10;16710
9004455;703477;1010;1;111790;0;111790
9004456;703478;1070;1;14790;10;13311
9004457;703478;1056;1;3345;0;3345
9004458;703479;1033;1;89345;3;86665
9004459;703480;1063;1;4567;5;4339
9004460;703481;1024;1;27490;0;27490
9004461;703482;1006;1;127567;3;123740
9004462;703482;1012;1;34345;5;32628
9004463;703483;1013;1;73567;0;73567
9004464;703484;1012;1;34790;10;31311
9004465;703484;1038;1;42990;5;40840
9004466;703484;1076;1;2990;7;2781
9004467;703485;1054;1;24990;5;23740
9004468;703485;1078;1;700;3;679
9004469;703486;1036;1;64490;0;64490
9004470;703487;1048;1;45490;0;45490
9004471;703488;1070;1;13090;0;13090
9004472;703489;1066;1;12345;0;12345
9004473;703489;1049;1;51345;0;51345
9004474;703489;1065;1;1490;5;1416
9004475;703490;1015;1;21090;10;18981
9004476;703491;1033;1;90990;3;88260
9004477;703492;1012;1;34567;0;34567
9004478;703493;1085;1;1990;5;1890
9004479;703494;1094;1;2990;0;2990
9004480;703495;1093;1;564;0;564
9004481;703496;1044;1;65490;7;60906
9004482;703497;1088;1;2345;0;2345
9004483;703497;1058;1;11345;3;11005
9004484;703497;1058;1;12790;10;11511
9004485;703498;1093;1;572;0;572
9004486;703499;1059;1;4790;0;4790
9004487;703500;1011;1;42567;5;40439
9004488;703501;1002;1;85567;0;85567
9004489;703502;1025;1;39790;0;39790
9004490;703503;1007;1;65567;0;65567
9004491;703504;1074;1;11990;0;11990
9004492;703505;1090;1;1567;10;1410
9004493;703506;1065;1;1990;5;1890
9004494;703506;1094;1;2345;3;2275
9004495;703507;1030;1;19345;7;17991
9004496;703507;1092;1;685;3;664
9004497;703508;1027;1;27990;3;27150
9004498;703509;1040;1;35990;12;31671
9004499;703510;1022;1;18090;0;18090
9004500;703510;1090;1;1790;0;1790
9004501;703511;1081;1;1567;5;1489
9004502;703512;1083;1;2345;0;2345
9004503;703513;1009;1;79990;3;77590
9004504;703514;1028;1;78567;0;78567
9004505;703515;1071;1;7490;7;6966
9004506;703516;1023;1;25090;10;22581
9004507;703517;1016;1;35790;0;35790
9004508;703518;1064;2;1990;0;3980
9004509;703519;1028;1;77345;3;75025
9004510;703520;1039;1;68090;7;63324
9004511;703521;1015;1;21490;5;20416
9004512;703521;1090;1;1490;3;1445
9004513;703522;1055;1;13345;3;12945
9004514;703523;1020;1;37567;0;37567
9004515;703524;1026;1;42090;0;42090
9004516;703525;1035;1;57567;7;53537
9004517;703525;1092;1;697;0;697
9004518;703526;1071;1;7990;0;7990
9004519;703526;1050;1;6567;0;6567
9004520;703527;1081;1;1345;0;1345
9004521;703528;1090;1;1345;5;1278
9004522;703529;1016;1;35790;0;35790
9004523;703530;1067;1;17090;7;15894
9004524;703530;1056;1;3090;7;2874
9004525;703531;1032;1;4990;0;4990
9004526;703532;1037;1;69090;0;69090
9004527;703533;1059;1;3345;12;2944
9004528;703534;1092;1;688;3;667
9004529;703535;1032;1;4490;3;4355
9004530;703536;1031;1;18345;0;18345
9004531;703537;1085;1;1345;0;1345
9004532;703538;1068;1;24090;0;24090
9004533;703539;1015;1;21345;0;21345
9004534;703540;1042;1;19567;7;18197
9004535;703541;1041;1;50567;10;45510
9004536;703542;1049;1;51567;10;46410
9004537;703543;1079;1;1790;5;1700
9004538;703544;1093;1;570;0;570
9004539;703544;1078;1;695;5;660
9004540;703545;1039;1;67090;3;65077
9004541;703546;1038;1;41345;0;41345
9004542;703547;1079;1;1090;3;1057
9004543;703548;1070;1;13090;0;13090
9004544;703548;1077;1;889;12;782
9004545;703549;1088;1;2490;0;2490
9004546;703549;1066;1;12790;5;12150
9004547;703550;1073;1;18790;0;18790
9004548;703551;1017;1;23990;0;23990
9004549;703551;1083;1;2490;5;2366
9004550;703552;1050;1;7567;0;7567
9004551;703553;1032;1;4990;3;4840
9004552;703554;1073;1;19345;7;17991
9004553;703554;1019;1;25990;3;25210
9004554;703555;1050;1;6990;10;6291
9004555;703556;1059;1;4990;0;4990
9004556;703556;1029;1;27990;5;26590
9004557;703557;1071;1;7490;0;7490
9004558;703558;1083;1;2567;0;2567
9004559;703559;1028;1;77790;0;77790
9004560;703559;1093;1;563;0;563
9004561;703559;1028;1;77790;0;77790
9004562;703560;1043;1;32345;5;30728
9004563;703561;1077;1;901;0;901
9004564;703562;1036;1;65790;7;61185
9004565;703562;1093;1;562;0;562
9004566;703563;1047;1;33567;3;32560
9004567;703564;1039;1;67567;0;67567
9004568;703565;1080;1;3345;3;3245
9004569;703565;1066;1;11345;0;11345
9004570;703566;1039;1;68567;10;61710
9004571;703567;1039;1;68567;0;68567
9004572;703568;1086;1;4790;5;4550
9004573;703569;1053;1;33567;0;33567
9004574;703570;1067;1;17790;10;16011
9004575;703571;1020;1;38567;5;36639
9004576;703571;1083;1;2567;0;2567
9004577;703572;1082;2;3567;10;6421
9004578;703573;1077;1;882;12;776
9004579;703573;1032;1;4345;7;4041
9004580;703574;1076;1;1790;3;1736
9004581;703575;1084;1;4990;0;4990
9004582;703576;1089;1;1567;10;1410
9004583;703576;1073;1;18490;0;18490
9004584;703577;1041;1;49090;5;46636
9004585;703578;1068;1;25090;0;25090
9004586;703579;1033;1;89567;0;89567
9004587;703579;1085;1;1990;5;1890
9004588;703579;1037;1;69090;0;69090
9004589;703580;1033;1;88790;0;88790
9004590;703581;1021;1;40345;5;38328
9004591;703582;1068;1;24990;0;24990
9004592;703583;1014;1;28090;0;28090
9004593;703584;1046;1;35490;3;34425
9004594;703584;1082;1;3345;0;3345
9004595;703585;1084;1;4490;3;4355
9004596;703586;1085;2;1567;0;3134
9004597;703587;1074;1;11567;0;11567
9004598;703588;1038;1;41490;0;41490
9004599;703589;1032;1;4567;10;4110
9004600;703589;1032;1;4567;0;4567
9004601;703590;1041;1;49790;0;49790
9004602;703591;1079;1;1490;3;1445
9004603;703591;1077;1;889;0;889
9004604;703592;1032;1;4490;3;4355
9004605;703593;1019;1;24345;10;21911
9004606;703594;1066;1;12345;10;11111
9004607;703594;1026;1;43090;10;38781
9004608;703595;1050;1;7567;0;7567
9004609;703596;1031;1;18345;3;17795
9004610;703596;1030;1;19567;0;19567
9004611;703597;1068;1;25345;3;24585
9004612;703597;1039;1;68345;0;68345
9004613;703597;1083;1;2490;5;2366
9004614;703598;1044;1;64567;5;61339
9004615;703599;1023;1;25567;0;25567
9004616;703600;1016;1;36345;0;36345
9004617;703601;1034;1;109490;0;109490
9004618;703602;1072;1;8345;5;7928
9004619;703602;1041;1;50345;0;50345
9004620;703603;1083;2;2790;0;5580
9004621;703604;1081;1;1090;0;1090
9004622;703605;1072;1;7990;0;7990
9004623;703606;1032;1;4345;7;4041
9004624;703607;1073;1;19567;5;18589
9004625;703607;1088;1;3345;0;3345
9004626;703608;1058;1;11345;0;11345
9004627;703608;1018;1;40090;5;38086
9004628;703609;1013;1;74090;0;74090
9004629;703610;1067;1;18090;0;18090
9004630;703611;1015;1;21345;0;21345
9004631;703612;1072;1;7345;12;6464
9004632;703612;1045;1;36990;0;36990
9004633;703613;1050;1;6567;0;6567
9004634;703614;1041;1;49345;0;49345
9004635;703615;1032;1;4790;7;4455
9004636;703616;1042;1;20490;5;19466
9004637;703617;1066;1;11345;0;11345
9004638;703618;1075;1;2345;0;2345
9004639;703619;1092;1;692;3;671
9004640;703619;1044;1;65567;0;65567
9004641;703619;1007;1;65090;0;65090
9004642;703620;1093;1;567;0;567
9004643;703621;1032;1;4490;0;4490
9004644;703622;1081;1;2567;3;2490
9004645;703623;1027;1;28990;7;26961
9004646;703624;1072;1;8790;0;8790
9004647;703624;1047;1;33567;3;32560
9004648;703625;1077;1;883;0;883
9004649;703626;1093;1;574;3;557
9004650;703627;1094;1;2345;7;2181
9004651;703628;1061;1;3567;0;3567
9004652;703629;1021;1;40567;5;38539
9004653;703629;1094;1;2990;0;2990
9004654;703630;1037;1;70090;5;66586
9004655;703630;1090;1;1345;0;1345
9004656;703631;1072;1;8790;5;8350
9004657;703631;1073;1;18790;0;18790
9004658;703632;1085;1;1345;0;1345
9004659;703632;1060;1;9090;0;9090
9004660;703633;1018;1;39345;10;35411
9004661;703634;1087;1;1567;0;1567
9004662;703635;1080;1;3345;7;3111
9004663;703636;1027;1;28990;3;28120
9004664;703637;1042;1;20990;0;20990
9004665;703638;1027;1;28567;3;27710
9004666;703639;1091;1;797;0;797
9004667;703639;1017;1;22345;5;21228
9004668;703640;1092;1;681;0;681
9004669;703640;1078;1;687;0;687
9004670;703641;1092;1;700;7;651
9004671;703642;1071;1;7790;0;7790
9004672;703643;1058;1;12990;7;12081
9004673;703644;1023;1;25790;3;25016
9004674;703645;1091;1;792;10;713
9004675;703646;1068;1;24790;5;23550
9004676;703646;1066;1;11790;0;11790
9004677;703646;1017;1;23490;0;23490
9004678;703647;1023;1;25345;10;22811
9004679;703648;1028;1;76090;12;66959
9004680;703649;1007;1;65345;0;65345
9004681;703650;1020;1;37790;3;36656
9004682;703650;1093;1;572;0;572
9004683;703650;1075;2;2345;7;4362
9004684;703651;1010;1;111345;7;103551
9004685;703652;1040;1;35090;0;35090
9004686;703653;1069;1;6490;0;6490
9004687;703653;1006;1;125490;0;125490
9004688;703654;1024;1;27345;7;25431
9004689;703655;1087;1;1990;0;1990
9004690;703656;1039;1;67990;0;67990
9004691;703657;1020;1;38790;10;34911
9004692;703657;1079;1;1345;0;1345
9004693;703657;1092;1;692;0;692
9004694;703658;1094;1;2345;0;2345
9004695;703658;1057;1;7990;0;7990
9004696;703659;1078;1;698;3;677
9004697;703659;1026;1;42345;0;42345
9004698;703660;1075;1;2090;3;2027
9004699;703661;1018;1;39345;0;39345
9004700;703662;1001;1;72090;7;67044
9004701;703662;1082;1;3990;0;3990
9004702;703662;1082;1;3990;0;3990
9004703;703663;1017;1;22345;0;22345
9004704;703664;1047;1;32490;3;31515
9004705;703665;1080;1;3790;0;3790
9004706;703665;1043;1;32567;10;29310
9004707;703666;1086;1;4990;3;4840
9004708;703666;1013;1;75990;3;73710
9004709;703667;1002;1;85345;0;85345
9004710;703667;1090;1;1567;0;1567
9004711;703668;1071;1;7345;0;7345
9004712;703669;1026;1;42567;3;41290
9004713;703670;1013;1;74090;12;65199
9004714;703671;1035;1;57990;0;57990
9004715;703672;1069;1;6090;0;6090
9004716;703673;1046;1;34090;7;31704
9004717;703674;1071;1;7567;5;7189
9004718;703675;1003;1;82490;0;82490
9004719;703676;1045;1;36345;0;36345
9004720;703677;1016;1;35567;5;33789
9004721;703678;1027;1;28790;0;28790
9004722;703679;1091;1;798;5;758
9004723;703679;1037;1;69090;0;69090
9004724;703680;1070;1;14567;3;14130
9004725;703681;1004;1;99990;0;99990
9004726;703682;1013;1;74790;0;74790
9004727;703683;1021;1;39090;3;37917
9004728;703683;1066;1;11490;0;11490
9004729;703684;1077;1;891;0;891
9004730;703684;1016;1;36490;0;36490
9004731;703685;1090;1;1345;5;1278
9004732;703686;1035;1;57345;12;50464
9004733;703686;1076;1;1790;5;1700
9004734;703687;1065;1;1490;3;1445
9004735;703687;1015;1;21567;3;20920
9004736;703688;1022;1;18567;12;16339
9004737;703689;1044;1;65090;10;58581
9004738;703690;1025;1;38490;0;38490
9004739;703690;1055;1;13567;0;13567
9004740;703691;1032;1;4790;5;4550
9004741;703691;1015;1;21090;10;18981
9004742;703692;1072;1;7490;0;7490
9004743;703693;1016;1;36567;0;36567
9004744;703694;1022;1;18490;0;18490
9004745;703695;1064;1;1490;5;1416
9004746;703696;1028;1;78567;10;70710
9004747;703696;1042;1;19567;10;17610
9004748;703697;1093;1;561;0;561
9004749;703698;1006;1;125345;7;116571
9004750;703699;1015;1;21090;0;21090
9004751;703699;1087;1;1990;10;1791
9004752;703700;1076;1;1345;0;1345
9004753;703701;1026;1;42490;0;42490
9004754;703702;1016;1;36090;0;36090
9004755;703703;1018;1;39490;0;39490
9004756;703704;1089;1;1345;5;1278
9004757;703705;1030;1;20990;10;18891
9004758;703705;1015;1;21567;0;21567
9004759;703705;1041;1;49790;0;49790
9004760;703706;1085;1;1090;3;1057
9004761;703707;1041;1;50345;3;48835
9004762;703708;1038;1;42345;5;40228
9004763;703709;1044;1;65490;3;63525
9004764;703709;1092;1;690;0;690
9004765;703709;1078;1;699;5;664
9004766;703710;1018;1;39490;5;37516
9004767;703711;1070;1;13490;3;13085
9004768;703711;1082;1;3345;0;3345
9004769;703711;1040;1;35990;3;34910
9004770;703712;1065;2;1090;0;2180
9004771;703713;1014;1;29790;5;28300
9004772;703714;1079;1;1345;3;1305
9004773;703714;1071;1;7090;0;7090
9004774;703715;1074;1;12990;0;12990
9004775;703715;1029;1;27345;0;27345
9004776;703716;1024;1;27490;0;27490
9004777;703716;1041;1;49090;0;49090
9004778;703717;1024;1;26990;3;26180
9004779;703718;1077;1;889;0;889
9004780;703719;1089;1;1990;3;1930
9004781;703720;1072;1;8345;10;7511
9004782;703721;1039;1;67490;10;60741
9004783;703722;1085;1;1567;5;1489
9004784;703722;1018;1;39790;3;38596
9004785;703723;1040;1;35567;0;35567
9004786;703723;1088;1;2567;10;2310
9004787;703724;1001;1;72990;7;67881
9004788;703725;1072;1;8567;0;8567
9004789;703726;1023;1;25990;5;24690
9004790;703727;1045;1;36790;10;33111
9004791;703728;1094;1;2990;0;2990
9004792;703729;1027;1;28490;10;25641
9004793;703730;1050;1;7990;0;7990
9004794;703731;1093;1;568;0;568
9004795;703732;1011;1;43090;10;38781
9004796;703733;1021;1;39345;5;37378
9004797;703734;1039;1;67990;7;63231
9004798;703735;1069;1;6090;5;5786
9004799;703736;1054;1;25490;10;22941
9004800;703737;1017;1;23090;0;23090
9004801;703738;1036;1;65990;12;58071
9004802;703739;1075;1;2790;0;2790
9004803;703740;1021;1;40345;0;40345
9004804;703741;1034;1;110567;10;99510
9004805;703741;1081;1;1345;10;1211
9004806;703742;1070;1;13345;3;12945
9004807;703743;1032;1;4345;0;4345
9004808;703744;1079;1;1090;0;1090
9004809;703745;1074;1;11090;7;10314
9004810;703746;1083;1;2345;0;2345
9004811;703746;1027;1;28567;0;28567
9004812;703747;1014;1;28345;3;27495
9004813;703747;1077;1;883;0;883
9004814;703748;1004;1;99990;0;99990
9004815;703748;1077;1;898;12;790
9004816;703749;1090;1;1567;5;1489
9004817;703750;1065;2;1567;0;3134
9004818;703750;1038;1;42790;0;42790
9004819;703751;1026;1;43990;0;43990
9004820;703752;1073;1;19567;0;19567
9004821;703753;1041;1;49790;10;44811
9004822;703754;1093;1;566;3;549
9004823;703754;1091;1;786;5;747
9004824;703755;1090;1;1990;0;1990
9004825;703756;1063;1;3490;3;3385
9004826;703757;1071;1;7490;3;7265
9004827;703758;1061;1;3090;0;3090
9004828;703759;1074;1;12567;0;12567
9004829;703760;1074;1;11790;12;10375
9004830;703761;1064;1;1990;0;1990
9004831;703762;1070;1;13990;12;12311
9004832;703763;1081;1;1345;0;1345
9004833;703763;1011;1;43090;0;43090
9004834;703763;1059;1;3345;7;3111
9004835;703764;1090;1;1790;10;1611
9004836;703765;1072;1;8490;5;8066
9004837;703766;1001;1;72090;0;72090
9004838;703767;1075;1;2490;7;2316
9004839;703767;1029;1;26490;10;23841
9004840;703768;1048;1;44790;0;44790
9004841;703769;1042;1;19490;3;18905
9004842;703770;1035;1;56345;0;56345
9004843;703770;1090;1;1790;0;1790
9004844;703771;1011;1;43990;3;42670
9004845;703772;1031;1;18490;10;16641
9004846;703773;1035;1;56090;0;56090
9004847;703774;1050;1;6990;0;6990
9004848;703774;1092;1;697;5;662
9004849;703774;1078;1;697;10;627
9004850;703775;1038;1;42790;5;40650
9004851;703776;1086;1;4345;5;4128
9004852;703777;1072;1;8567;3;8310
9004853;703778;1079;1;1490;5;1416
9004854;703779;1076;1;2490;12;2191
9004855;703780;1084;1;4990;0;4990
9004856;703781;1006;1;127090;0;127090
9004857;703782;1067;1;18345;7;17061
9004858;703783;1065;1;1345;5;1278
9004859;703784;1091;1;781;3;758
9004860;703784;1031;1;18790;0;18790
9004861;703785;1057;1;7567;5;7189
9004862;703786;1042;1;19490;5;18516
9004863;703787;1069;1;6490;12;5711
9004864;703788;1015;1;21345;5;20278
9004865;703789;1084;1;4490;5;4266
9004866;703790;1016;1;35090;0;35090
9004867;703791;1068;1;25490;3;24725
9004868;703792;1033;1;89090;10;80181
9004869;703793;1037;1;70567;3;68450
9004870;703794;1015;1;21567;0;21567
9004871;703794;1091;1;794;0;794
9004872;703795;1062;1;10090;0;10090
9004873;703796;1013;1;75345;0;75345
9004874;703797;1087;1;1990;3;1930
9004875;703797;1066;1;11790;7;10965
9004876;703797;1033;1;88990;3;86320
9004877;703798;1090;1;1990;5;1890
9004878;703799;1084;1;5567;0;5567
9004879;703800;1078;1;682;12;600
9004880;703801;1060;1;9490;0;9490
9004881;703802;1042;1;19345;3;18765
9004882;703803;1074;1;11790;0;11790
9004883;703804;1076;1;1490;0;1490
9004884;703805;1049;1;51990;12;45751
9004885;703806;1013;1;74790;3;72546
9004886;703807;1077;1;898;5;853
9004887;703808;1093;1;559;3;542
9004888;703808;1009;1;79790;5;75800
9004889;703809;1050;1;7990;7;7431
9004890;703810;1042;1;20567;0;20567
9004891;703811;1017;1;23345;5;22178
9004892;703812;1044;1;64790;3;62846
9004893;703812;1079;1;1990;0;1990
9004894;703812;1018;1;40090;7;37284
9004895;703813;1040;1;35345;10;31811
9004896;703814;1009;1;79345;0;79345
9004897;703815;1031;1;18990;5;18040
9004898;703816;1022;1;18790;0;18790
9004899;703817;1082;1;3567;10;3210
9004900;703818;1070;1;14090;0;14090
9004901;703819;1024;1;26790;5;25450
9004902;703820;1013;1;74567;0;74567
9004903;703820;1080;2;3345;0;6690
9004904;703821;1040;1;34567;3;33530
9004905;703822;1001;1;72490;0;72490
9004906;703823;1006;1;125790;3;122016
9004907;703824;1081;1;2090;12;1839
9004908;703825;1006;1;128090;12;112719
9004909;703826;1077;1;896;7;833
9004910;703827;1066;1;11990;7;11151
9004911;703828;1037;1;68990;10;62091
9004912;703829;1031;1;18790;0;18790
9004913;703829;1020;1;37990;5;36090
9004914;703830;1093;1;561;5;533
9004915;703831;1020;1;37090;3;35977
9004916;703831;1088;1;2567;3;2490
9004917;703832;1028;1;77490;0;77490
9004918;703833;1069;1;6790;10;6111
9004919;703834;1047;1;33490;0;33490
9004920;703835;1017;1;22345;5;21228
9004921;703836;1038;1;41790;7;38865
9004922;703837;1050;1;6090;0;6090
9004923;703837;1092;1;695;0;695
9004924;703838;1026;1;42990;0;42990
9004925;703838;1074;1;11490;3;11145
9004926;703839;1069;1;6990;10;6291
9004927;703840;1038;1;41790;0;41790
9004928;703841;1015;1;21990;10;19791
9004929;703842;1070;1;13490;0;13490
9004930;703843;1083;1;2790;3;2706
9004931;703844;1030;1;19990;0;19990
9004932;703845;1019;1;24790;10;22311
9004933;703846;1004;1;99790;0;99790
9004934;703847;1020;1;37345;7;34731
9004935;703848;1062;1;9990;0;9990
9004936;703849;1038;1;41090;7;38214
9004937;703850;1039;1;68345;10;61511
9004938;703851;1092;1;683;0;683
9004939;703852;1078;1;697;10;627
9004940;703853;1068;1;24345;0;24345
9004941;703854;1082;1;3490;0;3490
9004942;703855;1077;1;898;3;871
9004943;703856;1062;1;9790;0;9790
9004944;703857;1082;1;3790;7;3525
9004945;703858;1039;1;68090;3;66047
9004946;703859;1043;1;32990;10;29691
9004947;703859;1087;2;1345;5;2556
9004948;703860;1003;1;83345;10;75011
9004949;703860;1091;1;791;0;791
9004950;703861;1018;1;40790;0;40790
9004951;703862;1091;2;782;0;1564
9004952;703863;1072;1;7345;3;7125
9004953;703864;1033;1;90345;0;90345
9004954;703865;1089;1;1790;12;1575
9004955;703865;1074;1;11790;5;11200
9004956;703866;1070;1;13090;5;12436
9004957;703867;1089;1;1990;3;1930
9004958;703868;1066;1;11567;3;11220
9004959;703868;1038;1;41990;7;39051
9004960;703869;1077;1;891;0;891
9004961;703870;1080;2;3990;5;7581
9004962;703871;1002;1;84990;0;84990
9004963;703871;1091;1;798;0;798
9004964;703872;1025;1;39490;0;39490
9004965;703873;1084;1;5090;10;4581
9004966;703874;1010;1;110990;0;110990
9004967;703874;1076;1;1345;7;1251
9004968;703875;1030;1;20990;3;20360
9004969;703876;1023;1;24567;10;22110
9004970;703877;1077;1;884;5;840
9004971;703877;1076;1;1490;0;1490
9004972;703878;1093;1;566;3;549
9004973;703879;1029;1;27790;12;24455
9004974;703880;1024;1;27790;5;26400
9004975;703881;1047;1;32990;3;32000
9004976;703882;1001;1;72345;0;72345
9004977;703883;1043;1;31490;0;31490
9004978;703884;1070;1;13090;3;12697
9004979;703885;1069;1;6345;0;6345
9004980;703885;1064;1;1090;10;981
9004981;703886;1060;1;9790;5;9300
9004982;703887;1012;1;34790;0;34790
9004983;703887;1078;1;681;0;681
9004984;703888;1082;1;3790;0;3790
9004985;703888;1021;1;40567;0;40567
9004986;703888;1006;1;128090;0;128090
9004987;703889;1003;1;83567;0;83567
9004988;703890;1014;1;28790;5;27350
9004989;703891;1089;1;1990;0;1990
9004990;703892;1087;1;1990;0;1990
9004991;703893;1046;1;35490;5;33716
9004992;703894;1061;1;3990;0;3990
9004993;703895;1014;1;29345;0;29345
9004994;703896;1065;1;1090;0;1090
9004995;703897;1094;1;2345;5;2228
9004996;703898;1065;1;1790;7;1665
9004997;703899;1071;1;7090;12;6239
9004998;703900;1016;1;35790;12;31495
9004999;703901;1056;1;3790;0;3790
9005000;703902;1019;1;24345;10;21911
9005001;703903;1023;1;24090;0;24090
9005002;703904;1022;1;18490;7;17196
9005003;703905;1038;1;42345;0;42345
9005004;703906;1034;1;108990;5;103540
9005005;703907;1087;1;1490;3;1445
9005006;703907;1003;1;82990;5;78840
9005007;703908;1072;1;8490;3;8235
9005008;703909;1074;1;12490;12;10991
9005009;703910;1060;1;9345;0;9345
9005010;703911;1082;1;3490;0;3490
9005011;703912;1063;1;4490;5;4266
9005012;703912;1077;1;881;5;837
9005013;703913;1055;1;13090;7;12174
9005014;703914;1047;1;32345;0;32345
9005015;703915;1028;1;77567;0;77567
9005016;703915;1032;1;4990;0;4990
9005017;703916;1077;1;890;10;801
9005018;703917;1047;1;33790;0;33790
9005019;703918;1058;1;11490;3;11145
9005020;703919;1016;1;36790;0;36790
9005021;703920;1070;1;13790;0;13790
9005022;703921;1060;1;10990;0;10990
9005023;703922;1036;1;64090;0;64090
9005024;703923;1044;1;64090;5;60886
9005025;703924;1012;1;34790;0;34790
9005026;703924;1089;1;1790;5;1700
9005027;703924;1079;1;1990;5;1890
9005028;703925;1063;1;4790;0;4790
9005029;703925;1078;1;695;12;612
9005030;703926;1059;1;3790;0;3790
9005031;703927;1063;1;4567;5;4339
9005032;703928;1032;1;4990;0;4990
9005033;703929;1040;1;35990;3;34910
9005034;703930;1087;1;1490;0;1490
9005035;703931;1077;1;901;5;856
9005036;703932;1093;1;571;10;514
9005037;703932;1015;1;21090;12;18559
9005038;703932;1045;1;37345;0;37345
9005039;703933;1066;1;11490;0;11490
9005040;703934;1011;1;42090;0;42090
9005041;703935;1078;1;698;0;698
9005042;703935;1090;1;1990;5;1890
9005043;703936;1071;1;7990;0;7990
9005044;703937;1013;1;74567;10;67110
9005045;703938;1082;1;3567;0;3567
9005046;703939;1028;1;78990;0;78990
9005047;703940;1071;1;7490;0;7490
9005048;703941;1078;2;682;7;1269
9005049;703942;1064;1;1567;10;1410
9005050;703943;1071;1;7790;0;7790
9005051;703944;1015;1;21090;0;21090
9005052;703945;1076;1;2790;0;2790
9005053;703946;1094;1;2990;7;2781
9005054;703946;1046;1;34990;0;34990
9005055;703946;1084;1;4090;3;3967
9005056;703947;1010;1;110090;10;99081
9005057;703948;1074;1;12090;10;10881
9005058;703949;1027;1;27345;5;25978
9005059;703950;1071;1;7345;7;6831
9005060;703951;1041;1;50990;0;50990
9005061;703951;1088;1;3990;0;3990
9005062;703952;1077;1;885;5;841
9005063;703953;1001;1;73090;0;73090
9005064;703954;1007;1;65790;5;62500
9005065;703955;1067;1;18490;7;17196
9005066;703956;1029;1;27090;7;25194
9005067;703956;1071;1;7345;0;7345
9005068;703957;1032;1;4090;3;3967
9005069;703957;1054;1;25490;5;24216
9005070;703958;1093;1;566;3;549
9005071;703959;1073;1;19345;5;18378
9005072;703960;1031;1;18490;0;18490
9005073;703961;1040;1;35567;0;35567
9005074;703962;1019;1;25790;0;25790
9005075;703963;1030;1;20090;0;20090
9005076;703964;1093;1;573;0;573
9005077;703965;1050;1;7345;0;7345
9005078;703966;1074;1;12090;5;11486
9005079;703966;1077;1;886;0;886
9005080;703967;1069;1;6345;0;6345
9005081;703968;1092;1;687;7;639
9005082;703969;1090;1;1090;5;1036
9005083;703970;1079;1;1567;0;1567
9005084;703971;1055;1;12090;7;11244
9005085;703972;1074;1;11345;0;11345
9005086;703972;1041;1;50090;3;48587
9005087;703973;1019;1;25790;3;25016
9005088;703974;1069;1;6345;0;6345
9005089;703975;1065;1;1567;0;1567
9005090;703976;1050;1;6567;5;6239
9005091;703977;1081;1;1345;0;1345
9005092;703977;1024;1;26990;0;26990
9005093;703978;1091;1;781;5;742
9005094;703979;1091;1;792;3;768
9005095;703980;1043;1;31990;0;31990
9005096;703980;1075;1;2790;3;2706
9005097;703980;1085;2;1345;0;2690
9005098;703981;1038;1;41345;3;40105
9005099;703982;1076;1;1567;0;1567
9005100;703983;1067;1;17345;5;16478
9005101;703984;1071;1;7345;0;7345
9005102;703985;1014;1;29090;0;29090
9005103;703986;1072;1;7990;0;7990
9005104;703987;1054;1;24345;0;24345
9005105;703988;1061;1;3990;7;3711
9005106;703989;1007;1;65345;3;63385
9005107;703990;1077;2;898;3;1742
9005108;703991;1028;1;77790;3;75456
9005109;703992;1072;1;7790;0;7790
9005110;703993;1075;1;2345;0;2345
9005111;703993;1004;1;101790;7;94665
9005112;703994;1093;1;573;3;556
9005113;703995;1060;1;10990;0;10990
9005114;703996;1067;1;18790;5;17850
9005115;703997;1010;1;110345;7;102621
9005116;703997;1075;1;2090;7;1944
9005117;703998;1075;1;2490;5;2366
9005118;703999;1032;1;4090;10;3681
9005119;703999;1017;1;22090;3;21427
9005120;704000;1008;1;56345;0;56345
9005121;704000;1077;1;899;0;899
9005122;704001;1048;1;44490;0;44490
9005123;704002;1063;1;3490;0;3490
9005124;704003;1076;1;1990;0;1990
9005125;704004;1013;1;75990;12;66871
9005126;704004;1003;1;82490;0;82490
9005127;704005;1062;1;9567;7;8897
9005128;704006;1022;1;19490;0;19490
9005129;704007;1011;1;42490;0;42490
9005130;704007;1091;1;788;0;788
9005131;704008;1030;1;19790;0;19790
9005132;704009;1017;1;23345;0;23345
9005133;704010;1089;1;1567;7;1457
9005134;704010;1007;1;64990;0;64990
9005135;704010;1015;1;21567;0;21567
9005136;704011;1075;1;2090;0;2090
9005137;704011;1012;1;35567;10;32010
9005138;704012;1081;1;2790;0;2790
9005139;704013;1040;1;34490;7;32076
9005140;704014;1075;1;2090;0;2090
9005141;704014;1087;1;1345;0;1345
9005142;704015;1030;1;20490;0;20490
9005143;704015;1076;1;2990;12;2631
9005144;704015;1060;1;10090;5;9586
9005145;704016;1050;1;7790;3;7556
9005146;704017;1055;1;13090;0;13090
9005147;704018;1009;1;79490;0;79490
9005148;704018;1055;1;12345;10;11111
9005149;704019;1019;1;25090;12;22079
9005150;704020;1050;1;7990;0;7990
9005151;704020;1090;1;1490;0;1490
9005152;704021;1041;1;50490;0;50490
9005153;704022;1081;1;1990;5;1890
9005154;704023;1065;1;1345;10;1211
9005155;704023;1085;1;1490;0;1490
9005156;704024;1033;1;88567;3;85910
9005157;704025;1001;1;72490;0;72490
9005158;704026;1032;1;4790;0;4790
9005159;704026;1042;1;20990;7;19521
9005160;704027;1023;1;25490;0;25490
9005161;704028;1022;1;19567;0;19567
9005162;704029;1001;1;72090;0;72090
9005163;704030;1038;1;42090;0;42090
9005164;704031;1076;1;1345;12;1184
9005165;704032;1093;1;571;3;554
9005166;704032;1004;1;98345;10;88511
9005167;704032;1057;1;7790;3;7556
9005168;704033;1078;1;686;5;652
9005169;704034;1044;1;64490;0;64490
9005170;704035;1013;1;74790;0;74790
9005171;704036;1045;1;37790;0;37790
9005172;704037;1075;1;2090;0;2090
9005173;704038;1011;1;43990;0;43990
9005174;704039;1068;1;25990;10;23391
9005175;704039;1066;1;12490;0;12490
9005176;704040;1030;1;19567;0;19567
9005177;704041;1007;1;65490;5;62216
9005178;704042;1092;1;682;3;662
9005179;704043;1090;1;1990;3;1930
9005180;704044;1013;1;74490;5;70766
9005181;704045;1048;1;45990;0;45990
9005182;704046;1038;1;41790;7;38865
9005183;704046;1077;1;901;5;856
9005184;704046;1075;1;2567;5;2439
9005185;704047;1093;1;568;0;568
9005186;704048;1093;1;562;10;506
9005187;704049;1074;1;11490;0;11490
9005188;704050;1079;1;1790;0;1790
9005189;704051;1040;1;34345;0;34345
9005190;704051;1020;1;38490;7;35796
9005191;704051;1092;1;697;0;697
9005192;704052;1006;1;128490;0;128490
9005193;704053;1063;1;3490;3;3385
9005194;704054;1026;1;43345;0;43345
9005195;704055;1048;1;44345;3;43015
9005196;704056;1048;1;45490;0;45490
9005197;704057;1074;1;12345;0;12345
9005198;704058;1020;1;37490;10;33741
9005199;704059;1068;1;25790;3;25016
9005200;704060;1041;1;50345;0;50345
9005201;704061;1015;1;21490;0;21490
9005202;704062;1009;1;80790;0;80790
9005203;704063;1019;1;24490;0;24490
9005204;704064;1022;1;18567;10;16710
9005205;704065;1037;1;70990;0;70990
9005206;704066;1038;1;41090;0;41090
9005207;704066;1077;2;888;0;1776
9005208;704067;1068;1;24567;10;22110
9005209;704068;1069;1;6090;3;5907
9005210;704069;1023;1;25490;0;25490
9005211;704070;1073;1;18090;0;18090
9005212;704070;1049;1;52790;0;52790
9005213;704071;1073;1;18345;0;18345
9005214;704072;1044;1;65990;5;62690
9005215;704073;1084;1;4345;7;4041
9005216;704073;1077;1;896;0;896
9005217;704074;1018;1;39090;10;35181
9005218;704075;1016;1;35345;3;34285
9005219;704076;1003;1;83790;3;81276
9005220;704077;1017;1;22490;3;21815
9005221;704077;1086;1;4090;5;3886
9005222;704077;1089;1;1090;5;1036
9005223;704078;1007;1;64990;10;58491
9005224;704079;1065;1;1990;0;1990
9005225;704080;1070;1;13345;0;13345
9005226;704081;1062;1;9345;0;9345
9005227;704081;1076;1;1567;0;1567
9005228;704081;1016;1;36567;0;36567
9005229;704082;1073;1;19567;10;17610
9005230;704083;1036;1;64990;12;57191
9005231;704084;1070;1;13567;10;12210
9005232;704084;1022;1;18090;5;17186
9005233;704084;1030;1;19490;0;19490
9005234;704085;1023;1;25790;0;25790
9005235;704085;1090;1;1345;0;1345
9005236;704086;1069;1;6090;0;6090
9005237;704087;1023;1;25790;0;25790
9005238;704088;1015;1;21567;12;18979
9005239;704089;1070;1;14567;7;13547
9005240;704090;1070;1;14090;0;14090
9005241;704091;1083;1;2345;0;2345
9005242;704091;1041;1;49567;3;48080
9005243;704092;1048;1;44990;3;43640
9005244;704093;1094;1;2090;0;2090
9005245;704094;1072;1;7345;7;6831
9005246;704095;1026;1;43567;0;43567
9005247;704096;1031;1;18090;0;18090
9005248;704097;1047;1;33090;12;29119
9005249;704098;1006;1;128090;5;121686
9005250;704099;1033;1;89490;10;80541
9005251;704099;1093;1;565;10;509
9005252;704100;1022;1;18567;0;18567
9005253;704101;1007;1;65567;7;60977
9005254;704102;1073;1;18990;0;18990
9005255;704103;1043;1;32567;0;32567
9005256;704104;1090;1;1567;7;1457
9005257;704104;1009;1;80567;5;76539
9005258;704105;1064;1;1090;7;1014
9005259;704106;1020;1;37090;7;34494
9005260;704107;1082;1;3567;0;3567
9005261;704108;1043;1;31790;3;30836
9005262;704109;1015;1;21345;5;20278
9005263;704110;1032;1;4490;0;4490
9005264;704110;1076;1;1567;0;1567
9005265;704111;1077;1;894;3;867
9005266;704112;1023;1;25567;5;24289
9005267;704113;1071;1;7345;0;7345
9005268;704114;1068;1;25490;0;25490
9005269;704114;1053;1;33090;7;30774
9005270;704114;1064;1;1490;0;1490
9005271;704115;1078;1;681;10;613
9005272;704116;1093;1;567;0;567
9005273;704117;1068;1;24090;0;24090
9005274;704118;1065;1;1345;0;1345
9005275;704119;1041;1;49567;0;49567
9005276;704119;1028;1;79345;7;73791
9005277;704120;1079;1;1790;5;1700
9005278;704120;1019;1;25090;12;22079
9005279;704121;1069;1;6790;7;6315
9005280;704122;1065;1;1090;3;1057
9005281;704123;1003;1;84990;7;79041
9005282;704124;1003;1;83567;0;83567
9005283;704125;1060;1;9567;3;9280
9005284;704126;1092;1;691;0;691
9005285;704127;1013;1;74990;0;74990
9005286;704127;1084;1;4990;3;4840
9005287;704128;1050;1;6567;0;6567
9005288;704129;1067;1;18567;3;18010
9005289;704130;1026;1;43990;0;43990
9005290;704131;1032;1;4790;12;4215
9005291;704132;1038;1;41990;12;36951
9005292;704132;1080;1;3790;0;3790
9005293;704133;1022;1;19090;12;16799
9005294;704134;1054;1;24345;0;24345
9005295;704134;1072;1;8790;0;8790
9005296;704134;1066;1;11090;0;11090
9005297;704135;1091;1;786;0;786
9005298;704136;1015;1;21345;0;21345
9005299;704137;1025;1;38990;0;38990
9005300;704138;1056;1;3345;0;3345
9005301;704139;1068;1;24090;0;24090
9005302;704140;1091;1;794;10;715
9005303;704140;1066;1;11090;10;9981
9005304;704141;1013;1;75790;0;75790
9005305;704142;1017;1;23567;0;23567
9005306;704143;1092;1;684;5;650
9005307;704144;1017;1;22567;0;22567
9005308;704144;1079;1;1490;5;1416
9005309;704145;1010;1;110090;0;110090
9005310;704146;1037;1;69490;0;69490
9005311;704147;1050;1;6090;3;5907
9005312;704147;1076;2;1990;10;3582
9005313;704148;1001;1;72490;3;70315
9005314;704148;1081;1;1990;5;1890
9005315;704149;1003;1;81090;3;78657
9005316;704150;1029;1;26990;5;25640
9005317;704151;1072;1;7090;5;6736
9005318;704152;1014;1;29090;0;29090
9005319;704153;1042;1;20490;0;20490
9005320;704154;1044;1;64790;10;58311
9005321;704155;1007;1;65990;0;65990
9005322;704155;1080;1;3790;10;3411
9005323;704156;1046;1;35490;3;34425
9005324;704156;1078;1;699;0;699
9005325;704157;1060;1;9790;10;8811
9005326;704158;1068;1;25345;0;25345
9005327;704159;1006;1;126790;10;114111
9005328;704160;1015;1;21490;0;21490
9005329;704161;1028;1;77790;0;77790
9005330;704162;1032;1;4990;0;4990
9005331;704163;1083;1;2567;12;2259
9005332;704164;1014;1;28990;0;28990
9005333;704165;1071;1;7790;0;7790
9005334;704166;1079;1;1790;7;1665
9005335;704167;1016;1;36990;5;35140
9005336;704168;1023;1;25790;0;25790
9005337;704169;1082;1;3990;0;3990
9005338;704170;1047;1;32567;0;32567
9005339;704171;1030;1;19345;10;17411
9005340;704172;1056;1;3490;0;3490
9005341;704172;1001;1;71790;0;71790
9005342;704173;1018;1;39345;0;39345
9005343;704174;1081;2;2790;5;5301
9005344;704174;1037;1;69790;7;64905
9005345;704174;1075;1;2790;0;2790
9005346;704175;1066;1;12345;10;11111
9005347;704176;1040;1;35567;0;35567
9005348;704177;1032;1;4990;3;4840
9005349;704177;1071;1;7990;3;7750
9005350;704178;1021;1;39345;0;39345
9005351;704179;1030;1;19790;0;19790
9005352;704180;1042;1;19345;0;19345
9005353;704181;1057;1;7490;5;7116
9005354;704182;1004;1;101090;0;101090
9005355;704183;1037;1;70345;0;70345
9005356;704184;1029;1;27090;0;27090
9005357;704185;1001;1;73490;5;69816
9005358;704186;1055;1;12490;3;12115
9005359;704186;1007;1;64990;3;63040
9005360;704187;1055;1;13090;0;13090
9005361;704188;1091;1;781;5;742
9005362;704189;1064;1;1567;0;1567
9005363;704190;1031;1;18790;5;17850
9005364;704190;1020;1;37790;5;35900
9005365;704191;1070;1;14090;3;13667
9005366;704192;1045;1;36090;5;34286
9005367;704193;1073;1;18490;0;18490
9005368;704193;1015;1;21790;0;21790
9005369;704193;1032;1;4090;5;3886
9005370;704194;1019;1;24345;7;22641
9005371;704195;1032;1;4345;5;4128
9005372;704196;1058;1;12990;0;12990
9005373;704197;1074;1;12567;0;12567
9005374;704198;1033;1;88790;5;84350
9005375;704198;1094;1;2990;10;2691
9005376;704198;1090;1;1990;0;1990
9005377;704199;1093;1;567;0;567
9005378;704199;1025;1;39345;0;39345
9005379;704200;1087;1;1567;0;1567
9005380;704201;1035;1;56345;10;50711
9005381;704202;1038;1;41345;0;41345
9005382;704203;1063;1;3345;10;3011
9005383;704204;1013;1;74090;3;71867
9005384;704205;1004;1;101090;3;98057
9005385;704206;1021;1;39345;0;39345
9005386;704207;1089;1;1090;12;959
9005387;704208;1008;1;55090;12;48479
9005388;704209;1063;1;3490;0;3490
9005389;704210;1032;1;4090;10;3681
9005390;704211;1046;1;35490;7;33006
9005391;704212;1055;1;12345;0;12345
9005392;704213;1046;1;34790;0;34790
9005393;704213;1087;1;1790;5;1700
9005394;704214;1066;1;12790;5;12150
9005395;704215;1005;1;111790;3;108436
9005396;704215;1077;1;898;0;898
9005397;704216;1069;1;6567;0;6567
9005398;704217;1036;1;65490;0;65490
9005399;704217;1086;1;4567;0;4567
9005400;704218;1060;1;9345;0;9345
9005401;704219;1020;1;37990;0;37990
9005402;704220;1087;1;1790;10;1611
9005403;704221;1067;1;18490;5;17566
9005404;704222;1020;1;37567;3;36440
9005405;704223;1024;1;27090;0;27090
9005406;704223;1087;2;1090;0;2180
9005407;704224;1027;1;27490;5;26116
9005408;704225;1066;1;11090;0;11090
9005409;704226;1067;1;18090;0;18090
9005410;704227;1043;1;32090;0;32090
9005411;704227;1083;1;2345;7;2181
9005412;704228;1018;1;40990;0;40990
9005413;704228;1040;1;34490;0;34490
9005414;704229;1093;1;572;0;572
9005415;704230;1045;1;36567;3;35470
9005416;704231;1018;1;39090;7;36354
9005417;704232;1019;1;25990;5;24690
9005418;704233;1015;1;21090;10;18981
9005419;704234;1012;1;34990;3;33940
9005420;704234;1092;1;691;3;670
9005421;704234;1076;2;1490;0;2980
9005422;704235;1050;1;7490;0;7490
9005423;704236;1015;1;21345;5;20278
9005424;704237;1057;1;7790;0;7790
9005425;704238;1011;1;43567;0;43567
9005426;704239;1047;1;32490;7;30216
9005427;704240;1063;1;4345;0;4345
9005428;704240;1056;1;3567;0;3567
9005429;704241;1068;1;24790;5;23550
9005430;704242;1047;1;32790;3;31806
9005431;704242;1093;1;573;12;504
9005432;704243;1066;1;11790;0;11790
9005433;704244;1072;1;7090;5;6736
9005434;704245;1018;1;40567;0;40567
9005435;704246;1047;1;33990;0;33990
9005436;704247;1044;1;65990;3;64010
9005437;704248;1066;1;12090;0;12090
9005438;704249;1081;2;2490;5;4731
9005439;704250;1058;1;11790;10;10611
9005440;704251;1087;1;1790;0;1790
9005441;704251;1072;1;8990;5;8540
9005442;704252;1019;1;24567;10;22110
9005443;704252;1080;1;3090;0;3090
9005444;704253;1068;1;24990;3;24240
9005445;704254;1023;1;25990;0;25990
9005446;704254;1027;1;27790;0;27790
9005447;704255;1078;1;680;0;680
9005448;704256;1011;1;43990;5;41790
9005449;704257;1030;1;20090;7;18684
9005450;704258;1036;1;65090;0;65090
9005451;704259;1056;1;3490;0;3490
9005452;704260;1092;1;687;0;687
9005453;704261;1087;1;1490;0;1490
9005454;704261;1049;1;51345;0;51345
9005455;704262;1070;1;13345;7;12411
9005456;704263;1034;1;110567;5;105039
9005457;704264;1070;1;13567;5;12889
9005458;704264;1079;1;1790;0;1790
9005459;704265;1025;1;39345;5;37378
9005460;704266;1032;1;4090;3;3967
9005461;704266;1060;1;9567;5;9089
9005462;704267;1019;1;25090;0;25090
9005463;704268;1089;1;1090;7;1014
9005464;704269;1067;1;18090;7;16824
9005465;704269;1014;1;28345;5;26928
9005466;704269;1046;1;34790;7;32355
9005467;704270;1065;1;1567;7;1457
9005468;704271;1093;1;571;0;571
9005469;704272;1094;1;2345;7;2181
9005470;704273;1024;1;27345;5;25978
9005471;704274;1058;1;12345;0;12345
9005472;704275;1013;1;75345;0;75345
9005473;704275;1090;1;1990;0;1990
9005474;704276;1091;1;785;5;746
9005475;704277;1006;1;128790;0;128790
9005476;704278;1032;1;4990;7;4641
9005477;704278;1002;1;83490;5;79316
9005478;704278;1082;1;3790;0;3790
9005479;704279;1017;1;22090;5;20986
9005480;704279;1087;1;1567;10;1410
9005481;704280;1066;1;11090;7;10314
9005482;704281;1093;1;573;0;573
9005483;704281;1061;2;3345;0;6690
9005484;704282;1045;1;36790;0;36790
9005485;704283;1068;1;25567;0;25567
9005486;704284;1087;1;1345;0;1345
9005487;704285;1041;1;50567;0;50567
9005488;704285;1078;1;686;0;686
9005489;704286;1042;1;19345;7;17991
9005490;704286;1081;1;2990;3;2900
9005491;704287;1050;1;7790;12;6855
9005492;704288;1091;1;780;3;757
9005493;704289;1090;1;1490;0;1490
9005494;704289;1093;1;573;0;573
9005495;704290;1016;1;36090;7;33564
9005496;704290;1091;1;789;5;750
9005497;704291;1014;1;28490;0;28490
9005498;704291;1076;1;1990;0;1990
9005499;704292;1067;1;18090;0;18090
9005500;704293;1053;1;32567;0;32567
9005501;704294;1057;1;7345;0;7345
9005502;704294;1071;1;7490;0;7490
9005503;704295;1016;1;36345;10;32711
9005504;704296;1078;1;683;3;663
9005505;704297;1071;1;7490;0;7490
9005506;704298;1049;1;51990;12;45751
9005507;704299;1075;1;2345;3;2275
9005508;704300;1042;1;20790;0;20790
9005509;704301;1010;1;110490;7;102756
9005510;704302;1059;1;3990;0;3990
9005511;704303;1005;1;114345;0;114345
9005512;704304;1090;1;1345;0;1345
9005513;704305;1066;1;12567;0;12567
9005514;704306;1031;1;18345;5;17428
9005515;704307;1022;1;18990;10;17091
9005516;704308;1086;1;4490;7;4176
9005517;704309;1022;1;19990;3;19390
9005518;704310;1089;1;1090;0;1090
9005519;704311;1080;1;4567;3;4430
9005520;704311;1078;1;693;3;672
9005521;704312;1023;1;25090;0;25090
9005522;704313;1093;1;574;3;557
9005523;704314;1001;1;74790;0;74790
9005524;704314;1013;1;74790;7;69555
9005525;704315;1050;1;6990;3;6780
9005526;704315;1086;1;4567;0;4567
9005527;704316;1086;2;4790;3;9293
9005528;704317;1065;1;1990;0;1990
9005529;704317;1075;1;2345;0;2345
9005530;704318;1091;1;794;10;715
9005531;704319;1031;1;18345;12;16144
9005532;704319;1014;1;29990;10;26991
9005533;704320;1011;1;42790;0;42790
9005534;704321;1040;1;34790;0;34790
9005535;704322;1025;1;39990;0;39990
9005536;704323;1074;1;12990;0;12990
9005537;704324;1077;2;890;5;1691
9005538;704324;1056;1;3990;0;3990
9005539;704325;1089;1;1567;10;1410
9005540;704325;1056;1;3090;0;3090
9005541;704326;1022;1;19567;7;18197
9005542;704327;1078;1;689;0;689
9005543;704328;1048;1;45490;0;45490
9005544;704328;1025;1;38090;5;36186
9005545;704329;1082;1;3090;3;2997
9005546;704330;1059;1;4790;5;4550
9005547;704331;1054;1;25790;0;25790
9005548;704332;1030;1;20090;7;18684
9005549;704333;1044;1;64567;0;64567
9005550;704334;1008;1;56567;12;49779
9005551;704335;1066;1;11490;0;11490
9005552;704336;1084;2;4990;10;8982
9005553;704337;1002;1;86490;0;86490
9005554;704338;1072;1;7790;0;7790
9005555;704339;1063;1;4990;0;4990
9005556;704340;1086;1;4490;3;4355
9005557;704341;1070;1;13345;0;13345
9005558;704341;1017;1;23345;5;22178
9005559;704342;1041;1;49490;7;46026
9005560;704342;1075;1;2345;0;2345
9005561;704343;1040;1;35345;0;35345
9005562;704344;1016;1;35090;5;33336
9005563;704345;1023;1;24345;0;24345
9005564;704345;1086;1;4490;7;4176
9005565;704346;1041;1;50990;5;48440
9005566;704347;1054;1;24345;0;24345
9005567;704348;1033;1;90090;0;90090
9005568;704349;1014;1;28790;0;28790
9005569;704349;1093;1;575;0;575
9005570;704350;1071;1;7990;0;7990
9005571;704351;1076;1;1567;0;1567
9005572;704351;1030;1;20490;0;20490
9005573;704352;1053;1;32345;10;29111
9005574;704353;1074;1;11345;0;11345
9005575;704354;1089;1;1090;0;1090
9005576;704355;1086;1;4490;0;4490
9005577;704356;1089;1;1790;0;1790
9005578;704356;1033;1;89345;0;89345
9005579;704357;1072;1;7990;7;7431
9005580;704357;1038;1;42090;10;37881
9005581;704358;1083;1;2990;0;2990
9005582;704359;1030;1;20567;3;19950
9005583;704359;1093;1;560;0;560
9005584;704360;1032;1;4345;7;4041
9005585;704360;1090;1;1490;0;1490
9005586;704361;1070;1;13990;0;13990
9005587;704362;1072;1;7790;0;7790
9005588;704363;1040;1;34567;0;34567
9005589;704364;1040;1;34490;10;31041
9005590;704365;1069;1;6990;7;6501
9005591;704366;1014;1;29090;5;27636
9005592;704367;1066;1;12790;5;12150
9005593;704368;1069;1;6490;7;6036
9005594;704369;1066;1;11090;0;11090
9005595;704370;1071;1;7567;7;7037
9005596;704371;1020;1;38990;0;38990
9005597;704372;1050;1;7345;0;7345
9005598;704373;1033;1;90790;3;88066
9005599;704374;1011;1;42345;7;39381
9005600;704375;1023;1;24090;5;22886
9005601;704376;1070;1;14990;3;14540
9005602;704377;1011;1;42345;3;41075
9005603;704378;1076;1;2345;7;2181
9005604;704379;1015;1;21567;0;21567
9005605;704379;1093;1;574;0;574
9005606;704380;1030;1;20990;0;20990
9005607;704381;1013;1;75990;0;75990
9005608;704382;1064;1;1490;0;1490
9005609;704383;1055;1;12090;0;12090
9005610;704384;1067;1;18090;7;16824
9005611;704385;1093;2;575;0;1150
9005612;704386;1032;1;4790;0;4790
9005613;704387;1067;1;17990;3;17450
9005614;704388;1022;1;19090;0;19090
9005615;704388;1076;1;1990;7;1851
9005616;704389;1071;1;7567;3;7340
9005617;704390;1050;1;7090;10;6381
9005618;704391;1039;1;67790;5;64400
9005619;704392;1016;1;35490;3;34425
9005620;704393;1018;1;40090;7;37284
9005621;704394;1046;1;34990;0;34990
9005622;704395;1045;1;37567;0;37567
9005623;704396;1093;1;572;0;572
9005624;704397;1044;1;64990;5;61740
9005625;704398;1070;1;13790;7;12825
9005626;704399;1002;1;85345;7;79371
9005627;704400;1035;1;56990;0;56990
9005628;704400;1092;1;686;0;686
9005629;704401;1028;1;77990;7;72531
9005630;704401;1091;1;800;10;720
9005631;704402;1025;1;39345;0;39345
9005632;704402;1064;1;1790;7;1665
9005633;704403;1079;1;1990;7;1851
9005634;704404;1072;1;7090;7;6594
9005635;704404;1015;1;21490;0;21490
9005636;704405;1047;1;33567;0;33567
9005637;704406;1024;1;26345;0;26345
9005638;704406;1013;1;75090;5;71336
9005639;704407;1092;1;699;0;699
9005640;704407;1066;1;12345;7;11481
9005641;704408;1063;1;4990;0;4990
9005642;704409;1069;1;6490;0;6490
9005643;704410;1089;1;1345;0;1345
9005644;704411;1003;1;83567;5;79389
9005645;704412;1035;1;56345;10;50711
9005646;704413;1019;1;24567;7;22847
9005647;704414;1041;1;50567;5;48039
9005648;704415;1040;1;35090;5;33336
9005649;704415;1091;1;799;7;743
9005650;704416;1069;1;6567;7;6107
9005651;704416;1042;1;19490;3;18905
9005652;704417;1008;1;55790;0;55790
9005653;704418;1069;1;6345;5;6028
9005654;704419;1047;1;32790;7;30495
9005655;704420;1017;1;23567;3;22860
9005656;704420;1049;1;51990;3;50430
9005657;704420;1087;1;1567;7;1457
9005658;704421;1084;1;4990;5;4740
9005659;704421;1032;1;4345;7;4041
9005660;704422;1002;1;84790;3;82246
9005661;704422;1092;2;693;7;1289
9005662;704423;1091;1;794;0;794
9005663;704423;1081;1;1567;0;1567
9005664;704423;1042;1;20990;0;20990
9005665;704424;1005;1;113090;0;113090
9005666;704425;1055;1;12090;0;12090
9005667;704426;1014;1;28567;0;28567
9005668;704427;1047;1;32567;5;30939
9005669;704428;1005;1;113567;0;113567
9005670;704429;1037;1;69567;3;67480
9005671;704430;1030;1;19567;0;19567
9005672;704431;1016;1;36345;0;36345
9005673;704432;1093;1;570;7;530
9005674;704433;1018;1;39490;5;37516
9005675;704434;1073;1;19345;0;19345
9005676;704435;1022;1;18990;12;16711
9005677;704436;1046;1;34090;0;34090
9005678;704436;1077;1;878;7;817
9005679;704437;1065;1;1345;12;1184
9005680;704438;1050;1;7090;0;7090
9005681;704438;1094;1;2567;7;2387
9005682;704439;1003;1;82090;10;73881
9005683;704440;1031;1;18490;3;17935
9005684;704441;1045;1;37090;0;37090
9005685;704442;1073;1;19345;0;19345
9005686;704443;1038;1;41567;12;36579
9005687;704443;1047;1;32790;0;32790
9005688;704444;1029;1;26567;0;26567
9005689;704445;1091;1;796;0;796
9005690;704446;1064;1;1567;0;1567
9005691;704447;1030;1;20490;0;20490
9005692;704448;1030;1;20345;0;20345
9005693;704448;1085;1;1790;0;1790
9005694;704449;1074;1;11790;0;11790
9005695;704450;1064;1;1790;10;1611
9005696;704451;1072;1;8990;7;8361
9005697;704452;1028;1;77490;7;72066
9005698;704453;1008;1;56090;0;56090
9005699;704454;1050;1;6790;7;6315
9005700;704454;1070;1;14990;0;14990
9005701;704455;1077;1;890;7;828
9005702;704455;1085;1;1790;10;1611
9005703;704456;1075;1;2567;0;2567
9005704;704457;1006;1;126567;12;111379
9005705;704458;1005;1;113345;10;102011
9005706;704459;1076;1;1090;0;1090
9005707;704460;1071;1;7790;7;7245
9005708;704461;1010;1;110345;0;110345
9005709;704462;1091;1;789;0;789
9005710;704463;1023;1;25090;0;25090
9005711;704464;1081;1;1090;10;981
9005712;704465;1070;1;13990;10;12591
9005713;704466;1073;1;18990;0;18990
9005714;704467;1026;1;42790;0;42790
9005715;704468;1029;1;27490;7;25566
9005716;704469;1077;1;885;7;823
9005717;704470;1011;1;43345;0;43345
9005718;704471;1021;1;39790;0;39790
9005719;704472;1032;2;4790;0;9580
9005720;704473;1079;1;1990;0;1990
9005721;704474;1086;1;4090;10;3681
9005722;704475;1047;1;33090;0;33090
9005723;704476;1023;1;24567;3;23830
9005724;704477;1063;1;3490;3;3385
9005725;704478;1064;1;1490;0;1490
9005726;704478;1080;1;3990;7;3711
9005727;704479;1094;1;2345;0;2345
9005728;704479;1008;1;56567;7;52607
9005729;704480;1078;1;690;3;669
9005730;704481;1080;1;3090;0;3090
9005731;704482;1044;1;64790;10;58311
9005732;704483;1001;1;73990;0;73990
9005733;704483;1080;1;3345;5;3178
9005734;704484;1049;1;51567;0;51567
9005735;704485;1056;1;3790;0;3790
9005736;704485;1072;1;8790;10;7911
9005737;704486;1030;1;20990;3;20360
9005738;704486;1024;1;26790;0;26790
9005739;704487;1078;1;692;0;692
9005740;704488;1083;1;2567;7;2387
9005741;704489;1074;1;12345;0;12345
9005742;704489;1092;1;698;0;698
9005743;704489;1012;1;34345;10;30911
9005744;704490;1085;1;1345;0;1345
9005745;704491;1066;1;12490;0;12490
9005746;704492;1087;1;1790;3;1736
9005747;704493;1049;1;51490;0;51490
9005748;704494;1065;1;1790;7;1665
9005749;704495;1022;1;19990;0;19990
9005750;704496;1041;1;49790;12;43815
9005751;704497;1086;1;4490;10;4041
9005752;704497;1072;1;7490;7;6966
9005753;704497;1032;1;4567;10;4110
9005754;704498;1039;1;68990;0;68990
9005755;704499;1015;1;21567;3;20920
9005756;704500;1081;2;1345;3;2609
9005757;704501;1061;1;3090;3;2997
9005758;704501;1065;1;1490;0;1490
9005759;704502;1044;1;65567;3;63600
9005760;704503;1034;1;111990;0;111990
9005761;704504;1076;1;2490;5;2366
9005762;704505;1026;1;43490;0;43490
9005763;704506;1027;1;28567;10;25710
9005764;704506;1071;1;7345;0;7345
9005765;704507;1074;1;11490;3;11145
9005766;704508;1033;1;90490;0;90490
9005767;704508;1078;1;680;0;680
9005768;704509;1068;1;25490;12;22431
9005769;704509;1031;1;18990;5;18040
9005770;704510;1011;1;43990;0;43990
9005771;704511;1020;1;37790;7;35145
9005772;704512;1022;1;18567;7;17267
9005773;704512;1042;1;19990;0;19990
9005774;704513;1062;1;10345;0;10345
9005775;704513;1078;1;699;0;699
9005776;704514;1046;1;34790;7;32355
9005777;704515;1015;1;21990;5;20890
9005778;704516;1066;1;12090;3;11727
9005779;704517;1010;1;110345;0;110345
9005780;704518;1063;2;3090;5;5871
9005781;704519;1073;1;18345;0;18345
9005782;704519;1026;1;42090;7;39144
9005783;704520;1042;1;20790;5;19750
9005784;704521;1030;1;19990;0;19990
9005785;704521;1008;1;55345;0;55345
9005786;704522;1035;1;57567;10;51810
9005787;704522;1081;1;2090;10;1881
9005788;704523;1023;1;25345;3;24585
9005789;704524;1093;1;574;0;574
9005790;704525;1042;1;20567;5;19539
9005791;704525;1081;1;1490;7;1386
9005792;704526;1036;1;64790;7;60255
9005793;704527;1060;1;9090;7;8454
9005794;704527;1057;1;7090;5;6736
9005795;704528;1043;1;31790;10;28611
9005796;704529;1071;1;7990;10;7191
9005797;704530;1039;1;68990;0;68990
9005798;704531;1019;1;25567;0;25567
9005799;704532;1087;1;1567;0;1567
9005800;704533;1087;1;1567;0;1567
9005801;704534;1086;1;4990;10;4491
9005802;704535;1034;1;109990;7;102291
9005803;704536;1007;1;65990;10;59391
9005804;704537;1022;1;18090;5;17186
9005805;704538;1017;1;22790;0;22790
9005806;704539;1084;1;4990;0;4990
9005807;704540;1080;1;4567;10;4110
9005808;704541;1013;1;74090;12;65199
9005809;704542;1030;1;20567;0;20567
9005810;704543;1078;1;686;0;686
9005811;704544;1007;1;65345;7;60771
9005812;704545;1083;1;2345;0;2345
9005813;704546;1071;1;7090;7;6594
9005814;704546;1063;1;3790;10;3411
9005815;704547;1071;1;7790;7;7245
9005816;704547;1085;1;1090;7;1014
9005817;704548;1028;1;78567;5;74639
9005818;704549;1040;1;34990;5;33240
9005819;704550;1057;1;7567;0;7567
9005820;704551;1027;1;27990;5;26590
9005821;704552;1015;1;21345;0;21345
9005822;704553;1082;1;3567;5;3389
9005823;704554;1002;1;84490;0;84490
9005824;704555;1042;1;19790;3;19196
9005825;704556;1063;1;4490;12;3951
9005826;704556;1092;1;693;5;658
9005827;704556;1069;1;6090;0;6090
9005828;704557;1037;1;69090;3;67017
9005829;704558;1043;1;32790;0;32790
9005830;704559;1008;1;55090;5;52336
9005831;704560;1087;1;1567;7;1457
9005832;704561;1090;1;1090;0;1090
9005833;704561;1030;1;20790;5;19750
9005834;704561;1094;1;2567;7;2387
9005835;704562;1020;1;37490;10;33741
9005836;704562;1075;1;2490;0;2490
9005837;704563;1042;1;19990;0;19990
9005838;704563;1014;1;28345;0;28345
9005839;704564;1012;1;34345;10;30911
9005840;704565;1068;1;24567;5;23339
9005841;704566;1029;1;27490;0;27490
9005842;704567;1036;1;65990;0;65990
9005843;704568;1040;1;34790;0;34790
9005844;704569;1085;1;1990;0;1990
9005845;704570;1093;1;566;0;566
9005846;704571;1088;1;3345;7;3111
9005847;704572;1042;1;19345;5;18378
9005848;704572;1090;1;1345;5;1278
9005849;704573;1089;1;1345;0;1345
9005850;704573;1076;1;2490;3;2415
9005851;704574;1087;2;1790;7;3329
9005852;704575;1005;1;113567;0;113567
9005853;704575;1012;1;35090;0;35090
9005854;704576;1037;1;70490;0;70490
9005855;704577;1042;1;19567;3;18980
9005856;704578;1069;1;6090;5;5786
9005857;704579;1019;1;24490;3;23755
9005858;704580;1052;1;40790;12;35895
9005859;704581;1044;1;64790;5;61550
9005860;704582;1060;1;9090;7;8454
9005861;704583;1094;1;2490;0;2490
9005862;704584;1047;1;33345;10;30011
9005863;704585;1067;1;18567;0;18567
9005864;704586;1083;1;2790;5;2650
9005865;704587;1049;1;52490;3;50915
9005866;704588;1066;1;12567;3;12190
9005867;704589;1010;1;111345;3;108005
9005868;704590;1040;1;34490;5;32766
9005869;704591;1062;1;9345;5;8878
9005870;704592;1050;1;7567;10;6810
9005871;704593;1017;1;22490;0;22490
9005872;704594;1084;1;4567;0;4567
9005873;704594;1068;1;25790;0;25790
9005874;704595;1005;1;110567;0;110567
9005875;704596;1091;1;786;7;731
9005876;704597;1023;1;24090;0;24090
9005877;704598;1084;1;4345;10;3911
9005878;704599;1056;1;3790;5;3600
9005879;704600;1019;1;25990;0;25990
9005880;704601;1085;1;1567;0;1567
9005881;704602;1072;1;7090;0;7090
9005882;704602;1067;1;17567;0;17567
9005883;704603;1045;1;36090;0;36090
9005884;704604;1029;1;26990;0;26990
9005885;704605;1048;1;45345;0;45345
9005886;704606;1080;2;3790;12;6670
9005887;704606;1031;1;18345;5;17428
9005888;704607;1091;1;791;0;791
9005889;704608;1050;1;7490;10;6741
9005890;704609;1031;1;18790;0;18790
9005891;704610;1042;1;19990;12;17591
9005892;704611;1015;1;21790;0;21790
9005893;704612;1090;1;1090;7;1014
9005894;704613;1001;1;72090;0;72090
9005895;704613;1047;1;32490;0;32490
9005896;704613;1084;1;5090;0;5090
9005897;704614;1007;1;65567;5;62289
9005898;704615;1010;1;110567;10;99510
9005899;704616;1022;1;18345;0;18345
9005900;704617;1071;1;7567;5;7189
9005901;704618;1093;1;564;10;508
9005902;704619;1043;1;31090;5;29536
9005903;704620;1080;1;3090;10;2781
9005904;704620;1046;1;35990;0;35990
9005905;704621;1066;1;12567;7;11687
9005906;704622;1067;1;18790;0;18790
9005907;704623;1064;1;1790;5;1700
9005908;704624;1019;1;24490;3;23755
9005909;704625;1092;1;683;7;635
9005910;704626;1093;1;564;0;564
9005911;704627;1063;1;4567;10;4110
9005912;704628;1079;1;1790;5;1700
9005913;704629;1020;1;37990;0;37990
9005914;704630;1062;1;9990;0;9990
9005915;704630;1052;1;39345;0;39345
9005916;704630;1014;1;29490;3;28605
9005917;704631;1010;1;108990;0;108990
9005918;704632;1069;1;6790;0;6790
9005919;704633;1038;1;41090;0;41090
9005920;704634;1007;1;64090;10;57681
9005921;704635;1038;1;41567;5;39489
9005922;704635;1090;1;1090;7;1014
9005923;704636;1002;1;85090;0;85090
9005924;704637;1077;1;879;0;879
9005925;704637;1088;1;2990;5;2840
9005926;704638;1008;1;56567;5;53739
9005927;704639;1058;1;12090;0;12090
9005928;704640;1094;1;2990;10;2691
9005929;704641;1046;1;34490;7;32076
9005930;704642;1066;1;11990;0;11990
9005931;704643;1081;1;1490;0;1490
9005932;704644;1075;2;2790;10;5022
9005933;704645;1079;1;1990;5;1890
9005934;704646;1018;1;39090;5;37136
9005935;704647;1066;1;11090;3;10757
9005936;704648;1083;1;2990;7;2781
9005937;704649;1018;1;39345;0;39345
9005938;704650;1040;1;35090;0;35090
9005939;704651;1088;1;2990;3;2900
9005940;704652;1081;1;2990;0;2990
9005941;704653;1083;1;2790;0;2790
9005942;704653;1021;1;39090;0;39090
9005943;704654;1071;1;7490;7;6966
9005944;704655;1012;1;35345;3;34285
9005945;704656;1027;1;28345;0;28345
9005946;704657;1048;1;44090;0;44090
9005947;704657;1078;1;698;0;698
9005948;704658;1027;1;27345;5;25978
9005949;704658;1012;1;35790;5;34000
9005950;704659;1042;1;20345;10;18311
9005951;704660;1064;1;1090;0;1090
9005952;704661;1002;1;84790;0;84790
9005953;704661;1083;1;2090;10;1881
9005954;704662;1032;1;4345;0;4345
9005955;704663;1022;1;18490;0;18490
9005956;704664;1016;1;35567;7;33077
9005957;704665;1060;1;10990;0;10990
9005958;704666;1003;1;82345;5;78228
9005959;704666;1090;1;1490;0;1490
9005960;704667;1091;1;800;7;744
9005961;704668;1078;1;696;3;675
9005962;704669;1073;1;19490;0;19490
9005963;704670;1067;1;18345;0;18345
9005964;704671;1034;1;109090;0;109090
9005965;704672;1008;1;56567;0;56567
9005966;704673;1023;1;24567;5;23339
9005967;704674;1072;1;8490;0;8490
9005968;704675;1050;1;7345;0;7345
9005969;704675;1085;1;1345;0;1345
9005970;704676;1051;1;27090;0;27090
9005971;704677;1029;1;26790;0;26790
9005972;704678;1073;1;18567;3;18010
9005973;704678;1088;2;3990;3;7741
9005974;704679;1071;1;7490;0;7490
9005975;704680;1094;1;2090;0;2090
9005976;704681;1089;1;1567;0;1567
9005977;704682;1089;1;1090;0;1090
9005978;704683;1074;1;12790;0;12790
9005979;704683;1021;1;39090;5;37136
9005980;704683;1086;1;4567;0;4567
9005981;704684;1086;1;4345;10;3911
9005982;704685;1047;1;33567;3;32560
9005983;704685;1041;1;49567;0;49567
9005984;704686;1070;1;14490;0;14490
9005985;704687;1022;1;18090;0;18090
9005986;704687;1091;1;784;10;706
9005987;704688;1064;1;1345;3;1305
9005988;704689;1017;1;23790;5;22600
9005989;704690;1057;1;7490;5;7116
9005990;704690;1055;1;12790;5;12150
9005991;704691;1074;1;11345;3;11005
9005992;704691;1019;1;25790;0;25790
9005993;704692;1053;1;32345;5;30728
9005994;704693;1068;1;24790;7;23055
9005995;704694;1089;1;1345;5;1278
9005996;704695;1016;1;35090;10;31581
9005997;704696;1085;1;1490;3;1445
9005998;704697;1007;1;64345;0;64345
9005999;704697;1084;1;5990;0;5990
9006000;704698;1080;1;3090;7;2874
9006001;704698;1049;1;51567;0;51567
9006002;704699;1093;1;562;7;523
9006003;704699;1012;1;35490;0;35490
9006004;704700;1017;1;23345;0;23345
9006005;704701;1056;1;3090;0;3090
9006006;704702;1085;1;1090;5;1036
9006007;704703;1043;1;31567;7;29357
9006008;704704;1024;1;27090;0;27090
9006009;704705;1050;1;6990;7;6501
9006010;704706;1092;1;687;0;687
9006011;704706;1012;1;34567;0;34567
9006012;704707;1069;1;6990;0;6990
9006013;704708;1041;1;50345;3;48835
9006014;704709;1074;1;12567;10;11310
9006015;704710;1006;1;126490;0;126490
9006016;704710;1076;1;1790;0;1790
9006017;704711;1027;1;27090;7;25194
9006018;704712;1045;1;36567;0;36567
9006019;704713;1023;1;24090;0;24090
9006020;704714;1009;1;80345;0;80345
9006021;704715;1027;1;27090;0;27090
9006022;704716;1094;1;2567;0;2567
9006023;704717;1014;1;29345;7;27291
9006024;704718;1062;1;9567;0;9567
9006025;704719;1017;1;23790;0;23790
9006026;704719;1094;1;2790;0;2790
9006027;704720;1023;1;25490;0;25490
9006028;704721;1072;1;8490;10;7641
9006029;704722;1013;1;75490;0;75490
9006030;704723;1009;1;79567;0;79567
9006031;704724;1062;1;10790;0;10790
9006032;704725;1061;1;3345;0;3345
9006033;704726;1080;2;4790;7;8909
9006034;704726;1002;1;85490;5;81216
9006035;704727;1061;1;3090;7;2874
9006036;704728;1094;1;2090;10;1881
9006037;704728;1050;1;6567;0;6567
9006038;704729;1031;1;18345;0;18345
9006039;704730;1042;1;19090;0;19090
9006040;704731;1025;1;39490;0;39490
9006041;704732;1008;1;56990;0;56990
9006042;704733;1043;1;31345;7;29151
9006043;704734;1076;1;1790;10;1611
9006044;704735;1064;1;1790;10;1611
9006045;704735;1021;1;40090;0;40090
9006046;704736;1093;1;574;0;574
9006047;704737;1071;1;7990;0;7990
9006048;704738;1063;1;3567;0;3567
9006049;704739;1078;1;682;5;648
9006050;704740;1014;1;29490;0;29490
9006051;704741;1092;1;700;0;700
9006052;704742;1059;1;4790;0;4790
9006053;704743;1038;1;41345;5;39278
9006054;704744;1078;1;699;0;699
9006055;704744;1086;1;4990;0;4990
9006056;704745;1087;1;1990;7;1851
9006057;704746;1031;1;18490;0;18490
9006058;704747;1083;1;2490;0;2490
9006059;704748;1032;2;4567;0;9134
9006060;704749;1003;1;82990;10;74691
9006061;704750;1045;1;36990;12;32551
9006062;704751;1027;1;27490;7;25566
9006063;704752;1093;1;571;12;502
9006064;704752;1033;1;90090;3;87387
9006065;704752;1065;1;1567;5;1489
9006066;704753;1042;1;19790;10;17811
9006067;704754;1067;1;18790;3;18226
9006068;704755;1068;1;25490;0;25490
9006069;704756;1088;1;2990;0;2990
9006070;704757;1063;1;3345;0;3345
9006071;704757;1037;1;70345;0;70345
9006072;704758;1025;1;39790;0;39790
9006073;704758;1093;1;562;3;545
9006074;704759;1026;1;43790;3;42476
9006075;704759;1019;1;24345;0;24345
9006076;704760;1022;1;19090;0;19090
9006077;704761;1077;1;883;10;795
9006078;704761;1032;1;4790;0;4790
9006079;704762;1035;1;57090;0;57090
9006080;704763;1067;1;17090;7;15894
9006081;704763;1027;1;28567;0;28567
9006082;704763;1085;1;1090;7;1014
9006083;704764;1008;1;56790;7;52815
9006084;704765;1054;1;24345;0;24345
9006085;704766;1059;1;4990;0;4990
9006086;704766;1024;1;26567;12;23379
9006087;704767;1068;1;24490;5;23266
9006088;704768;1027;1;27345;7;25431
9006089;704768;1080;1;3090;7;2874
9006090;704768;1064;1;1490;0;1490
9006091;704769;1037;1;69345;0;69345
9006092;704770;1044;1;65790;0;65790
9006093;704771;1071;1;7990;7;7431
9006094;704772;1076;1;1567;3;1520
9006095;704773;1075;1;2790;7;2595
9006096;704774;1092;1;700;7;651
9006097;704775;1089;1;1990;0;1990
9006098;704776;1076;1;1345;7;1251
9006099;704777;1071;1;7090;7;6594
9006100;704777;1064;2;1567;12;2758
9006101;704778;1005;1;112090;0;112090
9006102;704778;1092;1;684;5;650
9006103;704779;1079;1;1490;5;1416
9006104;704780;1046;1;34790;0;34790
9006105;704781;1035;1;56567;0;56567
9006106;704782;1059;1;3790;3;3676
9006107;704783;1092;1;694;7;645
9006108;704784;1066;1;11345;5;10778
9006109;704784;1048;1;44345;0;44345
9006110;704785;1088;1;2345;0;2345
9006111;704785;1036;1;65790;5;62500
9006112;704785;1064;1;1345;10;1211
9006113;704786;1069;1;6990;0;6990
9006114;704787;1070;1;13490;0;13490
9006115;704788;1069;1;6567;3;6370
9006116;704789;1078;1;691;0;691
9006117;704790;1008;1;55990;5;53190
9006118;704790;1082;1;3490;5;3316
9006119;704790;1085;2;1490;0;2980
9006120;704791;1074;1;12490;3;12115
9006121;704792;1038;1;41490;12;36511
9006122;704793;1031;1;18345;0;18345
9006123;704793;1081;1;2345;5;2228
9006124;704794;1094;1;2790;3;2706
9006125;704795;1069;1;6790;7;6315
9006126;704796;1081;1;2490;3;2415
9006127;704797;1088;1;3990;0;3990
9006128;704798;1079;1;1090;0;1090
9006129;704799;1021;1;39490;3;38305
9006130;704799;1083;1;2567;0;2567
9006131;704799;1075;2;2345;0;4690
9006132;704800;1058;1;11990;0;11990
9006133;704801;1060;1;10345;0;10345
9006134;704801;1043;1;32490;5;30866
9006135;704802;1093;1;561;10;505
9006136;704803;1084;1;4790;0;4790
9006137;704804;1090;1;1345;0;1345
9006138;704805;1068;1;25990;7;24171
9006139;704805;1069;1;6090;7;5664
9006140;704806;1034;1;110490;0;110490
9006141;704807;1077;1;884;0;884
9006142;704808;1001;1;73567;7;68417
9006143;704809;1069;1;6090;0;6090
9006144;704810;1020;1;38567;5;36639
9006145;704811;1082;1;3345;0;3345
9006146;704811;1018;1;40790;0;40790
9006147;704811;1051;1;27490;12;24191
9006148;704812;1002;1;86790;0;86790
9006149;704812;1088;1;2990;0;2990
9006150;704813;1037;1;70567;5;67039
9006151;704814;1021;1;40345;0;40345
9006152;704815;1017;1;23345;0;23345
9006153;704815;1075;2;2990;10;5382
9006154;704816;1068;1;25990;3;25210
9006155;704817;1094;1;2490;10;2241
9006156;704817;1086;1;4490;3;4355
9006157;704818;1025;1;38090;0;38090
9006158;704819;1007;1;64090;5;60886
9006159;704819;1015;1;21790;0;21790
9006160;704820;1022;1;18990;3;18420
9006161;704821;1032;1;4345;7;4041
9006162;704822;1054;1;24790;3;24046
9006163;704822;1017;1;23490;0;23490
9006164;704823;1091;1;783;3;760
9006165;704824;1021;1;39790;5;37800
9006166;704825;1084;1;4090;0;4090
9006167;704826;1022;1;18790;0;18790
9006168;704827;1025;1;38345;3;37195
9006169;704827;1008;1;56090;0;56090
9006170;704828;1025;1;39990;0;39990
9006171;704829;1042;1;19490;0;19490
9006172;704829;1090;1;1567;0;1567
9006173;704830;1035;1;57345;3;55625
9006174;704830;1030;1;20490;0;20490
9006175;704831;1079;1;1490;7;1386
9006176;704832;1056;1;3790;0;3790
9006177;704833;1056;1;3567;0;3567
9006178;704834;1059;1;4990;0;4990
9006179;704835;1060;1;9567;0;9567
9006180;704836;1073;1;18490;5;17566
9006181;704837;1044;1;64345;7;59841
9006182;704838;1017;1;23490;5;22316
9006183;704839;1027;1;27490;7;25566
9006184;704840;1083;1;2490;7;2316
9006185;704841;1070;1;14990;3;14540
9006186;704842;1055;1;13090;0;13090
9006187;704843;1089;1;1490;0;1490
9006188;704843;1010;1;109790;0;109790
9006189;704843;1071;1;7090;3;6877
9006190;704844;1012;1;34990;10;31491
9006191;704845;1003;1;82567;0;82567
9006192;704845;1088;1;2090;0;2090
9006193;704845;1093;1;571;5;542
9006194;704846;1044;1;65990;0;65990
9006195;704846;1068;1;24090;5;22886
9006196;704846;1025;1;39490;0;39490
9006197;704847;1030;1;19090;5;18136
9006198;704848;1035;1;56490;0;56490
9006199;704848;1073;1;18345;0;18345
9006200;704849;1071;1;7567;10;6810
9006201;704850;1034;1;109345;10;98411
9006202;704850;1020;1;38990;0;38990
9006203;704851;1032;1;4090;7;3804
9006204;704852;1007;1;64490;0;64490
9006205;704853;1092;1;696;7;647
9006206;704853;1090;1;1345;10;1211
9006207;704853;1087;1;1790;7;1665
9006208;704854;1074;1;12490;7;11616
9006209;704854;1019;1;24790;0;24790
9006210;704855;1085;1;1990;0;1990
9006211;704855;1024;1;27090;0;27090
9006212;704856;1046;1;34990;3;33940
9006213;704857;1002;1;85090;7;79134
9006214;704858;1091;1;790;5;750
9006215;704859;1083;1;2490;0;2490
9006216;704860;1079;1;1090;5;1036
9006217;704861;1033;1;89990;0;89990
9006218;704862;1058;1;12090;3;11727
9006219;704862;1009;1;80490;10;72441
9006220;704863;1061;1;3090;5;2936
9006221;704863;1040;1;35090;5;33336
9006222;704864;1094;1;2990;0;2990
9006223;704865;1045;1;37490;12;32991
9006224;704866;1048;1;44990;0;44990
9006225;704867;1094;1;2990;3;2900
9006226;704868;1020;1;37567;7;34937
9006227;704869;1083;1;2090;12;1839
9006228;704870;1009;1;80490;7;74856
9006229;704871;1018;1;39490;5;37516
9006230;704871;1079;1;1567;0;1567
9006231;704872;1068;1;24990;10;22491
9006232;704873;1017;1;23567;0;23567
9006233;704874;1008;1;55490;0;55490
9006234;704875;1072;1;8090;0;8090
9006235;704875;1083;1;2090;0;2090
9006236;704875;1041;1;49490;5;47016
9006237;704876;1094;1;2090;7;1944
9006238;704877;1094;1;2790;0;2790
9006239;704878;1073;1;19567;7;18197
9006240;704879;1030;1;20490;3;19875
9006241;704880;1042;1;19567;7;18197
9006242;704881;1040;1;34345;3;33315
9006243;704882;1065;1;1490;3;1445
9006244;704883;1012;1;34790;7;32355
9006245;704884;1063;1;3790;0;3790
9006246;704885;1030;1;19490;0;19490
9006247;704885;1091;1;784;7;729
9006248;704886;1019;1;24990;0;24990
9006249;704886;1092;1;697;3;676
9006250;704887;1066;1;11567;5;10989
9006251;704888;1078;1;692;3;671
9006252;704888;1081;1;1090;0;1090
9006253;704889;1065;1;1990;0;1990
9006254;704889;1028;1;78990;0;78990
9006255;704890;1022;1;19490;3;18905
9006256;704891;1067;1;17990;10;16191
9006257;704891;1088;1;3345;10;3011
9006258;704892;1040;1;34567;5;32839
9006259;704892;1086;1;4790;7;4455
9006260;704893;1023;1;24567;0;24567
9006261;704894;1078;1;700;0;700
9006262;704895;1024;1;26090;5;24786
9006263;704896;1047;1;33990;5;32290
9006264;704897;1077;1;892;0;892
9006265;704898;1019;1;25990;0;25990
9006266;704898;1079;1;1345;0;1345
9006267;704899;1091;1;785;5;746
9006268;704900;1050;1;6345;0;6345
9006269;704901;1008;1;56790;10;51111
9006270;704902;1028;1;76567;10;68910
9006271;704903;1075;1;2090;3;2027
9006272;704904;1007;1;64790;3;62846
9006273;704904;1075;1;2345;0;2345
9006274;704904;1085;1;1790;12;1575
9006275;704905;1022;1;19090;7;17754
9006276;704906;1012;1;34567;5;32839
9006277;704906;1079;1;1490;10;1341
9006278;704907;1075;1;2090;5;1986
9006279;704907;1089;1;1345;0;1345
9006280;704908;1080;1;3990;0;3990
9006281;704909;1076;1;2345;0;2345
9006282;704910;1001;1;72090;0;72090
9006283;704911;1067;1;17090;3;16577
9006284;704912;1071;1;7990;7;7431
9006285;704913;1017;1;22990;10;20691
9006286;704914;1094;1;2790;0;2790
9006287;704914;1050;1;7345;0;7345
9006288;704914;1077;1;894;0;894
9006289;704915;1091;2;801;10;1442
9006290;704915;1023;1;24567;3;23830
9006291;704915;1088;1;2990;7;2781
9006292;704916;1047;1;32490;12;28591
9006293;704916;1072;1;7990;3;7750
9006294;704917;1061;1;3345;3;3245
9006295;704918;1007;1;64090;0;64090
9006296;704919;1058;1;11567;0;11567
9006297;704920;1017;1;23790;0;23790
9006298;704921;1012;1;35345;0;35345
9006299;704922;1046;1;34090;0;34090
9006300;704923;1047;1;33567;0;33567
9006301;704924;1072;1;7567;0;7567
9006302;704924;1065;1;1567;0;1567
9006303;704925;1076;1;1790;10;1611
9006304;704925;1056;1;3345;0;3345
9006305;704926;1049;1;52345;3;50775
9006306;704927;1080;1;3990;5;3790
9006307;704928;1023;1;25567;7;23777
9006308;704929;1073;1;19990;10;17991
9006309;704930;1017;1;23345;5;22178
9006310;704931;1036;1;65345;0;65345
9006311;704932;1071;1;7790;0;7790
9006312;704933;1056;1;3990;3;3870
9006313;704934;1086;1;4490;7;4176
9006314;704934;1017;1;22567;7;20987
9006315;704935;1066;1;12990;12;11431
9006316;704935;1077;1;878;12;773
9006317;704936;1072;1;8490;0;8490
9006318;704937;1032;1;4490;0;4490
9006319;704938;1028;1;78790;12;69335
9006320;704939;1011;1;42567;3;41290
9006321;704940;1069;1;6790;7;6315
9006322;704940;1080;1;3990;7;3711
9006323;704941;1018;1;39345;0;39345
9006324;704942;1019;1;24345;0;24345
9006325;704943;1016;1;35490;3;34425
9006326;704944;1045;1;36567;0;36567
9006327;704945;1019;1;24790;5;23550
9006328;704945;1084;1;5790;7;5385
9006329;704946;1085;1;1990;0;1990
9006330;704947;1045;1;37990;7;35331
9006331;704948;1066;1;12567;0;12567
9006332;704949;1036;1;65990;0;65990
9006333;704950;1072;1;8567;10;7710
9006334;704950;1081;1;2790;0;2790
9006335;704951;1022;1;19490;5;18516
9006336;704952;1061;1;3990;0;3990
9006337;704953;1071;1;7345;0;7345
9006338;704954;1032;1;4090;0;4090
9006339;704955;1044;1;64790;10;58311
9006340;704956;1015;1;21990;3;21330
9006341;704957;1087;1;1090;3;1057
9006342;704958;1017;1;22090;3;21427
9006343;704959;1074;1;12790;5;12150
9006344;704959;1048;1;45790;0;45790
9006345;704960;1069;1;6490;5;6166
9006346;704961;1050;1;6990;10;6291
9006347;704962;1042;1;19567;0;19567
9006348;704962;1015;1;21567;3;20920
9006349;704962;1076;1;2345;7;2181
9006350;704963;1031;1;18490;3;17935
9006351;704964;1025;1;39490;5;37516
9006352;704965;1031;1;18090;5;17186
9006353;704965;1074;1;11490;0;11490
9006354;704966;1040;1;34345;3;33315
9006355;704967;1075;1;2990;0;2990
9006356;704968;1083;1;2090;0;2090
9006357;704968;1074;1;12345;3;11975
9006358;704968;1043;1;32567;3;31590
9006359;704969;1035;1;56345;7;52401
9006360;704970;1029;1;27090;0;27090
9006361;704971;1006;1;127490;12;112191
9006362;704972;1094;1;2345;10;2111
9006363;704973;1039;1;68990;0;68990
9006364;704974;1070;1;13790;3;13376
9006365;704975;1081;1;1090;0;1090
9006366;704976;1001;1;73990;0;73990
9006367;704977;1081;1;2990;7;2781
9006368;704977;1014;1;29090;0;29090
9006369;704978;1054;1;25345;0;25345
9006370;704979;1052;1;39345;0;39345
9006371;704980;1094;1;2490;0;2490
9006372;704981;1091;1;791;0;791
9006373;704982;1081;1;1990;5;1890
9006374;704982;1017;1;23090;0;23090
9006375;704983;1049;1;52990;5;50340
9006376;704984;1027;1;28990;12;25511
9006377;704985;1032;2;4490;0;8980
9006378;704986;1092;1;688;0;688
9006379;704986;1050;1;6345;0;6345
9006380;704986;1083;1;2790;12;2455
9006381;704987;1014;1;28567;0;28567
9006382;704987;1091;1;782;0;782
9006383;704988;1073;1;18990;3;18420
9006384;704988;1015;1;21490;0;21490
9006385;704989;1048;1;44490;12;39151
9006386;704990;1028;1;76345;0;76345
9006387;704990;1044;1;65567;0;65567
9006388;704991;1091;2;791;10;1424
9006389;704992;1061;1;3490;3;3385
9006390;704992;1036;1;64990;0;64990
9006391;704993;1068;1;24990;10;22491
9006392;704994;1005;1;111345;3;108005
9006393;704995;1060;1;10990;10;9891
9006394;704996;1084;1;5490;5;5216
9006395;704997;1085;1;1990;10;1791
9006396;704998;1056;1;3345;0;3345
9006397;704998;1077;1;880;0;880
9006398;704999;1088;1;2490;3;2415
9006399;705000;1030;1;20790;0;20790
9006400;705001;1003;1;82990;0;82990
9006401;705001;1093;1;574;0;574
9006402;705002;1058;1;11345;0;11345
9006403;705003;1077;1;878;5;834
9006404;705004;1065;1;1345;0;1345
9006405;705005;1092;1;682;10;614
9006406;705006;1046;1;34490;7;32076
9006407;705006;1079;1;1790;3;1736
9006408;705007;1018;1;40790;0;40790
9006409;705007;1081;2;1567;0;3134
9006410;705008;1005;1;112345;12;98864
9006411;705009;1011;1;43345;0;43345
9006412;705010;1025;1;38990;0;38990
9006413;705011;1027;1;27490;0;27490
9006414;705012;1038;1;41345;0;41345
9006415;705012;1092;1;684;10;616
9006416;705013;1005;1;113790;0;113790
9006417;705014;1014;1;28345;12;24944
9006418;705015;1080;1;3490;0;3490
9006419;705015;1007;1;65990;12;58071
9006420;705016;1092;1;694;3;673
9006421;705016;1086;1;4567;5;4339
9006422;705017;1001;1;73490;0;73490
9006423;705018;1069;1;6990;0;6990
9006424;705019;1072;1;7490;10;6741
9006425;705019;1010;1;111990;0;111990
9006426;705020;1072;1;7567;10;6810
9006427;705020;1020;1;38790;7;36075
9006428;705020;1092;1;688;12;605
9006429;705021;1081;1;1567;5;1489
9006430;705021;1023;1;24345;7;22641
9006431;705022;1083;1;2090;0;2090
9006432;705022;1007;1;65490;5;62216
9006433;705023;1013;1;74567;10;67110
9006434;705023;1076;2;2790;7;5189
9006435;705024;1061;1;3090;0;3090
9006436;705025;1089;2;1490;7;2771
9006437;705025;1016;1;35567;0;35567
9006438;705026;1022;1;19990;10;17991
9006439;705026;1075;1;2790;5;2650
9006440;705027;1074;1;12990;7;12081
9006441;705027;1029;1;27567;0;27567
9006442;705027;1082;1;3790;0;3790
9006443;705028;1083;1;2567;0;2567
9006444;705029;1072;1;8990;0;8990
9006445;705029;1056;1;3567;5;3389
9006446;705029;1028;1;77790;0;77790
9006447;705030;1014;1;29090;0;29090
9006448;705031;1087;1;1490;0;1490
9006449;705032;1091;1;797;5;757
9006450;705033;1005;1;113567;3;110160
9006451;705033;1079;1;1490;12;1311
9006452;705034;1092;2;684;0;1368
9006453;705035;1093;2;570;0;1140
9006454;705036;1038;1;41090;0;41090
9006455;705037;1051;1;27567;3;26740
9006456;705037;1033;1;90090;0;90090
9006457;705038;1082;1;3990;0;3990
9006458;705039;1045;1;36090;10;32481
9006459;705040;1067;1;17490;10;15741
9006460;705041;1030;1;19790;0;19790
9006461;705041;1060;1;9990;5;9490
9006462;705042;1073;1;18567;7;17267
9006463;705043;1091;2;783;0;1566
9006464;705044;1015;1;21990;0;21990
9006465;705045;1069;1;6345;0;6345
9006466;705045;1012;1;34990;10;31491
9006467;705046;1083;1;2345;7;2181
9006468;705047;1036;1;64490;12;56751
9006469;705048;1029;1;26990;0;26990
9006470;705049;1088;1;2567;0;2567
9006471;705050;1029;1;26490;10;23841
9006472;705051;1072;1;7567;7;7037
9006473;705052;1023;1;24490;0;24490
9006474;705052;1077;1;887;3;860
9006475;705053;1050;1;6790;7;6315
9006476;705054;1014;1;29567;7;27497
9006477;705055;1081;1;1790;3;1736
9006478;705056;1078;1;684;5;650
9006479;705057;1038;1;41090;0;41090
9006480;705057;1078;2;692;0;1384
9006481;705058;1017;1;22567;0;22567
9006482;705059;1017;1;22490;10;20241
9006483;705060;1066;1;12990;0;12990
9006484;705061;1077;1;900;0;900
9006485;705062;1046;1;34790;10;31311
9006486;705063;1033;1;90090;0;90090
9006487;705064;1073;1;18345;0;18345
9006488;705064;1010;1;110990;10;99891
9006489;705065;1050;1;6490;10;5841
9006490;705066;1035;1;57090;0;57090
9006491;705067;1093;1;562;7;523
9006492;705068;1069;1;6345;5;6028
9006493;705069;1077;1;892;0;892
9006494;705070;1033;1;89990;0;89990
9006495;705071;1031;1;18567;0;18567
9006496;705072;1035;1;56790;0;56790
9006497;705073;1059;1;4567;0;4567
9006498;705074;1049;1;52345;0;52345
9006499;705075;1026;1;43090;7;40074
9006500;705075;1076;1;1090;0;1090
9006501;705076;1087;1;1990;7;1851
9006502;705077;1035;1;56490;0;56490
9006503;705078;1014;1;29090;3;28217
9006504;705079;1067;1;17490;0;17490
9006505;705080;1063;1;3990;0;3990
9006506;705080;1015;1;21790;0;21790
9006507;705081;1007;1;64090;5;60886
9006508;705082;1048;1;45090;0;45090
9006509;705083;1080;1;4567;10;4110
9006510;705084;1085;1;1490;0;1490
9006511;705085;1040;1;34567;5;32839
9006512;705085;1081;2;2090;3;4055
9006513;705086;1076;1;2490;5;2366
9006514;705087;1074;1;12490;0;12490
9006515;705088;1031;1;18567;5;17639
9006516;705089;1032;1;4790;10;4311
9006517;705090;1020;1;38345;5;36428
9006518;705091;1066;1;11990;10;10791
9006519;705091;1001;1;74490;0;74490
9006520;705092;1094;1;2090;7;1944
9006521;705093;1069;1;6090;5;5786
9006522;705094;1062;1;9345;5;8878
9006523;705095;1093;2;561;12;987
9006524;705096;1030;1;19490;0;19490
9006525;705097;1058;1;11345;0;11345
9006526;705098;1063;1;3567;0;3567
9006527;705099;1093;1;567;5;539
9006528;705100;1015;1;21345;0;21345
9006529;705100;1086;1;4990;0;4990
9006530;705100;1077;1;891;0;891
9006531;705101;1046;1;35345;0;35345
9006532;705101;1089;1;1345;12;1184
9006533;705102;1087;1;1345;3;1305
9006534;705103;1037;1;69090;0;69090
9006535;705103;1018;1;40490;3;39275
9006536;705104;1085;1;1790;5;1700
9006537;705105;1050;1;6567;0;6567
9006538;705106;1070;1;13990;0;13990
9006539;705107;1087;1;1090;0;1090
9006540;705108;1067;1;18790;0;18790
9006541;705109;1094;1;2090;10;1881
9006542;705110;1014;1;29345;0;29345
9006543;705111;1001;1;73090;0;73090
9006544;705111;1092;1;684;0;684
9006545;705112;1024;1;26790;0;26790
9006546;705113;1035;1;56790;0;56790
9006547;705113;1089;1;1490;10;1341
9006548;705114;1017;1;22790;0;22790
9006549;705115;1077;1;889;10;800
9006550;705116;1069;1;6345;5;6028
9006551;705117;1093;2;573;0;1146
9006552;705118;1074;1;11090;7;10314
9006553;705119;1065;1;1345;0;1345
9006554;705120;1020;1;37490;7;34866
9006555;705121;1029;1;27990;0;27990
9006556;705122;1030;1;20790;0;20790
9006557;705122;1002;1;85090;5;80836
9006558;705123;1003;1;82490;5;78366
9006559;705124;1078;1;685;7;637
9006560;705125;1064;1;1090;0;1090
9006561;705126;1088;1;2790;0;2790
9006562;705126;1084;1;5345;3;5185
9006563;705127;1016;1;36990;7;34401
9006564;705128;1030;1;19567;0;19567
9006565;705128;1017;1;22990;5;21840
9006566;705129;1079;1;1345;0;1345
9006567;705130;1093;1;567;5;539
9006568;705131;1080;2;4990;0;9980
9006569;705132;1069;1;6567;5;6239
9006570;705133;1065;1;1790;7;1665
9006571;705133;1073;1;19990;0;19990
9006572;705134;1078;1;697;0;697
9006573;705135;1003;1;84790;5;80550
9006574;705136;1073;1;19567;0;19567
9006575;705137;1083;1;2567;7;2387
9006576;705138;1019;1;24090;3;23367
9006577;705139;1029;1;26790;0;26790
9006578;705140;1072;1;8790;0;8790
9006579;705141;1076;1;1790;12;1575
9006580;705142;1045;1;36345;5;34528
9006581;705143;1038;1;42790;5;40650
9006582;705144;1084;1;5790;5;5500
9006583;705144;1069;1;6345;5;6028
9006584;705144;1028;1;77090;12;67839
9006585;705145;1067;1;17345;12;15264
9006586;705146;1070;1;13567;7;12617
9006587;705147;1089;1;1090;0;1090
9006588;705148;1093;1;567;12;499
9006589;705149;1076;1;1790;5;1700
9006590;705150;1032;1;4345;0;4345
9006591;705151;1001;1;71567;7;66557
9006592;705151;1088;1;2567;5;2439
9006593;705152;1021;1;39567;3;38380
9006594;705152;1064;1;1567;5;1489
9006595;705153;1021;1;39490;0;39490
9006596;705154;1033;1;89790;7;83505
9006597;705154;1034;1;108090;0;108090
9006598;705155;1036;1;64490;12;56751
9006599;705156;1001;1;72790;0;72790
9006600;705157;1042;1;20790;0;20790
9006601;705158;1043;1;31567;3;30620
9006602;705158;1089;1;1567;0;1567
9006603;705159;1083;1;2990;0;2990
9006604;705159;1015;1;21567;0;21567
9006605;705160;1078;1;697;10;627
9006606;705161;1094;1;2990;10;2691
9006607;705162;1065;1;1990;0;1990
9006608;705163;1054;1;25567;5;24289
9006609;705164;1022;1;19567;0;19567
9006610;705165;1025;1;39090;10;35181
9006611;705165;1064;1;1490;5;1416
9006612;705166;1040;1;35490;0;35490
9006613;705166;1074;1;11567;0;11567
9006614;705167;1062;1;9345;0;9345
9006615;705167;1080;1;3490;5;3316
9006616;705168;1029;1;26490;0;26490
9006617;705169;1083;1;2790;7;2595
9006618;705170;1040;1;34990;3;33940
9006619;705170;1092;1;683;0;683
9006620;705170;1084;1;4790;0;4790
9006621;705171;1081;1;1345;5;1278
9006622;705172;1083;1;2790;7;2595
9006623;705173;1008;1;55345;10;49811
9006624;705174;1013;1;75567;0;75567
9006625;705174;1022;1;18990;0;18990
9006626;705174;1088;1;3090;7;2874
9006627;705175;1027;1;27790;0;27790
9006628;705176;1062;1;9345;0;9345
9006629;705176;1022;1;19567;5;18589
9006630;705177;1081;1;2090;0;2090
9006631;705177;1055;1;13090;0;13090
9006632;705178;1072;1;7345;3;7125
9006633;705179;1015;1;21990;10;19791
9006634;705180;1008;1;56490;10;50841
9006635;705181;1040;1;35790;3;34716
9006636;705182;1061;1;3990;0;3990
9006637;705183;1074;1;11345;7;10551
9006638;705183;1050;1;6567;0;6567
9006639;705184;1024;1;27990;0;27990
9006640;705184;1072;1;7490;12;6591
9006641;705185;1068;1;25567;7;23777
9006642;705186;1043;1;32090;0;32090
9006643;705187;1036;1;64490;0;64490
9006644;705188;1040;1;34490;0;34490
9006645;705189;1023;1;25345;0;25345
9006646;705190;1001;1;72990;10;65691
9006647;705190;1013;1;74090;3;71867
9006648;705191;1091;1;782;0;782
9006649;705192;1075;2;2790;0;5580
9006650;705193;1042;1;19567;5;18589
9006651;705194;1078;1;689;7;641
9006652;705195;1021;1;39990;0;39990
9006653;705195;1092;1;697;0;697
9006654;705196;1017;1;23490;5;22316
9006655;705196;1090;1;1790;0;1790
9006656;705197;1031;1;18567;3;18010
9006657;705197;1090;1;1990;0;1990
9006658;705198;1032;1;4345;0;4345
9006659;705199;1041;1;50990;10;45891
9006660;705199;1072;1;8090;10;7281
9006661;705200;1062;1;9567;7;8897
9006662;705201;1025;1;38790;0;38790
9006663;705201;1071;1;7090;7;6594
9006664;705202;1033;1;90567;0;90567
9006665;705203;1008;1;55490;7;51606
9006666;705204;1009;1;80990;3;78560
9006667;705204;1030;1;19090;3;18517
9006668;705205;1016;1;35490;12;31231
9006669;705206;1032;1;4990;0;4990
9006670;705207;1023;1;24790;10;22311
9006671;705208;1042;1;19567;0;19567
9006672;705209;1093;1;569;0;569
9006673;705209;1003;1;81567;0;81567
9006674;705210;1003;1;82345;5;78228
9006675;705211;1019;1;24990;0;24990
9006676;705212;1084;1;5790;3;5616
9006677;705213;1078;1;688;7;640
9006678;705214;1030;1;19990;0;19990
9006679;705215;1001;1;73790;0;73790
9006680;705216;1071;1;7090;0;7090
9006681;705217;1045;1;37490;5;35616
9006682;705218;1015;1;21090;0;21090
9006683;705219;1078;1;693;0;693
9006684;705220;1038;1;42790;0;42790
9006685;705221;1093;1;565;7;525
9006686;705222;1029;1;26990;0;26990
9006687;705223;1026;1;43567;7;40517
9006688;705224;1045;1;37490;5;35616
9006689;705225;1014;1;29345;5;27878
9006690;705226;1061;1;3090;0;3090
9006691;705227;1032;1;4567;3;4430
9006692;705227;1012;1;34090;0;34090
9006693;705228;1067;1;17490;0;17490
9006694;705229;1046;1;35345;0;35345
9006695;705229;1081;1;2490;3;2415
9006696;705230;1083;1;2990;0;2990
9006697;705231;1029;1;26090;0;26090
9006698;705232;1081;1;1090;7;1014
9006699;705233;1008;1;55990;0;55990
9006700;705234;1057;1;7490;7;6966
9006701;705235;1045;1;37490;7;34866
9006702;705236;1041;1;49567;5;47089
9006703;705237;1031;1;18345;0;18345
9006704;705238;1038;1;41490;5;39416
9006705;705238;1083;1;2990;7;2781
9006706;705239;1072;1;7490;0;7490
9006707;705239;1004;1;100790;5;95750
9006708;705240;1006;1;128490;3;124635
9006709;705240;1094;1;2990;0;2990
9006710;705241;1037;1;69990;12;61591
9006711;705242;1012;1;35790;3;34716
9006712;705243;1087;1;1990;0;1990
9006713;705244;1085;2;1490;5;2831
9006714;705245;1070;1;14990;12;13191
9006715;705245;1072;1;7567;10;6810
9006716;705246;1075;1;2990;5;2840
9006717;705247;1021;1;39345;0;39345
9006718;705248;1071;1;7790;5;7400
9006719;705249;1076;1;2490;5;2366
9006720;705249;1012;1;34345;3;33315
9006721;705250;1080;1;3567;0;3567
9006722;705251;1066;1;11567;0;11567
9006723;705252;1013;1;74345;10;66911
9006724;705252;1060;1;10345;10;9311
9006725;705253;1019;1;24345;0;24345
9006726;705254;1049;1;52490;5;49866
9006727;705255;1029;1;27567;0;27567
9006728;705256;1002;1;84567;5;80339
9006729;705257;1063;1;3790;0;3790
9006730;705258;1042;1;19090;0;19090
9006731;705259;1091;1;798;0;798
9006732;705260;1085;1;1790;0;1790
9006733;705260;1007;1;65990;0;65990
9006734;705260;1015;1;21345;0;21345
9006735;705261;1064;1;1567;0;1567
9006736;705261;1031;1;18990;0;18990
9006737;705262;1023;1;24567;0;24567
9006738;705262;1093;1;559;5;531
9006739;705262;1077;1;880;10;792
9006740;705263;1012;1;34345;0;34345
9006741;705264;1061;1;3567;3;3460
9006742;705264;1047;1;32567;3;31590
9006743;705265;1082;1;3567;3;3460
9006744;705266;1071;1;7567;0;7567
9006745;705267;1079;1;1567;0;1567
9006746;705268;1070;1;14490;7;13476
9006747;705268;1069;1;6990;7;6501
9006748;705269;1056;1;3090;0;3090
9006749;705270;1020;1;38567;0;38567
9006750;705271;1021;1;40990;0;40990
9006751;705272;1050;1;6790;0;6790
9006752;705272;1033;1;88790;10;79911
9006753;705273;1050;1;7345;0;7345
9006754;705274;1074;1;12567;7;11687
9006755;705275;1093;2;562;3;1090
9006756;705276;1052;1;40567;0;40567
9006757;705276;1022;1;18790;0;18790
9006758;705277;1093;1;567;0;567
9006759;705278;1061;1;3990;7;3711
9006760;705279;1008;1;56990;5;54140
9006761;705280;1045;1;36090;3;35007
9006762;705281;1028;1;77990;3;75650
9006763;705281;1014;1;28790;0;28790
9006764;705282;1059;1;4090;0;4090
9006765;705282;1048;1;44490;5;42266
9006766;705282;1079;1;1567;0;1567
9006767;705283;1092;1;681;0;681
9006768;705283;1084;1;4567;5;4339
9006769;705284;1080;1;3790;0;3790
9006770;705285;1071;1;7490;7;6966
9006771;705286;1079;1;1490;5;1416
9006772;705287;1072;1;8567;0;8567
9006773;705287;1049;1;52790;0;52790
9006774;705287;1061;1;3090;5;2936
9006775;705288;1075;1;2090;0;2090
9006776;705289;1076;1;2490;0;2490
9006777;705290;1089;2;1990;7;3701
9006778;705291;1076;1;1090;5;1036
9006779;705291;1040;1;34090;10;30681
9006780;705292;1055;1;12345;0;12345
9006781;705293;1078;1;690;3;669
9006782;705294;1035;1;56345;0;56345
9006783;705295;1019;1;25490;0;25490
9006784;705296;1026;1;43345;0;43345
9006785;705297;1094;1;2790;0;2790
9006786;705298;1077;1;903;7;840
9006787;705299;1059;1;4090;5;3886
9006788;705300;1076;1;1990;10;1791
9006789;705301;1078;1;699;3;678
9006790;705301;1088;1;2090;5;1986
9006791;705302;1066;1;11090;3;10757
9006792;705303;1074;1;11490;3;11145
9006793;705304;1042;1;20345;0;20345
9006794;705305;1087;1;1790;0;1790
9006795;705306;1008;1;55790;5;53000
9006796;705307;1016;1;35790;3;34716
9006797;705307;1077;1;897;3;870
9006798;705308;1064;1;1990;3;1930
9006799;705308;1091;1;784;0;784
9006800;705309;1023;1;25567;3;24800
9006801;705309;1080;1;4990;0;4990
9006802;705310;1050;1;7567;3;7340
9006803;705310;1087;1;1790;0;1790
9006804;705311;1044;1;65090;0;65090
9006805;705312;1023;1;25990;0;25990
9006806;705312;1085;1;1490;0;1490
9006807;705313;1069;1;6090;0;6090
9006808;705314;1032;1;4790;7;4455
9006809;705315;1068;1;25790;7;23985
9006810;705315;1001;1;72990;10;65691
9006811;705316;1027;1;28990;12;25511
9006812;705317;1087;1;1567;10;1410
9006813;705318;1003;1;83790;3;81276
9006814;705319;1011;1;42990;12;37831
9006815;705320;1006;1;125490;3;121725
9006816;705321;1042;1;19345;5;18378
9006817;705322;1072;1;8790;3;8526
9006818;705323;1024;1;27990;5;26590
9006819;705324;1047;1;32090;0;32090
9006820;705325;1090;1;1990;0;1990
9006821;705325;1048;1;45567;0;45567
9006822;705326;1069;1;6490;7;6036
9006823;705327;1061;1;3090;0;3090
9006824;705328;1081;2;1345;3;2609
9006825;705329;1030;1;20490;0;20490
9006826;705330;1071;1;7790;12;6855
9006827;705331;1085;1;1490;0;1490
9006828;705332;1008;1;56990;7;53001
9006829;705333;1046;1;34990;3;33940
9006830;705334;1025;1;38090;5;36186
9006831;705334;1028;1;78790;0;78790
9006832;705334;1064;1;1567;0;1567
9006833;705335;1033;1;89567;12;78819
9006834;705336;1004;1;99990;3;96990
9006835;705337;1024;1;26990;0;26990
9006836;705337;1021;1;39490;3;38305
9006837;705338;1092;1;696;0;696
9006838;705339;1070;1;14567;0;14567
9006839;705339;1004;1;100790;5;95750
9006840;705340;1071;1;7990;0;7990
9006841;705341;1072;1;8990;0;8990
9006842;705342;1032;1;4790;0;4790
9006843;705343;1009;1;79990;0;79990
9006844;705343;1084;1;5567;5;5289
9006845;705344;1071;1;7090;3;6877
9006846;705345;1019;1;24567;5;23339
9006847;705346;1050;1;7090;5;6736
9006848;705347;1048;1;44990;0;44990
9006849;705348;1061;1;3790;3;3676
9006850;705349;1019;1;25790;0;25790
9006851;705350;1037;1;69090;12;60799
9006852;705350;1075;1;2790;5;2650
9006853;705351;1059;1;3090;0;3090
9006854;705352;1066;1;11090;10;9981
9006855;705352;1091;1;782;3;759
9006856;705353;1027;1;27990;0;27990
9006857;705354;1020;1;37345;5;35478
9006858;705354;1078;2;696;3;1350
9006859;705355;1017;1;23567;3;22860
9006860;705356;1092;1;688;5;654
9006861;705357;1005;1;113790;5;108100
9006862;705358;1005;1;113990;0;113990
9006863;705358;1093;1;573;10;516
9006864;705359;1037;1;70567;7;65627
9006865;705359;1082;1;3345;5;3178
9006866;705360;1045;1;37090;0;37090
9006867;705360;1087;1;1567;0;1567
9006868;705361;1090;1;1490;0;1490
9006869;705362;1005;1;111790;0;111790
9006870;705362;1091;1;795;0;795
9006871;705363;1032;1;4990;7;4641
9006872;705364;1086;1;4990;10;4491
9006873;705365;1007;1;65090;10;58581
9006874;705366;1035;1;56567;10;50910
9006875;705366;1077;1;885;7;823
9006876;705367;1048;1;45567;3;44200
9006877;705368;1019;1;25790;5;24500
9006878;705369;1007;1;64990;7;60441
9006879;705370;1014;1;28490;0;28490
9006880;705371;1089;1;1490;0;1490
9006881;705372;1050;1;6990;0;6990
9006882;705373;1018;1;39490;5;37516
9006883;705373;1067;1;18490;10;16641
9006884;705373;1082;1;3567;0;3567
9006885;705374;1085;1;1490;0;1490
9006886;705375;1031;1;18790;0;18790
9006887;705376;1026;1;43345;7;40311
9006888;705377;1092;1;694;3;673
9006889;705378;1001;1;72090;0;72090
9006890;705379;1074;1;11490;5;10916
9006891;705380;1057;1;7345;0;7345
9006892;705380;1043;1;31990;5;30390
9006893;705381;1022;1;19567;7;18197
9006894;705382;1071;1;7567;0;7567
9006895;705383;1062;1;9345;0;9345
9006896;705384;1004;1;99567;10;89610
9006897;705385;1038;1;42567;0;42567
9006898;705386;1092;1;693;0;693
9006899;705387;1050;1;6345;0;6345
9006900;705387;1092;1;692;0;692
9006901;705387;1077;1;892;3;865
9006902;705388;1047;1;32090;10;28881
9006903;705389;1031;1;18567;0;18567
9006904;705389;1056;2;3090;0;6180
9006905;705390;1065;1;1790;5;1700
9006906;705391;1005;1;113567;5;107889
9006907;705392;1072;1;7090;7;6594
9006908;705392;1078;1;697;7;648
9006909;705393;1001;1;73345;0;73345
9006910;705394;1008;1;55790;3;54116
9006911;705395;1065;1;1090;10;981
9006912;705396;1022;1;18790;0;18790
9006913;705396;1093;1;563;0;563
9006914;705397;1063;1;4345;7;4041
9006915;705398;1077;1;882;0;882
9006916;705399;1037;1;70790;0;70790
9006917;705400;1088;1;3567;3;3460
9006918;705401;1084;1;5345;0;5345
9006919;705402;1004;1;99090;0;99090
9006920;705403;1023;1;25790;0;25790
9006921;705404;1077;1;900;3;873
9006922;705405;1087;1;1490;7;1386
9006923;705406;1091;1;786;0;786
9006924;705407;1014;1;28490;0;28490
9006925;705408;1022;1;19567;5;18589
9006926;705409;1067;1;17490;7;16266
9006927;705410;1037;1;69490;0;69490
9006928;705411;1058;1;11567;0;11567
9006929;705412;1018;1;40790;3;39566
9006930;705412;1024;1;26567;7;24707
9006931;705413;1079;1;1990;0;1990
9006932;705413;1074;1;12790;10;11511
9006933;705414;1078;2;692;0;1384
9006934;705415;1025;1;39345;5;37378
9006935;705416;1076;1;1790;5;1700
9006936;705417;1004;1;101567;7;94457
9006937;705417;1019;1;25990;0;25990
9006938;705418;1066;1;11990;10;10791
9006939;705419;1012;1;34790;0;34790
9006940;705420;1074;1;12090;0;12090
9006941;705421;1092;1;693;7;644
9006942;705422;1070;1;13345;0;13345
9006943;705423;1031;1;18490;0;18490
9006944;705424;1076;1;1345;0;1345
9006945;705425;1059;1;4090;7;3804
9006946;705426;1026;1;43990;0;43990
9006947;705427;1082;1;3790;10;3411
9006948;705428;1023;1;25990;5;24690
9006949;705429;1061;1;3090;0;3090
9006950;705430;1066;1;11090;3;10757
9006951;705431;1008;1;56345;10;50711
9006952;705432;1017;1;23990;0;23990
9006953;705433;1059;1;4567;10;4110
9006954;705434;1088;1;2090;7;1944
9006955;705434;1010;1;110990;7;103221
9006956;705435;1010;1;111790;0;111790
9006957;705436;1076;1;2490;7;2316
9006958;705437;1047;1;32990;0;32990
9006959;705438;1076;1;2090;5;1986
9006960;705439;1087;1;1990;0;1990
9006961;705439;1048;1;44990;0;44990
9006962;705439;1073;1;19990;12;17591
9006963;705440;1034;1;110790;12;97495
9006964;705440;1089;1;1990;5;1890
9006965;705440;1075;1;2790;5;2650
9006966;705441;1046;1;35090;0;35090
9006967;705441;1076;1;1090;3;1057
9006968;705441;1077;1;892;0;892
9006969;705442;1032;1;4567;7;4247
9006970;705443;1026;1;43567;0;43567
9006971;705444;1092;1;691;7;643
9006972;705445;1079;1;1345;0;1345
9006973;705446;1031;1;18790;0;18790
9006974;705447;1076;1;1567;10;1410
9006975;705448;1091;1;788;7;733
9006976;705449;1017;1;22090;0;22090
9006977;705450;1069;1;6567;7;6107
9006978;705451;1012;1;35990;0;35990
9006979;705452;1066;1;12345;0;12345
9006980;705453;1077;1;902;0;902
9006981;705453;1082;1;3790;7;3525
9006982;705454;1011;1;43490;3;42185
9006983;705455;1073;1;19790;0;19790
9006984;705456;1032;1;4567;0;4567
9006985;705457;1077;1;882;0;882
9006986;705458;1049;1;51790;5;49200
9006987;705458;1001;1;73090;3;70897
9006988;705459;1029;1;27567;0;27567
9006989;705460;1074;1;12567;0;12567
9006990;705461;1066;1;12567;7;11687
9006991;705462;1093;1;572;0;572
9006992;705463;1032;2;4990;0;9980
9006993;705464;1053;1;33490;0;33490
9006994;705465;1001;1;72490;0;72490
9006995;705466;1028;1;78345;0;78345
9006996;705467;1080;1;3345;3;3245
9006997;705468;1047;1;32790;12;28855
9006998;705469;1082;1;3490;0;3490
9006999;705470;1072;1;7567;0;7567
9007000;705470;1035;1;56790;5;53950
9007001;705471;1078;1;692;0;692
9007002;705472;1082;1;3090;7;2874
9007003;705472;1002;1;84090;0;84090
9007004;705473;1024;1;26990;0;26990
9007005;705473;1087;1;1490;7;1386
9007006;705474;1062;1;10345;0;10345
9007007;705475;1075;1;2990;5;2840
9007008;705476;1049;1;51090;0;51090
9007009;705477;1040;1;34790;3;33746
9007010;705478;1014;1;28345;3;27495
9007011;705479;1030;1;19790;0;19790
9007012;705480;1034;1;108567;0;108567
9007013;705481;1090;1;1990;5;1890
9007014;705482;1072;1;8090;10;7281
9007015;705483;1022;1;19990;7;18591
9007016;705484;1055;1;13090;3;12697
9007017;705485;1050;1;6567;0;6567
9007018;705486;1045;1;36090;0;36090
9007019;705487;1085;1;1567;5;1489
9007020;705487;1034;1;109490;0;109490
9007021;705488;1072;1;8790;7;8175
9007022;705489;1040;1;34567;0;34567
9007023;705490;1015;1;21490;0;21490
9007024;705491;1047;1;33345;5;31678
9007025;705492;1018;1;39345;0;39345
9007026;705492;1086;1;4790;0;4790
9007027;705493;1023;1;25345;0;25345
9007028;705493;1073;1;18567;3;18010
9007029;705493;1046;1;34790;5;33050
9007030;705494;1034;1;110567;0;110567
9007031;705494;1001;1;72490;5;68866
9007032;705494;1093;1;559;7;520
9007033;705495;1068;1;25090;7;23334
9007034;705495;1006;1;126790;3;122986
9007035;705496;1046;1;35567;0;35567
9007036;705497;1072;1;7990;0;7990
9007037;705498;1072;1;7990;3;7750
9007038;705499;1059;1;4567;0;4567
9007039;705500;1082;1;3490;10;3141
9007040;705500;1077;1;901;7;838
9007041;705501;1005;1;111790;0;111790
9007042;705502;1016;1;36990;0;36990
9007043;705503;1077;1;885;3;858
9007044;705504;1013;1;74990;3;72740
9007045;705504;1081;1;1490;12;1311
9007046;705504;1075;2;2990;10;5382
9007047;705505;1088;1;2090;7;1944
9007048;705506;1021;1;40567;3;39350
9007049;705507;1056;1;3345;0;3345
9007050;705507;1063;1;4790;5;4550
9007051;705508;1050;1;6345;0;6345
9007052;705509;1050;1;6790;0;6790
9007053;705510;1032;1;4567;5;4339
9007054;705510;1043;1;32790;0;32790
9007055;705510;1068;1;25990;0;25990
9007056;705511;1029;1;27990;10;25191
9007057;705512;1054;1;24990;0;24990
9007058;705513;1022;1;18345;0;18345
9007059;705514;1006;1;127490;5;121116
9007060;705515;1060;1;10490;7;9756
9007061;705516;1045;1;37345;0;37345
9007062;705517;1037;1;70567;0;70567
9007063;705517;1031;1;18345;0;18345
9007064;705518;1072;1;8090;0;8090
9007065;705519;1017;1;22790;3;22106
9007066;705520;1020;1;38990;0;38990
9007067;705521;1042;1;19567;3;18980
9007068;705521;1083;1;2090;0;2090
9007069;705522;1060;1;10490;3;10175
9007070;705523;1018;1;39090;10;35181
9007071;705524;1066;1;11490;10;10341
9007072;705525;1066;1;11345;0;11345
9007073;705526;1071;1;7790;5;7400
9007074;705527;1091;1;798;10;718
9007075;705528;1040;1;34345;3;33315
9007076;705529;1058;1;12990;3;12600
9007077;705529;1088;1;2490;0;2490
9007078;705530;1091;1;795;0;795
9007079;705531;1070;1;13090;0;13090
9007080;705531;1075;1;2090;5;1986
9007081;705532;1042;1;20490;0;20490
9007082;705533;1070;1;14090;5;13386
9007083;705534;1063;1;3567;0;3567
9007084;705535;1012;1;34345;10;30911
9007085;705536;1080;1;3790;0;3790
9007086;705537;1074;1;11345;0;11345
9007087;705538;1001;1;73345;3;71145
9007088;705539;1066;1;12990;0;12990
9007089;705540;1083;1;2490;12;2191
9007090;705541;1071;1;7790;0;7790
9007091;705542;1004;1;100345;5;95328
9007092;705543;1088;1;2567;0;2567
9007093;705544;1093;1;574;0;574
9007094;705544;1050;1;6090;0;6090
9007095;705545;1058;1;11567;0;11567
9007096;705546;1011;1;43990;5;41790
9007097;705547;1015;1;21490;7;19986
9007098;705548;1049;1;51090;10;45981
9007099;705549;1023;1;24990;0;24990
9007100;705549;1094;1;2790;5;2650
9007101;705550;1016;1;35490;0;35490
9007102;705551;1047;1;32790;0;32790
9007103;705552;1034;1;110090;12;96879
9007104;705553;1051;1;28790;0;28790
9007105;705553;1001;1;73490;0;73490
9007106;705553;1077;1;884;0;884
9007107;705554;1022;1;18567;0;18567
9007108;705555;1011;1;42567;0;42567
9007109;705556;1004;1;100090;5;95086
9007110;705557;1004;1;100490;10;90441
9007111;705557;1047;1;32567;0;32567
9007112;705558;1090;1;1345;0;1345
9007113;705559;1051;1;27490;0;27490
9007114;705560;1093;1;559;0;559
9007115;705561;1069;1;6567;3;6370
9007116;705562;1077;1;888;5;844
9007117;705563;1090;1;1990;7;1851
9007118;705564;1038;1;42490;0;42490
9007119;705565;1016;1;36567;7;34007
9007120;705566;1078;1;697;0;697
9007121;705567;1003;1;83790;7;77925
9007122;705568;1017;1;22567;3;21890
9007123;705568;1094;1;2490;0;2490
9007124;705569;1086;1;4790;0;4790
9007125;705570;1072;1;8090;3;7847
9007126;705571;1065;1;1490;0;1490
9007127;705572;1046;1;35790;0;35790
9007128;705573;1080;1;3567;0;3567
9007129;705574;1035;1;56790;3;55086
9007130;705575;1039;1;67490;7;62766
9007131;705576;1032;1;4090;0;4090
9007132;705577;1089;1;1567;5;1489
9007133;705578;1082;1;3790;3;3676
9007134;705578;1061;1;3090;0;3090
9007135;705579;1006;1;127490;0;127490
9007136;705580;1067;1;18345;5;17428
9007137;705581;1021;1;39567;0;39567
9007138;705581;1093;1;565;0;565
9007139;705582;1070;1;13090;0;13090
9007140;705583;1033;1;90490;0;90490
9007141;705584;1089;1;1490;10;1341
9007142;705585;1017;1;23090;5;21936
9007143;705586;1090;1;1990;0;1990
9007144;705587;1040;1;34790;0;34790
9007145;705588;1002;1;84990;0;84990
9007146;705589;1072;1;8990;12;7911
9007147;705590;1077;1;902;0;902
9007148;705591;1028;1;77090;0;77090
9007149;705592;1006;1;125090;0;125090
9007150;705593;1011;1;42567;0;42567
9007151;705594;1092;1;691;0;691
9007152;705594;1090;1;1790;5;1700
9007153;705595;1003;1;82090;10;73881
9007154;705596;1074;1;12790;3;12406
9007155;705597;1041;1;49090;0;49090
9007156;705598;1044;1;65490;0;65490
9007157;705599;1068;1;25345;7;23571
9007158;705600;1093;1;571;0;571
9007159;705601;1078;1;690;0;690
9007160;705602;1062;1;9990;0;9990
9007161;705603;1048;1;44790;3;43446
9007162;705603;1075;1;2345;5;2228
9007163;705603;1078;1;697;10;627
9007164;705604;1094;1;2790;0;2790
9007165;705604;1012;1;35490;3;34425
9007166;705605;1079;1;1990;0;1990
9007167;705605;1003;1;84990;3;82440
9007168;705606;1071;1;7090;10;6381
9007169;705607;1001;1;71990;0;71990
9007170;705608;1031;1;18490;5;17566
9007171;705609;1050;1;6345;0;6345
9007172;705610;1088;1;2790;7;2595
9007173;705611;1026;1;43345;7;40311
9007174;705612;1047;1;32990;5;31340
9007175;705613;1038;1;42490;7;39516
9007176;705614;1051;1;28345;5;26928
9007177;705615;1036;1;64490;5;61266
9007178;705616;1077;1;903;0;903
9007179;705617;1059;1;3090;0;3090
9007180;705618;1005;1;111490;0;111490
9007181;705619;1030;1;20567;0;20567
9007182;705620;1044;1;65090;5;61836
9007183;705620;1085;1;1345;7;1251
9007184;705620;1085;1;1567;5;1489
9007185;705621;1010;1;110490;3;107175
9007186;705622;1072;1;8790;0;8790
9007187;705623;1059;1;4090;3;3967
9007188;705623;1074;1;11790;0;11790
9007189;705624;1034;1;108490;0;108490
9007190;705625;1004;1;99345;0;99345
9007191;705626;1041;1;49490;0;49490
9007192;705627;1094;1;2567;0;2567
9007193;705628;1094;1;2567;0;2567
9007194;705629;1069;1;6345;0;6345
9007195;705629;1020;1;38490;5;36566
9007196;705630;1084;1;4490;0;4490
9007197;705630;1009;1;80345;0;80345
9007198;705631;1007;1;65345;0;65345
9007199;705632;1070;1;13790;10;12411
9007200;705632;1004;1;101990;7;94851
9007201;705633;1069;1;6490;7;6036
9007202;705634;1006;1;127567;0;127567
9007203;705635;1092;2;693;12;1220
9007204;705636;1032;2;4345;7;8082
9007205;705637;1037;1;69090;0;69090
9007206;705638;1056;1;3567;0;3567
9007207;705639;1083;2;2990;10;5382
9007208;705640;1022;1;18345;0;18345
9007209;705641;1070;1;13790;0;13790
9007210;705642;1093;1;573;0;573
9007211;705642;1037;1;70490;0;70490
9007212;705642;1070;1;14090;0;14090
9007213;705643;1085;1;1090;0;1090
9007214;705644;1094;1;2345;10;2111
9007215;705645;1014;1;29345;0;29345
9007216;705646;1016;1;35567;7;33077
9007217;705647;1023;1;25567;7;23777
9007218;705647;1078;1;683;0;683
9007219;705647;1071;1;7490;0;7490
9007220;705648;1074;1;11090;0;11090
9007221;705649;1008;1;55090;5;52336
9007222;705649;1093;1;560;0;560
9007223;705650;1086;1;4567;0;4567
9007224;705651;1073;1;18990;0;18990
9007225;705652;1034;1;109567;0;109567
9007226;705653;1048;1;45567;3;44200
9007227;705654;1039;1;68990;3;66920
9007228;705655;1073;1;19567;0;19567
9007229;705655;1021;1;40490;3;39275
9007230;705656;1060;1;10090;7;9384
9007231;705656;1019;1;25090;5;23836
9007232;705657;1063;1;3490;0;3490
9007233;705658;1012;1;34490;10;31041
9007234;705659;1026;1;43490;0;43490
9007235;705660;1005;1;111990;0;111990
9007236;705661;1001;1;73790;0;73790
9007237;705662;1082;1;3790;5;3600
9007238;705663;1089;1;1345;3;1305
9007239;705664;1027;1;28790;10;25911
9007240;705665;1041;1;50990;12;44871
9007241;705666;1031;1;18345;10;16511
9007242;705667;1063;1;4090;0;4090
9007243;705668;1042;1;20090;10;18081
9007244;705669;1040;1;35490;0;35490
9007245;705670;1032;1;4090;0;4090
9007246;705671;1065;1;1490;0;1490
9007247;705672;1073;1;18567;5;17639
9007248;705673;1090;1;1490;7;1386
9007249;705673;1033;1;89090;0;89090
9007250;705673;1017;1;22345;0;22345
9007251;705674;1042;1;20090;7;18684
9007252;705675;1069;1;6567;5;6239
9007253;705676;1024;1;26990;7;25101
9007254;705676;1031;1;18490;7;17196
9007255;705677;1043;1;32090;5;30486
9007256;705678;1093;1;568;7;528
9007257;705679;1043;1;32990;5;31340
9007258;705680;1015;1;21990;3;21330
9007259;705680;1077;1;882;5;838
9007260;705681;1064;1;1790;0;1790
9007261;705682;1075;1;2345;5;2228
9007262;705683;1020;1;38990;5;37040
9007263;705684;1073;1;19490;7;18126
9007264;705685;1061;1;3345;5;3178
9007265;705685;1067;1;17090;5;16236
9007266;705686;1091;1;793;0;793
9007267;705687;1072;1;7090;5;6736
9007268;705688;1083;1;2090;5;1986
9007269;705689;1071;1;7490;0;7490
9007270;705690;1081;2;2790;7;5189
9007271;705691;1058;1;11790;5;11200
9007272;705692;1048;1;44345;5;42128
9007273;705693;1050;1;7490;5;7116
9007274;705694;1016;1;35790;0;35790
9007275;705695;1046;1;34490;0;34490
9007276;705695;1093;1;569;0;569
9007277;705696;1015;1;21490;5;20416
9007278;705697;1017;1;23490;0;23490
9007279;705698;1025;1;39567;10;35610
9007280;705698;1069;1;6090;0;6090
9007281;705699;1015;1;21790;0;21790
9007282;705700;1015;1;21490;0;21490
9007283;705701;1078;1;682;0;682
9007284;705701;1067;1;17990;12;15831
9007285;705702;1042;1;19090;0;19090
9007286;705703;1045;1;36345;0;36345
9007287;705704;1022;1;19990;12;17591
9007288;705704;1078;1;688;12;605
9007289;705704;1090;1;1567;0;1567
9007290;705705;1015;1;21490;0;21490
9007291;705706;1018;1;39090;7;36354
9007292;705706;1077;1;893;3;866
9007293;705707;1087;1;1490;5;1416
9007294;705708;1091;1;788;10;709
9007295;705709;1005;1;113790;0;113790
9007296;705710;1071;1;7990;12;7031
9007297;705710;1029;1;26790;0;26790
9007298;705711;1042;1;19790;5;18800
9007299;705712;1081;1;1990;3;1930
9007300;705712;1018;1;39490;5;37516
9007301;705712;1038;1;41790;3;40536
9007302;705713;1083;1;2567;0;2567
9007303;705714;1015;1;21567;7;20057
9007304;705715;1017;1;23990;0;23990
9007305;705716;1085;1;1345;0;1345
9007306;705717;1091;1;800;7;744
9007307;705718;1054;1;25090;12;22079
9007308;705719;1091;1;801;12;705
9007309;705720;1011;1;43790;3;42476
9007310;705721;1087;1;1345;0;1345
9007311;705722;1087;1;1090;5;1036
9007312;705723;1071;1;7567;0;7567
9007313;705724;1035;1;56490;7;52536
9007314;705725;1001;1;73345;0;73345
9007315;705726;1014;1;28567;7;26567
9007316;705727;1088;1;2567;5;2439
9007317;705728;1031;1;18567;7;17267
9007318;705729;1048;1;45990;3;44610
9007319;705730;1005;1;111490;0;111490
9007320;705730;1086;1;4490;5;4266
9007321;705731;1030;1;20090;0;20090
9007322;705732;1042;1;20490;3;19875
9007323;705732;1041;1;49990;0;49990
9007324;705733;1017;1;22490;0;22490
9007325;705734;1092;1;700;5;665
9007326;705735;1050;1;6567;0;6567
9007327;705736;1070;1;13090;3;12697
9007328;705737;1043;1;31090;0;31090
9007329;705738;1056;1;3090;0;3090
9007330;705738;1032;1;4090;5;3886
9007331;705739;1072;1;8790;0;8790
9007332;705739;1024;1;26345;0;26345
9007333;705740;1091;1;779;10;701
9007334;705741;1013;1;75490;5;71716
9007335;705741;1080;1;4990;12;4391
9007336;705742;1022;1;18345;5;17428
9007337;705742;1078;1;681;3;661
9007338;705742;1089;1;1345;7;1251
9007339;705743;1047;1;33490;0;33490
9007340;705743;1092;1;687;5;653
9007341;705744;1035;1;57090;0;57090
9007342;705745;1076;1;2490;12;2191
9007343;705745;1032;1;4567;0;4567
9007344;705745;1072;1;8790;0;8790
9007345;705746;1067;1;18567;0;18567
9007346;705747;1012;1;35345;7;32871
9007347;705747;1092;1;689;0;689
9007348;705748;1052;1;40567;0;40567
9007349;705749;1071;1;7790;3;7556
9007350;705749;1031;1;18567;0;18567
9007351;705750;1071;1;7345;5;6978
9007352;705751;1089;1;1345;0;1345
9007353;705752;1015;1;21990;0;21990
9007354;705753;1073;1;18990;7;17661
9007355;705754;1039;1;68090;12;59919
9007356;705755;1076;1;1567;10;1410
9007357;705756;1068;1;25567;12;22499
9007358;705757;1084;1;5490;10;4941
9007359;705758;1069;1;6090;7;5664
9007360;705759;1078;1;696;0;696
9007361;705760;1055;1;13090;0;13090
9007362;705760;1038;1;41090;0;41090
9007363;705761;1021;1;39490;5;37516
9007364;705761;1076;1;1345;0;1345
9007365;705762;1074;1;11345;7;10551
9007366;705763;1024;1;26567;10;23910
9007367;705763;1086;1;4345;5;4128
9007368;705764;1011;1;43090;0;43090
9007369;705765;1091;1;792;3;768
9007370;705766;1090;1;1790;5;1700
9007371;705766;1094;1;2990;12;2631
9007372;705767;1090;1;1990;0;1990
9007373;705768;1077;1;894;0;894
9007374;705769;1009;1;79345;0;79345
9007375;705770;1088;1;2990;7;2781
9007376;705771;1031;1;18567;5;17639
9007377;705771;1071;1;7490;10;6741
9007378;705772;1040;1;34490;0;34490
9007379;705772;1005;1;113567;3;110160
9007380;705773;1030;1;20490;0;20490
9007381;705774;1073;1;19345;0;19345
9007382;705774;1091;1;791;0;791
9007383;705774;1032;1;4990;5;4740
9007384;705775;1026;1;43790;3;42476
9007385;705775;1067;1;18345;5;17428
9007386;705776;1081;1;1567;0;1567
9007387;705777;1041;1;49090;7;45654
9007388;705778;1007;1;64567;0;64567
9007389;705778;1091;1;800;0;800
9007390;705779;1001;1;74790;7;69555
9007391;705780;1069;1;6990;3;6780
9007392;705781;1075;1;2345;0;2345
9007393;705782;1003;1;82990;0;82990
9007394;705783;1087;1;1090;0;1090
9007395;705784;1009;1;80090;5;76086
9007396;705785;1085;1;1567;12;1379
9007397;705786;1021;1;39345;5;37378
9007398;705786;1093;1;575;0;575
9007399;705787;1091;1;791;7;736
9007400;705788;1067;1;18567;7;17267
9007401;705789;1072;1;7090;5;6736
9007402;705790;1068;1;24090;5;22886
9007403;705791;1019;1;25567;7;23777
9007404;705792;1072;1;8090;0;8090
9007405;705793;1071;1;7567;3;7340
9007406;705794;1079;1;1090;7;1014
9007407;705794;1054;1;24990;10;22491
9007408;705795;1044;1;64790;0;64790
9007409;705796;1076;1;2490;0;2490
9007410;705797;1026;1;42345;0;42345
9007411;705798;1029;1;27345;0;27345
9007412;705799;1088;2;3990;5;7581
9007413;705799;1071;1;7567;3;7340
9007414;705800;1070;1;14490;0;14490
9007415;705801;1061;1;3345;7;3111
9007416;705802;1022;1;19345;0;19345
9007417;705802;1092;1;686;0;686
9007418;705803;1088;1;2567;5;2439
9007419;705803;1043;1;32345;5;30728
