order_id;customer_id;session_id;order_datetime;order_status;delivery_type;delivery_city;gross_amount;discount_amount;delivery_fee;final_amount
700001;206544;5000010;2024-01-01 16:04:03;completed;Курьер;Магнитогорск;38345;0;590;38935
700002;207089;5000016;2024-01-01 15:55:39;completed;Курьер;Челябинск;39490;2764;0;36726
700003;204422;5000019;2024-01-01 21:18:15;completed;СДЭК;Челябинск;4567;228;590;4929
700004;209815;5000031;2024-01-01 18:35:03;completed;СДЭК;Пермь;24490;1224;690;23956
700005;207690;5000048;2024-01-01 10:46:55;completed;Самовывоз;Санкт-Петербург;7790;545;0;7245
700006;207901;5000059;2024-01-01 23:54:39;payment_failed;СДЭК;Миасс;32567;0;690;33257
700007;205413;5000061;2024-01-01 15:05:03;completed;Самовывоз;Челябинск;10090;0;0;10090
700008;201352;5000067;2024-01-01 21:57:41;payment_failed;Самовывоз;Уфа;43790;0;0;43790
700009;201560;5000077;2024-01-01 22:40:03;completed;СДЭК;Пермь;1090;131;490;1449
700010;206479;5000085;2024-01-01 15:37:31;completed;Курьер;Курган;798;0;590;1388
700011;;5000117;2024-01-01 19:20:51;completed;Самовывоз;Екатеринбург;1990;60;0;1930
700012;202751;5000143;2024-01-01 14:07:54;completed;СДЭК;Челябинск;72090;2163;690;70617
700013;209055;5000145;2024-01-01 22:41:56;completed;Самовывоз;Тюмень;40345;1210;0;39135
700014;203335;5000154;2024-01-01 16:57:23;completed;Самовывоз;Миасс;109002;5740;0;103262
700015;209141;5000170;2024-01-01 19:46:50;payment_failed;Курьер;Копейск;3567;107;390;3850
700016;207089;5000171;2024-01-01 21:37:29;completed;Курьер;Челябинск;6567;197;0;6370
700017;;5000181;2024-01-01 16:48:32;completed;Самовывоз;Екатеринбург;2790;84;0;2706
700018;206408;5000189;2024-01-01 12:28:18;returned;Курьер;Златоуст;68990;4829;390;64551
700019;203002;5000195;2024-01-01 10:24:39;completed;СДЭК;Копейск;40990;2050;490;39430
700020;200981;5000196;2024-01-01 22:39:46;completed;СДЭК;Оренбург;48080;0;490;48570
700021;209054;5000203;2024-01-01 20:58:30;completed;СДЭК;Уфа;19345;1934;490;17901
700022;209971;5000210;2024-01-01 20:49:15;completed;Курьер;Златоуст;17835;190;590;18235
700023;201249;5000224;2024-01-01 13:13:55;cancelled;Курьер;Челябинск;34580;1750;0;32830
700024;201058;5000238;2024-01-01 12:56:59;completed;Курьер;Челябинск;2490;299;290;2481
700025;209971;5000253;2024-01-01 23:26:42;cancelled;Курьер;Златоуст;42090;2946;390;39534
700026;203599;5000277;2024-01-01 23:01:42;completed;Курьер;Копейск;68090;0;590;68680
700027;;5000287;2024-01-01 15:12:48;completed;СДЭК;Челябинск;3980;119;690;4551
700028;202009;5000313;2024-01-02 13:46:17;completed;Самовывоз;Челябинск;3990;0;0;3990
700029;206444;5000319;2024-01-02 16:21:13;completed;Самовывоз;Копейск;56990;0;0;56990
700030;202818;5000324;2024-01-02 18:03:11;completed;Курьер;Миасс;7181;0;490;7671
700031;205564;5000328;2024-01-02 15:15:48;completed;Почта России;Челябинск;7567;0;550;8117
700032;201591;5000349;2024-01-02 16:16:08;completed;Курьер;Казань;28990;0;490;29480
700033;201626;5000360;2024-01-02 19:46:55;completed;СДЭК;Курган;24090;0;690;24780
700034;;5000368;2024-01-02 13:31:40;returned;Курьер;Самара;4790;0;390;5180
700035;200824;5000374;2024-01-02 16:44:06;completed;Самовывоз;Сургут;22990;690;0;22300
700036;204522;5000382;2024-01-02 16:42:33;completed;СДЭК;Уфа;6790;475;690;7005
700037;202497;5000390;2024-01-02 15:26:33;completed;СДЭК;Уфа;52580;2703;390;50267
700038;205881;5000450;2024-01-02 14:18:21;completed;СДЭК;Златоуст;127567;0;690;128257
700039;;5000480;2024-01-02 22:59:14;completed;СДЭК;Челябинск;25990;0;390;26380
700040;208710;5000481;2024-01-02 09:23:00;completed;Почта России;Санкт-Петербург;12990;0;350;13340
700041;204627;5000482;2024-01-02 15:01:03;completed;Самовывоз;Челябинск;4490;224;0;4266
700042;203832;5000499;2024-01-02 10:09:56;completed;Самовывоз;Тюмень;35374;44;0;35330
700043;;5000537;2024-01-02 23:37:29;completed;СДЭК;Тюмень;50247;4934;590;45903
700044;208368;5000546;2024-01-02 20:36:44;completed;Самовывоз;Уфа;6567;788;0;5779
700045;;5000551;2024-01-02 17:42:59;completed;Курьер;Челябинск;12345;370;0;11975
700046;209529;5000573;2024-01-03 11:52:53;completed;Самовывоз;Ижевск;24090;0;0;24090
700047;203522;5000576;2024-01-03 17:21:16;completed;Курьер;Челябинск;11790;0;0;11790
700048;;5000617;2024-01-03 20:33:30;completed;Курьер;Челябинск;692;48;290;934
700049;206728;5000620;2024-01-03 12:33:09;completed;Курьер;Уфа;903;0;590;1493
700050;202387;5000649;2024-01-03 16:57:36;completed;Почта России;Копейск;690;0;550;1240
700051;;5000652;2024-01-03 18:53:57;returned;Самовывоз;Казань;42567;0;0;42567
700052;203677;5000653;2024-01-03 15:27:41;completed;СДЭК;Магнитогорск;124670;8440;690;116920
700053;207765;5000662;2024-01-03 17:51:16;completed;СДЭК;Челябинск;18790;2255;490;17025
700054;;5000697;2024-01-03 11:52:56;completed;СДЭК;Миасс;6090;426;590;6254
700055;200222;5000737;2024-01-03 14:16:02;completed;Курьер;Москва;126990;0;490;127480
700056;209176;5000741;2024-01-03 17:35:30;completed;СДЭК;Копейск;698;21;490;1167
700057;;5000746;2024-01-03 16:21:50;completed;Самовывоз;Екатеринбург;50090;2504;0;47586
700058;;5000748;2024-01-03 15:59:36;completed;Курьер;Екатеринбург;9135;734;590;8991
700059;209844;5000770;2024-01-03 15:41:50;completed;Самовывоз;Москва;115580;335;0;115245
700060;204857;5000777;2024-01-03 19:20:31;completed;СДЭК;Ижевск;12490;0;390;12880
700061;205648;5000779;2024-01-03 23:30:57;completed;СДЭК;Екатеринбург;18990;0;590;19580
700062;204696;5000798;2024-01-03 20:40:22;completed;Курьер;Москва;1778;89;490;2179
700063;202787;5000800;2024-01-03 18:23:02;completed;СДЭК;Магнитогорск;34345;1717;590;33218
700064;204863;5000828;2024-01-03 18:23:52;completed;СДЭК;Магнитогорск;37580;174;690;38096
700065;204793;5000835;2024-01-03 15:58:59;completed;Курьер;Челябинск;92325;10601;0;81724
700066;;5000841;2024-01-03 14:32:13;completed;Самовывоз;Челябинск;152480;3300;0;149180
700067;205493;5000852;2024-01-04 09:57:32;completed;Самовывоз;Магнитогорск;25477;2513;0;22964
700068;205197;5000862;2024-01-04 17:11:03;completed;Курьер;Миасс;69847;2715;590;67722
700069;204645;5000868;2024-01-04 18:05:25;returned;Почта России;Тюмень;6990;0;550;7540
700070;204808;5000879;2024-01-04 13:27:45;completed;Курьер;Челябинск;101567;10157;0;91410
700071;201313;5000889;2024-01-04 17:47:16;completed;Самовывоз;Челябинск;16912;578;0;16334
700072;202850;5000916;2024-01-04 19:53:46;completed;СДЭК;Челябинск;31090;0;390;31480
700073;200092;5000957;2024-01-04 11:43:36;completed;СДЭК;Москва;1490;45;690;2135
700074;;5000963;2024-01-04 16:11:34;completed;Курьер;Челябинск;19490;2339;0;17151
700075;;5000964;2024-01-04 21:17:02;completed;Курьер;Тюмень;18490;0;490;18980
700076;202207;5000972;2024-01-04 17:02:06;completed;Курьер;Оренбург;36557;299;590;36848
700077;208013;5000977;2024-01-04 11:10:14;completed;Самовывоз;Челябинск;3490;174;0;3316
700078;205501;5000984;2024-01-04 15:49:42;completed;Курьер;Челябинск;21490;1074;0;20416
700079;209730;5001006;2024-01-04 11:04:28;completed;СДЭК;Казань;35790;1790;590;34590
700080;200816;5001012;2024-01-04 17:16:24;completed;Курьер;Самара;37357;0;390;37747
700081;203920;5001027;2024-01-04 14:08:02;completed;Самовывоз;Курган;25345;0;0;25345
700082;205582;5001031;2024-01-04 10:47:50;completed;СДЭК;Уфа;18345;0;590;18935
700083;207027;5001045;2024-01-04 09:52:45;completed;Курьер;Тюмень;19257;2262;590;17585
700084;205226;5001057;2024-01-04 12:07:28;completed;Курьер;Екатеринбург;39490;1185;390;38695
700085;204166;5001065;2024-01-04 17:11:49;cancelled;Курьер;Сургут;7490;0;490;7980
700086;;5001071;2024-01-04 17:24:42;completed;Самовывоз;Челябинск;111790;5590;0;106200
700087;203874;5001113;2024-01-05 15:42:02;completed;Курьер;Пермь;35030;70;390;35350
700088;204925;5001124;2024-01-05 17:18:11;completed;Курьер;Челябинск;13090;0;0;13090
700089;206348;5001142;2024-01-05 20:58:57;completed;Курьер;Москва;109567;10957;390;99000
700090;202425;5001155;2024-01-05 12:20:19;completed;Курьер;Екатеринбург;78090;0;390;78480
700091;205062;5001168;2024-01-05 09:34:55;payment_failed;Курьер;Челябинск;1345;40;290;1595
700092;203297;5001183;2024-01-05 13:43:57;completed;Курьер;Челябинск;73090;0;0;73090
700093;200596;5001189;2024-01-05 23:24:27;completed;Самовывоз;Златоуст;25567;0;0;25567
700094;205557;5001199;2024-01-05 19:58:30;completed;Курьер;Тюмень;40990;4099;490;37381
700095;209143;5001204;2024-01-05 22:25:12;completed;Курьер;Уфа;27090;0;390;27480
700096;203968;5001210;2024-01-05 14:37:01;completed;Курьер;Миасс;27090;0;590;27680
700097;202543;5001227;2024-01-05 16:31:08;completed;Курьер;Тюмень;1990;100;590;2480
700098;204323;5001228;2024-01-05 08:45:42;completed;СДЭК;Копейск;16357;1316;390;15431
700099;201285;5001255;2024-01-05 18:42:58;payment_failed;Самовывоз;Челябинск;28090;2809;0;25281
700100;;5001277;2024-01-05 17:16:36;completed;Самовывоз;Магнитогорск;44990;0;0;44990
700101;;5001280;2024-01-05 18:08:14;completed;Самовывоз;Магнитогорск;43345;4334;0;39011
700102;205774;5001287;2024-01-05 14:47:33;completed;Самовывоз;Нижневартовск;50790;5079;0;45711
700103;;5001325;2024-01-05 17:32:15;completed;Самовывоз;Миасс;67990;0;0;67990
700104;;5001340;2024-01-05 19:16:15;completed;Курьер;Копейск;21990;1100;490;21380
700105;209778;5001392;2024-01-06 13:47:19;completed;Курьер;Челябинск;7435;0;0;7435
700106;;5001395;2024-01-06 21:28:28;payment_failed;Курьер;Челябинск;2090;0;290;2380
700107;208322;5001423;2024-01-06 18:58:28;completed;Самовывоз;Миасс;7790;234;0;7556
700108;;5001430;2024-01-06 18:52:38;completed;Курьер;Челябинск;32345;970;0;31375
700109;202448;5001436;2024-01-06 16:26:24;completed;Самовывоз;Челябинск;19990;0;0;19990
700110;205477;5001453;2024-01-06 09:42:17;completed;Курьер;Копейск;27990;1959;490;26521
700111;206234;5001462;2024-01-06 20:26:53;completed;СДЭК;Тюмень;899;63;690;1526
700112;201966;5001493;2024-01-06 16:40:38;completed;Курьер;Челябинск;84490;0;0;84490
700113;202915;5001506;2024-01-06 15:08:19;completed;СДЭК;Москва;102224;1370;690;101544
700114;207244;5001535;2024-01-06 17:34:45;completed;Курьер;Москва;106257;701;590;106146
700115;;5001572;2024-01-06 16:21:30;completed;СДЭК;Челябинск;4990;0;490;5480
700116;;5001580;2024-01-06 21:52:58;completed;СДЭК;Копейск;76990;0;490;77480
700117;204577;5001584;2024-01-06 12:41:43;returned;Самовывоз;Челябинск;1090;0;0;1090
700118;202136;5001588;2024-01-06 17:30:10;completed;СДЭК;Челябинск;4490;135;390;4745
700119;;5001604;2024-01-06 16:32:48;completed;Самовывоз;Копейск;7090;354;0;6736
700120;203472;5001605;2024-01-06 22:43:50;completed;Курьер;Сургут;21567;2157;390;19800
700121;202857;5001624;2024-01-06 10:55:21;completed;Почта России;Ижевск;62134;2327;550;60357
700122;;5001626;2024-01-06 17:13:51;completed;Курьер;Челябинск;67790;6779;0;61011
700123;206235;5001637;2024-01-06 12:27:15;completed;СДЭК;Казань;74790;0;390;75180
700124;206117;5001682;2024-01-06 19:04:46;completed;Почта России;Челябинск;31435;0;450;31885
700125;208041;5001700;2024-01-06 17:22:04;payment_failed;Самовывоз;Магнитогорск;26134;0;0;26134
700126;208849;5001704;2024-01-07 08:31:55;completed;Почта России;Уфа;789;0;350;1139
700127;202045;5001715;2024-01-07 17:10:45;completed;Почта России;Челябинск;798;80;450;1168
700128;202269;5001722;2024-01-07 09:50:36;completed;Почта России;Санкт-Петербург;23790;1190;450;23050
700129;;5001734;2024-01-07 19:01:41;completed;Курьер;Челябинск;19567;0;0;19567
700130;209138;5001739;2024-01-07 11:24:16;payment_failed;Самовывоз;Екатеринбург;569;0;0;569
700131;205022;5001745;2024-01-07 18:42:58;completed;Курьер;Челябинск;1345;134;290;1501
700132;203898;5001750;2024-01-07 18:24:35;completed;Курьер;Екатеринбург;1790;125;390;2055
700133;208252;5001765;2024-01-07 20:43:10;completed;СДЭК;Челябинск;39345;3934;390;35801
700134;206467;5001783;2024-01-07 20:39:32;completed;СДЭК;Челябинск;40567;1217;490;39840
700135;202897;5001797;2024-01-07 08:30:09;completed;СДЭК;Копейск;21280;45;490;21725
700136;;5001805;2024-01-07 17:40:06;completed;Курьер;Ижевск;12790;0;590;13380
700137;207891;5001809;2024-01-07 22:21:29;completed;Самовывоз;Уфа;108490;0;0;108490
700138;201459;5001817;2024-01-07 20:36:05;completed;Самовывоз;Казань;75580;7403;0;68177
700139;;5001818;2024-01-07 18:47:22;completed;Курьер;Курган;23090;0;390;23480
700140;205570;5001825;2024-01-07 17:12:41;completed;СДЭК;Магнитогорск;19490;0;390;19880
700141;206981;5001826;2024-01-07 18:31:23;completed;Самовывоз;Челябинск;25790;0;0;25790
700142;208687;5001839;2024-01-07 18:34:26;completed;Курьер;Курган;19345;0;390;19735
700143;200550;5001849;2024-01-07 23:03:48;payment_failed;СДЭК;Москва;39345;0;690;40035
700144;209623;5001850;2024-01-07 13:42:30;completed;Курьер;Ижевск;8567;0;590;9157
700145;207555;5001856;2024-01-07 12:24:15;completed;СДЭК;Челябинск;1090;33;490;1547
700146;205588;5001869;2024-01-07 15:35:19;completed;Почта России;Тюмень;19990;0;450;20440
700147;204671;5001874;2024-01-07 21:06:01;completed;СДЭК;Пермь;27090;0;390;27480
700148;206472;5001892;2024-01-07 20:21:42;completed;Самовывоз;Челябинск;28990;0;0;28990
700149;204178;5001914;2024-01-07 19:27:53;cancelled;СДЭК;Сургут;27990;0;690;28680
700150;201300;5001928;2024-01-07 13:44:32;returned;СДЭК;Челябинск;17460;195;390;17655
700151;201851;5001940;2024-01-07 20:56:16;completed;Курьер;Челябинск;2345;0;290;2635
700152;;5001975;2024-01-07 14:24:14;completed;Самовывоз;Челябинск;22357;114;0;22243
700153;209671;5001998;2024-01-08 15:45:50;completed;СДЭК;Курган;89567;0;590;90157
700154;204415;5002033;2024-01-08 15:24:50;completed;Самовывоз;Курган;790;79;0;711
700155;207709;5002040;2024-01-08 10:24:43;completed;Самовывоз;Оренбург;49567;0;0;49567
700156;205785;5002051;2024-01-08 15:28:44;completed;Самовывоз;Златоуст;78990;2370;0;76620
700157;201762;5002054;2024-01-08 20:38:17;completed;Самовывоз;Магнитогорск;110567;13268;0;97299
700158;209439;5002057;2024-01-08 18:47:55;completed;СДЭК;Миасс;1090;0;390;1480
700159;201175;5002086;2024-01-08 17:35:51;completed;Почта России;Челябинск;28567;0;350;28917
700160;205376;5002092;2024-01-08 15:38:35;cancelled;Самовывоз;Челябинск;8357;250;0;8107
700161;205853;5002096;2024-01-08 16:56:59;completed;Курьер;Екатеринбург;29580;0;590;30170
700162;200190;5002123;2024-01-08 18:52:02;completed;Курьер;Уфа;1790;54;390;2126
700163;200850;5002135;2024-01-08 19:45:59;completed;Курьер;Миасс;7345;367;590;7568
700164;207471;5002145;2024-01-08 12:18:37;completed;Самовывоз;Челябинск;50790;0;0;50790
700165;208237;5002149;2024-01-08 21:07:19;completed;Самовывоз;Челябинск;111790;0;0;111790
700166;207822;5002150;2024-01-08 18:13:43;completed;Самовывоз;Златоуст;74773;7443;0;67330
700167;202490;5002155;2024-01-08 19:23:55;payment_failed;Курьер;Магнитогорск;37090;1854;590;35826
700168;208546;5002169;2024-01-08 19:31:39;cancelled;Самовывоз;Челябинск;27345;0;0;27345
700169;;5002175;2024-01-08 19:49:24;returned;Курьер;Челябинск;9490;285;0;9205
700170;205977;5002214;2024-01-08 18:21:26;completed;Курьер;Челябинск;56567;2828;0;53739
700171;204686;5002228;2024-01-08 17:53:31;completed;Курьер;Копейск;37990;0;490;38480
700172;204130;5002246;2024-01-09 17:19:55;completed;СДЭК;Екатеринбург;24790;0;390;25180
700173;201425;5002256;2024-01-09 17:52:32;completed;Самовывоз;Самара;24567;1228;0;23339
700174;200014;5002308;2024-01-09 16:16:08;completed;Курьер;Челябинск;82567;0;0;82567
700175;205376;5002309;2024-01-09 14:30:13;completed;Самовывоз;Челябинск;3990;0;0;3990
700176;202517;5002313;2024-01-09 11:40:28;completed;СДЭК;Челябинск;96557;5057;390;91890
700177;;5002323;2024-01-09 16:29:06;completed;СДЭК;Копейск;59912;217;390;60085
700178;205244;5002353;2024-01-09 15:59:20;completed;СДЭК;Сургут;43790;0;390;44180
700179;203347;5002361;2024-01-09 22:53:13;completed;СДЭК;Челябинск;37490;0;490;37980
700180;209772;5002370;2024-01-09 16:00:14;returned;СДЭК;Уфа;99490;0;390;99880
700181;202424;5002377;2024-01-09 11:34:01;completed;СДЭК;Оренбург;2567;257;490;2800
700182;204120;5002378;2024-01-09 15:13:03;completed;Самовывоз;Тюмень;36657;0;0;36657
700183;208520;5002387;2024-01-09 18:44:38;payment_failed;Самовывоз;Казань;2567;0;0;2567
700184;204557;5002399;2024-01-09 13:36:01;payment_failed;Курьер;Казань;129970;7294;490;123166
700185;;5002410;2024-01-09 11:21:28;completed;Курьер;Златоуст;686;21;490;1155
700186;;5002420;2024-01-09 20:52:09;completed;Самовывоз;Екатеринбург;18090;904;0;17186
700187;204776;5002431;2024-01-09 15:12:44;completed;Почта России;Златоуст;65435;1023;350;64762
700188;203393;5002446;2024-01-09 16:29:30;completed;Самовывоз;Екатеринбург;1345;0;0;1345
700189;207976;5002456;2024-01-09 18:03:22;completed;Самовывоз;Курган;109090;0;0;109090
700190;209691;5002474;2024-01-09 16:12:26;completed;Курьер;Челябинск;35490;0;0;35490
700191;204429;5002495;2024-01-09 19:59:34;completed;СДЭК;Златоуст;20345;0;690;21035
700192;200449;5002532;2024-01-10 09:46:23;completed;СДЭК;Челябинск;45835;974;590;45451
700193;204950;5002546;2024-01-10 19:12:04;completed;Курьер;Челябинск;67345;0;0;67345
700194;204185;5002548;2024-01-10 22:12:25;completed;Самовывоз;Пермь;10090;0;0;10090
700195;201814;5002595;2024-01-10 13:16:58;completed;Самовывоз;Москва;19567;1370;0;18197
700196;206629;5002605;2024-01-10 15:38:53;completed;Курьер;Челябинск;24490;1714;0;22776
700197;;5002613;2024-01-10 20:05:49;completed;Курьер;Челябинск;110345;3310;0;107035
700198;;5002620;2024-01-10 09:42:08;completed;Самовывоз;Новосибирск;23090;2309;0;20781
700199;;5002628;2024-01-10 08:01:59;completed;СДЭК;Уфа;700;21;590;1269
700200;205501;5002634;2024-01-10 14:58:00;completed;СДЭК;Челябинск;18490;1849;390;17031
700201;209865;5002687;2024-01-10 19:57:23;completed;Курьер;Челябинск;1490;0;290;1780
700202;204949;5002726;2024-01-10 19:55:18;completed;Курьер;Екатеринбург;97479;294;390;97575
700203;204132;5002735;2024-01-10 23:11:46;completed;Курьер;Миасс;37134;928;490;36696
700204;205166;5002745;2024-01-10 08:09:37;completed;Почта России;Казань;1345;134;450;1661
700205;;5002756;2024-01-10 16:31:20;completed;СДЭК;Пермь;683;82;390;991
700206;200897;5002760;2024-01-10 15:29:58;completed;СДЭК;Челябинск;60670;0;390;61060
700207;205934;5002768;2024-01-10 23:06:48;completed;СДЭК;Курган;48080;1109;390;47361
700208;204524;5002775;2024-01-10 16:44:23;completed;Самовывоз;Копейск;67490;0;0;67490
700209;200189;5002843;2024-01-11 14:31:39;completed;Самовывоз;Уфа;76990;2310;0;74680
700210;206753;5002845;2024-01-11 09:21:26;completed;СДЭК;Челябинск;8357;78;690;8969
700211;206060;5002860;2024-01-11 16:08:25;completed;Почта России;Златоуст;26490;2649;450;24291
700212;;5002866;2024-01-11 20:38:29;completed;Самовывоз;Сургут;73135;0;0;73135
700213;;5002878;2024-01-11 17:27:47;completed;Почта России;Москва;566;68;350;848
700214;202336;5002882;2024-01-11 19:22:04;completed;Самовывоз;Миасс;39090;4691;0;34399
700215;204524;5002884;2024-01-11 16:51:51;completed;Курьер;Копейск;3567;0;590;4157
700216;204272;5002886;2024-01-11 22:40:32;returned;СДЭК;Курган;882;0;690;1572
700217;205925;5002905;2024-01-11 20:27:51;completed;Самовывоз;Пермь;7567;0;0;7567
700218;203270;5002909;2024-01-11 21:48:31;completed;СДЭК;Челябинск;49490;1485;590;48595
700219;200171;5002912;2024-01-11 11:37:04;completed;Самовывоз;Челябинск;21490;0;0;21490
700220;200949;5002916;2024-01-11 15:23:21;completed;Самовывоз;Магнитогорск;31567;1578;0;29989
700221;200576;5002946;2024-01-11 10:07:09;completed;Курьер;Новосибирск;19090;2291;390;17189
700222;206142;5002966;2024-01-11 15:53:18;completed;СДЭК;Екатеринбург;12920;370;690;13240
700223;205426;5002977;2024-01-11 15:51:31;completed;СДЭК;Копейск;3990;479;590;4101
700224;203161;5003010;2024-01-11 15:45:42;completed;Самовывоз;Магнитогорск;21880;0;0;21880
700225;;5003029;2024-01-12 09:34:21;completed;Курьер;Пермь;23345;0;490;23835
700226;207020;5003036;2024-01-12 22:35:57;cancelled;Курьер;Челябинск;45357;1879;0;43478
700227;203349;5003041;2024-01-12 23:42:12;returned;Курьер;Челябинск;14790;1775;0;13015
700228;200144;5003080;2024-01-12 17:54:36;completed;Курьер;Нижневартовск;8657;709;490;8438
700229;;5003103;2024-01-12 16:51:36;completed;СДЭК;Челябинск;6090;0;390;6480
700230;203073;5003121;2024-01-12 19:42:23;completed;Самовывоз;Ижевск;4237;401;0;3836
700231;201560;5003128;2024-01-12 21:21:24;completed;СДЭК;Пермь;1090;0;490;1580
700232;204047;5003155;2024-01-12 22:03:36;completed;Самовывоз;Москва;697;0;0;697
700233;204905;5003160;2024-01-12 15:21:52;completed;Самовывоз;Москва;572;29;0;543
700234;;5003165;2024-01-12 15:48:06;completed;Курьер;Челябинск;2345;117;290;2518
700235;200165;5003176;2024-01-12 12:48:43;payment_failed;Самовывоз;Челябинск;6490;324;0;6166
700236;206602;5003179;2024-01-12 16:07:56;completed;Курьер;Уфа;2580;0;390;2970
700237;201361;5003180;2024-01-12 16:01:24;completed;Курьер;Миасс;27090;0;590;27680
700238;;5003241;2024-01-12 13:59:23;completed;СДЭК;Пермь;38790;0;490;39280
700239;206279;5003261;2024-01-12 14:22:46;completed;Курьер;Челябинск;72345;2170;0;70175
700240;;5003262;2024-01-12 21:16:54;completed;Курьер;Челябинск;6884;0;0;6884
700241;208262;5003273;2024-01-12 17:27:12;completed;СДЭК;Екатеринбург;25567;767;690;25490
700242;201362;5003296;2024-01-12 17:41:29;payment_failed;Курьер;Уфа;7567;0;490;8057
700243;;5003310;2024-01-12 22:43:16;completed;СДЭК;Челябинск;72490;3624;390;69256
700244;;5003313;2024-01-12 21:54:38;completed;СДЭК;Пермь;24990;0;490;25480
700245;206602;5003319;2024-01-13 15:42:02;completed;Курьер;Уфа;78990;5529;490;73951
700246;202803;5003331;2024-01-13 16:33:50;completed;Курьер;Златоуст;3990;279;490;4201
700247;204758;5003342;2024-01-13 14:04:47;completed;Самовывоз;Магнитогорск;14790;444;0;14346
700248;201338;5003343;2024-01-13 20:46:55;cancelled;Курьер;Челябинск;35790;0;0;35790
700249;209206;5003344;2024-01-13 15:33:17;returned;Почта России;Миасс;10045;934;550;9661
700250;203177;5003347;2024-01-13 21:34:07;completed;Курьер;Сургут;101490;5074;490;96906
700251;205708;5003353;2024-01-13 13:27:21;completed;Курьер;Челябинск;99790;0;0;99790
700252;201316;5003357;2024-01-13 23:28:43;payment_failed;Самовывоз;Казань;877;0;0;877
700253;203954;5003371;2024-01-13 17:06:18;completed;Почта России;Пермь;85345;0;350;85695
700254;208948;5003402;2024-01-13 20:38:31;completed;Курьер;Челябинск;110790;5540;0;105250
700255;202363;5003409;2024-01-13 20:56:05;completed;Самовывоз;Челябинск;41357;2068;0;39289
700256;;5003411;2024-01-13 16:36:38;completed;Самовывоз;Пермь;1567;110;0;1457
700257;206881;5003426;2024-01-13 11:08:13;completed;Курьер;Челябинск;111790;0;0;111790
700258;;5003428;2024-01-13 16:25:01;payment_failed;Самовывоз;Москва;35567;1067;0;34500
700259;205784;5003430;2024-01-13 09:47:02;cancelled;Курьер;Челябинск;3990;479;290;3801
700260;202376;5003439;2024-01-13 20:07:44;payment_failed;Курьер;Уфа;3990;120;590;4460
700261;202875;5003451;2024-01-13 21:33:35;completed;Самовывоз;Тюмень;27990;0;0;27990
700262;202208;5003474;2024-01-13 15:11:57;completed;Курьер;Челябинск;49790;4979;0;44811
700263;202060;5003479;2024-01-13 15:08:53;completed;СДЭК;Челябинск;7345;734;690;7301
700264;208181;5003486;2024-01-13 20:01:18;completed;Курьер;Тюмень;9057;47;390;9400
700265;200371;5003497;2024-01-13 15:05:10;completed;Курьер;Миасс;23280;335;390;23335
700266;206609;5003527;2024-01-13 20:34:15;completed;СДЭК;Челябинск;19790;1385;490;18895
700267;200343;5003542;2024-01-13 15:04:55;completed;Курьер;Челябинск;18990;0;0;18990
700268;200993;5003572;2024-01-13 21:02:14;completed;СДЭК;Магнитогорск;25567;767;690;25490
700269;203778;5003581;2024-01-13 11:12:53;completed;СДЭК;Челябинск;4345;0;390;4735
700270;;5003582;2024-01-13 21:06:13;completed;Курьер;Пермь;42570;2455;390;40505
700271;200358;5003604;2024-01-14 18:33:08;completed;Самовывоз;Магнитогорск;898;45;0;853
700272;;5003617;2024-01-14 17:50:40;completed;СДЭК;Челябинск;8567;0;590;9157
700273;206991;5003618;2024-01-14 19:28:10;completed;Курьер;Челябинск;25567;1278;0;24289
700274;206408;5003623;2024-01-14 21:55:16;completed;Курьер;Златоуст;50567;0;390;50957
700275;200537;5003676;2024-01-14 12:39:53;completed;СДЭК;Челябинск;114134;5798;490;108826
700276;208748;5003677;2024-01-14 16:57:24;completed;Самовывоз;Копейск;10090;0;0;10090
700277;206660;5003680;2024-01-14 11:52:20;completed;Самовывоз;Самара;27990;2799;0;25191
700278;;5003687;2024-01-14 19:25:11;completed;Курьер;Екатеринбург;32480;250;590;32820
700279;203778;5003694;2024-01-14 18:02:42;completed;Самовывоз;Челябинск;26176;69;0;26107
700280;207210;5003726;2024-01-14 16:59:23;completed;Самовывоз;Ижевск;8790;0;0;8790
700281;208541;5003730;2024-01-14 19:50:17;payment_failed;Самовывоз;Челябинск;27090;1354;0;25736
700282;205002;5003732;2024-01-14 14:13:52;completed;Самовывоз;Москва;68357;0;0;68357
700283;200607;5003737;2024-01-14 13:53:14;completed;Курьер;Миасс;27490;1374;390;26506
700284;;5003749;2024-01-14 21:56:24;completed;Курьер;Златоуст;49567;0;390;49957
700285;;5003762;2024-01-14 17:11:19;completed;СДЭК;Миасс;29135;0;390;29525
700286;206187;5003780;2024-01-14 16:28:53;completed;Курьер;Челябинск;23345;0;0;23345
700287;205270;5003793;2024-01-14 19:07:30;payment_failed;Курьер;Москва;3345;334;590;3601
700288;203397;5003848;2024-01-14 16:53:30;completed;СДЭК;Магнитогорск;35090;2456;390;33024
700289;202051;5003864;2024-01-14 15:22:31;completed;Почта России;Уфа;42090;1263;350;41177
700290;200604;5003908;2024-01-15 19:12:22;completed;СДЭК;Москва;10135;220;390;10305
700291;201610;5003919;2024-01-15 15:52:27;cancelled;Курьер;Курган;75990;0;590;76580
700292;;5003935;2024-01-15 12:11:14;completed;Почта России;Екатеринбург;39280;3479;550;36351
700293;202917;5003938;2024-01-15 15:45:43;completed;Почта России;Копейск;37990;0;350;38340
700294;202972;5003978;2024-01-15 16:17:06;completed;Курьер;Челябинск;25912;2948;0;22964
700295;201582;5003984;2024-01-15 10:02:35;completed;Почта России;Челябинск;564;0;450;1014
700296;207523;5004002;2024-01-15 14:56:59;completed;Курьер;Уфа;3567;357;390;3600
700297;201478;5004019;2024-01-15 15:03:04;completed;Самовывоз;Магнитогорск;19090;0;0;19090
700298;208426;5004022;2024-01-15 13:43:00;completed;Самовывоз;Нижневартовск;697;35;0;662
700299;201824;5004039;2024-01-15 15:55:25;completed;Почта России;Санкт-Петербург;35345;0;350;35695
700300;205994;5004045;2024-01-15 15:59:40;completed;Курьер;Челябинск;63657;1187;0;62470
700301;204372;5004096;2024-01-15 15:27:00;completed;Самовывоз;Челябинск;5248;262;0;4986
700302;203560;5004101;2024-01-15 22:04:35;payment_failed;Самовывоз;Челябинск;700;0;0;700
700303;204721;5004107;2024-01-15 13:37:47;completed;Почта России;Тюмень;27790;0;550;28340
700304;205423;5004109;2024-01-15 15:56:22;completed;Самовывоз;Челябинск;52790;0;0;52790
700305;202155;5004144;2024-01-15 15:31:29;completed;Самовывоз;Самара;18345;917;0;17428
700306;209070;5004150;2024-01-15 21:22:44;completed;СДЭК;Екатеринбург;65090;0;490;65580
700307;204361;5004156;2024-01-16 11:03:43;completed;Самовывоз;Златоуст;18990;1899;0;17091
700308;;5004161;2024-01-16 17:28:09;completed;Самовывоз;Копейск;60280;4045;0;56235
700309;201019;5004184;2024-01-16 17:44:52;completed;Почта России;Магнитогорск;81567;2447;450;79570
700310;204054;5004203;2024-01-16 16:18:55;completed;Самовывоз;Златоуст;67370;279;0;67091
700311;205477;5004222;2024-01-16 21:34:29;completed;Курьер;Копейск;41090;0;390;41480
700312;202234;5004231;2024-01-16 20:07:49;completed;Самовывоз;Челябинск;42345;0;0;42345
700313;203902;5004263;2024-01-16 09:46:52;completed;СДЭК;Екатеринбург;4990;499;490;4981
700314;204376;5004283;2024-01-16 16:32:12;completed;Курьер;Челябинск;4090;204;290;4176
700315;;5004291;2024-01-16 18:39:02;completed;СДЭК;Челябинск;61835;3658;590;58767
700316;204289;5004333;2024-01-16 15:01:02;completed;СДЭК;Самара;4090;123;690;4657
700317;200019;5004335;2024-01-16 18:55:52;completed;Самовывоз;Миасс;19567;587;0;18980
700318;208104;5004338;2024-01-16 16:50:38;payment_failed;Самовывоз;Челябинск;17345;1214;0;16131
700319;209343;5004368;2024-01-16 12:27:08;completed;Курьер;Златоуст;4490;224;490;4756
700320;;5004379;2024-01-16 15:12:32;payment_failed;Курьер;Челябинск;12567;0;0;12567
700321;208107;5004391;2024-01-16 15:29:19;completed;Самовывоз;Казань;38057;77;0;37980
700322;;5004394;2024-01-16 18:57:58;completed;Самовывоз;Оренбург;17790;0;0;17790
700323;205271;5004404;2024-01-16 18:07:55;completed;Курьер;Копейск;52435;1533;390;51292
700324;203467;5004412;2024-01-16 11:16:10;completed;Курьер;Казань;128779;12799;590;116570
700325;204412;5004436;2024-01-16 21:55:26;payment_failed;Самовывоз;Казань;19790;0;0;19790
700326;209839;5004450;2024-01-17 16:57:33;completed;Курьер;Нижневартовск;64990;0;590;65580
700327;;5004451;2024-01-17 13:48:44;payment_failed;СДЭК;Магнитогорск;3790;190;590;4190
700328;200413;5004466;2024-01-17 16:48:56;completed;Самовывоз;Курган;56345;1690;0;54655
700329;207050;5004497;2024-01-17 15:21:08;completed;Самовывоз;Уфа;780;0;0;780
700330;201371;5004498;2024-01-17 13:38:57;completed;Курьер;Копейск;34357;1578;490;33269
700331;208408;5004511;2024-01-17 18:06:51;completed;Самовывоз;Златоуст;18345;917;0;17428
700332;;5004536;2024-01-17 09:29:09;payment_failed;Курьер;Челябинск;101580;12059;0;89521
700333;209600;5004537;2024-01-17 12:32:50;completed;Самовывоз;Казань;33270;1428;0;31842
700334;207229;5004544;2024-01-17 16:28:15;completed;Почта России;Магнитогорск;2180;153;350;2377
700335;207777;5004545;2024-01-17 20:02:37;completed;Самовывоз;Челябинск;48134;1615;0;46519
700336;200579;5004587;2024-01-17 19:00:50;completed;СДЭК;Магнитогорск;11490;0;390;11880
700337;204296;5004604;2024-01-17 15:34:11;completed;Курьер;Копейск;3345;0;590;3935
700338;;5004606;2024-01-17 17:50:55;completed;Самовывоз;Магнитогорск;42490;0;0;42490
700339;205711;5004626;2024-01-17 19:01:50;completed;Самовывоз;Челябинск;1790;0;0;1790
700340;201673;5004662;2024-01-17 10:58:33;completed;Самовывоз;Москва;4673;279;0;4394
700341;202631;5004668;2024-01-17 16:43:04;payment_failed;Самовывоз;Челябинск;137580;776;0;136804
700342;207674;5004674;2024-01-17 15:08:59;completed;Самовывоз;Златоуст;2990;0;0;2990
700343;;5004686;2024-01-17 09:49:45;completed;Курьер;Челябинск;6490;324;0;6166
700344;200929;5004696;2024-01-17 20:19:43;completed;СДЭК;Уфа;1090;0;590;1680
700345;201571;5004716;2024-01-17 19:17:57;completed;Самовывоз;Москва;38490;1924;0;36566
700346;204825;5004728;2024-01-18 13:43:27;completed;Курьер;Тюмень;879;44;490;1325
700347;207189;5004731;2024-01-18 20:25:17;completed;Почта России;Москва;84567;4228;450;80789
700348;208732;5004734;2024-01-18 10:39:38;completed;Курьер;Ижевск;8790;0;590;9380
700349;207453;5004737;2024-01-18 11:41:46;completed;Почта России;Екатеринбург;12490;0;450;12940
700350;206157;5004754;2024-01-18 19:19:58;completed;Самовывоз;Челябинск;2345;164;0;2181
700351;201425;5004776;2024-01-18 15:13:41;completed;Курьер;Самара;6567;328;390;6629
700352;205756;5004798;2024-01-18 21:26:56;completed;Самовывоз;Миасс;32090;0;0;32090
700353;;5004800;2024-01-18 20:06:46;completed;Самовывоз;Оренбург;29490;1474;0;28016
700354;201349;5004861;2024-01-18 14:03:08;completed;Курьер;Казань;121690;10658;490;111522
700355;206786;5004862;2024-01-18 20:26:37;completed;Самовывоз;Челябинск;18990;950;0;18040
700356;;5004874;2024-01-18 19:11:43;payment_failed;Самовывоз;Копейск;38490;2694;0;35796
700357;;5004900;2024-01-18 18:20:05;completed;Курьер;Челябинск;35090;0;0;35090
700358;;5004902;2024-01-18 21:09:19;completed;Самовывоз;Казань;4990;499;0;4491
700359;209720;5004904;2024-01-18 20:09:11;completed;СДЭК;Копейск;39567;3957;690;36300
700360;;5004905;2024-01-18 23:55:12;completed;Курьер;Магнитогорск;8267;0;590;8857
700361;205503;5004915;2024-01-18 18:10:03;returned;Самовывоз;Курган;2490;0;0;2490
700362;208500;5004919;2024-01-18 15:59:12;completed;Курьер;Курган;17345;1214;590;16721
700363;205693;5004967;2024-01-18 12:24:50;completed;Курьер;Екатеринбург;3580;0;390;3970
700364;205327;5004968;2024-01-18 16:31:36;payment_failed;Почта России;Пермь;7790;0;550;8340
700365;200925;5004971;2024-01-18 16:46:15;completed;Курьер;Челябинск;19790;0;0;19790
700366;203133;5005005;2024-01-19 16:46:39;completed;СДЭК;Сургут;6490;649;690;6531
700367;207611;5005008;2024-01-19 17:12:32;completed;СДЭК;Челябинск;3567;178;490;3879
700368;203002;5005021;2024-01-19 22:09:10;completed;Самовывоз;Копейск;1118;0;0;1118
700369;202265;5005034;2024-01-19 18:08:41;completed;Самовывоз;Екатеринбург;11345;0;0;11345
700370;207599;5005064;2024-01-19 18:48:35;completed;Самовывоз;Челябинск;103780;7264;0;96516
700371;205538;5005104;2024-01-19 13:30:39;completed;Курьер;Златоуст;25567;0;390;25957
700372;201491;5005113;2024-01-19 22:03:29;completed;Курьер;Челябинск;110882;11088;0;99794
700373;;5005114;2024-01-19 23:06:01;completed;Самовывоз;Магнитогорск;109990;13199;0;96791
700374;201607;5005125;2024-01-19 16:38:30;completed;СДЭК;Тюмень;18345;0;590;18935
700375;203003;5005146;2024-01-19 17:42:18;completed;Курьер;Магнитогорск;110990;11099;490;100381
700376;209262;5005180;2024-01-19 22:44:45;payment_failed;СДЭК;Копейск;33880;1628;690;32942
700377;200392;5005225;2024-01-19 17:29:01;completed;Курьер;Челябинск;20034;0;0;20034
700378;204152;5005237;2024-01-19 17:54:36;completed;Самовывоз;Оренбург;33980;3299;0;30681
700379;203039;5005246;2024-01-19 20:43:21;completed;СДЭК;Екатеринбург;69345;2080;590;67855
700380;205124;5005254;2024-01-19 15:25:03;completed;Самовывоз;Уфа;1567;0;0;1567
700381;208213;5005261;2024-01-19 20:20:47;completed;Самовывоз;Миасс;35345;1767;0;33578
700382;205091;5005262;2024-01-19 15:46:35;completed;Почта России;Уфа;39267;2693;350;36924
700383;207349;5005282;2024-01-20 11:18:55;completed;Курьер;Санкт-Петербург;14357;587;590;14360
700384;206694;5005300;2024-01-20 21:08:29;completed;Курьер;Тюмень;6980;0;490;7470
700385;;5005301;2024-01-20 21:47:53;completed;Курьер;Тюмень;79870;6683;590;73777
700386;204910;5005318;2024-01-20 12:48:52;completed;Почта России;Екатеринбург;29490;0;350;29840
700387;206222;5005325;2024-01-20 17:47:48;completed;СДЭК;Казань;78357;3470;390;75277
700388;209044;5005337;2024-01-20 17:42:26;completed;Курьер;Тюмень;38490;2694;490;36286
700389;204241;5005349;2024-01-20 19:08:24;returned;Самовывоз;Челябинск;3580;179;0;3401
700390;203881;5005359;2024-01-20 10:54:25;completed;Курьер;Челябинск;111790;5590;0;106200
700391;209844;5005360;2024-01-20 09:31:39;payment_failed;Курьер;Москва;24090;0;390;24480
700392;202975;5005366;2024-01-20 13:28:09;completed;Курьер;Пермь;788;95;590;1283
700393;207500;5005368;2024-01-20 09:03:47;completed;Самовывоз;Уфа;71345;7134;0;64211
700394;206075;5005401;2024-01-20 22:41:47;completed;Курьер;Нижневартовск;85490;0;590;86080
700395;209426;5005403;2024-01-20 22:00:46;completed;Курьер;Челябинск;73067;79;0;72988
700396;;5005424;2024-01-20 13:10:48;cancelled;Курьер;Копейск;77990;0;390;78380
700397;201338;5005433;2024-01-20 14:55:58;completed;Самовывоз;Челябинск;18990;1329;0;17661
700398;;5005440;2024-01-20 13:33:59;payment_failed;Почта России;Челябинск;84080;0;350;84430
700399;205651;5005450;2024-01-20 20:09:16;completed;Почта России;Тюмень;4345;130;450;4665
700400;200170;5005451;2024-01-20 17:49:49;completed;Самовывоз;Тюмень;41912;0;0;41912
700401;;5005452;2024-01-20 20:20:12;completed;Курьер;Миасс;51790;6215;590;46165
700402;;5005458;2024-01-20 16:11:04;cancelled;СДЭК;Курган;3345;0;590;3935
700403;204843;5005460;2024-01-20 11:18:41;completed;Курьер;Пермь;6345;190;590;6745
700404;209032;5005463;2024-01-20 10:38:45;completed;Самовывоз;Миасс;27567;0;0;27567
700405;208107;5005479;2024-01-20 17:41:41;completed;Курьер;Казань;80990;0;490;81480
700406;209384;5005497;2024-01-20 18:58:55;completed;СДЭК;Челябинск;38567;0;590;39157
700407;;5005505;2024-01-20 16:43:20;completed;Курьер;Москва;45226;1354;490;44362
700408;201969;5005525;2024-01-20 18:44:52;completed;Самовывоз;Челябинск;18345;1284;0;17061
700409;203922;5005526;2024-01-20 20:56:33;completed;Курьер;Златоуст;44990;0;390;45380
700410;204521;5005554;2024-01-21 18:30:26;payment_failed;Самовывоз;Уфа;40912;4748;0;36164
700411;201549;5005561;2024-01-21 18:59:23;completed;Курьер;Челябинск;1490;45;290;1735
700412;209172;5005572;2024-01-21 21:27:20;completed;Курьер;Челябинск;42490;2124;0;40366
700413;205702;5005573;2024-01-21 15:47:09;completed;Курьер;Ижевск;77347;4655;390;73082
700414;203603;5005636;2024-01-21 14:34:28;payment_failed;Почта России;Казань;7990;559;550;7981
700415;204343;5005646;2024-01-21 10:03:53;completed;Курьер;Челябинск;51990;0;0;51990
700416;200246;5005667;2024-01-21 16:14:53;payment_failed;СДЭК;Екатеринбург;38990;0;490;39480
700417;;5005670;2024-01-21 19:34:45;completed;Курьер;Челябинск;10090;0;0;10090
700418;202553;5005687;2024-01-21 12:38:11;completed;Курьер;Пермь;3138;164;390;3364
700419;;5005690;2024-01-21 17:39:56;returned;Самовывоз;Челябинск;6080;224;0;5856
700420;;5005725;2024-01-21 16:58:56;completed;Самовывоз;Москва;691;0;0;691
700421;205828;5005726;2024-01-21 14:10:28;completed;Курьер;Курган;56490;2824;390;54056
700422;209496;5005742;2024-01-21 16:15:10;completed;Курьер;Миасс;568;17;590;1141
700423;203499;5005751;2024-01-21 09:05:08;payment_failed;Самовывоз;Екатеринбург;67490;0;0;67490
700424;204274;5005757;2024-01-21 18:51:50;completed;Курьер;Магнитогорск;2990;90;490;3390
700425;204969;5005778;2024-01-21 11:24:00;completed;СДЭК;Челябинск;84490;8449;390;76431
700426;206426;5005786;2024-01-21 17:02:26;completed;Самовывоз;Нижневартовск;154912;11057;0;143855
700427;209645;5005829;2024-01-22 17:13:46;completed;Почта России;Уфа;117002;2182;450;115270
700428;202002;5005836;2024-01-22 14:00:23;completed;Курьер;Курган;152415;13331;490;139574
700429;;5005852;2024-01-22 18:18:00;completed;Самовывоз;Миасс;12090;0;0;12090
700430;209687;5005865;2024-01-22 12:34:18;cancelled;Курьер;Магнитогорск;64990;0;490;65480
700431;208878;5005899;2024-01-22 17:53:52;completed;Курьер;Курган;55557;1946;590;54201
700432;201140;5005914;2024-01-22 14:10:14;completed;Курьер;Тюмень;3345;167;390;3568
700433;204248;5005928;2024-01-22 13:44:53;completed;Самовывоз;Копейск;70248;3478;0;66770
700434;202213;5005979;2024-01-22 13:49:47;completed;Самовывоз;Миасс;575;29;0;546
700435;207818;5006005;2024-01-22 18:37:49;completed;Самовывоз;Екатеринбург;12567;377;0;12190
700436;207448;5006007;2024-01-22 21:38:47;payment_failed;Почта России;Копейск;20567;1028;350;19889
700437;205506;5006009;2024-01-22 15:01:43;completed;СДЭК;Челябинск;20080;299;590;20371
700438;;5006021;2024-01-22 11:04:16;returned;СДЭК;Копейск;36090;1804;590;34876
700439;204500;5006026;2024-01-22 16:16:40;completed;Почта России;Челябинск;18345;917;350;17778
700440;203019;5006048;2024-01-22 13:40:22;completed;Самовывоз;Тюмень;3990;0;0;3990
700441;206684;5006056;2024-01-22 19:38:39;completed;СДЭК;Копейск;19490;0;590;20080
700442;206773;5006080;2024-01-22 14:13:12;payment_failed;Курьер;Уфа;19345;1354;390;18381
700443;202077;5006083;2024-01-22 13:29:25;completed;Почта России;Тюмень;56567;2828;550;54289
700444;201579;5006122;2024-01-23 18:06:09;completed;СДЭК;Миасс;70146;6722;590;64014
700445;205285;5006137;2024-01-23 12:50:26;payment_failed;СДЭК;Санкт-Петербург;1594;0;690;2284
700446;206181;5006162;2024-01-23 20:45:06;completed;Курьер;Казань;18490;1294;590;17786
700447;203349;5006173;2024-01-23 17:59:21;completed;СДЭК;Челябинск;78980;7898;490;71572
700448;205166;5006186;2024-01-23 17:41:43;completed;Почта России;Казань;9090;0;550;9640
700449;203721;5006187;2024-01-23 21:35:04;completed;Курьер;Миасс;23335;0;390;23725
700450;202276;5006203;2024-01-23 22:27:09;completed;Курьер;Челябинск;86280;5980;0;80300
700451;209814;5006252;2024-01-23 20:37:07;completed;Курьер;Пермь;2090;209;390;2271
700452;208747;5006325;2024-01-23 21:24:20;payment_failed;СДЭК;Екатеринбург;84990;0;490;85480
700453;203296;5006343;2024-01-23 12:57:21;completed;Курьер;Копейск;25567;0;490;26057
700454;202380;5006359;2024-01-23 10:49:09;completed;СДЭК;Челябинск;7490;0;490;7980
700455;203173;5006361;2024-01-23 12:37:13;completed;Курьер;Казань;25567;0;590;26157
700456;;5006369;2024-01-23 16:48:04;completed;СДЭК;Копейск;83790;2514;590;81866
700457;208895;5006389;2024-01-23 17:55:05;completed;Самовывоз;Копейск;47480;1224;0;46256
700458;208482;5006409;2024-01-24 14:17:28;completed;СДЭК;Уфа;83490;0;390;83880
700459;201906;5006450;2024-01-24 20:15:32;cancelled;СДЭК;Пермь;32345;3234;490;29601
700460;209079;5006453;2024-01-24 14:18:27;completed;Самовывоз;Тюмень;11790;0;0;11790
700461;209087;5006469;2024-01-24 20:25:16;completed;Курьер;Москва;7090;354;590;7326
700462;207820;5006496;2024-01-24 13:21:06;completed;Почта России;Копейск;4790;144;450;5096
700463;203701;5006527;2024-01-24 15:17:52;completed;СДЭК;Златоуст;50447;250;590;50787
700464;204596;5006528;2024-01-24 18:26:51;completed;Курьер;Курган;70090;0;490;70580
700465;200616;5006544;2024-01-24 15:35:06;completed;Курьер;Челябинск;786;79;290;997
700466;209215;5006562;2024-01-24 15:58:42;completed;Самовывоз;Челябинск;33345;0;0;33345
700467;202158;5006565;2024-01-24 15:07:07;payment_failed;СДЭК;Копейск;21790;0;690;22480
700468;204737;5006568;2024-01-24 15:41:45;payment_failed;Самовывоз;Миасс;4345;0;0;4345
700469;;5006594;2024-01-24 18:27:44;completed;Почта России;Миасс;37345;0;350;37695
700470;;5006600;2024-01-24 16:12:47;payment_failed;СДЭК;Челябинск;9345;654;690;9381
700471;206069;5006602;2024-01-24 23:06:32;completed;Самовывоз;Пермь;793;0;0;793
700472;207339;5006611;2024-01-24 20:38:15;completed;Самовывоз;Москва;35345;0;0;35345
700473;209938;5006618;2024-01-24 13:30:25;completed;Самовывоз;Магнитогорск;24027;34;0;23993
700474;208982;5006622;2024-01-24 19:46:07;completed;Почта России;Челябинск;2090;104;350;2336
700475;;5006642;2024-01-24 08:50:25;payment_failed;Курьер;Москва;12090;363;390;12117
700476;208416;5006647;2024-01-24 20:54:29;completed;СДЭК;Нижневартовск;1567;157;690;2100
700477;205550;5006652;2024-01-24 19:45:07;completed;Курьер;Челябинск;64345;4504;0;59841
700478;200881;5006654;2024-01-24 09:47:17;completed;СДЭК;Челябинск;6090;304;690;6476
700479;208316;5006679;2024-01-25 22:07:31;completed;Самовывоз;Самара;79912;2617;0;77295
700480;207588;5006686;2024-01-25 18:11:47;completed;Самовывоз;Миасс;6990;0;0;6990
700481;200404;5006691;2024-01-25 19:07:32;completed;Самовывоз;Челябинск;4990;0;0;4990
700482;208190;5006706;2024-01-25 14:32:41;completed;Курьер;Челябинск;42490;1275;0;41215
700483;202295;5006732;2024-01-25 16:37:47;completed;СДЭК;Пермь;3567;107;390;3850
700484;200551;5006763;2024-01-25 18:04:11;completed;Самовывоз;Пермь;72990;0;0;72990
700485;202272;5006781;2024-01-25 17:40:01;completed;Курьер;Москва;17090;1196;590;16484
700486;;5006799;2024-01-25 22:16:41;completed;СДЭК;Челябинск;37345;1867;690;36168
700487;209563;5006805;2024-01-25 09:35:00;payment_failed;Курьер;Челябинск;3345;0;290;3635
700488;202567;5006810;2024-01-25 11:26:33;cancelled;Самовывоз;Челябинск;2567;0;0;2567
700489;209400;5006822;2024-01-25 11:56:44;completed;Курьер;Копейск;45990;0;490;46480
700490;208239;5006826;2024-01-25 16:02:39;returned;Курьер;Казань;34345;0;390;34735
700491;208542;5006856;2024-01-25 11:10:40;payment_failed;Курьер;Златоуст;35345;0;490;35835
700492;202854;5006860;2024-01-25 21:01:34;returned;СДЭК;Копейск;11916;250;590;12256
700493;;5006879;2024-01-25 23:13:00;completed;Курьер;Тюмень;43135;0;390;43525
700494;208777;5006898;2024-01-25 16:32:03;completed;Курьер;Пермь;18345;0;390;18735
700495;;5006902;2024-01-25 21:50:36;completed;Самовывоз;Екатеринбург;563;39;0;524
700496;201861;5006907;2024-01-25 18:38:23;completed;Самовывоз;Челябинск;18790;2255;0;16535
700497;203280;5006912;2024-01-25 15:31:45;completed;Самовывоз;Оренбург;27090;0;0;27090
700498;208795;5006920;2024-01-25 16:07:58;completed;Самовывоз;Челябинск;3990;479;0;3511
700499;;5006941;2024-01-25 08:43:24;payment_failed;СДЭК;Санкт-Петербург;26270;2891;490;23869
700500;207763;5006951;2024-01-26 22:14:02;completed;Курьер;Челябинск;110790;0;0;110790
700501;201835;5006958;2024-01-26 21:23:38;returned;Самовывоз;Копейск;72790;2184;0;70606
700502;201080;5006967;2024-01-26 15:22:44;completed;Курьер;Пермь;99345;0;590;99935
700503;209114;5006968;2024-01-26 11:02:07;completed;Курьер;Екатеринбург;7990;0;390;8380
700504;200232;5007021;2024-01-26 22:08:15;completed;Самовывоз;Челябинск;682;0;0;682
700505;209501;5007023;2024-01-26 12:09:24;completed;Курьер;Пермь;40090;2806;590;37874
700506;209718;5007045;2024-01-26 17:56:52;completed;Самовывоз;Казань;89567;8957;0;80610
700507;;5007114;2024-01-26 16:08:39;completed;Самовывоз;Миасс;95057;3828;0;91229
700508;;5007122;2024-01-26 08:55:58;completed;Самовывоз;Уфа;46870;834;0;46036
700509;203509;5007137;2024-01-26 23:10:44;completed;Почта России;Челябинск;36255;0;550;36805
700510;204307;5007140;2024-01-26 15:40:33;completed;Самовывоз;Челябинск;99912;0;0;99912
700511;202333;5007143;2024-01-26 18:49:12;completed;СДЭК;Миасс;27090;0;390;27480
700512;201343;5007154;2024-01-26 17:55:10;completed;Самовывоз;Челябинск;22835;217;0;22618
700513;205243;5007158;2024-01-26 15:13:12;completed;СДЭК;Москва;23285;0;590;23875
700514;;5007177;2024-01-26 14:21:17;completed;СДЭК;Екатеринбург;4790;0;390;5180
700515;;5007183;2024-01-26 18:45:56;completed;Почта России;Челябинск;781;0;450;1231
700516;204238;5007191;2024-01-26 13:11:12;completed;СДЭК;Челябинск;4790;0;490;5280
700517;202722;5007211;2024-01-27 17:10:46;completed;Почта России;Миасс;18790;1879;350;17261
700518;200642;5007232;2024-01-27 22:24:24;completed;Самовывоз;Магнитогорск;32345;0;0;32345
700519;208440;5007242;2024-01-27 16:58:30;completed;Почта России;Миасс;20180;146;450;20484
700520;205658;5007251;2024-01-27 18:23:30;completed;СДЭК;Курган;65780;0;690;66470
700521;208936;5007292;2024-01-27 20:45:56;completed;СДЭК;Копейск;34490;1035;490;33945
700522;208121;5007307;2024-01-27 18:07:25;completed;Самовывоз;Тюмень;137357;3490;0;133867
700523;200519;5007351;2024-01-27 12:11:40;payment_failed;Курьер;Магнитогорск;105147;5056;490;100581
700524;200415;5007374;2024-01-27 18:03:17;completed;Курьер;Уфа;35490;0;590;36080
700525;207641;5007376;2024-01-27 12:49:24;completed;Курьер;Челябинск;33790;0;0;33790
700526;201119;5007379;2024-01-27 17:50:40;completed;Курьер;Тюмень;30657;1428;390;29619
700527;;5007382;2024-01-27 19:52:30;completed;Курьер;Курган;11567;0;590;12157
700528;209714;5007407;2024-01-27 13:30:19;completed;Самовывоз;Челябинск;1090;33;0;1057
700529;207473;5007408;2024-01-27 16:21:11;returned;Курьер;Челябинск;34567;2420;0;32147
700530;;5007413;2024-01-27 19:37:56;returned;Курьер;Челябинск;39345;0;0;39345
700531;204139;5007422;2024-01-27 16:08:45;completed;Курьер;Миасс;22365;343;490;22512
700532;200473;5007430;2024-01-27 19:34:58;completed;Курьер;Челябинск;13490;0;0;13490
700533;209720;5007435;2024-01-27 11:59:05;payment_failed;Курьер;Копейск;24090;0;490;24580
700534;;5007470;2024-01-28 20:52:19;completed;Самовывоз;Златоуст;59880;5988;0;53892
700535;209794;5007486;2024-01-28 17:28:22;completed;Курьер;Курган;42880;2505;390;40765
700536;;5007489;2024-01-28 18:45:41;completed;Почта России;Курган;4567;137;450;4880
700537;204682;5007500;2024-01-28 18:05:32;completed;СДЭК;Челябинск;1090;54;390;1426
700538;;5007507;2024-01-28 10:13:17;payment_failed;Курьер;Уфа;99490;2985;490;96995
700539;200951;5007516;2024-01-28 20:41:10;returned;Курьер;Челябинск;2567;77;290;2780
700540;206636;5007521;2024-01-28 22:46:34;completed;Почта России;Казань;34580;174;350;34756
700541;203176;5007546;2024-01-28 15:14:36;payment_failed;Самовывоз;Челябинск;36567;2560;0;34007
700542;;5007569;2024-01-28 12:41:53;cancelled;Курьер;Челябинск;4567;0;290;4857
700543;208641;5007604;2024-01-28 08:10:45;completed;Самовывоз;Челябинск;76226;7822;0;68404
700544;208355;5007627;2024-01-28 18:47:11;cancelled;Курьер;Миасс;7090;0;490;7580
700545;200325;5007628;2024-01-28 16:53:37;completed;Курьер;Екатеринбург;881;62;490;1309
700546;205499;5007633;2024-01-28 21:37:34;completed;Курьер;Челябинск;3345;0;290;3635
700547;207114;5007646;2024-01-28 13:16:58;completed;Самовывоз;Оренбург;27790;0;0;27790
700548;200801;5007649;2024-01-28 21:37:19;completed;Курьер;Челябинск;7345;0;0;7345
700549;204223;5007678;2024-01-28 13:33:12;completed;Курьер;Копейск;28180;76;590;28694
700550;204454;5007680;2024-01-28 17:48:55;payment_failed;Самовывоз;Магнитогорск;1345;94;0;1251
700551;209656;5007686;2024-01-28 19:26:01;completed;Курьер;Челябинск;194245;34;0;194211
700552;;5007690;2024-01-28 17:05:55;completed;СДЭК;Тюмень;6790;0;390;7180
700553;204132;5007700;2024-01-28 16:48:17;completed;Самовывоз;Миасс;43990;1320;0;42670
700554;;5007704;2024-01-28 13:26:50;completed;СДЭК;Сургут;31345;0;390;31735
700555;;5007706;2024-01-28 20:55:58;completed;Почта России;Пермь;1490;0;550;2040
700556;205896;5007708;2024-01-28 21:26:23;payment_failed;Курьер;Миасс;10835;135;390;11090
700557;;5007724;2024-01-28 13:39:49;completed;Курьер;Копейск;6090;609;490;5971
700558;201884;5007729;2024-01-28 16:44:57;completed;СДЭК;Магнитогорск;29276;1994;490;27772
700559;204049;5007748;2024-01-29 17:25:23;completed;Курьер;Челябинск;35790;0;0;35790
700560;207717;5007752;2024-01-29 17:31:56;completed;Курьер;Нижневартовск;20990;0;590;21580
700561;209188;5007761;2024-01-29 10:21:05;completed;Курьер;Челябинск;28567;857;0;27710
700562;;5007766;2024-01-29 15:48:58;cancelled;Курьер;Челябинск;2673;34;290;2929
700563;;5007772;2024-01-29 10:00:50;completed;Самовывоз;Челябинск;782;0;0;782
700564;203102;5007783;2024-01-29 23:22:37;completed;Курьер;Нижневартовск;32567;0;390;32957
700565;205598;5007793;2024-01-29 11:31:48;completed;Самовывоз;Челябинск;19090;0;0;19090
700566;206643;5007818;2024-01-29 20:14:28;completed;Курьер;Копейск;35357;1805;590;34142
700567;;5007824;2024-01-29 18:21:58;completed;Курьер;Челябинск;29357;881;0;28476
700568;208203;5007847;2024-01-29 22:47:41;returned;СДЭК;Челябинск;25490;2549;590;23531
700569;207301;5007850;2024-01-29 16:44:14;completed;Курьер;Уфа;28990;3479;590;26101
700570;204101;5007869;2024-01-29 15:08:11;completed;СДЭК;Магнитогорск;36057;110;590;36537
700571;205937;5007890;2024-01-29 12:47:37;completed;Самовывоз;Челябинск;65790;0;0;65790
700572;207786;5007937;2024-01-29 18:48:17;completed;Курьер;Челябинск;32835;2365;0;30470
700573;207636;5007958;2024-01-29 17:49:31;completed;Самовывоз;Челябинск;100090;3003;0;97087
700574;209711;5007960;2024-01-29 16:35:09;completed;СДЭК;Екатеринбург;141047;0;490;141537
700575;208571;5007989;2024-01-30 15:05:50;payment_failed;Курьер;Магнитогорск;68790;2064;590;67316
700576;209841;5007994;2024-01-30 13:00:52;completed;Самовывоз;Казань;18490;0;0;18490
700577;206761;5008002;2024-01-30 14:35:12;payment_failed;Самовывоз;Санкт-Петербург;35790;0;0;35790
700578;209786;5008012;2024-01-30 16:10:49;completed;Курьер;Челябинск;4447;137;290;4600
700579;206303;5008023;2024-01-30 18:25:52;completed;Курьер;Тюмень;7567;0;390;7957
700580;207075;5008042;2024-01-30 16:10:51;completed;СДЭК;Магнитогорск;27790;834;490;27446
700581;203305;5008044;2024-01-30 14:29:41;completed;Курьер;Челябинск;1490;0;290;1780
700582;;5008052;2024-01-30 14:17:47;completed;Самовывоз;Челябинск;40804;1090;0;39714
700583;;5008065;2024-01-30 09:51:35;completed;СДЭК;Копейск;44490;1335;390;43545
700584;205094;5008095;2024-01-30 15:55:23;completed;Курьер;Миасс;7090;0;590;7680
700585;208520;5008122;2024-01-30 20:23:34;completed;Курьер;Казань;2345;0;390;2735
700586;201570;5008139;2024-01-30 21:25:01;completed;Курьер;Челябинск;12567;377;0;12190
700587;205176;5008153;2024-01-30 16:36:17;completed;Курьер;Челябинск;7090;0;0;7090
700588;200657;5008154;2024-01-30 17:30:05;returned;СДЭК;Челябинск;4345;0;590;4935
700589;;5008192;2024-01-30 15:31:48;completed;Самовывоз;Сургут;9357;815;0;8542
700590;207750;5008209;2024-01-30 19:42:27;completed;Курьер;Уфа;32790;3935;490;29345
700591;;5008219;2024-01-30 19:21:13;completed;Курьер;Магнитогорск;20990;1050;490;20430
700592;;5008220;2024-01-30 21:50:43;completed;СДЭК;Ижевск;21490;0;690;22180
700593;200544;5008236;2024-01-30 18:46:31;payment_failed;Почта России;Челябинск;34490;2414;350;32426
700594;204105;5008242;2024-01-30 18:25:13;completed;Самовывоз;Челябинск;24567;1720;0;22847
700595;202411;5008248;2024-01-30 16:41:14;completed;Самовывоз;Челябинск;1400;0;0;1400
700596;207491;5008265;2024-01-31 12:23:31;payment_failed;Курьер;Москва;3790;0;490;4280
700597;208408;5008267;2024-01-31 17:27:23;completed;Самовывоз;Златоуст;83345;0;0;83345
700598;201498;5008272;2024-01-31 16:34:26;completed;Курьер;Москва;46435;0;390;46825
700599;;5008301;2024-01-31 13:38:20;completed;Самовывоз;Копейск;32788;998;0;31790
700600;204843;5008304;2024-01-31 21:59:05;completed;Самовывоз;Пермь;34790;3479;0;31311
700601;207800;5008307;2024-01-31 11:58:51;completed;Почта России;Пермь;4990;349;450;5091
700602;;5008314;2024-01-31 18:08:27;completed;Курьер;Ижевск;1345;0;390;1735
700603;201055;5008318;2024-01-31 12:48:24;completed;СДЭК;Магнитогорск;28567;0;390;28957
700604;;5008323;2024-01-31 20:21:11;completed;Самовывоз;Сургут;25345;0;0;25345
700605;201876;5008361;2024-01-31 16:25:01;returned;Курьер;Москва;29270;1567;590;28293
700606;206054;5008384;2024-01-31 18:35:58;completed;Курьер;Пермь;2567;77;390;2880
700607;207385;5008385;2024-01-31 17:20:18;completed;СДЭК;Санкт-Петербург;21080;1000;690;20770
700608;203472;5008391;2024-01-31 10:06:01;completed;Самовывоз;Сургут;12345;1234;0;11111
700609;207616;5008428;2024-01-31 18:41:37;payment_failed;СДЭК;Копейск;56925;1471;690;56144
700610;208560;5008434;2024-01-31 15:44:28;completed;Самовывоз;Копейск;18090;1266;0;16824
700611;207906;5008438;2024-01-31 20:45:41;returned;Курьер;Миасс;108090;5404;590;103276
700612;208940;5008444;2024-01-31 18:07:58;completed;СДЭК;Тюмень;114480;3354;390;111516
700613;209919;5008451;2024-01-31 19:51:11;cancelled;Почта России;Курган;18567;0;350;18917
700614;206621;5008452;2024-01-31 14:02:53;completed;Курьер;Уфа;21490;0;490;21980
700615;209670;5008453;2024-01-31 17:01:59;completed;Курьер;Челябинск;27780;1300;0;26480
700616;204812;5008477;2024-01-31 13:20:21;completed;Самовывоз;Челябинск;44470;0;0;44470
700617;202295;5008499;2024-01-31 12:40:19;completed;Курьер;Пермь;27790;0;490;28280
700618;209276;5008500;2024-01-31 21:32:21;completed;Почта России;Казань;52990;0;450;53440
700619;204846;5008522;2024-01-31 20:27:20;completed;Курьер;Екатеринбург;44090;0;490;44580
700620;207883;5008535;2024-01-31 17:08:26;completed;Самовывоз;Миасс;69490;4864;0;64626
700621;207637;5008542;2024-01-31 19:46:57;completed;Почта России;Новосибирск;37090;3709;550;33931
700622;200190;5008562;2024-02-01 20:55:15;completed;Самовывоз;Уфа;20567;1440;0;19127
700623;;5008564;2024-02-01 16:02:08;payment_failed;СДЭК;Магнитогорск;36990;1110;390;36270
700624;203173;5008576;2024-02-01 16:16:09;completed;Курьер;Казань;1567;0;390;1957
700625;204372;5008608;2024-02-01 14:29:25;completed;Курьер;Челябинск;17567;1757;0;15810
700626;206902;5008611;2024-02-01 21:45:34;completed;Почта России;Магнитогорск;2567;180;350;2737
700627;200162;5008656;2024-02-01 13:29:48;completed;СДЭК;Екатеринбург;34990;1050;490;34430
700628;;5008657;2024-02-01 19:51:08;completed;Курьер;Екатеринбург;801;0;590;1391
700629;208684;5008658;2024-02-01 22:56:15;completed;Почта России;Екатеринбург;35345;0;550;35895
700630;200964;5008673;2024-02-01 19:58:17;completed;Курьер;Челябинск;83790;4190;0;79600
700631;209734;5008680;2024-02-01 19:36:12;completed;Самовывоз;Екатеринбург;19090;0;0;19090
700632;203736;5008681;2024-02-01 20:44:48;completed;Курьер;Пермь;43990;0;390;44380
700633;200791;5008687;2024-02-01 19:39:22;completed;Самовывоз;Уфа;1990;60;0;1930
700634;203220;5008692;2024-02-01 17:55:20;completed;Самовывоз;Москва;21480;100;0;21380
700635;204428;5008696;2024-02-01 20:51:23;completed;Самовывоз;Миасс;34045;1071;0;32974
700636;208127;5008698;2024-02-01 11:56:20;returned;СДЭК;Курган;22790;1140;490;22140
700637;203513;5008702;2024-02-01 18:46:00;completed;Курьер;Москва;19345;1934;590;18001
700638;207747;5008710;2024-02-01 20:04:00;completed;СДЭК;Челябинск;100090;12011;390;88469
700639;;5008731;2024-02-01 17:19:41;completed;Почта России;Тюмень;23557;2106;550;22001
700640;;5008738;2024-02-01 16:15:22;completed;Самовывоз;Челябинск;142002;1388;0;140614
700641;208254;5008772;2024-02-01 16:40:03;completed;СДЭК;Челябинск;1490;0;690;2180
700642;202348;5008783;2024-02-01 11:23:31;completed;Курьер;Самара;44990;2250;390;43130
700643;209611;5008793;2024-02-01 20:33:29;completed;Почта России;Пермь;20980;749;350;20581
700644;203238;5008798;2024-02-01 17:32:04;completed;Курьер;Челябинск;20357;54;0;20303
700645;206473;5008801;2024-02-01 12:36:01;completed;Самовывоз;Новосибирск;17990;0;0;17990
700646;200011;5008845;2024-02-02 22:55:38;completed;СДЭК;Челябинск;20486;35;390;20841
700647;;5008876;2024-02-02 17:40:34;completed;Курьер;Миасс;123780;0;490;124270
700648;201814;5008885;2024-02-02 18:27:43;completed;Курьер;Москва;7345;367;390;7368
700649;201151;5008905;2024-02-02 16:21:58;completed;Курьер;Миасс;65790;0;590;66380
700650;201386;5008907;2024-02-02 21:07:14;completed;Курьер;Самара;1990;60;390;2320
700651;208744;5008923;2024-02-02 14:09:57;completed;СДЭК;Москва;85490;0;390;85880
700652;206916;5008959;2024-02-02 13:46:46;completed;Самовывоз;Челябинск;1990;100;0;1890
700653;;5009004;2024-02-02 17:29:48;completed;Почта России;Магнитогорск;42490;2124;550;40916
700654;;5009006;2024-02-02 15:02:53;completed;Курьер;Миасс;2490;75;590;3005
700655;208322;5009024;2024-02-02 13:43:04;completed;Курьер;Миасс;7345;367;390;7368
700656;;5009038;2024-02-02 12:50:42;completed;Курьер;Копейск;18567;0;490;19057
700657;206811;5009066;2024-02-02 14:39:21;completed;СДЭК;Челябинск;45357;4357;590;41590
700658;205476;5009070;2024-02-02 21:17:26;completed;Курьер;Челябинск;13090;0;0;13090
700659;203493;5009071;2024-02-02 19:31:54;completed;Курьер;Казань;1345;0;390;1735
700660;202784;5009074;2024-02-02 10:26:28;completed;СДЭК;Магнитогорск;1345;94;690;1941
700661;209214;5009075;2024-02-02 15:03:22;completed;Курьер;Тюмень;23090;0;490;23580
700662;207203;5009088;2024-02-03 21:13:11;completed;Самовывоз;Миасс;68090;2043;0;66047
700663;204230;5009117;2024-02-03 13:50:17;completed;Курьер;Самара;35345;1767;490;34068
700664;201116;5009145;2024-02-03 22:29:55;completed;СДЭК;Москва;12990;0;690;13680
700665;205785;5009151;2024-02-03 19:38:16;completed;Самовывоз;Златоуст;4345;130;0;4215
700666;204670;5009155;2024-02-03 12:23:30;completed;Самовывоз;Магнитогорск;10345;0;0;10345
700667;200950;5009157;2024-02-03 10:37:54;completed;Курьер;Уфа;18567;1300;490;17757
700668;205575;5009166;2024-02-03 12:59:22;completed;Курьер;Челябинск;67557;0;0;67557
700669;;5009169;2024-02-03 22:34:50;completed;Курьер;Челябинск;97970;4378;0;93592
700670;202447;5009184;2024-02-03 19:21:16;completed;Курьер;Копейск;36567;4388;490;32669
700671;208893;5009192;2024-02-03 22:59:17;completed;Самовывоз;Челябинск;110990;0;0;110990
700672;201373;5009208;2024-02-03 13:14:58;completed;СДЭК;Челябинск;45335;1290;390;44435
700673;;5009220;2024-02-03 16:34:36;completed;Самовывоз;Екатеринбург;8345;417;0;7928
700674;207524;5009228;2024-02-03 15:14:39;completed;Самовывоз;Магнитогорск;2835;0;0;2835
700675;200139;5009231;2024-02-03 22:45:00;completed;СДЭК;Копейск;68990;4829;390;64551
700676;;5009243;2024-02-03 22:14:57;completed;СДЭК;Ижевск;21567;0;390;21957
700677;201238;5009261;2024-02-03 17:08:32;completed;Курьер;Магнитогорск;52680;390;390;52680
700678;204392;5009271;2024-02-03 16:22:12;completed;Самовывоз;Челябинск;67480;3599;0;63881
700679;201279;5009288;2024-02-03 14:05:59;completed;Курьер;Уфа;86480;2385;390;84485
700680;;5009296;2024-02-03 13:36:01;completed;Курьер;Пермь;1990;0;490;2480
700681;207412;5009312;2024-02-03 22:00:27;cancelled;Курьер;Челябинск;32990;1650;0;31340
700682;201062;5009313;2024-02-03 17:05:08;completed;Самовывоз;Челябинск;21180;734;0;20446
700683;209668;5009323;2024-02-03 11:41:55;completed;Курьер;Екатеринбург;64490;6449;590;58631
700684;208214;5009326;2024-02-03 18:35:13;payment_failed;Самовывоз;Екатеринбург;11490;804;0;10686
700685;206491;5009362;2024-02-03 20:59:00;completed;Курьер;Оренбург;6790;679;590;6701
700686;204148;5009399;2024-02-04 20:38:36;completed;Самовывоз;Челябинск;111090;7776;0;103314
700687;201455;5009424;2024-02-04 14:18:44;completed;Самовывоз;Миасс;13847;726;0;13121
700688;203721;5009441;2024-02-04 12:58:14;completed;Курьер;Миасс;28135;1602;490;27023
700689;205671;5009459;2024-02-04 21:32:59;completed;Самовывоз;Копейск;6990;350;0;6640
700690;209636;5009461;2024-02-04 17:49:09;returned;СДЭК;Нижневартовск;39090;0;690;39780
700691;201803;5009475;2024-02-04 18:42:37;completed;Курьер;Уфа;3090;0;590;3680
700692;;5009482;2024-02-04 14:07:32;completed;СДЭК;Пермь;1479;39;490;1930
700693;204413;5009484;2024-02-04 18:42:33;completed;Курьер;Миасс;32345;3234;390;29501
700694;;5009494;2024-02-04 12:38:56;completed;Самовывоз;Магнитогорск;33567;0;0;33567
700695;202855;5009529;2024-02-04 14:56:18;completed;Самовывоз;Миасс;18990;0;0;18990
700696;205096;5009535;2024-02-04 16:08:53;completed;Самовывоз;Челябинск;24990;1749;0;23241
700697;207809;5009540;2024-02-04 13:32:05;completed;Курьер;Златоуст;2230;40;590;2780
700698;201062;5009578;2024-02-04 22:39:41;completed;Почта России;Челябинск;78980;0;450;79430
700699;208388;5009590;2024-02-04 18:42:11;completed;Самовывоз;Миасс;7345;0;0;7345
700700;206977;5009600;2024-02-04 15:02:19;completed;Самовывоз;Челябинск;81790;2454;0;79336
700701;207451;5009612;2024-02-04 11:57:06;completed;Самовывоз;Челябинск;42790;0;0;42790
700702;;5009646;2024-02-04 11:22:48;completed;Почта России;Челябинск;74790;5235;550;70105
700703;207412;5009650;2024-02-04 12:03:05;completed;Курьер;Челябинск;60835;1749;0;59086
700704;204422;5009695;2024-02-04 16:19:25;completed;Курьер;Челябинск;19490;1949;0;17541
700705;;5009716;2024-02-05 17:56:28;payment_failed;Самовывоз;Магнитогорск;21345;0;0;21345
700706;206769;5009718;2024-02-05 16:18:17;completed;СДЭК;Тюмень;4790;144;590;5236
700707;205690;5009759;2024-02-05 17:50:01;completed;Курьер;Пермь;27080;0;390;27470
700708;;5009771;2024-02-05 14:39:36;payment_failed;Самовывоз;Копейск;23345;0;0;23345
700709;202534;5009773;2024-02-05 17:30:52;completed;Самовывоз;Курган;43090;4309;0;38781
700710;204250;5009776;2024-02-05 16:31:25;completed;Почта России;Екатеринбург;4790;479;550;4861
700711;204620;5009833;2024-02-05 10:19:40;completed;СДЭК;Курган;690;69;490;1111
700712;207253;5009835;2024-02-05 20:01:23;completed;Курьер;Миасс;37990;0;590;38580
700713;201089;5009844;2024-02-05 18:36:33;cancelled;Курьер;Челябинск;2567;0;290;2857
700714;201823;5009855;2024-02-05 20:44:00;completed;Курьер;Екатеринбург;57880;1704;390;56566
700715;209353;5009864;2024-02-05 18:06:46;completed;СДЭК;Миасс;879;0;690;1569
700716;208701;5009868;2024-02-05 14:57:23;completed;Курьер;Челябинск;19567;1957;0;17610
700717;;5009873;2024-02-05 08:29:43;payment_failed;Самовывоз;Миасс;26345;0;0;26345
700718;206031;5009878;2024-02-05 23:26:02;completed;Курьер;Челябинск;22280;0;0;22280
700719;;5009891;2024-02-05 12:15:11;completed;Курьер;Челябинск;1090;0;290;1380
700720;;5009897;2024-02-05 17:05:41;completed;СДЭК;Тюмень;21990;0;590;22580
700721;;5009905;2024-02-05 17:49:32;returned;СДЭК;Пермь;111490;3345;490;108635
700722;209175;5009908;2024-02-05 10:29:52;completed;Курьер;Новосибирск;4090;0;590;4680
700723;206484;5009917;2024-02-05 11:32:48;completed;Самовывоз;Челябинск;45345;0;0;45345
700724;200616;5009919;2024-02-05 17:32:00;completed;Самовывоз;Челябинск;37580;75;0;37505
700725;207349;5009920;2024-02-05 09:05:42;completed;Курьер;Санкт-Петербург;692;0;590;1282
700726;204141;5009935;2024-02-05 21:14:55;completed;Самовывоз;Челябинск;3490;105;0;3385
700727;204610;5009936;2024-02-05 16:45:21;completed;Самовывоз;Санкт-Петербург;110790;0;0;110790
700728;203325;5009937;2024-02-05 18:54:02;completed;Самовывоз;Пермь;40345;0;0;40345
700729;202221;5009947;2024-02-05 12:08:40;completed;Курьер;Москва;689;48;390;1031
700730;207834;5009951;2024-02-05 17:04:45;completed;Самовывоз;Челябинск;58580;1974;0;56606
700731;209959;5009964;2024-02-05 18:21:12;completed;СДЭК;Челябинск;19790;0;590;20380
700732;209749;5009978;2024-02-05 19:58:51;completed;Почта России;Пермь;4490;135;550;4905
700733;207761;5009987;2024-02-05 15:09:06;payment_failed;Самовывоз;Оренбург;12345;1234;0;11111
700734;202614;5009991;2024-02-05 17:09:56;completed;Курьер;Челябинск;79567;0;0;79567
700735;209576;5009998;2024-02-06 11:38:28;completed;Самовывоз;Копейск;4090;204;0;3886
700736;203623;5010004;2024-02-06 13:31:14;completed;Курьер;Москва;86657;371;390;86676
700737;205416;5010008;2024-02-06 17:41:07;completed;Самовывоз;Екатеринбург;4790;0;0;4790
700738;208752;5010012;2024-02-06 22:40:20;payment_failed;Самовывоз;Челябинск;8090;243;0;7847
700739;206675;5010038;2024-02-06 11:42:26;completed;Курьер;Оренбург;85150;144;590;85596
700740;202077;5010049;2024-02-06 11:33:14;completed;СДЭК;Тюмень;24790;1240;390;23940
700741;201732;5010053;2024-02-06 16:26:07;completed;Самовывоз;Уфа;72790;0;0;72790
700742;202360;5010073;2024-02-06 17:10:53;completed;Курьер;Курган;29780;1589;590;28781
700743;209112;5010075;2024-02-06 18:44:10;completed;СДЭК;Ижевск;898;0;390;1288
700744;200549;5010081;2024-02-06 11:29:21;completed;Курьер;Челябинск;36490;0;0;36490
700745;209380;5010091;2024-02-06 22:07:48;completed;Курьер;Ижевск;7990;559;490;7921
700746;205705;5010118;2024-02-06 19:44:34;completed;Самовывоз;Челябинск;43335;4243;0;39092
700747;204899;5010140;2024-02-06 16:36:50;completed;Курьер;Копейск;11567;0;390;11957
700748;209990;5010148;2024-02-06 23:24:49;completed;Курьер;Златоуст;51490;1545;390;50335
700749;203752;5010159;2024-02-06 13:50:48;completed;Самовывоз;Санкт-Петербург;19490;2339;0;17151
700750;207198;5010192;2024-02-06 22:48:10;completed;Курьер;Уфа;27790;834;390;27346
700751;205535;5010203;2024-02-06 19:11:40;completed;Курьер;Челябинск;128789;0;0;128789
700752;;5010217;2024-02-06 09:32:45;completed;Курьер;Челябинск;56345;0;0;56345
700753;206763;5010233;2024-02-06 20:42:15;payment_failed;СДЭК;Челябинск;24990;0;590;25580
700754;208832;5010242;2024-02-06 19:21:42;completed;Курьер;Казань;21345;1067;390;20668
700755;201448;5010253;2024-02-06 19:45:10;payment_failed;Самовывоз;Челябинск;29124;378;0;28746
700756;208040;5010256;2024-02-06 13:43:12;completed;СДЭК;Челябинск;33557;1287;390;32660
700757;200871;5010276;2024-02-06 22:36:31;completed;Курьер;Челябинск;10345;1241;0;9104
700758;207869;5010308;2024-02-07 20:58:44;completed;Самовывоз;Новосибирск;10990;0;0;10990
700759;200457;5010313;2024-02-07 17:17:24;completed;Самовывоз;Челябинск;686;69;0;617
700760;206896;5010314;2024-02-07 18:43:59;completed;Курьер;Челябинск;23670;391;0;23279
700761;203360;5010322;2024-02-07 08:48:49;completed;Курьер;Самара;27090;1354;390;26126
700762;202398;5010329;2024-02-07 11:07:17;completed;Самовывоз;Златоуст;28490;1424;0;27066
700763;207058;5010360;2024-02-07 09:57:53;completed;Самовывоз;Миасс;205447;17818;0;187629
700764;209398;5010370;2024-02-07 18:01:00;completed;Самовывоз;Магнитогорск;38345;0;0;38345
700765;203197;5010380;2024-02-07 18:58:54;payment_failed;СДЭК;Казань;3490;174;390;3706
700766;204879;5010383;2024-02-07 17:57:24;completed;Самовывоз;Челябинск;18790;0;0;18790
700767;202913;5010394;2024-02-07 15:07:59;completed;Самовывоз;Санкт-Петербург;35490;0;0;35490
700768;202165;5010442;2024-02-07 21:32:34;completed;Почта России;Миасс;4567;0;550;5117
700769;;5010446;2024-02-07 18:42:24;completed;Курьер;Оренбург;36090;2526;490;34054
700770;203693;5010467;2024-02-07 11:43:09;completed;Самовывоз;Копейск;66135;1774;0;64361
700771;201076;5010477;2024-02-07 12:38:24;completed;Самовывоз;Миасс;4355;305;0;4050
700772;201006;5010504;2024-02-07 23:17:25;completed;Самовывоз;Казань;28567;0;0;28567
700773;;5010507;2024-02-07 18:35:08;completed;Самовывоз;Челябинск;52090;0;0;52090
700774;208119;5010578;2024-02-07 15:33:51;completed;Курьер;Екатеринбург;34790;0;390;35180
700775;205833;5010579;2024-02-07 21:49:19;cancelled;СДЭК;Копейск;64774;21;490;65243
700776;201220;5010582;2024-02-07 22:51:48;completed;Курьер;Екатеринбург;21345;1067;490;20768
700777;201181;5010586;2024-02-07 21:12:18;completed;СДЭК;Санкт-Петербург;19490;0;490;19980
700778;209292;5010609;2024-02-08 18:10:50;completed;СДЭК;Челябинск;85567;0;590;86157
700779;209426;5010618;2024-02-08 17:47:45;completed;Курьер;Челябинск;877;44;290;1123
700780;;5010667;2024-02-08 23:48:57;completed;СДЭК;Новосибирск;3490;0;690;4180
700781;203070;5010684;2024-02-08 13:01:00;completed;Почта России;Челябинск;54835;1824;550;53561
700782;203664;5010685;2024-02-08 17:41:54;cancelled;СДЭК;Санкт-Петербург;85090;4254;390;81226
700783;208078;5010729;2024-02-08 11:47:19;completed;СДЭК;Екатеринбург;36057;1037;690;35710
700784;;5010732;2024-02-08 17:28:19;completed;Самовывоз;Челябинск;6567;0;0;6567
700785;204149;5010742;2024-02-08 22:04:41;completed;Самовывоз;Екатеринбург;28567;2000;0;26567
700786;206565;5010750;2024-02-08 15:09:39;completed;СДЭК;Москва;3490;0;690;4180
700787;204587;5010762;2024-02-08 20:34:40;completed;Курьер;Сургут;114376;160;390;114606
700788;203807;5010764;2024-02-08 12:10:07;completed;Курьер;Златоуст;11090;0;390;11480
700789;203133;5010774;2024-02-08 21:23:58;completed;СДЭК;Сургут;893;0;690;1583
700790;200919;5010777;2024-02-08 17:06:01;completed;СДЭК;Миасс;1790;0;590;2380
700791;;5010786;2024-02-08 16:05:01;completed;Самовывоз;Челябинск;52557;209;0;52348
700792;204775;5010788;2024-02-08 21:39:06;completed;Самовывоз;Москва;9567;0;0;9567
700793;202543;5010814;2024-02-08 22:46:31;completed;Самовывоз;Тюмень;70090;4906;0;65184
700794;203360;5010821;2024-02-08 12:18:39;completed;Курьер;Самара;125790;0;590;126380
700795;206009;5010832;2024-02-08 22:40:17;completed;Курьер;Миасс;59657;4749;590;55498
700796;207194;5010838;2024-02-08 17:30:14;completed;Курьер;Челябинск;2490;124;290;2656
700797;205826;5010852;2024-02-08 15:40:48;completed;Курьер;Магнитогорск;1490;0;590;2080
700798;208289;5010853;2024-02-08 21:06:55;completed;Самовывоз;Пермь;23557;150;0;23407
700799;204826;5010884;2024-02-08 23:03:43;completed;Курьер;Челябинск;90345;0;0;90345
700800;203162;5010939;2024-02-09 17:54:51;completed;Курьер;Новосибирск;44147;543;490;44094
700801;205392;5010952;2024-02-09 23:18:21;completed;Курьер;Челябинск;25090;3011;0;22079
700802;205993;5010959;2024-02-09 13:28:00;completed;Самовывоз;Курган;28790;2015;0;26775
700803;204292;5010965;2024-02-09 17:59:58;completed;Самовывоз;Магнитогорск;83567;0;0;83567
700804;;5010972;2024-02-09 13:09:15;completed;Курьер;Копейск;32990;0;490;33480
700805;206010;5010983;2024-02-09 21:51:37;completed;Самовывоз;Курган;110990;3330;0;107660
700806;205854;5010991;2024-02-09 15:53:21;completed;Самовывоз;Копейск;38490;0;0;38490
700807;204438;5010997;2024-02-09 14:14:18;completed;Курьер;Челябинск;3567;0;290;3857
700808;206859;5011015;2024-02-09 08:53:09;completed;Самовывоз;Миасс;57790;0;0;57790
700809;208456;5011022;2024-02-09 20:10:28;completed;Курьер;Магнитогорск;1345;40;490;1795
700810;204233;5011025;2024-02-09 13:43:26;returned;Самовывоз;Уфа;21657;478;0;21179
700811;204298;5011044;2024-02-09 16:53:20;returned;Курьер;Челябинск;898;45;290;1143
700812;201484;5011060;2024-02-09 18:50:27;completed;Курьер;Челябинск;19567;587;0;18980
700813;202877;5011087;2024-02-09 15:07:59;completed;Курьер;Челябинск;8567;0;0;8567
700814;202855;5011089;2024-02-09 14:59:03;completed;Самовывоз;Миасс;66357;0;0;66357
700815;203323;5011097;2024-02-09 16:03:38;completed;Почта России;Челябинск;61335;3119;550;58766
700816;205367;5011134;2024-02-09 16:12:30;completed;Курьер;Уфа;1925;0;590;2515
700817;208524;5011182;2024-02-09 09:59:49;payment_failed;Самовывоз;Челябинск;4345;304;0;4041
700818;201962;5011208;2024-02-10 17:14:45;completed;Курьер;Екатеринбург;38990;0;590;39580
700819;207545;5011239;2024-02-10 15:16:22;completed;Курьер;Челябинск;29656;110;0;29546
700820;;5011247;2024-02-10 18:41:04;completed;Самовывоз;Екатеринбург;56090;0;0;56090
700821;201843;5011252;2024-02-10 15:27:44;completed;Курьер;Курган;113180;3504;390;110066
700822;202884;5011295;2024-02-10 18:24:23;completed;Самовывоз;Москва;564;0;0;564
700823;;5011307;2024-02-10 16:08:18;completed;СДЭК;Курган;56790;0;690;57480
700824;203127;5011324;2024-02-10 12:34:55;completed;Курьер;Нижневартовск;37174;3649;490;34015
700825;208847;5011338;2024-02-10 16:22:29;completed;Самовывоз;Копейск;2090;209;0;1881
700826;207456;5011341;2024-02-10 23:07:51;completed;Почта России;Копейск;79790;0;350;80140
700827;201488;5011343;2024-02-10 18:30:56;completed;Самовывоз;Тюмень;50790;3555;0;47235
700828;204937;5011348;2024-02-10 15:41:24;completed;СДЭК;Челябинск;80990;0;690;81680
700829;201978;5011355;2024-02-10 19:31:41;completed;Курьер;Челябинск;25567;1790;0;23777
700830;204539;5011357;2024-02-10 11:04:07;completed;Почта России;Копейск;7567;0;550;8117
700831;;5011391;2024-02-10 18:22:49;completed;Самовывоз;Златоуст;83345;4167;0;79178
700832;;5011425;2024-02-10 17:30:36;completed;СДЭК;Тюмень;2790;0;590;3380
700833;;5011441;2024-02-10 23:41:38;completed;Самовывоз;Магнитогорск;84780;9891;0;74889
700834;201927;5011443;2024-02-10 16:50:41;completed;СДЭК;Челябинск;24345;0;690;25035
700835;209693;5011461;2024-02-10 19:20:58;completed;Самовывоз;Самара;11790;0;0;11790
700836;205279;5011520;2024-02-10 18:31:05;completed;Курьер;Челябинск;8555;373;0;8182
700837;207104;5011528;2024-02-10 18:19:07;returned;СДЭК;Челябинск;1790;0;490;2280
700838;;5011553;2024-02-11 14:32:47;completed;Самовывоз;Челябинск;93980;1710;0;92270
700839;204640;5011584;2024-02-11 21:54:19;completed;Самовывоз;Магнитогорск;2990;150;0;2840
700840;200977;5011597;2024-02-11 16:24:08;completed;Самовывоз;Челябинск;787;0;0;787
700841;204813;5011608;2024-02-11 15:59:11;completed;СДЭК;Пермь;73270;3875;590;69985
700842;;5011637;2024-02-11 17:33:45;completed;Курьер;Челябинск;9790;490;0;9300
700843;201633;5011641;2024-02-11 11:13:17;payment_failed;Самовывоз;Челябинск;18790;0;0;18790
700844;200051;5011658;2024-02-11 22:38:21;payment_failed;Почта России;Магнитогорск;9567;1148;350;8769
700845;;5011670;2024-02-11 16:04:45;completed;Самовывоз;Челябинск;84780;0;0;84780
700846;;5011678;2024-02-11 10:05:49;completed;Почта России;Магнитогорск;42790;2140;450;41100
700847;203976;5011681;2024-02-11 19:46:33;completed;Курьер;Челябинск;7567;0;0;7567
700848;;5011685;2024-02-11 19:53:03;completed;Курьер;Златоуст;110141;7670;490;102961
700849;;5011694;2024-02-11 16:43:15;completed;СДЭК;Миасс;101880;564;490;101806
700850;209869;5011703;2024-02-11 19:50:52;completed;Курьер;Екатеринбург;42567;0;590;43157
700851;200144;5011710;2024-02-11 14:47:55;completed;Курьер;Нижневартовск;1990;0;590;2580
700852;203427;5011715;2024-02-11 19:09:34;completed;СДЭК;Копейск;37490;1874;490;36106
700853;;5011727;2024-02-11 11:04:49;completed;Курьер;Магнитогорск;4090;0;590;4680
700854;204914;5011738;2024-02-11 17:49:57;completed;СДЭК;Москва;17567;0;490;18057
700855;209857;5011806;2024-02-11 22:19:55;completed;Почта России;Магнитогорск;4345;0;350;4695
700856;200161;5011820;2024-02-11 18:32:01;completed;Курьер;Магнитогорск;24657;1546;490;23601
700857;204576;5011827;2024-02-11 13:03:47;completed;Самовывоз;Челябинск;25790;0;0;25790
700858;209651;5011875;2024-02-12 20:12:45;completed;СДЭК;Екатеринбург;25790;774;690;25706
700859;;5011876;2024-02-12 19:14:02;completed;Самовывоз;Уфа;690;0;0;690
700860;203257;5011879;2024-02-12 15:03:28;completed;Курьер;Самара;29090;0;390;29480
700861;202254;5011909;2024-02-12 18:48:28;completed;СДЭК;Тюмень;90179;34;390;90535
700862;205925;5011911;2024-02-12 16:04:15;completed;Самовывоз;Пермь;2090;0;0;2090
700863;208216;5011913;2024-02-12 14:23:52;completed;Курьер;Челябинск;3435;40;290;3685
700864;209226;5011933;2024-02-12 22:50:30;completed;Самовывоз;Тюмень;688;21;0;667
700865;202687;5011943;2024-02-12 23:22:21;completed;Самовывоз;Челябинск;3567;357;0;3210
700866;;5011973;2024-02-12 18:43:47;completed;Самовывоз;Челябинск;39134;1237;0;37897
700867;202980;5011976;2024-02-12 15:54:21;completed;Самовывоз;Копейск;4345;434;0;3911
700868;202818;5011977;2024-02-12 18:57:37;completed;Курьер;Миасс;20567;1440;390;19517
700869;207218;5011979;2024-02-12 09:10:09;completed;СДЭК;Ижевск;3990;120;490;4360
700870;201392;5011995;2024-02-12 11:17:54;completed;Самовывоз;Екатеринбург;2490;174;0;2316
700871;201060;5012004;2024-02-12 17:36:08;completed;Курьер;Уфа;22980;0;590;23570
700872;207596;5012018;2024-02-12 15:43:53;returned;Курьер;Сургут;3345;0;490;3835
700873;;5012058;2024-02-12 21:48:15;completed;СДЭК;Москва;1649;61;590;2178
700874;;5012065;2024-02-12 14:55:27;completed;Самовывоз;Москва;39835;1649;0;38186
700875;;5012068;2024-02-12 15:23:17;completed;Курьер;Курган;67090;8051;590;59629
700876;207372;5012084;2024-02-12 11:05:36;completed;Самовывоз;Челябинск;85990;4300;0;81690
700877;200725;5012087;2024-02-12 17:03:05;completed;Курьер;Челябинск;126090;0;0;126090
700878;203734;5012141;2024-02-13 22:57:16;completed;Курьер;Новосибирск;7580;725;390;7245
700879;206447;5012157;2024-02-13 17:55:42;completed;СДЭК;Магнитогорск;7090;0;490;7580
700880;207551;5012179;2024-02-13 20:40:59;payment_failed;Курьер;Челябинск;69490;3474;0;66016
700881;209380;5012180;2024-02-13 13:23:17;completed;Самовывоз;Ижевск;45580;2535;0;43045
700882;206607;5012184;2024-02-13 18:59:12;completed;Самовывоз;Магнитогорск;65780;990;0;64790
700883;206404;5012220;2024-02-13 14:46:13;completed;Курьер;Челябинск;3090;309;290;3071
700884;209093;5012222;2024-02-13 17:43:58;payment_failed;Самовывоз;Копейск;17490;0;0;17490
700885;207268;5012229;2024-02-13 08:02:55;completed;Самовывоз;Уфа;4090;123;0;3967
700886;201599;5012233;2024-02-13 11:40:11;completed;Курьер;Екатеринбург;2990;0;490;3480
700887;201888;5012261;2024-02-13 19:05:54;completed;Почта России;Казань;1090;54;550;1586
700888;;5012264;2024-02-13 21:59:20;returned;Курьер;Челябинск;3090;0;290;3380
700889;207692;5012269;2024-02-13 16:24:41;completed;Курьер;Уфа;56990;0;590;57580
700890;200387;5012290;2024-02-13 17:20:27;completed;СДЭК;Миасс;51780;1799;390;50371
700891;200629;5012302;2024-02-13 18:15:40;completed;Курьер;Челябинск;2990;0;290;3280
700892;207218;5012345;2024-02-13 16:27:31;completed;Самовывоз;Ижевск;35990;1800;0;34190
700893;203350;5012368;2024-02-13 20:17:10;completed;Курьер;Екатеринбург;39567;1978;590;38179
700894;204051;5012432;2024-02-14 17:07:17;completed;Почта России;Челябинск;7990;240;550;8300
700895;206884;5012451;2024-02-14 16:51:34;completed;Курьер;Челябинск;1490;45;290;1735
700896;202988;5012486;2024-02-14 21:58:51;completed;Почта России;Челябинск;1790;0;350;2140
700897;209106;5012487;2024-02-14 14:17:42;completed;Самовывоз;Магнитогорск;78790;0;0;78790
700898;207378;5012491;2024-02-14 22:31:15;completed;Курьер;Тюмень;39490;2764;490;37216
700899;202151;5012495;2024-02-14 15:48:09;completed;Курьер;Миасс;64790;0;490;65280
700900;204640;5012558;2024-02-14 16:42:32;completed;СДЭК;Магнитогорск;6490;649;690;6531
700901;206882;5012584;2024-02-14 23:07:50;completed;Самовывоз;Москва;8231;44;0;8187
700902;204336;5012618;2024-02-14 19:46:15;completed;Курьер;Челябинск;64790;0;0;64790
700903;;5012664;2024-02-14 22:03:38;completed;Самовывоз;Нижневартовск;26980;810;0;26170
700904;;5012669;2024-02-14 20:29:56;completed;Самовывоз;Копейск;1790;0;0;1790
700905;204730;5012697;2024-02-15 12:20:28;returned;Самовывоз;Челябинск;1990;199;0;1791
700906;208038;5012703;2024-02-15 21:51:55;completed;Самовывоз;Челябинск;33990;0;0;33990
700907;;5012704;2024-02-15 18:01:57;completed;Курьер;Москва;34790;0;390;35180
700908;;5012737;2024-02-15 11:08:52;cancelled;Курьер;Сургут;82790;4140;590;79240
700909;208052;5012738;2024-02-15 16:54:37;completed;СДЭК;Челябинск;791;0;590;1381
700910;207659;5012791;2024-02-15 14:42:31;completed;СДЭК;Челябинск;25990;0;590;26580
700911;207829;5012800;2024-02-15 10:00:38;completed;Курьер;Екатеринбург;26567;0;390;26957
700912;202429;5012830;2024-02-15 20:27:09;completed;СДЭК;Казань;27090;0;390;27480
700913;203162;5012849;2024-02-15 14:27:55;completed;Курьер;Новосибирск;13025;20;590;13595
700914;203171;5012874;2024-02-15 13:34:27;completed;Самовывоз;Нижневартовск;35990;2519;0;33471
700915;;5012884;2024-02-15 17:46:46;completed;Самовывоз;Миасс;688;48;0;640
700916;207123;5012916;2024-02-15 19:02:01;completed;СДЭК;Копейск;3090;0;690;3780
700917;201504;5012924;2024-02-15 13:20:34;completed;Курьер;Копейск;13567;0;490;14057
700918;207321;5012959;2024-02-15 23:17:27;completed;Курьер;Магнитогорск;50990;0;490;51480
700919;208750;5012976;2024-02-16 22:40:00;payment_failed;Курьер;Челябинск;1490;104;290;1676
700920;;5012984;2024-02-16 18:20:59;returned;Курьер;Уфа;2990;299;390;3081
700921;209309;5013033;2024-02-16 17:27:12;payment_failed;Курьер;Ижевск;74490;3724;390;71156
700922;204108;5013053;2024-02-16 15:28:25;completed;Самовывоз;Москва;27490;0;0;27490
700923;200331;5013061;2024-02-16 18:40:47;completed;Самовывоз;Магнитогорск;19567;0;0;19567
700924;204241;5013069;2024-02-16 20:14:43;completed;Курьер;Челябинск;7345;0;0;7345
700925;;5013071;2024-02-16 19:31:48;returned;Самовывоз;Москва;57490;0;0;57490
700926;205703;5013107;2024-02-16 19:36:55;completed;Самовывоз;Челябинск;4490;314;0;4176
700927;204971;5013116;2024-02-16 14:28:04;completed;Самовывоз;Тюмень;77835;117;0;77718
700928;204715;5013117;2024-02-16 22:50:42;completed;Курьер;Сургут;17490;0;590;18080
700929;200454;5013120;2024-02-16 17:44:21;completed;Самовывоз;Копейск;32490;0;0;32490
700930;209798;5013145;2024-02-16 19:25:30;completed;Курьер;Уфа;157880;7298;590;151172
700931;208584;5013174;2024-02-16 21:38:41;completed;СДЭК;Миасс;19567;1370;690;18887
700932;202818;5013199;2024-02-16 20:55:47;completed;Курьер;Миасс;694;0;590;1284
700933;208635;5013203;2024-02-16 11:10:21;completed;СДЭК;Новосибирск;19990;0;390;20380
700934;206291;5013218;2024-02-16 20:34:40;completed;СДЭК;Челябинск;560;28;490;1022
700935;209505;5013227;2024-02-16 20:04:50;completed;Курьер;Челябинск;2345;0;290;2635
700936;202539;5013300;2024-02-17 21:49:37;payment_failed;Курьер;Златоуст;73657;7257;590;66990
700937;204019;5013319;2024-02-17 15:18:06;completed;Курьер;Екатеринбург;36567;2560;390;34397
700938;204667;5013374;2024-02-17 15:38:16;completed;СДЭК;Пермь;89990;0;690;90680
700939;;5013380;2024-02-17 13:47:07;completed;Курьер;Челябинск;2990;0;290;3280
700940;209403;5013392;2024-02-17 21:51:38;returned;Почта России;Копейск;28490;855;550;28185
700941;201860;5013415;2024-02-17 15:29:40;completed;Самовывоз;Челябинск;29679;1440;0;28239
700942;203540;5013447;2024-02-17 16:41:37;completed;Самовывоз;Челябинск;35490;0;0;35490
700943;204108;5013460;2024-02-17 10:08:49;completed;Курьер;Москва;563;28;490;1025
700944;201483;5013462;2024-02-17 13:19:55;completed;Курьер;Копейск;9490;474;590;9606
700945;204011;5013486;2024-02-17 18:29:42;payment_failed;Самовывоз;Челябинск;44980;2248;0;42732
700946;201298;5013512;2024-02-17 09:50:34;completed;СДЭК;Курган;11490;345;590;11735
700947;;5013528;2024-02-17 08:19:55;payment_failed;СДЭК;Миасс;2090;209;490;2371
700948;208306;5013546;2024-02-18 23:21:43;completed;Самовывоз;Казань;64990;0;0;64990
700949;;5013551;2024-02-18 13:01:58;completed;Почта России;Уфа;24090;2409;550;22231
700950;203272;5013559;2024-02-18 11:18:40;completed;СДЭК;Екатеринбург;689;69;490;1110
700951;;5013566;2024-02-18 14:09:58;returned;Самовывоз;Челябинск;2567;0;0;2567
700952;209551;5013625;2024-02-18 23:52:54;completed;Почта России;Магнитогорск;7490;0;450;7940
700953;209226;5013642;2024-02-18 20:33:45;completed;Почта России;Тюмень;40990;0;550;41540
700954;205129;5013643;2024-02-18 13:18:04;completed;Курьер;Казань;13790;0;490;14280
700955;200875;5013677;2024-02-18 16:34:04;completed;Курьер;Челябинск;19345;967;0;18378
700956;201172;5013705;2024-02-18 18:10:15;completed;СДЭК;Челябинск;125345;6267;390;119468
700957;;5013706;2024-02-18 12:38:39;completed;Курьер;Сургут;7180;54;490;7616
700958;;5013733;2024-02-18 16:36:56;completed;Курьер;Магнитогорск;39490;1185;590;38895
700959;;5013736;2024-02-18 09:27:54;completed;Самовывоз;Челябинск;2690;134;0;2556
700960;200449;5013752;2024-02-18 18:15:38;completed;Самовывоз;Челябинск;28345;0;0;28345
700961;202143;5013761;2024-02-18 19:05:09;completed;СДЭК;Челябинск;8690;461;690;8919
700962;200537;5013847;2024-02-19 10:26:43;payment_failed;Курьер;Челябинск;25990;0;0;25990
700963;204422;5013850;2024-02-19 16:17:03;completed;Курьер;Челябинск;58689;21;0;58668
700964;206169;5013868;2024-02-19 18:26:36;completed;СДЭК;Магнитогорск;49002;1784;490;47708
700965;205029;5013875;2024-02-19 16:41:32;completed;Курьер;Магнитогорск;19567;587;490;19470
700966;207305;5013882;2024-02-19 18:27:56;payment_failed;СДЭК;Челябинск;885;27;690;1548
700967;208399;5013888;2024-02-19 10:13:06;completed;Самовывоз;Курган;49142;1979;0;47163
700968;;5013911;2024-02-19 16:31:15;completed;Курьер;Челябинск;37674;0;0;37674
700969;;5013919;2024-02-19 11:22:07;cancelled;Самовывоз;Ижевск;30435;1966;0;28469
700970;;5013942;2024-02-19 09:38:16;completed;Курьер;Челябинск;24180;1498;0;22682
700971;201776;5013944;2024-02-19 18:57:58;completed;Самовывоз;Челябинск;26280;735;0;25545
700972;;5013946;2024-02-19 09:54:42;completed;Самовывоз;Екатеринбург;22090;663;0;21427
700973;202958;5014039;2024-02-19 22:51:38;completed;Самовывоз;Копейск;27090;0;0;27090
700974;;5014048;2024-02-19 19:16:16;completed;Самовывоз;Казань;73180;7195;0;65985
700975;208785;5014054;2024-02-19 13:42:35;completed;СДЭК;Челябинск;64090;0;490;64580
700976;;5014062;2024-02-19 19:29:17;completed;Курьер;Курган;77345;3867;590;74068
700977;201884;5014072;2024-02-19 14:02:15;completed;Курьер;Магнитогорск;37090;1113;590;36567
700978;200581;5014073;2024-02-19 23:40:09;completed;СДЭК;Копейск;79090;3954;590;75726
700979;204428;5014077;2024-02-19 11:13:01;completed;СДЭК;Миасс;7790;0;590;8380
700980;;5014085;2024-02-19 13:18:24;completed;Самовывоз;Москва;4790;0;0;4790
700981;200076;5014086;2024-02-19 14:58:25;completed;Курьер;Екатеринбург;110990;5550;490;105930
700982;;5014091;2024-02-19 13:33:10;payment_failed;СДЭК;Челябинск;40790;0;590;41380
700983;;5014104;2024-02-19 18:21:03;completed;Курьер;Курган;65064;4514;390;60940
700984;;5014110;2024-02-19 18:34:46;completed;СДЭК;Челябинск;19090;0;490;19580
700985;205713;5014125;2024-02-19 16:45:07;completed;Курьер;Челябинск;40345;0;0;40345
700986;201752;5014142;2024-02-20 14:55:53;completed;Курьер;Самара;11990;360;590;12220
700987;;5014177;2024-02-20 10:32:10;cancelled;Курьер;Копейск;4090;123;490;4457
700988;206723;5014185;2024-02-20 13:10:35;completed;Курьер;Уфа;25345;0;490;25835
700989;207607;5014198;2024-02-20 11:07:52;completed;СДЭК;Нижневартовск;74567;8948;490;66109
700990;204825;5014214;2024-02-20 15:58:22;payment_failed;СДЭК;Тюмень;91790;9179;590;83201
700991;203477;5014226;2024-02-20 15:44:39;returned;Самовывоз;Магнитогорск;18490;0;0;18490
700992;203587;5014238;2024-02-20 19:41:48;completed;Курьер;Миасс;38567;4628;390;34329
700993;;5014262;2024-02-20 14:33:26;completed;СДЭК;Челябинск;38090;2666;490;35914
700994;207183;5014274;2024-02-20 17:01:29;completed;Курьер;Самара;79790;0;490;80280
700995;203248;5014288;2024-02-20 22:06:29;completed;СДЭК;Оренбург;31835;0;390;32225
700996;203158;5014289;2024-02-20 11:27:49;completed;Самовывоз;Копейск;24990;0;0;24990
700997;200798;5014321;2024-02-20 13:43:07;completed;Курьер;Миасс;802;40;590;1352
700998;;5014327;2024-02-20 20:59:12;completed;Самовывоз;Копейск;64345;0;0;64345
700999;;5014333;2024-02-20 15:56:16;completed;Курьер;Пермь;24057;2339;590;22308
701000;209169;5014334;2024-02-20 16:04:44;payment_failed;СДЭК;Магнитогорск;68080;154;690;68616
701001;;5014341;2024-02-20 22:48:30;completed;Курьер;Пермь;898;0;390;1288
701002;206444;5014361;2024-02-20 15:54:37;completed;Почта России;Копейск;2790;0;550;3340
701003;200133;5014366;2024-02-20 14:07:46;completed;Самовывоз;Копейск;7790;234;0;7556
701004;208658;5014386;2024-02-20 18:35:52;payment_failed;Самовывоз;Нижневартовск;4990;250;0;4740
701005;;5014434;2024-02-21 20:17:04;completed;Почта России;Казань;35345;0;550;35895
701006;203644;5014436;2024-02-21 20:54:22;completed;Самовывоз;Челябинск;18490;924;0;17566
701007;208030;5014470;2024-02-21 20:34:55;completed;Курьер;Екатеринбург;6090;183;490;6397
701008;203334;5014481;2024-02-21 21:18:16;completed;Самовывоз;Златоуст;5090;611;0;4479
701009;204088;5014485;2024-02-21 17:52:43;completed;Курьер;Оренбург;900;63;590;1427
701010;205448;5014501;2024-02-21 16:44:03;completed;Курьер;Челябинск;35567;0;0;35567
701011;200999;5014504;2024-02-21 10:01:34;completed;Самовывоз;Челябинск;72780;2100;0;70680
701012;204795;5014511;2024-02-21 13:18:59;completed;Почта России;Москва;3790;0;350;4140
701013;205067;5014512;2024-02-21 22:08:58;completed;СДЭК;Челябинск;34345;0;590;34935
701014;204485;5014513;2024-02-21 19:16:43;completed;Курьер;Сургут;40090;0;390;40480
701015;;5014524;2024-02-21 20:05:58;completed;Курьер;Новосибирск;52835;5115;590;48310
701016;206302;5014530;2024-02-21 11:44:49;completed;Курьер;Сургут;108790;0;390;109180
701017;209526;5014534;2024-02-21 12:43:20;completed;Курьер;Магнитогорск;84124;617;490;83997
701018;206871;5014538;2024-02-21 20:46:19;returned;СДЭК;Магнитогорск;1090;0;690;1780
701019;208627;5014554;2024-02-21 20:31:01;completed;СДЭК;Екатеринбург;27345;0;690;28035
701020;205452;5014558;2024-02-21 17:26:01;completed;СДЭК;Златоуст;18090;904;590;17776
701021;200280;5014600;2024-02-21 15:53:28;completed;Курьер;Челябинск;6490;0;0;6490
701022;;5014610;2024-02-21 10:32:07;completed;Курьер;Казань;7790;545;490;7735
701023;206038;5014614;2024-02-21 20:00:22;completed;СДЭК;Златоуст;12090;0;390;12480
701024;202036;5014630;2024-02-21 12:26:48;completed;Курьер;Миасс;23990;1200;390;23180
701025;205165;5014656;2024-02-21 15:29:05;completed;Самовывоз;Копейск;27345;0;0;27345
701026;209565;5014658;2024-02-21 18:48:31;payment_failed;Самовывоз;Златоуст;18790;0;0;18790
701027;208317;5014659;2024-02-21 16:30:13;completed;СДЭК;Ижевск;3990;479;590;4101
701028;200914;5014671;2024-02-21 11:58:57;completed;Курьер;Златоуст;8345;0;390;8735
701029;205798;5014689;2024-02-21 20:51:05;completed;Курьер;Тюмень;14490;0;490;14980
701030;209300;5014727;2024-02-21 11:56:55;completed;Самовывоз;Пермь;28567;2857;0;25710
701031;202564;5014734;2024-02-22 13:59:59;completed;Самовывоз;Челябинск;35090;0;0;35090
701032;200342;5014768;2024-02-22 11:05:18;completed;Почта России;Магнитогорск;27345;0;350;27695
701033;209760;5014820;2024-02-22 23:27:36;completed;Курьер;Пермь;45580;3190;590;42980
701034;204638;5014834;2024-02-22 14:01:55;completed;Самовывоз;Сургут;1345;0;0;1345
701035;208313;5014880;2024-02-22 18:41:14;completed;Курьер;Челябинск;42490;0;0;42490
701036;;5014914;2024-02-22 13:40:23;completed;Самовывоз;Пермь;3080;60;0;3020
701037;;5014936;2024-02-22 22:10:11;completed;Почта России;Пермь;6090;426;350;6014
701038;202403;5014950;2024-02-22 21:42:59;completed;СДЭК;Оренбург;7990;240;690;8440
701039;200411;5014953;2024-02-22 16:10:23;completed;Самовывоз;Екатеринбург;2490;249;0;2241
701040;200600;5014964;2024-02-22 13:20:18;completed;Самовывоз;Нижневартовск;569;0;0;569
701041;204139;5014969;2024-02-22 11:47:52;payment_failed;Самовывоз;Миасс;30912;0;0;30912
701042;;5014986;2024-02-22 17:41:24;completed;Курьер;Челябинск;21345;640;0;20705
701043;204612;5014989;2024-02-22 22:36:39;completed;Курьер;Копейск;25090;0;390;25480
701044;203161;5015002;2024-02-22 23:14:03;completed;Курьер;Магнитогорск;1490;179;490;1801
701045;204223;5015009;2024-02-22 20:58:38;payment_failed;Самовывоз;Копейск;38357;0;0;38357
701046;203513;5015010;2024-02-22 18:03:40;cancelled;Самовывоз;Москва;28567;2000;0;26567
701047;202574;5015013;2024-02-22 14:21:28;completed;Курьер;Миасс;102780;5040;490;98230
701048;200676;5015017;2024-02-22 16:11:07;completed;Самовывоз;Новосибирск;35990;3599;0;32391
701049;207718;5015018;2024-02-22 19:28:16;completed;СДЭК;Копейск;3335;139;490;3686
701050;;5015026;2024-02-23 09:30:32;returned;Самовывоз;Копейск;18990;0;0;18990
701051;205631;5015087;2024-02-23 17:46:26;completed;Курьер;Челябинск;1090;0;290;1380
701052;205477;5015090;2024-02-23 14:54:28;completed;Самовывоз;Копейск;9990;0;0;9990
701053;206170;5015092;2024-02-23 11:39:36;completed;СДЭК;Тюмень;6567;657;590;6500
701054;209173;5015111;2024-02-23 13:58:18;completed;Курьер;Челябинск;4790;0;290;5080
701055;205087;5015154;2024-02-23 19:06:28;completed;Почта России;Пермь;37990;0;350;38340
701056;209918;5015181;2024-02-23 14:16:31;completed;Курьер;Челябинск;31650;39;0;31611
701057;208040;5015183;2024-02-23 15:24:21;completed;Почта России;Челябинск;781;39;550;1292
701058;206320;5015216;2024-02-23 14:13:22;completed;СДЭК;Екатеринбург;1990;139;690;2541
701059;204389;5015219;2024-02-23 17:02:05;returned;Курьер;Челябинск;34880;1203;0;33677
701060;204744;5015241;2024-02-23 20:31:26;completed;СДЭК;Копейск;7090;496;690;7284
701061;201996;5015245;2024-02-23 14:16:17;completed;Почта России;Челябинск;29280;0;450;29730
701062;;5015248;2024-02-23 17:52:42;completed;Курьер;Уфа;55490;0;590;56080
701063;205039;5015251;2024-02-23 18:52:02;completed;Курьер;Челябинск;4790;0;290;5080
701064;203974;5015260;2024-02-23 12:49:10;completed;Самовывоз;Магнитогорск;57345;1720;0;55625
701065;200807;5015273;2024-02-23 14:05:50;completed;СДЭК;Челябинск;25490;0;590;26080
701066;;5015282;2024-02-23 22:56:46;completed;Почта России;Копейск;1345;0;450;1795
701067;202169;5015295;2024-02-23 17:09:06;completed;Курьер;Челябинск;62124;4290;0;57834
701068;209290;5015313;2024-02-24 22:10:52;completed;Самовывоз;Челябинск;110090;0;0;110090
701069;205398;5015315;2024-02-24 15:31:10;completed;Курьер;Челябинск;14335;1660;0;12675
701070;;5015319;2024-02-24 12:30:21;completed;СДЭК;Самара;11557;178;490;11869
701071;201653;5015327;2024-02-24 13:35:30;completed;Самовывоз;Тюмень;1345;0;0;1345
701072;;5015334;2024-02-24 14:16:41;completed;СДЭК;Сургут;56567;3960;490;53097
701073;203891;5015341;2024-02-24 10:02:20;completed;Самовывоз;Нижневартовск;3280;45;0;3235
701074;;5015360;2024-02-24 15:26:01;completed;Курьер;Челябинск;34090;1704;0;32386
701075;207779;5015363;2024-02-24 14:29:14;completed;Почта России;Казань;6345;0;550;6895
701076;206373;5015365;2024-02-24 15:25:22;completed;Курьер;Челябинск;80090;2403;0;77687
701077;205695;5015399;2024-02-24 13:39:10;completed;Самовывоз;Казань;128090;0;0;128090
701078;209427;5015405;2024-02-24 13:25:06;completed;Курьер;Тюмень;76090;0;590;76680
701079;207553;5015442;2024-02-24 23:26:52;completed;Самовывоз;Тюмень;41480;1950;0;39530
701080;209522;5015455;2024-02-24 17:00:24;cancelled;Самовывоз;Копейск;23567;0;0;23567
701081;207099;5015460;2024-02-24 16:33:03;completed;Курьер;Копейск;1990;60;390;2320
701082;202534;5015461;2024-02-24 09:36:24;completed;Курьер;Курган;2790;140;390;3040
701083;207581;5015471;2024-02-24 21:55:30;completed;Курьер;Челябинск;34345;0;0;34345
701084;206859;5015506;2024-02-24 22:24:57;completed;Курьер;Миасс;4490;539;490;4441
701085;201294;5015513;2024-02-24 11:04:59;completed;Самовывоз;Златоуст;38790;3879;0;34911
701086;203112;5015550;2024-02-24 23:44:57;completed;Самовывоз;Уфа;7790;0;0;7790
701087;208895;5015551;2024-02-24 12:23:48;completed;Самовывоз;Копейск;7090;496;0;6594
701088;203300;5015584;2024-02-24 13:53:10;completed;Почта России;Челябинск;154980;5624;550;149906
701089;208736;5015614;2024-02-24 22:28:43;completed;Самовывоз;Челябинск;37435;3676;0;33759
701090;201550;5015629;2024-02-24 15:15:14;completed;Самовывоз;Копейск;28690;1954;0;26736
701091;209357;5015630;2024-02-24 15:10:34;completed;Курьер;Курган;20567;1028;390;19929
701092;202826;5015670;2024-02-25 17:27:37;completed;Самовывоз;Уфа;7990;0;0;7990
701093;206051;5015707;2024-02-25 13:26:42;completed;СДЭК;Миасс;40790;0;590;41380
701094;204101;5015714;2024-02-25 15:59:20;completed;Почта России;Магнитогорск;6912;180;550;7282
701095;207761;5015723;2024-02-25 15:00:22;completed;Самовывоз;Оренбург;19490;0;0;19490
701096;;5015733;2024-02-25 19:27:09;completed;Курьер;Челябинск;61125;570;0;60555
701097;205053;5015734;2024-02-25 16:49:34;completed;Курьер;Уфа;26790;0;390;27180
701098;203699;5015738;2024-02-25 18:06:53;completed;СДЭК;Челябинск;1990;0;390;2380
701099;;5015740;2024-02-25 15:04:37;cancelled;Самовывоз;Копейск;684;21;0;663
701100;202380;5015741;2024-02-25 18:27:23;completed;Почта России;Челябинск;1790;54;350;2086
701101;208384;5015754;2024-02-25 12:39:39;completed;Курьер;Копейск;78990;0;490;79480
701102;203577;5015776;2024-02-25 16:16:50;completed;Курьер;Казань;39345;1180;590;38755
701103;;5015816;2024-02-25 09:47:11;completed;Курьер;Челябинск;2990;0;290;3280
701104;201406;5015822;2024-02-25 15:34:03;completed;Курьер;Челябинск;31790;3179;0;28611
701105;208974;5015827;2024-02-25 16:54:43;completed;Курьер;Копейск;82980;4000;590;79570
701106;207036;5015844;2024-02-25 15:29:07;completed;Курьер;Екатеринбург;1490;74;390;1806
701107;206753;5015875;2024-02-25 13:31:51;completed;Курьер;Челябинск;66980;124;0;66856
701108;203068;5015908;2024-02-25 14:49:26;completed;СДЭК;Казань;10780;443;590;10927
701109;209638;5015962;2024-02-26 16:15:50;payment_failed;Самовывоз;Челябинск;55790;2790;0;53000
701110;206169;5015972;2024-02-26 13:51:42;completed;Самовывоз;Магнитогорск;2567;128;0;2439
701111;209131;5015992;2024-02-26 15:20:54;completed;Курьер;Москва;50567;0;590;51157
701112;208196;5016007;2024-02-26 22:57:33;completed;Самовывоз;Пермь;87335;8733;0;78602
701113;205558;5016016;2024-02-26 18:18:39;completed;Курьер;Магнитогорск;70870;4055;590;67405
701114;208226;5016090;2024-02-26 12:19:15;completed;Курьер;Челябинск;19567;0;0;19567
701115;206807;5016098;2024-02-26 22:15:25;payment_failed;Курьер;Челябинск;1990;0;290;2280
701116;209476;5016115;2024-02-26 13:29:20;completed;Почта России;Челябинск;2567;0;350;2917
701117;204995;5016123;2024-02-26 19:48:51;completed;Самовывоз;Казань;24557;1719;0;22838
701118;202581;5016126;2024-02-26 19:10:45;completed;Самовывоз;Магнитогорск;24090;1204;0;22886
701119;208700;5016143;2024-02-26 15:01:38;completed;Курьер;Ижевск;29580;774;490;29296
701120;;5016147;2024-02-26 23:52:52;completed;Самовывоз;Самара;1567;110;0;1457
701121;206369;5016163;2024-02-26 19:10:47;completed;Почта России;Златоуст;20280;0;350;20630
701122;202857;5016171;2024-02-26 19:13:45;completed;Самовывоз;Ижевск;18990;0;0;18990
701123;;5016186;2024-02-26 17:20:34;returned;Курьер;Копейск;572;40;490;1022
701124;209889;5016200;2024-02-26 14:48:56;completed;Самовывоз;Челябинск;3345;0;0;3345
701125;204990;5016224;2024-02-27 20:07:09;completed;Почта России;Златоуст;35470;329;350;35491
701126;;5016240;2024-02-27 17:37:50;completed;СДЭК;Челябинск;156435;0;390;156825
701127;203213;5016256;2024-02-27 17:46:41;completed;Почта России;Челябинск;77835;0;350;78185
701128;203312;5016264;2024-02-27 11:18:13;completed;СДЭК;Миасс;12490;0;690;13180
701129;201773;5016290;2024-02-27 12:01:17;completed;Почта России;Екатеринбург;105280;7559;350;98071
701130;206653;5016303;2024-02-27 18:14:35;completed;Самовывоз;Уфа;3990;0;0;3990
701131;201454;5016309;2024-02-27 11:34:39;completed;СДЭК;Пермь;100449;3093;590;97946
701132;203487;5016310;2024-02-27 08:14:12;completed;СДЭК;Копейск;11790;0;490;12280
701133;207684;5016315;2024-02-27 14:18:53;completed;Курьер;Екатеринбург;64790;4535;390;60645
701134;208408;5016334;2024-02-27 17:02:12;completed;Курьер;Златоуст;24257;35;390;24612
701135;202392;5016355;2024-02-27 12:11:48;completed;Курьер;Челябинск;1090;0;290;1380
701136;204763;5016359;2024-02-27 17:59:36;payment_failed;СДЭК;Курган;3567;0;490;4057
701137;204280;5016369;2024-02-27 16:01:29;completed;Курьер;Челябинск;35490;3549;0;31941
701138;208016;5016370;2024-02-27 13:58:25;completed;Курьер;Златоуст;24345;730;490;24105
701139;209444;5016412;2024-02-27 14:19:55;completed;Самовывоз;Копейск;9090;0;0;9090
701140;204631;5016448;2024-02-27 16:34:39;completed;Самовывоз;Тюмень;8790;879;0;7911
701141;200330;5016451;2024-02-27 21:00:03;completed;СДЭК;Пермь;11990;839;390;11541
701142;205564;5016479;2024-02-27 12:12:14;completed;Курьер;Челябинск;6490;0;0;6490
701143;200847;5016500;2024-02-27 23:47:30;completed;Курьер;Копейск;7057;0;490;7547
701144;201619;5016507;2024-02-27 15:04:24;completed;Почта России;Копейск;3345;0;350;3695
701145;208090;5016531;2024-02-27 22:40:06;completed;Почта России;Москва;67790;0;450;68240
701146;205665;5016541;2024-02-28 17:55:36;completed;Самовывоз;Челябинск;10090;0;0;10090
701147;200369;5016545;2024-02-28 20:21:23;cancelled;Курьер;Челябинск;1490;0;290;1780
701148;207345;5016559;2024-02-28 17:21:03;completed;Самовывоз;Тюмень;25345;0;0;25345
701149;202799;5016580;2024-02-28 20:18:59;completed;Самовывоз;Ижевск;3980;0;0;3980
701150;206710;5016582;2024-02-28 16:59:43;completed;СДЭК;Челябинск;49345;0;390;49735
701151;208506;5016590;2024-02-28 18:49:43;completed;Курьер;Тюмень;44990;0;490;45480
701152;208183;5016640;2024-02-28 17:10:23;completed;Самовывоз;Пермь;3490;0;0;3490
701153;200456;5016646;2024-02-28 17:08:59;completed;Курьер;Златоуст;149057;1928;590;147719
701154;;5016650;2024-02-28 12:03:57;returned;Самовывоз;Самара;17345;1214;0;16131
701155;208639;5016658;2024-02-28 19:01:45;completed;СДЭК;Оренбург;38490;0;590;39080
701156;204977;5016676;2024-02-28 18:41:32;completed;Почта России;Копейск;898;27;450;1321
701157;201119;5016699;2024-02-28 16:30:12;completed;Почта России;Тюмень;12990;909;350;12431
701158;;5016725;2024-02-28 23:47:25;completed;Курьер;Миасс;17490;1749;390;16131
701159;;5016729;2024-02-28 13:34:47;completed;СДЭК;Челябинск;10090;0;590;10680
701160;200850;5016738;2024-02-28 19:49:31;completed;Курьер;Миасс;18345;0;590;18935
701161;206205;5016741;2024-02-28 19:51:00;completed;СДЭК;Казань;2490;0;490;2980
701162;;5016767;2024-02-28 16:03:07;completed;Почта России;Копейск;1090;0;550;1640
701163;201593;5016774;2024-02-28 18:02:13;payment_failed;Курьер;Уфа;12990;0;490;13480
701164;208679;5016775;2024-02-28 09:03:48;completed;Самовывоз;Ижевск;19990;0;0;19990
701165;205114;5016789;2024-02-28 15:44:40;payment_failed;Курьер;Магнитогорск;74780;3640;390;71530
701166;204698;5016791;2024-02-28 09:14:17;completed;Самовывоз;Челябинск;1090;0;0;1090
701167;202428;5016806;2024-02-28 10:52:06;completed;Самовывоз;Магнитогорск;18345;917;0;17428
701168;207637;5016825;2024-02-28 13:46:47;completed;СДЭК;Новосибирск;22255;647;390;21998
701169;208353;5016836;2024-02-28 17:53:24;completed;СДЭК;Челябинск;60357;0;690;61047
701170;;5016853;2024-02-29 15:13:08;completed;Курьер;Челябинск;2980;149;290;3121
701171;;5016861;2024-02-29 22:42:14;completed;Самовывоз;Миасс;22790;684;0;22106
701172;;5016878;2024-02-29 22:11:32;payment_failed;Самовывоз;Новосибирск;101435;134;0;101301
701173;200105;5016883;2024-02-29 19:00:34;completed;Курьер;Челябинск;23090;0;0;23090
701174;;5016889;2024-02-29 13:36:26;returned;Самовывоз;Миасс;40080;2706;0;37374
701175;201101;5016891;2024-02-29 14:25:48;completed;Курьер;Челябинск;35990;1080;0;34910
701176;203924;5016892;2024-02-29 14:10:37;completed;Самовывоз;Магнитогорск;11345;567;0;10778
701177;207826;5016895;2024-02-29 17:33:36;payment_failed;СДЭК;Магнитогорск;56345;0;390;56735
701178;201728;5016902;2024-02-29 14:24:40;completed;СДЭК;Екатеринбург;112557;0;690;113247
701179;209500;5016932;2024-02-29 09:45:08;completed;Самовывоз;Челябинск;87912;5931;0;81981
701180;202794;5016945;2024-02-29 18:41:59;completed;Курьер;Пермь;6345;0;390;6735
701181;204916;5016946;2024-02-29 14:48:34;payment_failed;Курьер;Магнитогорск;69090;8291;390;61189
701182;201500;5016949;2024-02-29 15:34:31;completed;Почта России;Оренбург;100567;0;450;101017
701183;;5016961;2024-02-29 16:56:51;completed;Самовывоз;Челябинск;5345;160;0;5185
701184;207292;5016969;2024-02-29 10:17:21;completed;Самовывоз;Челябинск;30580;0;0;30580
701185;209713;5016975;2024-02-29 11:19:17;completed;Курьер;Копейск;1490;0;490;1980
701186;204974;5017010;2024-02-29 16:44:17;completed;Курьер;Пермь;50990;2550;590;49030
701187;202918;5017016;2024-02-29 17:10:13;completed;Самовывоз;Пермь;1790;0;0;1790
701188;205018;5017018;2024-02-29 17:44:11;completed;СДЭК;Уфа;7567;0;390;7957
701189;;5017020;2024-02-29 14:29:28;completed;Курьер;Курган;74790;2244;590;73136
701190;202842;5017021;2024-02-29 18:49:48;completed;Самовывоз;Миасс;7567;757;0;6810
701191;;5017049;2024-02-29 13:16:04;completed;Курьер;Златоуст;2990;0;590;3580
701192;;5017060;2024-02-29 16:21:03;payment_failed;Курьер;Копейск;85345;0;390;85735
701193;;5017061;2024-02-29 14:26:21;completed;Курьер;Магнитогорск;84980;585;490;84885
701194;;5017069;2024-02-29 17:21:37;completed;Курьер;Казань;24490;2939;590;22141
701195;206077;5017075;2024-02-29 21:16:15;completed;Самовывоз;Тюмень;68567;0;0;68567
701196;206205;5017083;2024-02-29 21:11:00;completed;Самовывоз;Казань;29080;2095;0;26985
701197;201620;5017126;2024-02-29 19:35:54;completed;СДЭК;Екатеринбург;4345;0;590;4935
701198;204642;5017130;2024-02-29 14:45:31;completed;Самовывоз;Челябинск;58912;6908;0;52004
701199;207976;5017134;2024-02-29 17:44:56;completed;Почта России;Курган;37580;1878;550;36252
701200;;5017139;2024-03-01 13:32:37;completed;СДЭК;Пермь;35790;0;390;36180
701201;202871;5017145;2024-03-01 18:40:45;returned;СДЭК;Самара;5580;308;690;5962
701202;201062;5017163;2024-03-01 10:12:07;cancelled;Курьер;Челябинск;19990;0;0;19990
701203;208666;5017202;2024-03-01 21:47:54;completed;СДЭК;Миасс;21090;0;690;21780
701204;;5017237;2024-03-01 11:14:06;completed;Курьер;Нижневартовск;77490;3874;390;74006
701205;;5017239;2024-03-01 14:45:48;completed;Самовывоз;Екатеринбург;25345;0;0;25345
701206;;5017252;2024-03-01 10:59:32;payment_failed;Почта России;Златоуст;8283;281;450;8452
701207;200798;5017260;2024-03-01 18:40:26;completed;Курьер;Миасс;42490;0;490;42980
701208;206892;5017282;2024-03-01 09:18:21;completed;Курьер;Копейск;1345;0;590;1935
701209;205952;5017291;2024-03-01 16:03:14;completed;Курьер;Челябинск;28345;1417;0;26928
701210;203578;5017296;2024-03-01 21:36:02;completed;Курьер;Пермь;24567;0;590;25157
701211;205721;5017330;2024-03-01 20:47:10;completed;СДЭК;Челябинск;18567;1300;690;17957
701212;201208;5017349;2024-03-01 18:40:28;payment_failed;Самовывоз;Екатеринбург;27490;0;0;27490
701213;205204;5017354;2024-03-01 21:33:07;completed;Самовывоз;Москва;14567;0;0;14567
701214;207712;5017371;2024-03-01 15:54:01;payment_failed;Курьер;Нижневартовск;51657;4600;590;47647
701215;205524;5017391;2024-03-01 14:02:15;completed;Курьер;Екатеринбург;1602;0;490;2092
701216;201946;5017396;2024-03-01 20:07:23;completed;СДЭК;Челябинск;32790;3279;390;29901
701217;;5017408;2024-03-01 16:53:35;completed;Почта России;Тюмень;33490;1674;350;32166
701218;208362;5017425;2024-03-01 21:02:01;completed;Самовывоз;Магнитогорск;108790;0;0;108790
701219;201389;5017426;2024-03-01 18:46:04;completed;СДЭК;Челябинск;8551;39;390;8902
701220;208093;5017447;2024-03-01 16:58:46;completed;Курьер;Курган;1567;47;390;1910
701221;204375;5017481;2024-03-02 17:08:24;completed;СДЭК;Миасс;41435;2824;690;39301
701222;200121;5017486;2024-03-02 09:43:24;completed;Самовывоз;Уфа;91054;4524;0;86530
701223;207060;5017487;2024-03-02 14:16:46;completed;Курьер;Челябинск;27987;1896;0;26091
701224;;5017500;2024-03-02 17:37:08;completed;Почта России;Уфа;18435;0;450;18885
701225;;5017506;2024-03-02 18:33:49;completed;Почта России;Магнитогорск;1567;78;550;2039
701226;209702;5017537;2024-03-02 12:46:04;returned;Самовывоз;Миасс;889;0;0;889
701227;205897;5017543;2024-03-02 20:49:55;completed;Курьер;Челябинск;43478;21;0;43457
701228;205520;5017549;2024-03-02 15:16:14;completed;Курьер;Челябинск;3090;0;290;3380
701229;;5017563;2024-03-02 08:02:00;cancelled;Курьер;Златоуст;1345;67;490;1768
701230;209170;5017574;2024-03-02 22:09:05;completed;СДЭК;Челябинск;3790;114;590;4266
701231;206442;5017622;2024-03-02 11:22:33;completed;Курьер;Копейск;3090;93;490;3487
701232;206683;5017625;2024-03-02 21:03:12;returned;СДЭК;Златоуст;25990;0;590;26580
701233;208665;5017654;2024-03-02 18:10:55;completed;СДЭК;Копейск;1990;0;490;2480
701234;202345;5017664;2024-03-02 15:22:09;completed;Самовывоз;Магнитогорск;1345;67;0;1278
701235;206729;5017669;2024-03-02 13:35:31;payment_failed;Курьер;Пермь;89090;0;490;89580
701236;203897;5017695;2024-03-02 19:27:28;completed;Курьер;Златоуст;12790;0;490;13280
701237;207793;5017700;2024-03-02 21:10:59;payment_failed;Курьер;Курган;1790;90;390;2090
701238;204914;5017701;2024-03-02 20:44:35;completed;Самовывоз;Москва;19490;0;0;19490
701239;209543;5017735;2024-03-02 19:32:02;completed;СДЭК;Тюмень;37790;2645;590;35735
701240;202802;5017738;2024-03-02 19:26:21;payment_failed;Курьер;Тюмень;17490;0;590;18080
701241;200720;5017749;2024-03-02 19:13:45;completed;Самовывоз;Казань;22090;0;0;22090
701242;209003;5017760;2024-03-02 19:47:51;payment_failed;Самовывоз;Самара;68280;7859;0;60421
701243;201122;5017783;2024-03-02 10:25:11;completed;Самовывоз;Екатеринбург;99790;2994;0;96796
701244;201327;5017791;2024-03-03 17:48:17;completed;Курьер;Челябинск;42990;4299;0;38691
701245;207873;5017801;2024-03-03 22:31:22;completed;СДЭК;Курган;25790;3095;490;23185
701246;201759;5017805;2024-03-03 23:57:24;completed;Курьер;Миасс;27567;3308;390;24649
701247;202479;5017825;2024-03-03 16:12:30;completed;Самовывоз;Челябинск;28567;2000;0;26567
701248;206059;5017833;2024-03-03 11:33:15;completed;Самовывоз;Челябинск;32090;0;0;32090
701249;205757;5017846;2024-03-03 13:08:04;completed;СДЭК;Златоуст;34567;0;690;35257
701250;205802;5017848;2024-03-03 10:25:11;completed;Почта России;Челябинск;12790;384;450;12856
701251;204293;5017850;2024-03-03 17:59:56;completed;Почта России;Тюмень;23780;1476;550;22854
701252;207881;5017875;2024-03-03 21:33:04;completed;СДЭК;Челябинск;43490;0;690;44180
701253;205149;5017882;2024-03-03 17:30:06;completed;СДЭК;Челябинск;698;70;690;1318
701254;203269;5017892;2024-03-03 15:05:39;completed;Курьер;Тюмень;51770;0;590;52360
701255;202019;5017893;2024-03-03 17:53:41;completed;Почта России;Челябинск;2567;180;450;2837
701256;206042;5017905;2024-03-03 16:39:45;completed;СДЭК;Челябинск;7790;779;390;7401
701257;;5017910;2024-03-03 18:30:15;completed;Курьер;Челябинск;30816;3061;0;27755
701258;200168;5017917;2024-03-03 16:02:57;completed;Курьер;Миасс;70567;0;590;71157
701259;205562;5017938;2024-03-03 18:53:27;completed;Почта России;Пермь;2790;195;450;3045
701260;202676;5017959;2024-03-03 18:54:18;payment_failed;Курьер;Уфа;77567;5430;390;72527
701261;207599;5017989;2024-03-03 22:53:27;completed;Курьер;Челябинск;29335;0;0;29335
701262;202258;5018003;2024-03-03 16:23:36;completed;Курьер;Казань;35090;0;390;35480
701263;205340;5018014;2024-03-03 08:08:43;returned;Курьер;Копейск;1345;40;590;1895
701264;207084;5018019;2024-03-03 15:10:50;completed;Самовывоз;Челябинск;6490;649;0;5841
701265;200585;5018032;2024-03-03 16:15:32;completed;СДЭК;Ижевск;33345;1000;490;32835
701266;208796;5018036;2024-03-03 23:49:20;payment_failed;СДЭК;Челябинск;18990;0;690;19680
701267;207846;5018047;2024-03-03 17:45:15;completed;Самовывоз;Миасс;27790;0;0;27790
701268;208597;5018055;2024-03-03 12:45:15;completed;Курьер;Сургут;11345;1134;590;10801
701269;;5018088;2024-03-03 10:34:35;completed;Курьер;Курган;3345;100;490;3735
701270;;5018103;2024-03-03 17:28:29;cancelled;Курьер;Тюмень;4990;0;490;5480
701271;202458;5018106;2024-03-03 15:26:28;completed;Курьер;Магнитогорск;38135;0;490;38625
701272;200672;5018112;2024-03-03 10:23:07;cancelled;Курьер;Копейск;697;0;390;1087
701273;;5018133;2024-03-04 14:14:24;returned;Самовывоз;Тюмень;699;21;0;678
701274;208179;5018146;2024-03-04 16:51:56;completed;Курьер;Челябинск;562;0;290;852
701275;203785;5018153;2024-03-04 16:31:19;completed;Курьер;Копейск;34090;1023;490;33557
701276;202494;5018159;2024-03-04 16:22:08;completed;Самовывоз;Челябинск;43790;0;0;43790
701277;206688;5018186;2024-03-04 17:36:50;completed;СДЭК;Челябинск;34567;3457;590;31700
701278;201781;5018188;2024-03-04 17:33:00;completed;Почта России;Копейск;6990;489;450;6951
701279;202584;5018192;2024-03-04 13:49:41;completed;Самовывоз;Пермь;46180;2450;0;43730
701280;205084;5018207;2024-03-04 13:57:26;completed;Почта России;Челябинск;1090;0;550;1640
701281;202508;5018212;2024-03-04 12:41:21;completed;СДЭК;Санкт-Петербург;50990;1530;390;49850
701282;201512;5018218;2024-03-04 22:58:08;completed;Самовывоз;Челябинск;1990;100;0;1890
701283;203246;5018219;2024-03-04 21:36:34;completed;Курьер;Челябинск;62547;3954;0;58593
701284;202568;5018222;2024-03-04 21:41:05;completed;Курьер;Миасс;19345;967;590;18968
701285;206085;5018228;2024-03-04 20:11:08;completed;СДЭК;Екатеринбург;6345;317;490;6518
701286;200665;5018241;2024-03-04 19:25:11;completed;Курьер;Магнитогорск;2980;0;590;3570
701287;;5018325;2024-03-04 11:08:22;completed;Почта России;Казань;23490;0;350;23840
701288;209426;5018335;2024-03-04 08:42:01;completed;Почта России;Челябинск;28567;3428;550;25689
701289;;5018357;2024-03-04 18:35:10;completed;Курьер;Уфа;3790;265;390;3915
701290;204766;5018366;2024-03-04 16:52:08;completed;Самовывоз;Оренбург;25790;2579;0;23211
701291;;5018371;2024-03-04 18:19:02;completed;СДЭК;Челябинск;18090;1809;690;16971
701292;201287;5018374;2024-03-04 22:09:28;completed;Самовывоз;Челябинск;7908;0;0;7908
701293;203700;5018384;2024-03-04 15:40:04;completed;Самовывоз;Челябинск;25990;1819;0;24171
701294;204504;5018413;2024-03-04 22:35:37;cancelled;СДЭК;Уфа;8490;0;490;8980
701295;207023;5018415;2024-03-04 13:47:39;completed;Курьер;Челябинск;29990;2999;0;26991
701296;205461;5018422;2024-03-04 19:35:26;completed;Курьер;Челябинск;1790;179;290;1901
701297;204199;5018445;2024-03-04 20:22:18;payment_failed;Курьер;Самара;134657;6732;390;128315
701298;;5018456;2024-03-04 17:11:28;completed;Курьер;Челябинск;35567;2490;0;33077
701299;;5018493;2024-03-05 23:44:15;completed;Самовывоз;Москва;79657;4014;0;75643
701300;204424;5018517;2024-03-05 19:01:52;completed;СДЭК;Магнитогорск;3345;0;590;3935
701301;201224;5018520;2024-03-05 12:41:23;completed;Почта России;Копейск;5057;0;550;5607
701302;200501;5018540;2024-03-05 18:06:23;payment_failed;Самовывоз;Челябинск;12345;1234;0;11111
701303;204562;5018543;2024-03-05 16:48:35;completed;Курьер;Тюмень;98990;4950;390;94430
701304;209960;5018556;2024-03-05 20:12:16;completed;СДЭК;Москва;25690;2334;490;23846
701305;203680;5018558;2024-03-05 17:28:25;completed;Самовывоз;Челябинск;28345;0;0;28345
701306;;5018564;2024-03-05 18:25:17;completed;Курьер;Златоуст;38345;0;590;38935
701307;203554;5018596;2024-03-05 17:19:09;completed;Почта России;Челябинск;33490;2344;450;31596
701308;;5018661;2024-03-05 10:36:56;completed;СДЭК;Челябинск;37345;1120;690;36915
701309;201260;5018670;2024-03-05 19:00:46;completed;Самовывоз;Челябинск;29980;2499;0;27481
701310;209323;5018682;2024-03-05 21:03:23;completed;СДЭК;Уфа;7090;213;390;7267
701311;;5018691;2024-03-05 15:18:16;completed;Почта России;Москва;69345;0;350;69695
701312;202474;5018693;2024-03-05 21:45:40;completed;Курьер;Магнитогорск;55090;6611;590;49069
701313;203703;5018695;2024-03-05 21:15:09;completed;Курьер;Екатеринбург;38680;2220;590;37050
701314;208490;5018696;2024-03-05 18:46:35;completed;СДЭК;Магнитогорск;7090;0;490;7580
701315;209756;5018742;2024-03-05 20:45:56;completed;Самовывоз;Пермь;17345;867;0;16478
701316;203934;5018754;2024-03-05 12:56:53;completed;Курьер;Магнитогорск;27790;3335;390;24845
701317;;5018780;2024-03-05 12:44:05;completed;Самовывоз;Магнитогорск;56345;0;0;56345
701318;209686;5018812;2024-03-06 17:33:07;completed;Самовывоз;Челябинск;7345;0;0;7345
701319;203685;5018828;2024-03-06 17:52:50;completed;Курьер;Курган;34912;1007;490;34395
701320;206769;5018841;2024-03-06 20:38:26;completed;Курьер;Тюмень;68345;6834;390;61901
701321;207884;5018842;2024-03-06 18:21:38;completed;Самовывоз;Копейск;47080;1293;0;45787
701322;207287;5018845;2024-03-06 19:31:53;payment_failed;Курьер;Казань;3790;0;490;4280
701323;202915;5018849;2024-03-06 22:04:52;completed;Курьер;Москва;20490;2049;590;19031
701324;205592;5018850;2024-03-06 13:15:02;returned;Курьер;Уфа;69345;0;490;69835
701325;206572;5018860;2024-03-06 16:48:43;completed;Самовывоз;Челябинск;790;0;0;790
701326;209999;5018935;2024-03-06 19:58:22;completed;Курьер;Сургут;80990;0;490;81480
701327;;5018950;2024-03-06 11:38:31;completed;Курьер;Курган;40252;0;390;40642
701328;205818;5019029;2024-03-06 16:58:20;completed;Почта России;Сургут;110567;11057;350;99860
701329;201384;5019065;2024-03-06 18:04:19;completed;Почта России;Челябинск;2490;0;450;2940
701330;;5019082;2024-03-06 13:40:13;completed;Курьер;Челябинск;65567;3278;0;62289
701331;209627;5019148;2024-03-07 17:03:18;completed;Самовывоз;Магнитогорск;6490;454;0;6036
701332;208777;5019157;2024-03-07 12:39:24;completed;Самовывоз;Пермь;7790;390;0;7400
701333;;5019169;2024-03-07 22:50:27;completed;Самовывоз;Казань;14080;0;0;14080
701334;207037;5019174;2024-03-07 13:01:55;completed;Курьер;Челябинск;3790;114;290;3966
701335;205339;5019188;2024-03-07 16:33:51;completed;Самовывоз;Челябинск;5357;379;0;4978
701336;207996;5019205;2024-03-07 15:26:20;completed;Курьер;Копейск;9090;0;490;9580
701337;207774;5019231;2024-03-07 21:28:22;payment_failed;СДЭК;Магнитогорск;65790;6579;390;59601
701338;;5019260;2024-03-07 16:39:21;completed;Курьер;Златоуст;4345;130;590;4805
701339;204370;5019281;2024-03-07 19:49:35;completed;Курьер;Миасс;571;57;590;1104
701340;201348;5019298;2024-03-07 19:00:58;completed;Почта России;Москва;58912;0;450;59362
701341;207991;5019300;2024-03-07 17:41:47;completed;Курьер;Челябинск;3990;279;290;4001
701342;200161;5019386;2024-03-07 18:02:59;completed;Самовывоз;Магнитогорск;4090;409;0;3681
701343;209503;5019388;2024-03-07 16:09:03;completed;Курьер;Челябинск;110567;3317;0;107250
701344;209749;5019400;2024-03-07 17:05:28;payment_failed;Самовывоз;Пермь;72345;0;0;72345
701345;201991;5019421;2024-03-08 16:49:49;completed;Курьер;Челябинск;51345;0;0;51345
701346;205016;5019441;2024-03-08 08:07:35;completed;Самовывоз;Златоуст;49790;0;0;49790
701347;202862;5019451;2024-03-08 15:59:49;completed;СДЭК;Санкт-Петербург;32345;970;490;31865
701348;200704;5019455;2024-03-08 14:45:37;completed;Самовывоз;Челябинск;72490;3624;0;68866
701349;200492;5019457;2024-03-08 21:24:38;returned;Самовывоз;Копейск;59335;4520;0;54815
701350;;5019474;2024-03-08 15:28:44;completed;СДЭК;Санкт-Петербург;99345;9934;390;89801
701351;205164;5019497;2024-03-08 12:37:32;completed;Самовывоз;Миасс;7790;545;0;7245
701352;207530;5019500;2024-03-08 23:58:06;completed;Курьер;Курган;1567;47;590;2110
701353;207845;5019502;2024-03-08 17:00:55;completed;Курьер;Новосибирск;60447;5279;590;55758
701354;;5019521;2024-03-08 16:54:50;payment_failed;Курьер;Миасс;20790;1455;590;19925
701355;203085;5019524;2024-03-08 15:06:52;payment_failed;Курьер;Курган;113270;4240;590;109620
701356;209468;5019525;2024-03-08 19:47:57;completed;СДЭК;Златоуст;24567;737;690;24520
701357;203064;5019532;2024-03-08 22:34:51;completed;Курьер;Копейск;1090;0;590;1680
701358;205902;5019535;2024-03-08 17:18:46;completed;Самовывоз;Тюмень;18567;557;0;18010
701359;;5019545;2024-03-08 15:07:16;completed;Курьер;Челябинск;44567;0;0;44567
701360;209954;5019570;2024-03-08 15:27:20;completed;Курьер;Магнитогорск;78490;3924;490;75056
701361;207245;5019579;2024-03-08 08:38:53;completed;Почта России;Челябинск;1345;0;350;1695
701362;204525;5019593;2024-03-08 20:56:05;completed;СДЭК;Челябинск;26345;0;690;27035
701363;201155;5019595;2024-03-08 18:55:23;payment_failed;Самовывоз;Казань;31567;0;0;31567
701364;204224;5019670;2024-03-08 14:01:13;completed;Самовывоз;Челябинск;31345;3134;0;28211
701365;;5019711;2024-03-08 17:51:00;completed;Самовывоз;Екатеринбург;27306;54;0;27252
701366;204177;5019757;2024-03-09 18:08:59;payment_failed;СДЭК;Самара;14790;1035;390;14145
701367;;5019763;2024-03-09 17:08:06;completed;СДЭК;Копейск;4790;0;390;5180
701368;208687;5019784;2024-03-09 20:15:18;completed;Самовывоз;Курган;97580;0;0;97580
701369;207262;5019785;2024-03-09 13:11:24;payment_failed;СДЭК;Уфа;37990;0;390;38380
701370;202062;5019795;2024-03-09 10:49:04;completed;Самовывоз;Курган;51090;0;0;51090
701371;206519;5019799;2024-03-09 13:28:59;completed;Самовывоз;Уфа;83990;2520;0;81470
701372;;5019827;2024-03-09 19:28:01;completed;Самовывоз;Копейск;2690;0;0;2690
701373;204421;5019847;2024-03-09 19:15:32;completed;Самовывоз;Златоуст;21790;0;0;21790
701374;;5019848;2024-03-09 12:24:00;completed;Курьер;Копейск;7345;0;390;7735
701375;;5019851;2024-03-09 17:01:06;completed;Самовывоз;Курган;99567;4978;0;94589
701376;209822;5019857;2024-03-09 20:28:52;completed;СДЭК;Челябинск;28790;0;390;29180
701377;208097;5019866;2024-03-09 17:51:32;completed;Самовывоз;Курган;34567;1728;0;32839
701378;208365;5019877;2024-03-09 23:50:22;completed;Самовывоз;Копейск;12090;0;0;12090
701379;205349;5019879;2024-03-09 13:06:09;completed;Самовывоз;Челябинск;34483;21;0;34462
701380;202050;5019890;2024-03-09 16:21:41;completed;Курьер;Челябинск;80345;5624;0;74721
701381;205420;5019903;2024-03-09 20:41:04;completed;СДЭК;Челябинск;39567;3957;390;36000
701382;202232;5019911;2024-03-09 14:15:25;payment_failed;СДЭК;Казань;6567;0;690;7257
701383;209246;5019913;2024-03-09 14:44:38;returned;СДЭК;Челябинск;45990;0;590;46580
701384;;5019915;2024-03-09 16:53:57;completed;СДЭК;Ижевск;18567;557;690;18700
701385;208938;5020002;2024-03-09 17:18:31;completed;СДЭК;Курган;25990;2599;490;23881
701386;202158;5020045;2024-03-09 16:21:39;payment_failed;Курьер;Копейск;27567;0;390;27957
701387;200159;5020068;2024-03-09 17:44:00;completed;Курьер;Челябинск;7990;559;0;7431
701388;205605;5020089;2024-03-09 15:52:46;completed;СДЭК;Магнитогорск;19090;0;490;19580
701389;;5020099;2024-03-10 19:42:02;completed;Самовывоз;Челябинск;1990;0;0;1990
701390;202356;5020156;2024-03-10 18:30:08;completed;Курьер;Челябинск;56090;5609;0;50481
701391;208789;5020182;2024-03-10 19:18:08;payment_failed;СДЭК;Нижневартовск;24090;2409;390;22071
701392;208510;5020200;2024-03-10 16:56:43;completed;Самовывоз;Копейск;21925;179;0;21746
701393;207581;5020247;2024-03-10 16:11:00;completed;Самовывоз;Челябинск;9090;0;0;9090
701394;206763;5020288;2024-03-10 17:30:26;completed;Курьер;Челябинск;1990;139;290;2141
701395;205337;5020290;2024-03-10 19:31:21;completed;Самовывоз;Златоуст;3980;0;0;3980
701396;207969;5020322;2024-03-10 14:57:45;completed;Курьер;Челябинск;70567;0;0;70567
701397;;5020326;2024-03-10 14:08:59;payment_failed;Курьер;Екатеринбург;10335;359;490;10466
701398;;5020343;2024-03-10 19:06:29;completed;Курьер;Курган;1790;0;390;2180
701399;209003;5020363;2024-03-10 12:00:45;completed;Курьер;Самара;3090;0;490;3580
701400;;5020379;2024-03-10 18:24:23;completed;СДЭК;Москва;18090;1809;390;16671
701401;205313;5020381;2024-03-10 17:02:14;payment_failed;Курьер;Магнитогорск;14345;0;590;14935
701402;205901;5020395;2024-03-10 12:16:47;completed;Почта России;Челябинск;64090;0;350;64440
701403;;5020403;2024-03-10 10:36:38;payment_failed;Самовывоз;Челябинск;47657;1277;0;46380
701404;;5020413;2024-03-10 21:35:06;completed;СДЭК;Екатеринбург;44345;0;490;44835
701405;203475;5020414;2024-03-10 16:04:42;completed;СДЭК;Санкт-Петербург;8912;0;690;9602
701406;209929;5020441;2024-03-10 14:42:19;completed;Курьер;Челябинск;51567;0;0;51567
701407;200744;5020469;2024-03-11 22:44:11;completed;Курьер;Миасс;64525;2432;490;62583
701408;208381;5020478;2024-03-11 14:15:49;completed;Курьер;Златоуст;784;0;390;1174
701409;209078;5020483;2024-03-11 21:41:21;completed;Курьер;Челябинск;7090;354;0;6736
701410;;5020499;2024-03-11 18:08:59;completed;СДЭК;Челябинск;21490;0;390;21880
701411;206710;5020513;2024-03-11 12:21:50;completed;Самовывоз;Челябинск;2345;0;0;2345
701412;;5020525;2024-03-11 19:16:38;completed;СДЭК;Магнитогорск;43990;0;690;44680
701413;207903;5020527;2024-03-11 14:08:52;completed;Почта России;Самара;19790;990;450;19250
701414;200422;5020528;2024-03-11 19:00:44;completed;Курьер;Оренбург;43335;0;490;43825
701415;208206;5020530;2024-03-11 20:46:47;completed;Курьер;Челябинск;62580;0;0;62580
701416;202097;5020537;2024-03-11 23:49:14;completed;Самовывоз;Челябинск;136335;0;0;136335
701417;209507;5020546;2024-03-11 14:18:30;completed;Курьер;Екатеринбург;43090;4309;390;39171
701418;204240;5020556;2024-03-11 12:53:36;completed;Самовывоз;Златоуст;27001;0;0;27001
701419;206017;5020581;2024-03-11 16:06:20;payment_failed;Самовывоз;Копейск;23567;1178;0;22389
701420;200753;5020585;2024-03-11 16:42:46;payment_failed;СДЭК;Миасс;35090;0;490;35580
701421;200744;5020595;2024-03-11 19:29:45;completed;Самовывоз;Миасс;34790;2435;0;32355
701422;;5020607;2024-03-11 10:43:20;completed;Самовывоз;Уфа;2090;0;0;2090
701423;206458;5020617;2024-03-11 18:24:15;completed;Самовывоз;Челябинск;36567;0;0;36567
701424;;5020631;2024-03-11 22:54:57;completed;Курьер;Челябинск;34567;4148;0;30419
701425;;5020648;2024-03-11 15:02:56;completed;Самовывоз;Екатеринбург;3580;0;0;3580
701426;206928;5020665;2024-03-11 15:00:36;completed;СДЭК;Челябинск;74990;2250;690;73430
701427;200032;5020669;2024-03-11 13:34:41;completed;Самовывоз;Москва;108490;0;0;108490
701428;207253;5020691;2024-03-11 22:35:49;cancelled;Курьер;Миасс;8348;378;490;8460
701429;203892;5020709;2024-03-11 08:21:41;completed;Самовывоз;Челябинск;13567;0;0;13567
701430;200443;5020717;2024-03-11 16:33:10;completed;СДЭК;Тюмень;897;27;390;1260
701431;209047;5020726;2024-03-11 19:30:25;completed;Курьер;Копейск;62690;0;390;63080
701432;206265;5020727;2024-03-11 13:41:31;completed;Самовывоз;Пермь;894;63;0;831
701433;204686;5020760;2024-03-11 23:56:32;completed;Курьер;Копейск;67790;0;390;68180
701434;200296;5020793;2024-03-12 15:21:23;payment_failed;СДЭК;Миасс;7239;217;390;7412
701435;201595;5020804;2024-03-12 20:05:24;completed;СДЭК;Златоуст;2790;0;590;3380
701436;206868;5020806;2024-03-12 16:35:23;completed;Самовывоз;Копейск;57657;0;0;57657
701437;203802;5020822;2024-03-12 15:09:21;completed;СДЭК;Челябинск;3990;0;390;4380
701438;207566;5020836;2024-03-12 09:00:50;completed;СДЭК;Москва;11567;0;490;12057
701439;;5020841;2024-03-12 21:53:55;payment_failed;Курьер;Нижневартовск;796;80;390;1106
701440;209723;5020863;2024-03-12 12:05:47;completed;Курьер;Курган;32790;0;390;33180
701441;205048;5020878;2024-03-12 18:45:38;completed;СДЭК;Курган;81567;0;390;81957
701442;201754;5020909;2024-03-12 16:53:11;completed;Курьер;Пермь;77790;0;390;78180
701443;202913;5020910;2024-03-12 21:21:30;completed;Самовывоз;Санкт-Петербург;1990;0;0;1990
701444;203626;5020921;2024-03-12 15:34:20;returned;Самовывоз;Казань;109090;10909;0;98181
701445;202237;5020923;2024-03-12 20:35:55;completed;СДЭК;Златоуст;28090;1404;490;27176
701446;205559;5020930;2024-03-12 13:59:20;completed;Курьер;Копейск;7990;959;390;7421
701447;205588;5020942;2024-03-12 11:17:01;completed;Курьер;Тюмень;23912;1227;590;23275
701448;202973;5020947;2024-03-12 18:59:55;completed;СДЭК;Самара;81335;0;390;81725
701449;206735;5020972;2024-03-12 21:36:15;completed;Курьер;Копейск;75490;3774;590;72306
701450;205675;5021003;2024-03-12 20:49:12;completed;Самовывоз;Екатеринбург;49345;2467;0;46878
701451;206157;5021005;2024-03-12 15:09:32;returned;Курьер;Челябинск;18790;0;0;18790
701452;;5021016;2024-03-12 09:20:38;completed;Курьер;Новосибирск;112880;6310;490;107060
701453;208946;5021089;2024-03-13 15:16:23;completed;Курьер;Златоуст;11868;647;490;11711
701454;209133;5021108;2024-03-13 23:25:13;payment_failed;Самовывоз;Миасс;4790;240;0;4550
701455;;5021125;2024-03-13 11:20:42;completed;Курьер;Москва;27345;0;590;27935
701456;203529;5021131;2024-03-13 19:55:58;completed;Курьер;Челябинск;35490;1774;0;33716
701457;202518;5021132;2024-03-13 14:07:45;completed;Курьер;Пермь;1990;0;490;2480
701458;200539;5021140;2024-03-13 23:38:11;completed;Курьер;Челябинск;902;63;290;1129
701459;201489;5021144;2024-03-13 13:30:36;completed;Курьер;Миасс;1790;90;590;2290
701460;204325;5021153;2024-03-13 17:07:57;completed;Курьер;Миасс;25567;767;490;25290
701461;202199;5021175;2024-03-13 15:08:48;completed;Курьер;Копейск;34345;0;590;34935
701462;204576;5021188;2024-03-13 13:56:39;completed;Курьер;Челябинск;7090;709;0;6381
701463;;5021226;2024-03-13 17:03:11;completed;Курьер;Челябинск;34790;1044;0;33746
701464;200041;5021295;2024-03-13 09:30:15;completed;Самовывоз;Москва;3490;174;0;3316
701465;207092;5021307;2024-03-13 08:33:56;payment_failed;Самовывоз;Челябинск;24790;2975;0;21815
701466;;5021321;2024-03-13 20:29:40;payment_failed;Почта России;Миасс;100345;0;550;100895
701467;205269;5021325;2024-03-13 14:29:46;completed;Курьер;Челябинск;40280;2014;0;38266
701468;202454;5021331;2024-03-13 20:50:54;completed;Курьер;Челябинск;574;29;290;835
701469;203196;5021342;2024-03-13 14:52:08;completed;Курьер;Пермь;110435;70;390;110755
701470;202983;5021348;2024-03-13 19:30:13;completed;Самовывоз;Сургут;9345;0;0;9345
701471;209140;5021371;2024-03-13 18:23:05;returned;СДЭК;Магнитогорск;39490;2764;490;37216
701472;204846;5021384;2024-03-13 15:52:19;completed;Почта России;Екатеринбург;25345;760;350;24935
701473;;5021385;2024-03-13 22:01:55;returned;Самовывоз;Казань;3980;199;0;3781
701474;206424;5021390;2024-03-13 08:29:55;completed;Самовывоз;Челябинск;9090;909;0;8181
701475;209513;5021408;2024-03-14 19:32:42;completed;Курьер;Челябинск;13163;1322;0;11841
701476;204156;5021413;2024-03-14 17:01:21;completed;СДЭК;Челябинск;73790;0;590;74380
701477;205484;5021452;2024-03-14 22:47:11;completed;Курьер;Челябинск;44567;1337;0;43230
701478;205091;5021462;2024-03-14 12:59:03;completed;Самовывоз;Уфа;18990;0;0;18990
701479;209174;5021470;2024-03-14 15:27:50;completed;Курьер;Екатеринбург;20862;0;590;21452
701480;201276;5021485;2024-03-14 12:42:40;completed;Самовывоз;Екатеринбург;7345;514;0;6831
701481;202818;5021486;2024-03-14 17:50:46;completed;СДЭК;Миасс;1490;0;590;2080
701482;207305;5021503;2024-03-14 18:31:47;completed;Самовывоз;Челябинск;11567;0;0;11567
701483;203661;5021520;2024-03-14 20:13:55;completed;Курьер;Миасс;2345;70;490;2765
701484;207293;5021533;2024-03-14 15:13:07;completed;Самовывоз;Миасс;2567;257;0;2310
701485;;5021548;2024-03-14 10:16:02;completed;Самовывоз;Челябинск;35567;3557;0;32010
701486;;5021553;2024-03-14 17:53:48;completed;Курьер;Екатеринбург;28111;83;590;28618
701487;201502;5021558;2024-03-14 10:49:32;completed;Курьер;Челябинск;6090;0;0;6090
701488;201476;5021616;2024-03-14 21:22:22;completed;Самовывоз;Златоуст;75567;0;0;75567
701489;207596;5021637;2024-03-14 13:03:16;completed;Курьер;Сургут;37345;0;490;37835
701490;204670;5021658;2024-03-14 20:12:16;completed;Курьер;Магнитогорск;111480;90;490;111880
701491;;5021668;2024-03-14 17:23:40;completed;Курьер;Челябинск;22567;2257;0;20310
701492;207852;5021689;2024-03-14 12:16:09;completed;Курьер;Самара;39070;1604;590;38056
701493;208016;5021694;2024-03-14 21:38:46;completed;Курьер;Златоуст;83490;5844;490;78136
701494;;5021713;2024-03-15 21:11:15;completed;Самовывоз;Челябинск;77567;0;0;77567
701495;200130;5021725;2024-03-15 13:37:37;completed;Курьер;Самара;89280;0;390;89670
701496;206938;5021730;2024-03-15 15:20:50;completed;Самовывоз;Копейск;11990;0;0;11990
701497;201577;5021732;2024-03-15 12:29:26;completed;Курьер;Магнитогорск;891;0;590;1481
701498;200340;5021744;2024-03-15 19:47:04;completed;СДЭК;Златоуст;34345;0;590;34935
701499;203516;5021757;2024-03-15 22:17:28;completed;СДЭК;Челябинск;19790;0;490;20280
701500;203034;5021759;2024-03-15 13:36:28;completed;Курьер;Екатеринбург;4990;0;390;5380
701501;205822;5021764;2024-03-15 11:18:58;completed;СДЭК;Челябинск;78790;0;690;79480
701502;205459;5021769;2024-03-15 14:23:30;completed;Курьер;Челябинск;52624;105;0;52519
701503;201684;5021776;2024-03-15 17:31:56;completed;Курьер;Челябинск;32490;1624;0;30866
701504;202349;5021795;2024-03-15 13:16:56;completed;СДЭК;Копейск;195070;12083;490;183477
701505;206621;5021806;2024-03-15 20:18:25;payment_failed;Курьер;Уфа;18990;0;590;19580
701506;204242;5021840;2024-03-15 12:39:00;completed;Курьер;Копейск;4567;137;490;4920
701507;201457;5021849;2024-03-15 19:57:56;completed;Курьер;Казань;89790;0;490;90280
701508;204624;5021865;2024-03-15 16:43:39;completed;СДЭК;Магнитогорск;18490;0;690;19180
701509;206192;5021878;2024-03-15 18:26:13;completed;Курьер;Уфа;1790;0;490;2280
701510;203221;5021883;2024-03-15 17:50:36;completed;Самовывоз;Копейск;11592;444;0;11148
701511;200868;5021884;2024-03-15 17:46:27;completed;Почта России;Челябинск;688;34;450;1104
701512;;5021898;2024-03-15 21:49:29;completed;СДЭК;Самара;101335;7066;390;94659
701513;;5021904;2024-03-15 19:24:57;completed;СДЭК;Челябинск;19990;0;490;20480
701514;201625;5021908;2024-03-15 12:06:50;completed;Курьер;Златоуст;36880;0;490;37370
701515;200700;5021913;2024-03-15 20:53:24;completed;Самовывоз;Пермь;24345;1217;0;23128
701516;;5021916;2024-03-15 22:59:21;completed;Курьер;Челябинск;1345;0;290;1635
701517;200147;5021931;2024-03-15 23:00:39;payment_failed;Почта России;Оренбург;42345;1270;450;41525
701518;205047;5021932;2024-03-15 12:32:11;returned;Самовывоз;Тюмень;700;0;0;700
701519;206727;5021935;2024-03-15 11:35:29;completed;СДЭК;Миасс;14790;0;490;15280
701520;207268;5021937;2024-03-15 18:32:58;completed;Самовывоз;Уфа;37567;0;0;37567
701521;207249;5022022;2024-03-16 17:42:07;completed;Курьер;Челябинск;35490;0;0;35490
701522;;5022039;2024-03-16 17:42:36;completed;Самовывоз;Челябинск;35345;0;0;35345
701523;204662;5022075;2024-03-16 14:39:59;returned;Самовывоз;Екатеринбург;9280;195;0;9085
701524;206407;5022089;2024-03-16 19:07:57;completed;СДЭК;Златоуст;1990;60;690;2620
701525;202779;5022105;2024-03-16 20:40:21;completed;СДЭК;Москва;34990;4199;390;31181
701526;208897;5022110;2024-03-16 14:38:02;completed;СДЭК;Челябинск;80790;5655;590;75725
701527;204908;5022135;2024-03-16 10:04:27;completed;Курьер;Копейск;1090;131;390;1349
701528;200339;5022145;2024-03-16 09:12:37;completed;Курьер;Тюмень;18790;940;490;18340
701529;204964;5022153;2024-03-16 15:15:08;completed;СДЭК;Тюмень;52090;1563;390;50917
701530;208621;5022166;2024-03-16 11:18:57;completed;Курьер;Челябинск;12570;45;0;12525
701531;200279;5022171;2024-03-16 11:04:22;completed;Самовывоз;Копейск;42990;0;0;42990
701532;205928;5022184;2024-03-16 16:58:29;completed;СДЭК;Курган;2345;0;690;3035
701533;;5022219;2024-03-16 14:30:27;returned;СДЭК;Челябинск;9790;979;490;9301
701534;208362;5022241;2024-03-16 14:42:39;completed;Самовывоз;Магнитогорск;110990;0;0;110990
701535;209117;5022251;2024-03-16 14:48:56;completed;СДЭК;Казань;7567;0;390;7957
701536;206482;5022267;2024-03-16 15:15:14;completed;СДЭК;Нижневартовск;25345;0;490;25835
701537;;5022352;2024-03-16 15:14:17;completed;Курьер;Курган;21790;0;590;22380
701538;201685;5022377;2024-03-16 16:22:52;completed;Курьер;Новосибирск;68280;1879;390;66791
701539;204396;5022378;2024-03-16 16:21:23;completed;СДЭК;Ижевск;10435;1018;590;10007
701540;;5022388;2024-03-17 15:20:58;completed;Курьер;Челябинск;11490;1149;0;10341
701541;207856;5022394;2024-03-17 18:07:27;completed;Курьер;Челябинск;29647;346;0;29301
701542;202417;5022409;2024-03-17 21:44:02;completed;Курьер;Москва;38567;1157;490;37900
701543;;5022414;2024-03-17 19:17:04;completed;Самовывоз;Магнитогорск;782;39;0;743
701544;202977;5022417;2024-03-17 12:14:06;completed;Самовывоз;Нижневартовск;7090;0;0;7090
701545;205253;5022443;2024-03-17 23:22:02;completed;Курьер;Казань;7490;0;590;8080
701546;202183;5022455;2024-03-17 17:39:37;completed;СДЭК;Москва;75912;3795;390;72507
701547;205636;5022478;2024-03-17 19:46:41;completed;СДЭК;Магнитогорск;18567;928;690;18329
701548;202387;5022492;2024-03-17 11:32:55;payment_failed;Курьер;Копейск;11090;333;490;11247
701549;206483;5022530;2024-03-17 13:52:30;completed;Курьер;Новосибирск;128790;0;590;129380
701550;208962;5022539;2024-03-17 19:03:21;payment_failed;Почта России;Москва;7567;0;450;8017
701551;207558;5022563;2024-03-17 15:56:37;completed;Курьер;Уфа;2567;257;490;2800
701552;209700;5022574;2024-03-17 18:54:52;completed;Самовывоз;Челябинск;2990;150;0;2840
701553;201774;5022587;2024-03-17 19:11:11;completed;Курьер;Пермь;42647;1370;590;41867
701554;;5022588;2024-03-17 14:01:29;completed;Самовывоз;Челябинск;7490;374;0;7116
701555;206355;5022590;2024-03-17 22:17:49;completed;Курьер;Челябинск;89057;2274;0;86783
701556;;5022607;2024-03-17 19:24:00;completed;СДЭК;Нижневартовск;21790;1525;690;20955
701557;200143;5022608;2024-03-17 16:35:01;completed;Курьер;Тюмень;82345;4117;490;78718
701558;206493;5022622;2024-03-17 18:33:03;cancelled;Самовывоз;Магнитогорск;681;0;0;681
701559;;5022695;2024-03-17 23:25:09;completed;Почта России;Пермь;3567;0;350;3917
701560;204513;5022696;2024-03-17 16:51:51;completed;Почта России;Миасс;1790;0;550;2340
701561;202985;5022708;2024-03-17 20:00:40;payment_failed;СДЭК;Миасс;1990;0;690;2680
701562;201770;5022716;2024-03-17 15:26:49;completed;Самовывоз;Екатеринбург;4567;137;0;4430
701563;207807;5022724;2024-03-17 14:13:05;completed;Самовывоз;Челябинск;2180;65;0;2115
701564;201670;5022756;2024-03-17 11:02:19;completed;Самовывоз;Челябинск;36090;0;0;36090
701565;207741;5022768;2024-03-17 17:41:18;completed;Курьер;Челябинск;1567;0;290;1857
701566;203163;5022776;2024-03-18 15:07:12;completed;Курьер;Челябинск;53690;134;0;53556
701567;;5022779;2024-03-18 22:25:05;completed;Почта России;Копейск;26567;1328;350;25589
701568;207650;5022784;2024-03-18 14:29:47;completed;Курьер;Тюмень;27567;2757;490;25300
701569;209967;5022788;2024-03-18 16:42:42;completed;Самовывоз;Миасс;683;68;0;615
701570;;5022802;2024-03-18 22:54:53;completed;Самовывоз;Ижевск;20490;1024;0;19466
701571;204625;5022817;2024-03-18 13:52:55;completed;Самовывоз;Миасс;85345;0;0;85345
701572;207870;5022820;2024-03-18 17:03:46;completed;Самовывоз;Миасс;70790;0;0;70790
701573;209110;5022841;2024-03-18 08:33:27;payment_failed;Самовывоз;Челябинск;83990;0;0;83990
701574;209067;5022866;2024-03-18 15:30:59;payment_failed;Самовывоз;Екатеринбург;89780;8499;0;81281
701575;207114;5022877;2024-03-18 18:53:10;completed;СДЭК;Оренбург;109990;0;690;110680
701576;200917;5022880;2024-03-18 21:44:06;completed;Курьер;Челябинск;7090;0;0;7090
701577;200919;5022885;2024-03-18 15:02:34;completed;Курьер;Миасс;7345;0;490;7835
701578;202381;5022910;2024-03-18 12:16:49;completed;Самовывоз;Самара;781;0;0;781
701579;204845;5022922;2024-03-18 14:08:13;completed;СДЭК;Уфа;4180;0;690;4870
701580;208912;5022923;2024-03-18 23:30:22;returned;Почта России;Магнитогорск;98490;2955;350;95885
701581;;5022956;2024-03-18 18:59:33;completed;Курьер;Челябинск;3490;105;290;3675
701582;203483;5022968;2024-03-18 11:31:52;completed;Самовывоз;Челябинск;6490;454;0;6036
701583;205046;5022977;2024-03-18 16:26:55;completed;СДЭК;Челябинск;28790;0;690;29480
701584;;5022978;2024-03-18 10:04:45;cancelled;Самовывоз;Пермь;127567;6378;0;121189
701585;200261;5022998;2024-03-18 16:25:59;returned;Курьер;Миасс;1790;125;490;2155
701586;204046;5023027;2024-03-18 18:39:22;completed;Курьер;Тюмень;44970;2789;590;42771
701587;207633;5023049;2024-03-18 13:06:33;completed;Самовывоз;Челябинск;12990;1299;0;11691
701588;208910;5023055;2024-03-18 14:16:42;completed;СДЭК;Златоуст;72790;7279;490;66001
701589;201408;5023061;2024-03-18 15:20:53;completed;Самовывоз;Челябинск;7790;545;0;7245
701590;;5023065;2024-03-18 16:50:09;completed;Курьер;Курган;2090;251;390;2229
701591;203452;5023070;2024-03-18 15:26:15;payment_failed;Самовывоз;Москва;45345;1360;0;43985
701592;207584;5023084;2024-03-18 21:09:41;completed;Курьер;Челябинск;42567;0;0;42567
701593;204861;5023088;2024-03-18 20:42:39;completed;Курьер;Сургут;21090;1054;590;20626
701594;200181;5023091;2024-03-18 21:09:16;payment_failed;СДЭК;Миасс;49747;742;490;49495
701595;207702;5023101;2024-03-18 16:57:00;payment_failed;Самовывоз;Златоуст;12090;1451;0;10639
701596;200340;5023102;2024-03-18 08:14:35;completed;Курьер;Златоуст;26567;1328;490;25729
701597;203399;5023112;2024-03-19 08:09:33;completed;СДЭК;Екатеринбург;1345;0;590;1935
701598;202526;5023121;2024-03-19 15:53:41;completed;Курьер;Пермь;21990;1539;490;20941
701599;;5023128;2024-03-19 19:05:08;completed;Курьер;Челябинск;12345;0;0;12345
701600;200128;5023136;2024-03-19 16:23:00;completed;СДЭК;Казань;4090;0;490;4580
701601;;5023178;2024-03-19 17:54:32;completed;Самовывоз;Оренбург;27980;299;0;27681
701602;204381;5023197;2024-03-19 13:45:27;completed;Самовывоз;Казань;59280;2774;0;56506
701603;206309;5023199;2024-03-19 13:39:57;completed;Самовывоз;Ижевск;4790;0;0;4790
701604;200504;5023225;2024-03-19 20:44:26;completed;Самовывоз;Екатеринбург;23090;0;0;23090
701605;203070;5023232;2024-03-19 13:11:36;completed;Почта России;Челябинск;64990;0;450;65440
701606;206104;5023233;2024-03-19 14:51:25;completed;Почта России;Челябинск;29180;0;450;29630
701607;205823;5023244;2024-03-19 21:57:28;completed;Курьер;Челябинск;573;0;290;863
701608;208494;5023263;2024-03-19 22:03:32;completed;Курьер;Челябинск;1490;74;290;1706
701609;206220;5023265;2024-03-19 22:20:21;completed;Курьер;Миасс;27490;0;490;27980
701610;;5023281;2024-03-19 21:31:59;completed;Почта России;Челябинск;885;27;350;1208
701611;202472;5023284;2024-03-19 21:39:49;completed;Курьер;Сургут;110345;5517;390;105218
701612;203409;5023294;2024-03-19 14:47:24;cancelled;Курьер;Челябинск;11490;0;0;11490
701613;;5023324;2024-03-19 18:30:11;returned;Почта России;Магнитогорск;11580;314;550;11816
701614;206116;5023333;2024-03-19 21:39:21;completed;Самовывоз;Челябинск;18790;0;0;18790
701615;205470;5023361;2024-03-19 16:04:48;completed;Курьер;Златоуст;7090;0;390;7480
701616;206787;5023388;2024-03-19 16:08:38;completed;Курьер;Екатеринбург;36557;4199;490;32848
701617;205247;5023404;2024-03-19 16:01:40;completed;Курьер;Миасс;42567;1277;490;41780
701618;203031;5023412;2024-03-19 13:50:20;completed;Курьер;Челябинск;21567;0;0;21567
701619;200164;5023418;2024-03-19 22:08:37;cancelled;Самовывоз;Москва;10990;1099;0;9891
701620;205750;5023423;2024-03-20 16:00:53;completed;Почта России;Тюмень;68345;6834;350;61861
701621;;5023425;2024-03-20 20:49:46;completed;Курьер;Екатеринбург;80790;9695;590;71685
701622;209318;5023441;2024-03-20 20:39:03;completed;Курьер;Челябинск;52134;5167;0;46967
701623;202785;5023445;2024-03-20 14:05:02;returned;Курьер;Казань;12790;0;390;13180
701624;208220;5023454;2024-03-20 21:00:50;payment_failed;Курьер;Казань;2345;0;390;2735
701625;205707;5023457;2024-03-20 18:16:10;completed;Курьер;Курган;2385;107;390;2668
701626;208455;5023465;2024-03-20 14:44:39;completed;Самовывоз;Копейск;86990;0;0;86990
701627;209610;5023468;2024-03-20 19:39:40;completed;Курьер;Курган;3990;200;590;4380
701628;206089;5023476;2024-03-20 14:15:57;completed;Курьер;Курган;43335;0;490;43825
701629;202382;5023490;2024-03-20 19:13:54;completed;Почта России;Златоуст;18567;0;550;19117
701630;206589;5023492;2024-03-20 15:14:01;completed;Самовывоз;Москва;18990;0;0;18990
701631;209633;5023493;2024-03-20 12:27:47;completed;СДЭК;Челябинск;12990;909;490;12571
701632;205118;5023501;2024-03-20 15:55:08;completed;Курьер;Челябинск;41990;1260;0;40730
701633;208805;5023504;2024-03-20 18:08:51;payment_failed;Курьер;Миасс;3490;0;390;3880
701634;202955;5023526;2024-03-20 20:37:58;completed;Самовывоз;Оренбург;31490;0;0;31490
701635;200121;5023527;2024-03-20 18:01:10;completed;СДЭК;Уфа;47557;4557;690;43690
701636;201037;5023531;2024-03-20 21:13:36;payment_failed;Курьер;Челябинск;84657;0;0;84657
701637;206245;5023540;2024-03-20 15:50:23;completed;Самовывоз;Самара;83790;0;0;83790
701638;200331;5023564;2024-03-20 13:31:24;completed;Самовывоз;Магнитогорск;885;88;0;797
701639;203403;5023565;2024-03-20 16:14:31;completed;Самовывоз;Уфа;22060;673;0;21387
701640;209742;5023573;2024-03-20 20:15:27;payment_failed;Самовывоз;Миасс;27674;0;0;27674
701641;207618;5023576;2024-03-20 17:32:27;returned;Самовывоз;Челябинск;11567;1157;0;10410
701642;;5023578;2024-03-20 14:32:35;completed;СДЭК;Уфа;27790;3335;590;25045
701643;201979;5023585;2024-03-20 16:40:42;completed;Курьер;Челябинск;53835;0;0;53835
701644;207176;5023595;2024-03-20 14:32:27;completed;СДЭК;Самара;49790;4979;490;45301
701645;204097;5023601;2024-03-20 17:22:11;completed;Самовывоз;Челябинск;17567;0;0;17567
701646;200162;5023602;2024-03-20 14:14:13;completed;Самовывоз;Екатеринбург;83280;8698;0;74582
701647;208667;5023617;2024-03-20 19:59:37;completed;Почта России;Челябинск;18790;0;350;19140
701648;207162;5023625;2024-03-20 16:07:28;completed;Курьер;Пермь;8180;573;390;7997
701649;200272;5023639;2024-03-20 18:52:51;completed;СДЭК;Магнитогорск;42490;2124;690;41056
701650;204761;5023651;2024-03-20 14:35:36;completed;Курьер;Челябинск;11790;0;0;11790
701651;;5023661;2024-03-20 15:18:57;completed;СДЭК;Миасс;113567;0;690;114257
701652;203165;5023678;2024-03-20 18:00:30;payment_failed;Самовывоз;Пермь;3345;0;0;3345
701653;200598;5023682;2024-03-20 17:05:30;completed;СДЭК;Москва;19090;0;590;19680
701654;208604;5023715;2024-03-21 12:41:56;completed;Самовывоз;Магнитогорск;12490;0;0;12490
701655;;5023717;2024-03-21 17:58:32;completed;Самовывоз;Челябинск;7990;400;0;7590
701656;200246;5023753;2024-03-21 18:07:38;completed;СДЭК;Екатеринбург;75147;4499;590;71238
701657;200870;5023774;2024-03-21 17:13:43;completed;Курьер;Челябинск;69090;0;0;69090
701658;206402;5023805;2024-03-21 20:35:55;completed;Почта России;Пермь;34345;0;550;34895
701659;;5023856;2024-03-21 16:06:41;payment_failed;СДЭК;Челябинск;8990;0;490;9480
701660;209545;5023896;2024-03-21 23:53:56;completed;Самовывоз;Челябинск;175280;0;0;175280
701661;206541;5023902;2024-03-21 17:47:41;completed;Почта России;Копейск;111990;5600;350;106740
701662;206158;5023905;2024-03-21 20:49:41;completed;Курьер;Уфа;4090;0;590;4680
701663;202076;5023932;2024-03-21 15:54:38;completed;СДЭК;Челябинск;29990;0;490;30480
701664;;5023971;2024-03-21 21:55:49;completed;Самовывоз;Казань;19790;0;0;19790
701665;;5023992;2024-03-21 17:58:38;completed;Курьер;Челябинск;39790;0;0;39790
701666;203212;5023994;2024-03-21 15:09:32;completed;Почта России;Челябинск;32090;0;450;32540
701667;204946;5023999;2024-03-21 19:58:02;completed;СДЭК;Миасс;52769;1624;490;51635
701668;200413;5024005;2024-03-21 12:38:33;completed;Курьер;Курган;19090;1336;390;18144
701669;200480;5024007;2024-03-21 14:39:45;completed;Курьер;Нижневартовск;10567;0;390;10957
701670;207711;5024009;2024-03-21 15:54:50;completed;СДЭК;Оренбург;3790;190;490;4090
701671;203189;5024035;2024-03-21 21:44:16;completed;Почта России;Магнитогорск;10567;0;350;10917
701672;209274;5024041;2024-03-21 19:42:56;cancelled;Самовывоз;Челябинск;8835;161;0;8674
701673;202265;5024050;2024-03-22 10:28:49;completed;СДЭК;Екатеринбург;56790;5679;690;51801
701674;;5024052;2024-03-22 15:46:30;completed;Курьер;Челябинск;8980;0;0;8980
701675;;5024073;2024-03-22 16:56:41;completed;Курьер;Ижевск;90345;0;390;90735
701676;201295;5024075;2024-03-22 18:54:17;completed;Самовывоз;Челябинск;108790;0;0;108790
701677;209398;5024090;2024-03-22 16:24:49;completed;Самовывоз;Магнитогорск;7134;0;0;7134
701678;204811;5024093;2024-03-22 19:20:39;completed;СДЭК;Екатеринбург;28490;0;590;29080
701679;206629;5024099;2024-03-22 21:01:21;completed;Курьер;Челябинск;35345;0;0;35345
701680;205556;5024111;2024-03-22 13:33:31;completed;СДЭК;Челябинск;11335;0;690;12025
701681;201949;5024129;2024-03-22 10:58:24;completed;СДЭК;Челябинск;32490;3249;490;29731
701682;201863;5024137;2024-03-22 11:26:35;payment_failed;Самовывоз;Тюмень;37490;3749;0;33741
701683;;5024201;2024-03-22 13:46:59;completed;Курьер;Магнитогорск;38567;1928;490;37129
701684;203833;5024211;2024-03-22 23:02:53;completed;Самовывоз;Екатеринбург;52567;2628;0;49939
701685;205977;5024241;2024-03-22 21:58:28;completed;Самовывоз;Челябинск;64790;7775;0;57015
701686;208784;5024259;2024-03-22 18:47:37;completed;Курьер;Челябинск;693;83;290;900
701687;209171;5024270;2024-03-22 21:31:14;completed;Самовывоз;Челябинск;47633;1501;0;46132
701688;202889;5024285;2024-03-22 23:38:49;completed;Самовывоз;Челябинск;19567;1957;0;17610
701689;202075;5024287;2024-03-22 22:38:09;completed;Курьер;Миасс;32567;1628;490;31429
701690;;5024295;2024-03-22 14:30:24;completed;Курьер;Челябинск;35345;1060;0;34285
701691;207576;5024308;2024-03-22 11:41:35;completed;Курьер;Челябинск;77567;0;0;77567
701692;;5024329;2024-03-23 15:58:23;returned;Курьер;Тюмень;19490;0;490;19980
701693;;5024346;2024-03-23 12:10:22;completed;Курьер;Нижневартовск;25361;29;590;25922
701694;203062;5024349;2024-03-23 21:10:46;completed;СДЭК;Ижевск;43835;2834;590;41591
701695;206312;5024351;2024-03-23 21:45:18;completed;Курьер;Миасс;99790;11975;490;88305
701696;203701;5024353;2024-03-23 22:59:08;cancelled;Самовывоз;Златоуст;109790;5490;0;104300
701697;;5024372;2024-03-23 12:27:31;payment_failed;Курьер;Сургут;4790;0;590;5380
701698;202206;5024375;2024-03-23 17:37:50;completed;Самовывоз;Екатеринбург;112280;11079;0;101201
701699;208130;5024385;2024-03-23 10:03:14;completed;Самовывоз;Челябинск;40567;0;0;40567
701700;209094;5024386;2024-03-23 21:13:08;completed;Курьер;Копейск;74047;3742;490;70795
701701;;5024396;2024-03-23 14:26:50;completed;Самовывоз;Москва;32090;0;0;32090
701702;201443;5024400;2024-03-23 22:45:05;completed;Почта России;Самара;42490;2974;350;39866
701703;200738;5024414;2024-03-23 16:30:50;completed;Курьер;Миасс;32147;2255;590;30482
701704;200605;5024420;2024-03-23 15:17:28;completed;Самовывоз;Челябинск;85090;2553;0;82537
701705;203425;5024431;2024-03-23 09:34:28;completed;Самовывоз;Казань;51490;5149;0;46341
701706;201364;5024450;2024-03-23 08:07:17;payment_failed;Самовывоз;Магнитогорск;2567;257;0;2310
701707;200717;5024489;2024-03-23 10:33:54;completed;СДЭК;Челябинск;88990;0;490;89480
701708;203175;5024517;2024-03-23 15:26:06;completed;Курьер;Тюмень;43672;3009;490;41153
701709;;5024535;2024-03-23 14:43:51;completed;Самовывоз;Челябинск;1790;179;0;1611
701710;202567;5024551;2024-03-23 14:38:40;completed;СДЭК;Челябинск;3090;216;390;3264
701711;205521;5024590;2024-03-23 15:43:54;completed;Курьер;Златоуст;68090;0;590;68680
701712;209180;5024671;2024-03-24 18:03:02;completed;Курьер;Челябинск;7990;0;0;7990
701713;207390;5024685;2024-03-24 10:51:51;payment_failed;Курьер;Магнитогорск;7490;374;390;7506
701714;;5024696;2024-03-24 15:48:57;cancelled;СДЭК;Челябинск;35345;0;490;35835
701715;201896;5024700;2024-03-24 17:39:36;completed;СДЭК;Казань;34090;2386;590;32294
701716;207619;5024701;2024-03-24 14:19:30;completed;Самовывоз;Казань;37790;0;0;37790
701717;208624;5024712;2024-03-24 14:19:07;completed;Курьер;Оренбург;18345;0;590;18935
701718;205998;5024727;2024-03-24 18:18:59;completed;Курьер;Копейск;33490;1005;390;32875
701719;204643;5024741;2024-03-24 18:49:08;completed;Курьер;Челябинск;1345;0;290;1635
701720;209028;5024764;2024-03-24 18:14:30;completed;СДЭК;Челябинск;1345;0;490;1835
701721;200092;5024777;2024-03-24 16:11:58;completed;Самовывоз;Москва;68990;0;0;68990
701722;209188;5024779;2024-03-24 08:55:56;completed;Курьер;Челябинск;34490;0;0;34490
701723;202528;5024795;2024-03-24 10:29:38;completed;СДЭК;Пермь;125537;153;690;126074
701724;202532;5024800;2024-03-24 21:22:17;payment_failed;Курьер;Копейск;113790;0;390;114180
701725;206915;5024830;2024-03-24 15:52:52;completed;СДЭК;Магнитогорск;72345;0;590;72935
701726;202958;5024836;2024-03-24 13:24:49;payment_failed;Курьер;Копейск;1490;149;490;1831
701727;209263;5024884;2024-03-24 15:18:56;completed;Самовывоз;Курган;14567;0;0;14567
701728;205130;5024891;2024-03-24 13:32:32;cancelled;Курьер;Челябинск;40472;20;0;40452
701729;205759;5024903;2024-03-24 13:31:09;returned;Самовывоз;Челябинск;33790;0;0;33790
701730;202963;5024905;2024-03-24 13:03:48;completed;Самовывоз;Челябинск;1990;0;0;1990
701731;202448;5024927;2024-03-24 15:18:05;completed;СДЭК;Челябинск;19567;0;590;20157
701732;203304;5024939;2024-03-24 19:06:39;completed;Курьер;Курган;1490;149;390;1731
701733;;5024955;2024-03-24 23:10:36;completed;Курьер;Ижевск;65790;0;490;66280
701734;203982;5024964;2024-03-24 20:48:55;completed;СДЭК;Ижевск;52990;0;690;53680
701735;200218;5024968;2024-03-24 20:20:30;completed;Курьер;Санкт-Петербург;64990;0;390;65380
701736;206247;5024974;2024-03-24 09:45:40;completed;Курьер;Челябинск;27090;1896;0;25194
701737;;5024989;2024-03-25 23:50:03;completed;Курьер;Уфа;24990;0;590;25580
701738;202205;5024990;2024-03-25 16:44:53;payment_failed;Самовывоз;Уфа;27790;834;0;26956
701739;205783;5025002;2024-03-25 18:25:03;completed;СДЭК;Копейск;2567;0;590;3157
701740;209105;5025030;2024-03-25 20:38:48;completed;Курьер;Курган;13567;678;390;13279
701741;208975;5025043;2024-03-25 16:57:38;completed;Курьер;Челябинск;6345;0;0;6345
701742;206002;5025054;2024-03-25 16:53:27;completed;Самовывоз;Екатеринбург;78790;0;0;78790
701743;;5025055;2024-03-25 20:48:21;completed;Курьер;Уфа;6345;190;590;6745
701744;206030;5025057;2024-03-25 08:45:52;completed;Самовывоз;Оренбург;8990;899;0;8091
701745;208282;5025061;2024-03-25 18:36:14;completed;Почта России;Уфа;57874;2956;550;55468
701746;203793;5025066;2024-03-25 22:04:27;completed;Самовывоз;Челябинск;35567;1778;0;33789
701747;209912;5025075;2024-03-25 12:31:52;completed;СДЭК;Уфа;44557;1978;390;42969
701748;207999;5025126;2024-03-25 22:12:49;completed;Курьер;Тюмень;7790;0;590;8380
701749;;5025127;2024-03-25 14:06:47;completed;Самовывоз;Челябинск;21567;647;0;20920
701750;;5025133;2024-03-25 20:04:11;completed;Почта России;Москва;782;78;450;1154
701751;207214;5025138;2024-03-25 11:14:11;completed;Самовывоз;Челябинск;696;0;0;696
701752;209194;5025167;2024-03-25 16:20:13;completed;Курьер;Миасс;37790;1890;490;36390
701753;209008;5025169;2024-03-25 19:43:22;completed;Курьер;Пермь;3490;0;590;4080
701754;;5025177;2024-03-25 21:44:28;completed;СДЭК;Москва;7090;0;390;7480
701755;;5025194;2024-03-25 12:46:30;completed;Самовывоз;Москва;38280;2589;0;35691
701756;207635;5025226;2024-03-25 16:14:35;completed;Самовывоз;Курган;17135;0;0;17135
701757;205724;5025227;2024-03-25 12:00:34;completed;Курьер;Челябинск;1345;40;290;1595
701758;;5025235;2024-03-25 21:50:31;completed;Курьер;Казань;112790;0;490;113280
701759;200886;5025244;2024-03-25 21:10:29;completed;Почта России;Копейск;7567;757;550;7360
701760;208930;5025260;2024-03-25 18:43:51;completed;Почта России;Миасс;112990;7909;350;105431
701761;208509;5025271;2024-03-25 16:10:24;payment_failed;Самовывоз;Челябинск;7567;530;0;7037
701762;;5025275;2024-03-25 15:25:43;payment_failed;Курьер;Челябинск;4567;0;290;4857
701763;204935;5025288;2024-03-25 19:39:47;completed;СДЭК;Магнитогорск;10990;0;690;11680
701764;208757;5025292;2024-03-25 16:59:57;completed;СДЭК;Копейск;4990;250;590;5330
701765;204272;5025300;2024-03-25 18:15:32;completed;Курьер;Курган;41180;1053;390;40517
701766;201618;5025314;2024-03-25 09:58:48;completed;Курьер;Магнитогорск;18090;0;590;18680
701767;203270;5025324;2024-03-26 18:48:28;completed;Курьер;Челябинск;18345;550;0;17795
701768;203824;5025330;2024-03-26 12:46:31;payment_failed;Курьер;Екатеринбург;11990;1199;590;11381
701769;207001;5025336;2024-03-26 17:44:14;completed;Самовывоз;Пермь;40345;0;0;40345
701770;203741;5025350;2024-03-26 20:50:51;completed;Курьер;Самара;3980;0;590;4570
701771;;5025367;2024-03-26 13:20:05;completed;Почта России;Самара;66835;0;350;67185
701772;205451;5025399;2024-03-26 17:03:50;completed;Почта России;Пермь;12790;0;550;13340
701773;209260;5025401;2024-03-26 18:43:18;completed;Самовывоз;Санкт-Петербург;562;56;0;506
701774;204945;5025411;2024-03-26 14:40:53;payment_failed;Курьер;Уфа;2567;257;590;2900
701775;205724;5025418;2024-03-26 21:31:55;completed;Курьер;Челябинск;117670;2446;0;115224
701776;201978;5025435;2024-03-26 20:00:13;completed;Курьер;Челябинск;900;45;290;1145
701777;207892;5025452;2024-03-26 14:37:56;completed;Курьер;Пермь;20490;0;490;20980
701778;;5025476;2024-03-26 14:13:23;completed;Самовывоз;Златоуст;2134;0;0;2134
701779;;5025477;2024-03-26 11:12:11;completed;Курьер;Миасс;33790;3379;590;31001
701780;206942;5025491;2024-03-26 20:30:44;completed;Самовывоз;Нижневартовск;19490;974;0;18516
701781;200576;5025498;2024-03-26 21:18:51;completed;Курьер;Новосибирск;37657;77;590;38170
701782;206425;5025520;2024-03-26 20:32:56;completed;Курьер;Магнитогорск;1374;137;490;1727
701783;207106;5025530;2024-03-26 22:23:54;completed;Самовывоз;Казань;101357;1290;0;100067
701784;201803;5025534;2024-03-26 22:11:36;completed;Курьер;Уфа;165525;9535;590;156580
701785;203343;5025544;2024-03-26 15:54:59;completed;Самовывоз;Челябинск;84490;0;0;84490
701786;208456;5025557;2024-03-26 20:59:20;completed;Самовывоз;Магнитогорск;7345;220;0;7125
701787;208249;5025559;2024-03-26 10:29:57;completed;Самовывоз;Казань;2345;0;0;2345
701788;203222;5025578;2024-03-26 10:13:43;payment_failed;Самовывоз;Пермь;64090;0;0;64090
701789;208587;5025596;2024-03-26 12:38:21;payment_failed;Самовывоз;Копейск;44990;0;0;44990
701790;207322;5025599;2024-03-26 22:54:58;completed;Самовывоз;Миасс;20567;1028;0;19539
701791;205268;5025609;2024-03-26 19:54:50;completed;Курьер;Курган;39490;4739;490;35241
701792;206757;5025619;2024-03-27 17:06:58;payment_failed;Почта России;Москва;25345;0;550;25895
701793;206602;5025641;2024-03-27 16:23:57;payment_failed;Курьер;Уфа;103335;10234;390;93491
701794;201215;5025647;2024-03-27 11:29:35;completed;Курьер;Магнитогорск;67557;2800;390;65147
701795;;5025676;2024-03-27 14:11:54;completed;Курьер;Уфа;58135;2817;390;55708
701796;207275;5025688;2024-03-27 16:01:27;completed;Курьер;Копейск;49567;2478;590;47679
701797;206988;5025690;2024-03-27 11:18:53;completed;Самовывоз;Копейск;48925;2288;0;46637
701798;204010;5025702;2024-03-27 16:43:39;completed;Курьер;Челябинск;893;0;290;1183
701799;206060;5025710;2024-03-27 09:44:01;payment_failed;Самовывоз;Златоуст;560;0;0;560
701800;;5025718;2024-03-27 15:35:08;completed;Курьер;Оренбург;65790;0;490;66280
701801;;5025779;2024-03-27 15:23:59;completed;СДЭК;Копейск;77090;7709;490;69871
701802;207531;5025784;2024-03-27 21:51:02;completed;Самовывоз;Магнитогорск;11490;1149;0;10341
701803;208392;5025788;2024-03-27 21:14:51;completed;СДЭК;Екатеринбург;36280;0;390;36670
701804;201027;5025801;2024-03-27 10:18:50;cancelled;СДЭК;Москва;7090;0;390;7480
701805;200975;5025807;2024-03-27 09:33:26;completed;Самовывоз;Челябинск;96135;3671;0;92464
701806;207148;5025811;2024-03-27 14:59:46;completed;Курьер;Магнитогорск;4990;0;490;5480
701807;;5025822;2024-03-27 21:15:01;payment_failed;Почта России;Курган;38490;0;550;39040
701808;;5025824;2024-03-27 19:48:41;completed;Курьер;Копейск;23980;179;590;24391
701809;201217;5025887;2024-03-27 16:23:20;cancelled;СДЭК;Челябинск;3990;0;490;4480
701810;206021;5025896;2024-03-27 22:04:53;completed;Почта России;Новосибирск;64490;7739;450;57201
701811;208926;5025958;2024-03-28 22:31:57;completed;Самовывоз;Челябинск;11990;0;0;11990
701812;202874;5025959;2024-03-28 13:22:01;completed;Самовывоз;Пермь;36580;0;0;36580
701813;204212;5025960;2024-03-28 15:05:39;completed;СДЭК;Челябинск;101090;0;690;101780
701814;201767;5025961;2024-03-28 10:44:59;cancelled;Курьер;Самара;4345;304;490;4531
701815;;5025970;2024-03-28 22:41:15;payment_failed;Курьер;Копейск;65790;0;390;66180
701816;208859;5025984;2024-03-28 13:29:21;completed;СДЭК;Уфа;1578;75;490;1993
701817;;5025994;2024-03-28 13:08:07;completed;Почта России;Челябинск;75325;6534;350;69141
701818;209906;5025998;2024-03-28 13:55:09;completed;Курьер;Уфа;42345;1270;490;41565
701819;205883;5026009;2024-03-28 22:18:47;completed;Курьер;Тюмень;58134;24;490;58600
701820;208817;5026015;2024-03-28 18:19:04;completed;Самовывоз;Златоуст;1490;0;0;1490
701821;208478;5026065;2024-03-28 17:41:24;completed;Самовывоз;Челябинск;1490;74;0;1416
701822;206336;5026067;2024-03-28 14:17:40;completed;Курьер;Уфа;899;0;590;1489
701823;;5026123;2024-03-28 22:26:10;returned;Самовывоз;Копейск;2790;279;0;2511
701824;209858;5026126;2024-03-28 10:12:13;completed;Самовывоз;Уфа;7990;0;0;7990
701825;;5026138;2024-03-28 13:54:41;completed;Самовывоз;Копейск;67090;2013;0;65077
701826;201976;5026158;2024-03-28 09:53:35;completed;Самовывоз;Тюмень;566;0;0;566
701827;206083;5026184;2024-03-28 09:15:37;completed;Курьер;Челябинск;42345;0;0;42345
701828;209501;5026191;2024-03-28 23:57:26;completed;Почта России;Пермь;29660;17;350;29993
701829;207881;5026192;2024-03-28 14:30:51;completed;Самовывоз;Челябинск;25567;1278;0;24289
701830;;5026204;2024-03-28 12:41:48;completed;СДЭК;Уфа;45490;0;490;45980
701831;;5026225;2024-03-28 14:19:32;completed;Самовывоз;Миасс;13790;965;0;12825
701832;209248;5026256;2024-03-28 11:06:18;completed;Курьер;Москва;40061;40;490;40511
701833;202518;5026286;2024-03-29 15:30:32;completed;Курьер;Пермь;13990;0;490;14480
701834;200655;5026290;2024-03-29 14:14:17;completed;Курьер;Екатеринбург;60557;3908;590;57239
701835;200925;5026292;2024-03-29 12:44:55;completed;Самовывоз;Челябинск;11490;345;0;11145
701836;203348;5026294;2024-03-29 19:00:59;completed;Самовывоз;Миасс;9567;478;0;9089
701837;203205;5026298;2024-03-29 18:17:01;completed;Курьер;Курган;83567;0;490;84057
701838;;5026301;2024-03-29 13:26:34;completed;Самовывоз;Москва;2690;0;0;2690
701839;208354;5026334;2024-03-29 18:28:19;completed;Курьер;Челябинск;901;0;290;1191
701840;;5026335;2024-03-29 17:53:58;completed;Самовывоз;Новосибирск;2345;0;0;2345
701841;204723;5026375;2024-03-29 10:25:53;completed;Самовывоз;Копейск;8090;404;0;7686
701842;;5026384;2024-03-29 15:28:41;completed;Самовывоз;Челябинск;13780;450;0;13330
701843;209283;5026385;2024-03-29 11:12:06;completed;Самовывоз;Магнитогорск;6990;210;0;6780
701844;203480;5026399;2024-03-29 17:04:43;completed;СДЭК;Копейск;35990;1800;590;34780
701845;208326;5026403;2024-03-29 20:54:43;completed;СДЭК;Челябинск;7490;524;490;7456
701846;;5026405;2024-03-29 09:09:27;completed;Почта России;Копейск;34090;0;550;34640
701847;200108;5026428;2024-03-29 15:30:44;completed;Курьер;Челябинск;42567;0;0;42567
701848;205481;5026438;2024-03-29 15:06:14;completed;СДЭК;Магнитогорск;1790;0;690;2480
701849;208120;5026484;2024-03-29 11:23:11;completed;Самовывоз;Нижневартовск;31990;960;0;31030
701850;206892;5026527;2024-03-29 15:13:02;completed;СДЭК;Копейск;14790;0;590;15380
701851;201942;5026555;2024-03-29 21:00:34;completed;Курьер;Курган;117070;8294;390;109166
701852;;5026562;2024-03-29 15:39:52;completed;Курьер;Ижевск;66686;4619;390;62457
701853;201861;5026569;2024-03-29 16:13:06;completed;Самовывоз;Челябинск;1370;68;0;1302
701854;204215;5026615;2024-03-30 22:50:57;completed;Самовывоз;Новосибирск;34179;0;0;34179
701855;200017;5026625;2024-03-30 15:18:50;completed;СДЭК;Миасс;50770;3749;490;47511
701856;202179;5026637;2024-03-30 15:36:04;completed;СДЭК;Сургут;35070;358;690;35402
701857;204154;5026667;2024-03-30 17:25:12;completed;Курьер;Самара;47224;1087;490;46627
701858;205659;5026685;2024-03-30 12:59:42;completed;Самовывоз;Челябинск;17567;878;0;16689
701859;202977;5026688;2024-03-30 18:54:04;completed;Курьер;Нижневартовск;12490;624;490;12356
701860;206918;5026716;2024-03-30 13:27:08;completed;Курьер;Магнитогорск;110490;3315;490;107665
701861;204359;5026726;2024-03-30 17:33:00;completed;Курьер;Челябинск;1764;0;290;2054
701862;;5026763;2024-03-30 11:44:47;completed;Самовывоз;Челябинск;798;0;0;798
701863;209721;5026788;2024-03-30 12:08:14;returned;Курьер;Екатеринбург;2345;0;390;2735
701864;205303;5026789;2024-03-30 16:11:19;completed;Курьер;Челябинск;27567;2757;0;24810
701865;200886;5026794;2024-03-30 10:07:22;completed;Самовывоз;Копейск;127990;0;0;127990
701866;;5026803;2024-03-30 14:22:20;payment_failed;Курьер;Новосибирск;19990;0;490;20480
701867;203428;5026810;2024-03-30 11:46:41;completed;СДЭК;Оренбург;2990;150;490;3330
701868;208926;5026817;2024-03-30 22:32:56;completed;Самовывоз;Челябинск;110490;7734;0;102756
701869;208160;5026823;2024-03-30 14:56:07;completed;Курьер;Миасс;793;56;390;1127
701870;206415;5026827;2024-03-30 15:45:20;completed;Самовывоз;Москва;1574;0;0;1574
701871;201099;5026843;2024-03-30 21:21:50;payment_failed;СДЭК;Пермь;7990;559;590;8021
701872;206121;5026846;2024-03-30 14:42:14;completed;Почта России;Челябинск;77678;0;450;78128
701873;208275;5026858;2024-03-30 19:58:07;completed;Самовывоз;Златоуст;85567;0;0;85567
701874;201880;5026859;2024-03-30 15:14:35;completed;Самовывоз;Челябинск;66057;157;0;65900
701875;203616;5026860;2024-03-30 17:13:40;completed;Самовывоз;Челябинск;20058;1369;0;18689
701876;;5026878;2024-03-30 15:32:47;completed;Курьер;Челябинск;3134;94;290;3330
701877;202985;5026925;2024-03-31 16:01:01;completed;Почта России;Миасс;89090;0;450;89540
701878;207087;5026938;2024-03-31 16:50:05;completed;СДЭК;Челябинск;2345;281;590;2654
701879;201944;5026941;2024-03-31 16:23:31;completed;Самовывоз;Челябинск;39990;2799;0;37191
701880;;5026952;2024-03-31 21:19:57;completed;Курьер;Копейск;18567;1857;590;17300
701881;;5026954;2024-03-31 13:47:36;completed;СДЭК;Челябинск;114080;120;590;114550
701882;202774;5026962;2024-03-31 14:19:27;completed;Почта России;Челябинск;7980;324;550;8206
701883;208779;5026963;2024-03-31 17:43:39;completed;Курьер;Челябинск;73567;0;0;73567
701884;205038;5026986;2024-03-31 13:48:56;completed;Самовывоз;Магнитогорск;7090;0;0;7090
701885;208817;5026996;2024-03-31 11:28:32;completed;СДЭК;Златоуст;3090;0;690;3780
701886;203257;5027014;2024-03-31 21:03:54;completed;Курьер;Самара;111567;7810;490;104247
701887;207818;5027043;2024-03-31 19:57:29;completed;СДЭК;Екатеринбург;25345;0;390;25735
701888;205644;5027064;2024-03-31 15:52:10;completed;СДЭК;Москва;27490;1374;390;26506
701889;205289;5027073;2024-03-31 21:50:29;cancelled;СДЭК;Челябинск;7567;227;490;7830
701890;200415;5027088;2024-03-31 16:55:16;completed;Курьер;Уфа;11567;0;490;12057
701891;209843;5027097;2024-03-31 21:27:24;completed;Курьер;Магнитогорск;4990;0;590;5580
701892;201054;5027101;2024-03-31 08:38:48;completed;Курьер;Тюмень;27788;49;490;28229
701893;;5027131;2024-03-31 19:46:54;completed;Курьер;Екатеринбург;31990;0;590;32580
701894;204034;5027147;2024-03-31 19:41:45;completed;Курьер;Копейск;7490;524;390;7356
701895;204953;5027152;2024-03-31 14:07:08;returned;Курьер;Тюмень;42090;1263;390;41217
701896;207023;5027173;2024-03-31 14:23:08;completed;Курьер;Челябинск;42090;0;0;42090
701897;209181;5027201;2024-03-31 19:49:17;completed;СДЭК;Челябинск;18345;0;390;18735
701898;205986;5027215;2024-03-31 16:21:28;completed;СДЭК;Челябинск;113567;0;490;114057
701899;201611;5027234;2024-03-31 14:25:22;completed;Курьер;Златоуст;34125;2104;590;32611
701900;201276;5027240;2024-03-31 19:08:30;completed;СДЭК;Екатеринбург;56490;0;590;57080
701901;209926;5027246;2024-03-31 18:38:10;completed;Курьер;Магнитогорск;19090;573;590;19107
701902;208156;5027261;2024-04-01 19:25:20;completed;Курьер;Челябинск;69580;2540;0;67040
701903;208809;5027264;2024-04-01 20:08:44;completed;Курьер;Челябинск;699;0;290;989
701904;208964;5027268;2024-04-01 16:59:57;completed;Самовывоз;Казань;36880;3479;0;33401
701905;;5027275;2024-04-01 20:16:42;completed;Курьер;Ижевск;27345;1367;490;26468
701906;202495;5027279;2024-04-01 21:05:00;completed;Курьер;Челябинск;4790;0;290;5080
701907;209723;5027286;2024-04-01 18:10:42;cancelled;Курьер;Курган;18490;555;390;18325
701908;206298;5027300;2024-04-01 10:01:17;completed;Самовывоз;Екатеринбург;69990;0;0;69990
701909;208146;5027302;2024-04-01 12:48:54;completed;Самовывоз;Копейск;7490;0;0;7490
701910;202987;5027306;2024-04-01 14:24:45;completed;Самовывоз;Копейск;26345;1317;0;25028
701911;204801;5027312;2024-04-01 18:33:51;completed;СДЭК;Тюмень;7345;0;390;7735
701912;209336;5027326;2024-04-01 21:01:41;completed;СДЭК;Челябинск;35490;0;390;35880
701913;204009;5027328;2024-04-01 12:15:12;completed;Курьер;Копейск;35090;1754;590;33926
701914;201042;5027365;2024-04-01 13:21:18;completed;Самовывоз;Челябинск;4567;228;0;4339
701915;201641;5027379;2024-04-01 10:22:14;completed;Самовывоз;Копейск;12990;909;0;12081
701916;209351;5027381;2024-04-01 12:31:37;completed;Курьер;Челябинск;41345;0;0;41345
701917;205831;5027471;2024-04-01 19:10:56;completed;Курьер;Челябинск;53080;1676;0;51404
701918;;5027478;2024-04-01 15:34:46;completed;СДЭК;Челябинск;112567;0;590;113157
701919;200050;5027482;2024-04-01 12:38:10;completed;Курьер;Челябинск;25924;0;0;25924
701920;208036;5027512;2024-04-01 15:14:59;completed;СДЭК;Копейск;139980;0;390;140370
701921;201203;5027515;2024-04-01 21:40:26;completed;Курьер;Уфа;86435;0;390;86825
701922;209038;5027524;2024-04-01 14:38:43;completed;Почта России;Челябинск;1345;0;350;1695
701923;200222;5027536;2024-04-01 18:53:04;completed;Почта России;Москва;29345;0;550;29895
701924;208090;5027548;2024-04-01 12:52:45;completed;Курьер;Москва;29990;1500;390;28880
701925;204856;5027568;2024-04-01 23:41:31;completed;Самовывоз;Златоуст;10880;779;0;10101
701926;;5027571;2024-04-01 17:01:32;completed;Курьер;Миасс;89690;0;590;90280
701927;209655;5027575;2024-04-01 09:02:57;completed;Почта России;Челябинск;25790;0;450;26240
701928;;5027580;2024-04-01 19:27:44;completed;Курьер;Челябинск;7345;0;0;7345
701929;201651;5027597;2024-04-02 18:49:44;payment_failed;СДЭК;Москва;73345;0;490;73835
701930;201171;5027598;2024-04-02 16:37:45;completed;Самовывоз;Челябинск;28345;1984;0;26361
701931;200545;5027610;2024-04-02 09:33:23;completed;СДЭК;Челябинск;29790;0;690;30480
701932;205384;5027612;2024-04-02 19:24:57;completed;Самовывоз;Самара;42490;2124;0;40366
701933;201784;5027641;2024-04-02 22:39:15;completed;Курьер;Челябинск;18090;1266;0;16824
701934;200372;5027652;2024-04-02 15:40:05;completed;Курьер;Челябинск;20231;580;0;19651
701935;200196;5027675;2024-04-02 21:10:04;completed;Курьер;Пермь;4090;0;490;4580
701936;205489;5027676;2024-04-02 16:57:19;completed;Самовывоз;Казань;56090;5609;0;50481
701937;;5027691;2024-04-02 19:22:16;completed;Курьер;Уфа;6357;90;390;6657
701938;206884;5027707;2024-04-02 20:34:55;completed;Курьер;Челябинск;21790;2179;0;19611
701939;205029;5027719;2024-04-02 17:27:06;completed;Курьер;Магнитогорск;47470;1424;590;46636
701940;206560;5027731;2024-04-02 21:42:43;completed;Курьер;Челябинск;77625;8084;0;69541
701941;;5027746;2024-04-02 20:10:42;completed;Курьер;Челябинск;37345;2614;0;34731
701942;200510;5027748;2024-04-02 09:04:36;completed;Самовывоз;Челябинск;2690;269;0;2421
701943;202801;5027754;2024-04-02 19:34:03;completed;СДЭК;Тюмень;26790;0;690;27480
701944;;5027764;2024-04-02 19:08:27;completed;Самовывоз;Миасс;26185;2584;0;23601
701945;204184;5027768;2024-04-02 10:53:44;completed;Курьер;Челябинск;125090;0;0;125090
701946;205986;5027780;2024-04-02 13:17:16;completed;Самовывоз;Челябинск;39090;0;0;39090
701947;201047;5027784;2024-04-02 19:32:19;completed;Почта России;Челябинск;11567;347;550;11770
701948;208011;5027786;2024-04-02 19:50:04;completed;Самовывоз;Уфа;1345;94;0;1251
701949;203410;5027806;2024-04-02 17:57:17;completed;Курьер;Оренбург;39135;78;490;39547
701950;203527;5027855;2024-04-02 19:02:47;completed;СДЭК;Пермь;67490;4724;490;63256
701951;205224;5027866;2024-04-02 13:09:08;completed;Самовывоз;Челябинск;11990;1199;0;10791
701952;208284;5027876;2024-04-02 15:26:16;completed;Самовывоз;Челябинск;77345;0;0;77345
701953;205413;5027898;2024-04-02 18:09:05;completed;Курьер;Челябинск;1990;60;290;2220
701954;204952;5027932;2024-04-03 20:03:01;completed;СДЭК;Челябинск;1990;0;590;2580
701955;;5027951;2024-04-03 15:19:49;completed;Курьер;Новосибирск;12567;1257;390;11700
701956;207418;5027954;2024-04-03 19:03:14;completed;Курьер;Курган;6790;340;590;7040
701957;209143;5027991;2024-04-03 13:08:20;cancelled;Почта России;Уфа;98567;4928;550;94189
701958;209455;5028000;2024-04-03 11:51:56;completed;Курьер;Челябинск;34345;1030;0;33315
701959;203249;5028068;2024-04-03 16:30:17;completed;Самовывоз;Магнитогорск;562;0;0;562
701960;209222;5028073;2024-04-03 15:56:34;completed;СДЭК;Челябинск;25357;788;590;25159
701961;;5028078;2024-04-03 17:10:42;completed;Курьер;Уфа;56490;0;590;57080
701962;209490;5028093;2024-04-03 13:53:08;returned;Самовывоз;Челябинск;129266;0;0;129266
701963;;5028099;2024-04-03 22:16:33;completed;Курьер;Челябинск;2477;88;290;2679
701964;204586;5028112;2024-04-03 18:30:56;payment_failed;Курьер;Екатеринбург;7490;0;590;8080
701965;206882;5028117;2024-04-03 09:53:36;completed;Самовывоз;Москва;24345;730;0;23615
701966;209476;5028119;2024-04-03 17:58:18;completed;Курьер;Челябинск;882;26;290;1146
701967;203530;5028124;2024-04-03 17:24:14;completed;Курьер;Челябинск;2090;0;290;2380
701968;206085;5028129;2024-04-03 11:45:38;completed;Почта России;Екатеринбург;788;55;550;1283
701969;209633;5028144;2024-04-03 10:01:27;completed;Курьер;Челябинск;6567;197;0;6370
701970;209038;5028148;2024-04-03 20:00:26;completed;Самовывоз;Челябинск;33567;0;0;33567
701971;206070;5028151;2024-04-03 19:18:49;completed;СДЭК;Челябинск;18790;564;490;18716
701972;202146;5028154;2024-04-03 21:13:12;completed;Почта России;Москва;11990;839;550;11701
701973;202862;5028162;2024-04-03 11:53:54;completed;Почта России;Санкт-Петербург;79090;7909;550;71731
701974;200360;5028169;2024-04-03 15:27:58;completed;Курьер;Екатеринбург;70180;4370;390;66200
701975;207966;5028178;2024-04-03 19:06:26;completed;Самовывоз;Челябинск;29090;2909;0;26181
701976;205432;5028209;2024-04-03 22:45:30;payment_failed;СДЭК;Магнитогорск;688;0;390;1078
701977;204839;5028210;2024-04-03 19:34:40;completed;Курьер;Ижевск;19490;974;590;19106
701978;205467;5028216;2024-04-03 15:28:46;completed;Курьер;Пермь;34490;1035;590;34045
701979;202106;5028230;2024-04-03 17:36:36;completed;Курьер;Магнитогорск;71435;3665;590;68360
701980;207557;5028234;2024-04-03 13:13:21;completed;Самовывоз;Екатеринбург;72790;2184;0;70606
701981;201361;5028248;2024-04-03 16:12:58;completed;Почта России;Миасс;27345;0;350;27695
701982;206033;5028252;2024-04-03 23:17:39;completed;Почта России;Миасс;37790;2645;450;35595
701983;209924;5028255;2024-04-04 18:33:43;completed;Самовывоз;Курган;20852;0;0;20852
701984;;5028272;2024-04-04 15:15:05;completed;Почта России;Санкт-Петербург;38990;1170;450;38270
701985;201718;5028273;2024-04-04 08:43:49;completed;Курьер;Уфа;88480;950;390;87920
701986;206988;5028291;2024-04-04 11:50:56;completed;Самовывоз;Копейск;7345;0;0;7345
701987;200430;5028297;2024-04-04 11:14:10;completed;СДЭК;Курган;65090;0;590;65680
701988;208552;5028318;2024-04-04 15:02:10;completed;Самовывоз;Сургут;42090;2104;0;39986
701989;200834;5028351;2024-04-04 09:17:09;returned;СДЭК;Челябинск;14090;1691;590;12989
701990;;5028364;2024-04-04 10:46:39;completed;СДЭК;Челябинск;21790;1090;490;21190
701991;;5028368;2024-04-04 16:03:04;completed;Курьер;Пермь;7567;0;490;8057
701992;205504;5028370;2024-04-04 18:47:18;completed;СДЭК;Челябинск;27490;2749;490;25231
701993;202585;5028372;2024-04-04 21:07:23;returned;СДЭК;Миасс;2090;209;490;2371
701994;203476;5028399;2024-04-04 13:22:46;completed;Курьер;Миасс;3990;0;490;4480
701995;;5028458;2024-04-04 08:28:58;completed;Курьер;Самара;9567;0;490;10057
701996;204132;5028476;2024-04-04 16:38:14;completed;СДЭК;Миасс;65474;34;590;66030
701997;204137;5028481;2024-04-04 15:58:53;completed;СДЭК;Челябинск;39490;3949;590;36131
701998;207990;5028483;2024-04-04 17:42:12;completed;Курьер;Копейск;55335;0;590;55925
701999;204232;5028514;2024-04-04 13:28:19;completed;Курьер;Миасс;25345;0;590;25935
702000;203983;5028516;2024-04-04 13:22:15;completed;Курьер;Челябинск;18490;555;0;17935
702001;206270;5028538;2024-04-04 16:37:00;completed;СДЭК;Екатеринбург;7790;390;590;7990
702002;208716;5028539;2024-04-04 12:39:54;payment_failed;Самовывоз;Челябинск;30057;2849;0;27208
702003;201632;5028565;2024-04-04 12:59:02;completed;Курьер;Уфа;18790;940;590;18440
702004;;5028566;2024-04-04 13:27:54;completed;Самовывоз;Челябинск;38490;0;0;38490
702005;200545;5028574;2024-04-04 09:26:02;completed;Курьер;Челябинск;17990;1259;0;16731
702006;;5028577;2024-04-04 16:05:37;completed;Курьер;Миасс;52990;0;590;53580
702007;207191;5028586;2024-04-04 23:45:58;completed;Курьер;Уфа;18567;0;490;19057
702008;200318;5028594;2024-04-04 11:24:17;completed;Курьер;Челябинск;779;93;290;976
702009;;5028605;2024-04-04 15:07:46;completed;Курьер;Казань;35090;0;490;35580
702010;201203;5028612;2024-04-05 08:49:50;completed;Курьер;Уфа;72490;0;490;72980
702011;208278;5028615;2024-04-05 23:46:46;completed;Самовывоз;Курган;3490;0;0;3490
702012;205872;5028616;2024-04-05 13:15:41;completed;СДЭК;Тюмень;5490;0;390;5880
702013;209110;5028644;2024-04-05 13:32:09;completed;СДЭК;Челябинск;28090;843;690;27937
702014;;5028667;2024-04-05 17:17:18;cancelled;СДЭК;Челябинск;893;0;490;1383
702015;202890;5028690;2024-04-05 22:19:22;completed;Самовывоз;Тюмень;123470;9199;0;114271
702016;201782;5028716;2024-04-05 14:43:48;completed;СДЭК;Магнитогорск;5057;431;490;5116
702017;203651;5028736;2024-04-05 22:22:55;completed;СДЭК;Миасс;6567;460;390;6497
702018;202612;5028747;2024-04-05 22:51:17;completed;Курьер;Казань;22567;1128;490;21929
702019;207200;5028748;2024-04-05 20:09:31;completed;Самовывоз;Челябинск;19490;0;0;19490
702020;201831;5028770;2024-04-05 16:03:35;completed;Самовывоз;Челябинск;43345;0;0;43345
702021;205054;5028797;2024-04-05 14:56:44;completed;СДЭК;Уфа;11567;347;690;11910
702022;209569;5028833;2024-04-05 21:23:27;completed;Курьер;Челябинск;24557;78;0;24479
702023;202774;5028838;2024-04-05 17:25:04;completed;Курьер;Челябинск;7990;959;0;7031
702024;;5028871;2024-04-05 17:29:27;returned;Самовывоз;Челябинск;4980;0;0;4980
702025;202096;5028875;2024-04-05 14:51:23;completed;Самовывоз;Екатеринбург;29567;1478;0;28089
702026;201177;5028942;2024-04-06 15:33:53;completed;Самовывоз;Сургут;560;67;0;493
702027;207852;5029000;2024-04-06 09:33:14;completed;Почта России;Самара;3980;199;450;4231
702028;200013;5029009;2024-04-06 09:39:02;completed;Почта России;Тюмень;109790;10979;450;99261
702029;205485;5029020;2024-04-06 12:02:04;completed;Курьер;Уфа;27490;1374;490;26606
702030;;5029034;2024-04-06 13:20:06;completed;СДЭК;Курган;32480;1749;690;31421
702031;205671;5029045;2024-04-06 15:10:09;completed;СДЭК;Копейск;64090;7691;690;57089
702032;;5029048;2024-04-06 11:47:37;completed;Почта России;Санкт-Петербург;42567;0;550;43117
702033;202774;5029067;2024-04-06 08:25:39;completed;Курьер;Челябинск;68345;0;0;68345
702034;;5029071;2024-04-06 22:58:30;completed;Курьер;Уфа;65345;0;490;65835
702035;204539;5029081;2024-04-06 15:05:42;completed;Курьер;Копейск;11567;0;490;12057
702036;;5029115;2024-04-06 22:32:35;completed;Курьер;Челябинск;43990;0;0;43990
702037;205788;5029118;2024-04-06 16:47:41;completed;Самовывоз;Екатеринбург;28990;2029;0;26961
702038;204513;5029122;2024-04-06 18:49:34;completed;Почта России;Миасс;19990;0;550;20540
702039;;5029163;2024-04-06 14:50:01;completed;Курьер;Екатеринбург;34835;0;590;35425
702040;209706;5029172;2024-04-06 15:29:10;payment_failed;Почта России;Челябинск;41335;2000;550;39885
702041;;5029174;2024-04-06 12:28:35;completed;Курьер;Челябинск;28345;0;0;28345
702042;202056;5029180;2024-04-06 18:45:34;completed;СДЭК;Тюмень;570;57;390;903
702043;208713;5029183;2024-04-06 12:37:48;completed;Самовывоз;Екатеринбург;31057;991;0;30066
702044;206839;5029201;2024-04-06 19:12:30;completed;Курьер;Челябинск;29135;0;0;29135
702045;202405;5029206;2024-04-06 11:21:05;completed;Самовывоз;Оренбург;1567;0;0;1567
702046;206205;5029209;2024-04-06 18:30:28;completed;Самовывоз;Казань;1090;54;0;1036
702047;204360;5029211;2024-04-06 08:00:56;completed;Курьер;Миасс;1990;0;390;2380
702048;200648;5029241;2024-04-06 22:24:02;completed;Почта России;Пермь;7142;0;550;7692
702049;200783;5029249;2024-04-06 14:00:00;completed;СДЭК;Златоуст;22880;1144;590;22326
702050;201727;5029257;2024-04-06 20:04:36;completed;Самовывоз;Пермь;27880;1800;0;26080
702051;207879;5029286;2024-04-07 12:46:22;completed;Курьер;Челябинск;18345;0;0;18345
702052;;5029289;2024-04-07 12:49:19;completed;Почта России;Челябинск;21990;660;550;21880
702053;207180;5029311;2024-04-07 14:17:40;returned;Курьер;Челябинск;4090;0;290;4380
702054;202577;5029332;2024-04-07 12:32:33;completed;Курьер;Златоуст;22490;0;490;22980
702055;207803;5029344;2024-04-07 12:30:24;completed;Самовывоз;Челябинск;35580;1089;0;34491
702056;208467;5029357;2024-04-07 09:35:56;completed;СДЭК;Челябинск;48335;2344;590;46581
702057;204241;5029414;2024-04-07 17:23:42;completed;Самовывоз;Челябинск;43090;3016;0;40074
702058;206274;5029423;2024-04-07 16:01:30;returned;Почта России;Копейск;33476;1617;350;32209
702059;201794;5029437;2024-04-07 22:09:51;completed;Курьер;Магнитогорск;64490;0;390;64880
702060;207253;5029444;2024-04-07 17:42:43;completed;Самовывоз;Миасс;902;63;0;839
702061;202786;5029451;2024-04-07 21:57:52;completed;СДЭК;Златоуст;7490;0;590;8080
702062;205789;5029466;2024-04-07 18:43:24;completed;Самовывоз;Копейск;2990;0;0;2990
702063;207514;5029467;2024-04-07 08:18:09;completed;Курьер;Нижневартовск;7567;757;390;7200
702064;200793;5029477;2024-04-07 13:41:19;payment_failed;Курьер;Сургут;1990;60;490;2420
702065;204866;5029480;2024-04-07 13:00:14;completed;Курьер;Санкт-Петербург;22567;677;590;22480
702066;205443;5029482;2024-04-07 13:15:14;completed;Почта России;Магнитогорск;687;34;350;1003
702067;;5029497;2024-04-07 17:19:05;completed;Самовывоз;Челябинск;878;61;0;817
702068;208183;5029498;2024-04-07 18:56:51;completed;Самовывоз;Пермь;68990;4829;0;64161
702069;200738;5029499;2024-04-07 23:16:03;completed;Самовывоз;Миасс;2567;0;0;2567
702070;;5029502;2024-04-07 18:09:56;returned;СДЭК;Москва;7567;0;390;7957
702071;203744;5029515;2024-04-07 21:10:32;returned;Курьер;Златоуст;81280;2439;590;79431
702072;200977;5029534;2024-04-07 15:15:13;completed;Самовывоз;Челябинск;1345;0;0;1345
702073;205910;5029542;2024-04-07 16:34:32;payment_failed;СДЭК;Челябинск;91345;0;490;91835
702074;205420;5029543;2024-04-07 15:23:32;completed;Самовывоз;Челябинск;41790;0;0;41790
702075;207764;5029551;2024-04-07 17:42:26;completed;Самовывоз;Челябинск;4090;0;0;4090
702076;201131;5029554;2024-04-07 19:44:49;completed;Курьер;Челябинск;43490;2174;0;41316
702077;201322;5029561;2024-04-07 18:18:31;completed;Курьер;Казань;37090;2596;590;35084
702078;207313;5029588;2024-04-07 17:46:13;completed;СДЭК;Магнитогорск;6490;454;490;6526
702079;;5029591;2024-04-07 12:30:33;completed;Курьер;Миасс;44567;0;590;45157
702080;205026;5029597;2024-04-07 16:17:47;completed;Почта России;Уфа;26790;2679;550;24661
702081;;5029648;2024-04-07 17:27:01;completed;СДЭК;Миасс;18990;0;490;19480
702082;205965;5029679;2024-04-08 11:42:00;completed;Курьер;Тюмень;29490;0;590;30080
702083;206788;5029680;2024-04-08 17:56:50;completed;Самовывоз;Москва;18790;2255;0;16535
702084;202608;5029682;2024-04-08 19:37:05;completed;Почта России;Екатеринбург;1490;45;550;1995
702085;;5029704;2024-04-08 23:06:54;completed;Самовывоз;Челябинск;50171;1485;0;48686
702086;201227;5029710;2024-04-08 12:13:13;returned;Курьер;Курган;27345;0;590;27935
702087;209745;5029714;2024-04-08 09:41:35;payment_failed;Почта России;Казань;21490;0;350;21840
702088;202112;5029742;2024-04-08 10:25:52;payment_failed;Почта России;Магнитогорск;3490;0;550;4040
702089;;5029752;2024-04-08 21:50:07;payment_failed;Самовывоз;Уфа;2435;116;0;2319
702090;203373;5029775;2024-04-08 23:34:05;completed;Самовывоз;Миасс;25567;2557;0;23010
702091;;5029783;2024-04-08 18:17:21;completed;Самовывоз;Екатеринбург;20090;0;0;20090
702092;202609;5029787;2024-04-08 21:40:34;completed;Самовывоз;Пермь;110345;0;0;110345
702093;204041;5029790;2024-04-08 17:06:53;completed;Самовывоз;Курган;10624;687;0;9937
702094;200613;5029795;2024-04-08 22:06:39;returned;Самовывоз;Челябинск;29090;873;0;28217
702095;;5029796;2024-04-08 17:58:39;completed;Самовывоз;Челябинск;88345;0;0;88345
702096;;5029812;2024-04-08 11:24:50;completed;Самовывоз;Уфа;39567;1978;0;37589
702097;204595;5029813;2024-04-08 17:56:46;completed;Самовывоз;Екатеринбург;35567;1778;0;33789
702098;209277;5029817;2024-04-08 18:12:04;completed;Самовывоз;Миасс;20657;1300;0;19357
702099;;5029824;2024-04-08 08:49:28;completed;Самовывоз;Златоуст;21451;0;0;21451
702100;209728;5029847;2024-04-08 15:45:17;payment_failed;СДЭК;Екатеринбург;24490;2939;490;22041
702101;208081;5029849;2024-04-08 11:41:56;completed;СДЭК;Ижевск;23057;781;690;22966
702102;208570;5029872;2024-04-08 11:07:36;cancelled;СДЭК;Санкт-Петербург;2090;146;690;2634
702103;208611;5029887;2024-04-08 16:45:50;completed;Почта России;Уфа;32790;0;450;33240
702104;205423;5029893;2024-04-08 21:31:08;completed;СДЭК;Челябинск;31345;0;590;31935
702105;204033;5029898;2024-04-08 17:24:30;completed;Курьер;Казань;1090;0;390;1480
702106;207845;5029903;2024-04-08 18:20:18;completed;Самовывоз;Новосибирск;34567;1037;0;33530
702107;202845;5029908;2024-04-08 18:47:26;completed;Курьер;Екатеринбург;64090;0;590;64680
702108;209969;5029917;2024-04-08 14:21:19;completed;Курьер;Самара;1345;134;390;1601
702109;201783;5029919;2024-04-08 16:53:01;completed;Самовывоз;Челябинск;34990;0;0;34990
702110;205267;5029942;2024-04-08 21:32:56;completed;СДЭК;Златоуст;19490;0;590;20080
702111;205759;5029963;2024-04-08 18:35:36;completed;Курьер;Челябинск;1490;104;290;1676
702112;201986;5029974;2024-04-08 20:21:00;completed;Самовывоз;Миасс;50990;0;0;50990
702113;202632;5029987;2024-04-09 22:39:12;completed;Почта России;Челябинск;20090;1004;550;19636
702114;206359;5030055;2024-04-09 17:20:02;completed;Самовывоз;Магнитогорск;18345;550;0;17795
702115;208152;5030064;2024-04-09 15:14:53;payment_failed;Курьер;Екатеринбург;6990;210;390;7170
702116;202093;5030089;2024-04-09 13:55:05;payment_failed;Самовывоз;Екатеринбург;28033;0;0;28033
702117;;5030101;2024-04-09 19:12:12;payment_failed;Самовывоз;Екатеринбург;26567;2657;0;23910
702118;;5030107;2024-04-09 17:25:08;completed;Курьер;Магнитогорск;561;17;590;1134
702119;207255;5030129;2024-04-09 19:01:21;completed;Курьер;Челябинск;683;68;290;905
702120;203149;5030137;2024-04-09 21:28:43;completed;Самовывоз;Магнитогорск;13335;240;0;13095
702121;206461;5030143;2024-04-09 20:28:13;payment_failed;Курьер;Челябинск;31567;0;0;31567
702122;206779;5030182;2024-04-09 17:04:04;completed;СДЭК;Челябинск;41990;5039;390;37341
702123;201700;5030192;2024-04-09 12:23:43;completed;Курьер;Челябинск;1090;0;290;1380
702124;205707;5030233;2024-04-09 14:37:07;completed;Почта России;Курган;4790;240;350;4900
702125;;5030248;2024-04-09 11:59:32;completed;Почта России;Екатеринбург;125990;8819;450;117621
702126;;5030268;2024-04-09 14:08:53;completed;СДЭК;Ижевск;35990;1080;390;35300
702127;203889;5030271;2024-04-09 18:36:24;payment_failed;СДЭК;Челябинск;6790;0;590;7380
702128;208175;5030280;2024-04-09 13:39:05;completed;Курьер;Курган;42345;1270;490;41565
702129;208295;5030294;2024-04-09 08:41:33;completed;Почта России;Пермь;29356;896;550;29010
702130;205291;5030299;2024-04-10 19:15:01;completed;Самовывоз;Екатеринбург;800;0;0;800
702131;203207;5030301;2024-04-10 19:25:02;completed;Самовывоз;Москва;565;0;0;565
702132;206716;5030306;2024-04-10 10:03:39;payment_failed;СДЭК;Екатеринбург;24345;1217;590;23718
702133;208017;5030313;2024-04-10 12:25:44;completed;Курьер;Миасс;43061;1292;590;42359
702134;209178;5030317;2024-04-10 12:53:43;completed;Самовывоз;Челябинск;2090;0;0;2090
702135;209018;5030329;2024-04-10 16:59:21;completed;СДЭК;Челябинск;780;0;590;1370
702136;;5030360;2024-04-10 11:59:43;completed;Самовывоз;Екатеринбург;29990;0;0;29990
702137;204297;5030378;2024-04-10 20:18:37;completed;Самовывоз;Челябинск;26110;1250;0;24860
702138;200837;5030386;2024-04-10 19:27:47;completed;Курьер;Челябинск;35345;3534;0;31811
702139;205224;5030399;2024-04-10 10:45:10;completed;Курьер;Челябинск;59657;3269;0;56388
702140;;5030411;2024-04-10 08:54:58;completed;Курьер;Челябинск;44057;28;0;44029
702141;203212;5030412;2024-04-10 14:57:05;completed;СДЭК;Челябинск;11567;578;490;11479
702142;;5030415;2024-04-10 11:13:21;completed;СДЭК;Санкт-Петербург;9090;454;590;9226
702143;206477;5030417;2024-04-10 14:14:18;completed;Курьер;Челябинск;6256;34;0;6222
702144;;5030438;2024-04-10 09:24:07;completed;Курьер;Челябинск;9560;558;0;9002
702145;203857;5030440;2024-04-10 22:14:44;cancelled;Курьер;Челябинск;3345;401;290;3234
702146;203306;5030451;2024-04-10 15:50:50;completed;Курьер;Челябинск;79345;5554;0;73791
702147;;5030474;2024-04-10 22:55:15;completed;Почта России;Челябинск;18567;0;350;18917
702148;203087;5030483;2024-04-10 10:32:46;completed;Курьер;Самара;14090;1409;590;13271
702149;205429;5030484;2024-04-10 15:30:27;returned;Самовывоз;Челябинск;77790;0;0;77790
702150;201141;5030519;2024-04-10 16:56:17;completed;Курьер;Пермь;3990;399;390;3981
702151;208257;5030589;2024-04-10 20:33:53;completed;Почта России;Челябинск;13790;0;450;14240
702152;202481;5030604;2024-04-10 16:10:54;completed;Самовывоз;Екатеринбург;49002;2117;0;46885
702153;;5030626;2024-04-10 23:44:48;completed;Курьер;Миасс;70070;3518;590;67142
702154;208739;5030640;2024-04-11 16:32:48;completed;Самовывоз;Челябинск;56490;5649;0;50841
702155;206772;5030644;2024-04-11 21:46:45;completed;Самовывоз;Копейск;111567;0;0;111567
702156;;5030668;2024-04-11 16:47:46;completed;Самовывоз;Москва;127090;8896;0;118194
702157;209306;5030674;2024-04-11 08:05:56;completed;Курьер;Пермь;38345;0;390;38735
702158;204024;5030680;2024-04-11 15:43:28;completed;Самовывоз;Челябинск;84567;0;0;84567
702159;209263;5030694;2024-04-11 12:49:43;completed;Самовывоз;Курган;75135;7234;0;67901
702160;;5030707;2024-04-11 23:44:58;completed;СДЭК;Челябинск;28980;1749;490;27721
702161;208816;5030743;2024-04-11 20:16:25;completed;Курьер;Уфа;2090;251;490;2329
702162;200513;5030747;2024-04-11 18:03:19;completed;СДЭК;Пермь;34990;0;690;35680
702163;208538;5030751;2024-04-11 17:31:01;payment_failed;Самовывоз;Тюмень;2490;75;0;2415
702164;200003;5030765;2024-04-11 19:40:06;completed;Самовывоз;Челябинск;111567;5578;0;105989
702165;201933;5030787;2024-04-11 17:52:34;cancelled;СДЭК;Магнитогорск;35345;0;490;35835
702166;205424;5030794;2024-04-11 19:23:10;completed;Курьер;Екатеринбург;67990;0;390;68380
702167;205868;5030796;2024-04-11 10:59:34;completed;СДЭК;Челябинск;893;89;690;1494
702168;201460;5030808;2024-04-11 13:08:49;completed;Самовывоз;Ижевск;100090;0;0;100090
702169;204852;5030820;2024-04-11 20:14:10;completed;Курьер;Санкт-Петербург;90490;0;590;91080
702170;202062;5030826;2024-04-11 18:24:13;completed;Курьер;Курган;19790;1385;590;18995
702171;208216;5030834;2024-04-11 23:06:04;completed;Самовывоз;Челябинск;75567;0;0;75567
702172;207038;5030916;2024-04-11 21:54:15;completed;Самовывоз;Магнитогорск;4790;0;0;4790
702173;209886;5030954;2024-04-12 16:24:13;completed;Самовывоз;Челябинск;127490;0;0;127490
702174;205702;5030963;2024-04-12 12:01:53;completed;СДЭК;Ижевск;2990;0;590;3580
702175;;5030966;2024-04-12 16:51:51;completed;Курьер;Магнитогорск;19490;974;390;18906
702176;207206;5030980;2024-04-12 17:36:57;completed;Курьер;Челябинск;126490;3795;0;122695
702177;203224;5030994;2024-04-12 13:46:18;completed;Курьер;Челябинск;12567;0;0;12567
702178;207384;5031003;2024-04-12 16:00:55;completed;Самовывоз;Челябинск;1345;0;0;1345
702179;207720;5031017;2024-04-12 17:19:22;completed;Почта России;Златоуст;18790;0;450;19240
702180;200159;5031018;2024-04-12 13:03:40;completed;Курьер;Челябинск;82280;0;0;82280
702181;203007;5031031;2024-04-12 10:59:03;completed;Курьер;Тюмень;694;0;490;1184
702182;208679;5031033;2024-04-12 12:34:38;completed;Самовывоз;Ижевск;9990;699;0;9291
702183;206543;5031059;2024-04-12 15:03:27;cancelled;Курьер;Екатеринбург;74567;0;490;75057
702184;200383;5031064;2024-04-12 14:18:22;completed;Самовывоз;Копейск;38480;3848;0;34632
702185;;5031078;2024-04-12 10:02:03;completed;Курьер;Курган;44280;2453;590;42417
702186;201756;5031088;2024-04-12 18:34:35;payment_failed;Курьер;Челябинск;14090;0;0;14090
702187;205802;5031103;2024-04-12 19:49:47;completed;СДЭК;Челябинск;7567;0;590;8157
702188;208626;5031110;2024-04-12 17:58:18;completed;Курьер;Уфа;109567;3287;390;106670
702189;208794;5031135;2024-04-12 16:26:02;completed;Курьер;Тюмень;41080;4530;490;37040
702190;208761;5031136;2024-04-12 10:09:37;completed;СДЭК;Нижневартовск;781;0;490;1271
702191;203710;5031227;2024-04-12 17:23:19;cancelled;Курьер;Миасс;6567;0;590;7157
702192;202307;5031233;2024-04-12 14:15:16;returned;СДЭК;Челябинск;109490;3285;590;106795
702193;207411;5031234;2024-04-12 21:01:42;completed;Курьер;Москва;36990;0;490;37480
702194;;5031240;2024-04-12 13:12:38;completed;СДЭК;Челябинск;25090;0;390;25480
702195;206848;5031277;2024-04-13 17:20:35;completed;СДЭК;Пермь;885;0;490;1375
702196;;5031289;2024-04-13 17:11:16;completed;Самовывоз;Челябинск;892;0;0;892
702197;206235;5031291;2024-04-13 16:12:34;completed;Курьер;Казань;4790;0;590;5380
702198;202381;5031292;2024-04-13 21:21:15;completed;Самовывоз;Самара;53057;670;0;52387
702199;200511;5031300;2024-04-13 19:10:18;completed;Самовывоз;Москва;4135;84;0;4051
702200;204869;5031306;2024-04-13 19:05:06;cancelled;Курьер;Тюмень;35567;0;390;35957
702201;207357;5031307;2024-04-13 12:03:51;completed;Курьер;Магнитогорск;149880;0;490;150370
702202;200006;5031318;2024-04-13 19:01:26;completed;Самовывоз;Челябинск;45080;4399;0;40681
702203;;5031323;2024-04-13 19:49:39;completed;Курьер;Казань;1090;54;590;1626
702204;;5031342;2024-04-13 11:36:37;cancelled;Курьер;Челябинск;21790;0;0;21790
702205;;5031343;2024-04-13 13:28:55;completed;СДЭК;Курган;26790;0;590;27380
702206;201125;5031356;2024-04-13 08:45:24;completed;Курьер;Челябинск;12090;604;0;11486
702207;203077;5031365;2024-04-13 18:26:40;completed;Курьер;Курган;7990;0;590;8580
702208;200740;5031396;2024-04-13 14:12:23;completed;Самовывоз;Екатеринбург;18490;2219;0;16271
702209;;5031399;2024-04-13 16:46:41;completed;Почта России;Златоуст;42567;4257;350;38660
702210;201509;5031405;2024-04-13 14:03:49;completed;Курьер;Тюмень;7345;514;590;7421
702211;202305;5031407;2024-04-13 17:27:40;completed;Курьер;Челябинск;34685;4079;0;30606
702212;;5031421;2024-04-13 15:04:00;completed;Курьер;Челябинск;42490;0;0;42490
702213;;5031430;2024-04-13 20:31:45;completed;Почта России;Санкт-Петербург;20580;1030;450;20000
702214;209207;5031432;2024-04-13 21:57:44;completed;Курьер;Москва;83567;0;590;84157
702215;206102;5031478;2024-04-13 16:13:38;completed;Курьер;Златоуст;35790;1790;590;34590
702216;207397;5031480;2024-04-13 12:26:15;completed;Курьер;Магнитогорск;43090;0;390;43480
702217;200031;5031483;2024-04-13 23:34:48;completed;Курьер;Пермь;2567;180;490;2877
702218;;5031522;2024-04-13 09:36:34;completed;Самовывоз;Екатеринбург;18345;1834;0;16511
702219;207265;5031531;2024-04-13 18:00:42;completed;Самовывоз;Миасс;68990;0;0;68990
702220;209472;5031553;2024-04-13 22:58:49;payment_failed;Самовывоз;Екатеринбург;35090;2456;0;32634
702221;;5031555;2024-04-13 13:53:43;completed;Курьер;Екатеринбург;4345;130;490;4705
702222;203032;5031569;2024-04-13 18:00:36;completed;Почта России;Казань;13790;0;450;14240
702223;207169;5031585;2024-04-13 14:16:55;completed;Самовывоз;Челябинск;1090;0;0;1090
702224;201276;5031594;2024-04-13 18:11:32;completed;Самовывоз;Екатеринбург;70990;3550;0;67440
702225;;5031596;2024-04-13 10:27:27;completed;Курьер;Оренбург;30135;1417;390;29108
702226;202230;5031633;2024-04-13 19:13:15;completed;Курьер;Челябинск;33790;0;0;33790
702227;201970;5031642;2024-04-13 19:45:31;completed;Самовывоз;Тюмень;18490;1849;0;16641
702228;208678;5031644;2024-04-13 21:26:12;completed;Курьер;Сургут;64345;0;590;64935
702229;207890;5031665;2024-04-14 15:23:01;completed;Курьер;Оренбург;13990;700;490;13780
702230;;5031670;2024-04-14 19:46:01;completed;Самовывоз;Ижевск;34090;1704;0;32386
702231;;5031701;2024-04-14 11:21:35;completed;Курьер;Самара;34345;1030;490;33805
702232;;5031706;2024-04-14 20:23:01;completed;Курьер;Тюмень;56345;0;390;56735
702233;;5031708;2024-04-14 14:16:30;completed;Самовывоз;Челябинск;49490;0;0;49490
702234;201112;5031759;2024-04-14 12:16:43;completed;Самовывоз;Тюмень;38790;1940;0;36850
702235;;5031781;2024-04-14 10:27:29;payment_failed;Курьер;Челябинск;36990;1110;0;35880
702236;;5031822;2024-04-14 15:39:44;completed;Курьер;Златоуст;41147;174;590;41563
702237;209096;5031834;2024-04-14 17:35:01;completed;СДЭК;Уфа;19703;255;690;20138
702238;200712;5031836;2024-04-14 18:18:48;completed;Самовывоз;Магнитогорск;19990;0;0;19990
702239;205979;5031853;2024-04-14 22:31:16;completed;СДЭК;Оренбург;42557;1596;590;41551
702240;;5031873;2024-04-14 16:10:16;completed;СДЭК;Миасс;21345;0;590;21935
702241;202440;5031878;2024-04-14 15:09:27;completed;Курьер;Уфа;72580;0;490;73070
702242;207552;5031879;2024-04-14 13:58:32;completed;Самовывоз;Екатеринбург;42567;0;0;42567
702243;;5031882;2024-04-14 17:49:01;cancelled;Почта России;Челябинск;3490;349;450;3591
702244;208313;5031909;2024-04-14 17:36:24;completed;Самовывоз;Челябинск;47580;3509;0;44071
702245;207765;5031930;2024-04-14 14:47:44;completed;Самовывоз;Челябинск;16825;793;0;16032
702246;203652;5031946;2024-04-14 22:28:08;returned;Курьер;Челябинск;108345;0;0;108345
702247;203294;5031974;2024-04-14 12:04:53;completed;СДЭК;Екатеринбург;27135;0;590;27725
702248;208191;5031987;2024-04-14 15:39:23;completed;Курьер;Миасс;1490;45;490;1935
702249;201379;5032001;2024-04-14 11:52:11;completed;Самовывоз;Челябинск;3790;0;0;3790
702250;206647;5032028;2024-04-15 15:49:35;completed;Курьер;Оренбург;64345;0;590;64935
702251;;5032061;2024-04-15 09:06:12;completed;Почта России;Екатеринбург;18567;1300;550;17817
702252;206306;5032068;2024-04-15 18:36:41;completed;Курьер;Челябинск;51090;6131;0;44959
702253;209182;5032072;2024-04-15 11:17:36;completed;Самовывоз;Миасс;100490;0;0;100490
702254;;5032074;2024-04-15 20:53:43;completed;Курьер;Уфа;128490;0;490;128980
702255;205192;5032075;2024-04-15 20:17:20;completed;Самовывоз;Самара;18490;555;0;17935
702256;203298;5032078;2024-04-15 17:52:23;completed;Курьер;Москва;39053;1941;590;37702
702257;201250;5032082;2024-04-15 19:35:32;completed;Самовывоз;Челябинск;37357;2295;0;35062
702258;207037;5032084;2024-04-15 19:35:39;payment_failed;Почта России;Челябинск;83345;0;550;83895
702259;205013;5032119;2024-04-15 16:58:10;completed;Курьер;Миасс;9835;225;590;10200
702260;208886;5032122;2024-04-15 19:09:42;completed;СДЭК;Магнитогорск;4990;0;390;5380
702261;;5032124;2024-04-15 11:37:40;completed;СДЭК;Казань;35335;2334;690;33691
702262;;5032131;2024-04-15 16:37:41;completed;Почта России;Челябинск;68090;2043;450;66497
702263;203062;5032135;2024-04-15 12:53:16;returned;СДЭК;Ижевск;20345;0;590;20935
702264;209127;5032141;2024-04-15 19:31:45;completed;Курьер;Златоуст;1804;0;590;2394
702265;;5032175;2024-04-15 08:40:26;returned;Почта России;Пермь;2090;0;350;2440
702266;209915;5032178;2024-04-15 13:29:12;completed;Курьер;Магнитогорск;2490;75;490;2905
702267;209797;5032179;2024-04-15 11:22:21;completed;Курьер;Санкт-Петербург;64345;0;490;64835
702268;206622;5032195;2024-04-15 15:43:25;payment_failed;Самовывоз;Челябинск;57690;40;0;57650
702269;203358;5032201;2024-04-15 16:14:50;completed;Самовывоз;Копейск;13345;1601;0;11744
702270;;5032313;2024-04-15 18:53:17;completed;Курьер;Ижевск;1790;54;390;2126
702271;;5032323;2024-04-15 19:06:42;completed;Самовывоз;Магнитогорск;24990;2999;0;21991
702272;209857;5032326;2024-04-15 13:08:15;completed;Самовывоз;Магнитогорск;69057;178;0;68879
702273;208730;5032339;2024-04-15 16:48:27;completed;Самовывоз;Копейск;100090;7006;0;93084
702274;207989;5032350;2024-04-15 22:32:05;completed;Курьер;Челябинск;18345;0;0;18345
702275;204140;5032363;2024-04-15 17:49:19;completed;Курьер;Москва;45698;3132;590;43156
702276;200639;5032375;2024-04-16 22:48:38;payment_failed;Самовывоз;Челябинск;1567;0;0;1567
702277;209112;5032387;2024-04-16 10:48:59;returned;Курьер;Ижевск;55990;5599;490;50881
702278;205430;5032391;2024-04-16 21:05:15;completed;Курьер;Москва;42790;2140;390;41040
702279;206875;5032410;2024-04-16 09:10:23;completed;Самовывоз;Челябинск;1600;0;0;1600
702280;209857;5032428;2024-04-16 18:27:57;completed;Самовывоз;Магнитогорск;82790;0;0;82790
702281;207410;5032454;2024-04-16 19:49:02;completed;Почта России;Самара;12345;0;550;12895
702282;205043;5032457;2024-04-16 13:41:35;completed;Курьер;Челябинск;1490;0;290;1780
702283;209908;5032483;2024-04-16 10:05:49;payment_failed;Самовывоз;Копейск;26090;2609;0;23481
702284;202603;5032523;2024-04-16 17:49:38;completed;Курьер;Челябинск;1345;94;290;1541
702285;200363;5032540;2024-04-16 14:08:16;completed;Курьер;Челябинск;17090;854;0;16236
702286;200275;5032563;2024-04-16 22:43:24;completed;Почта России;Челябинск;18090;0;350;18440
702287;200114;5032572;2024-04-16 17:29:52;completed;Самовывоз;Златоуст;32790;1640;0;31150
702288;207592;5032588;2024-04-16 14:50:21;completed;Почта России;Челябинск;57567;0;350;57917
702289;206326;5032601;2024-04-16 16:52:45;completed;Курьер;Челябинск;35780;1949;0;33831
702290;204846;5032603;2024-04-16 13:18:57;completed;Почта России;Екатеринбург;19345;0;350;19695
702291;200944;5032604;2024-04-16 19:33:03;completed;Почта России;Челябинск;28657;227;550;28980
702292;207298;5032609;2024-04-16 13:31:06;completed;Почта России;Оренбург;4689;0;550;5239
702293;203048;5032622;2024-04-16 16:59:17;completed;Самовывоз;Магнитогорск;71567;0;0;71567
702294;206038;5032637;2024-04-16 13:24:29;payment_failed;Курьер;Златоуст;7584;435;390;7539
702295;203046;5032692;2024-04-16 21:16:58;completed;Курьер;Копейск;14657;0;590;15247
702296;208672;5032696;2024-04-16 13:31:44;completed;Самовывоз;Челябинск;113990;0;0;113990
702297;203427;5032718;2024-04-16 22:42:04;completed;СДЭК;Копейск;70490;4934;590;66146
702298;200903;5032790;2024-04-17 21:31:23;completed;Самовывоз;Магнитогорск;65345;0;0;65345
702299;200732;5032804;2024-04-17 23:07:13;completed;СДЭК;Оренбург;1345;0;590;1935
702300;209700;5032832;2024-04-17 20:00:03;completed;Самовывоз;Челябинск;2790;279;0;2511
702301;209339;5032835;2024-04-17 16:55:25;completed;Курьер;Миасс;8690;0;590;9280
702302;204072;5032839;2024-04-17 09:31:43;completed;СДЭК;Миасс;27490;0;490;27980
702303;209863;5032863;2024-04-17 14:39:00;payment_failed;Самовывоз;Нижневартовск;6990;0;0;6990
702304;;5032891;2024-04-17 12:29:54;payment_failed;Почта России;Копейск;27135;814;450;26771
702305;207917;5032929;2024-04-17 12:09:15;completed;Самовывоз;Пермь;28345;1984;0;26361
702306;208977;5032939;2024-04-17 20:31:33;completed;Самовывоз;Челябинск;74588;8855;0;65733
702307;202473;5032944;2024-04-17 09:07:00;completed;Курьер;Екатеринбург;26345;3161;490;23674
702308;209096;5032949;2024-04-17 10:15:13;completed;Курьер;Уфа;88345;2650;390;86085
702309;208366;5032958;2024-04-17 11:13:13;completed;Курьер;Новосибирск;35090;2456;590;33224
702310;;5032963;2024-04-17 16:31:34;completed;Самовывоз;Челябинск;1990;60;0;1930
702311;205167;5032970;2024-04-17 12:35:41;completed;Самовывоз;Миасс;17567;1757;0;15810
702312;;5033009;2024-04-17 14:38:52;completed;Почта России;Курган;13345;934;550;12961
702313;206672;5033010;2024-04-17 10:45:25;completed;Почта России;Курган;700;21;550;1229
702314;207686;5033016;2024-04-17 18:43:30;completed;Почта России;Тюмень;13490;0;350;13840
702315;205631;5033027;2024-04-17 22:12:04;completed;СДЭК;Челябинск;1790;90;590;2290
702316;200514;5033030;2024-04-17 16:43:20;completed;СДЭК;Челябинск;20567;0;690;21257
702317;208597;5033034;2024-04-17 16:05:58;completed;Курьер;Сургут;2567;0;390;2957
702318;206069;5033053;2024-04-17 18:23:19;completed;Курьер;Пермь;9090;0;590;9680
702319;209282;5033078;2024-04-17 12:13:24;completed;Курьер;Миасс;10980;0;390;11370
702320;203516;5033079;2024-04-17 13:25:37;completed;Самовывоз;Челябинск;64490;1935;0;62555
702321;206371;5033086;2024-04-18 18:34:08;payment_failed;Курьер;Казань;186470;5318;490;181642
702322;200832;5033088;2024-04-18 18:16:19;completed;Почта России;Челябинск;11490;0;350;11840
702323;204292;5033098;2024-04-18 09:58:33;completed;Курьер;Магнитогорск;4480;100;490;4870
702324;;5033110;2024-04-18 13:55:13;completed;Курьер;Екатеринбург;1567;47;490;2010
702325;205440;5033113;2024-04-18 21:23:36;completed;Курьер;Курган;70990;0;490;71480
702326;204773;5033141;2024-04-18 09:48:56;completed;Курьер;Санкт-Петербург;6090;304;490;6276
702327;206286;5033144;2024-04-18 11:20:58;completed;Курьер;Уфа;52790;1584;490;51696
702328;206945;5033158;2024-04-18 21:34:02;completed;СДЭК;Самара;9490;0;490;9980
702329;;5033166;2024-04-18 15:07:15;completed;СДЭК;Копейск;43054;2124;390;41320
702330;203760;5033171;2024-04-18 17:09:20;completed;Самовывоз;Златоуст;28490;1994;0;26496
702331;206673;5033188;2024-04-18 20:51:44;completed;Самовывоз;Копейск;37490;3749;0;33741
702332;208733;5033208;2024-04-18 17:42:13;completed;Самовывоз;Челябинск;34090;0;0;34090
702333;207330;5033251;2024-04-18 20:09:02;completed;Курьер;Челябинск;50567;1517;0;49050
702334;200209;5033266;2024-04-18 12:51:12;completed;СДЭК;Челябинск;6490;0;390;6880
702335;207243;5033276;2024-04-18 22:42:45;cancelled;Почта России;Казань;688;0;450;1138
702336;206186;5033290;2024-04-18 13:13:47;completed;Самовывоз;Миасс;19580;33;0;19547
702337;209237;5033291;2024-04-18 11:46:21;completed;СДЭК;Миасс;1790;0;590;2380
702338;207251;5033307;2024-04-18 12:58:42;completed;СДЭК;Магнитогорск;102080;5159;590;97511
702339;209031;5033316;2024-04-18 16:21:46;completed;СДЭК;Уфа;1345;40;690;1995
702340;203308;5033347;2024-04-18 22:44:51;completed;Курьер;Санкт-Петербург;14567;0;590;15157
702341;202267;5033389;2024-04-18 17:54:08;completed;Курьер;Копейск;28345;1984;590;26951
702342;209048;5033394;2024-04-18 08:03:42;completed;Самовывоз;Челябинск;41567;4988;0;36579
702343;203973;5033401;2024-04-18 15:19:07;completed;Курьер;Челябинск;1345;0;290;1635
702344;207903;5033411;2024-04-18 19:03:17;completed;СДЭК;Самара;2490;0;390;2880
702345;204891;5033457;2024-04-19 12:54:00;completed;Самовывоз;Копейск;85567;5990;0;79577
702346;209067;5033465;2024-04-19 18:46:49;completed;Курьер;Екатеринбург;46057;4356;390;42091
702347;;5033468;2024-04-19 09:23:48;payment_failed;СДЭК;Казань;53480;90;390;53780
702348;;5033491;2024-04-19 14:49:51;completed;Почта России;Сургут;11790;0;450;12240
702349;207304;5033494;2024-04-19 15:06:27;completed;Курьер;Копейск;569;28;590;1131
702350;204206;5033498;2024-04-19 22:20:08;completed;Самовывоз;Миасс;64990;6499;0;58491
702351;200746;5033511;2024-04-19 20:04:49;completed;СДЭК;Челябинск;697;0;490;1187
702352;204196;5033515;2024-04-19 15:27:12;completed;Курьер;Пермь;19567;978;490;19079
702353;209264;5033518;2024-04-19 12:04:20;completed;Самовывоз;Магнитогорск;44657;0;0;44657
702354;;5033519;2024-04-19 15:19:47;completed;Курьер;Пермь;41884;2054;390;40220
702355;206476;5033520;2024-04-19 20:17:52;cancelled;СДЭК;Екатеринбург;12790;895;690;12585
702356;203413;5033550;2024-04-19 14:33:16;completed;СДЭК;Челябинск;34345;1717;690;33318
702357;204977;5033565;2024-04-19 16:12:02;completed;Курьер;Копейск;32345;2264;590;30671
702358;207997;5033567;2024-04-19 08:00:10;payment_failed;Самовывоз;Миасс;37790;0;0;37790
702359;205867;5033580;2024-04-19 19:39:24;completed;Самовывоз;Златоуст;72567;3628;0;68939
702360;206182;5033587;2024-04-19 15:46:13;completed;Курьер;Тюмень;28490;0;490;28980
702361;;5033594;2024-04-19 15:50:57;completed;Самовывоз;Копейск;65090;0;0;65090
702362;201969;5033613;2024-04-19 13:42:40;completed;Самовывоз;Челябинск;40480;0;0;40480
702363;200361;5033620;2024-04-19 19:14:45;completed;Самовывоз;Казань;42790;2995;0;39795
702364;202319;5033631;2024-04-19 13:50:56;completed;Курьер;Челябинск;4435;283;290;4442
702365;203001;5033680;2024-04-19 14:50:06;completed;Курьер;Москва;62657;657;590;62590
702366;206195;5033685;2024-04-19 21:23:19;completed;Самовывоз;Златоуст;112657;0;0;112657
702367;200629;5033694;2024-04-19 13:10:38;completed;Самовывоз;Челябинск;43090;1293;0;41797
702368;208327;5033698;2024-04-19 14:05:17;completed;Курьер;Тюмень;1345;0;390;1735
702369;207968;5033700;2024-04-19 16:41:16;completed;Курьер;Челябинск;10345;0;0;10345
702370;203050;5033702;2024-04-19 10:53:38;completed;Самовывоз;Москва;36345;0;0;36345
702371;204443;5033754;2024-04-20 16:59:28;completed;Самовывоз;Москва;42345;0;0;42345
702372;201096;5033763;2024-04-20 20:39:34;completed;Самовывоз;Ижевск;51341;1660;0;49681
702373;201161;5033779;2024-04-20 18:22:52;completed;Курьер;Екатеринбург;26490;1854;390;25026
702374;209221;5033784;2024-04-20 16:53:21;payment_failed;Курьер;Екатеринбург;683;0;390;1073
702375;201184;5033791;2024-04-20 17:27:30;completed;Самовывоз;Челябинск;28567;3428;0;25139
702376;205730;5033800;2024-04-20 21:42:19;completed;Самовывоз;Казань;68567;6857;0;61710
702377;204026;5033809;2024-04-20 18:16:34;completed;СДЭК;Казань;57090;0;490;57580
702378;203983;5033822;2024-04-20 15:56:22;completed;СДЭК;Челябинск;91690;6364;490;85816
702379;203871;5033828;2024-04-20 16:49:30;completed;Курьер;Тюмень;7743;140;490;8093
702380;200672;5033831;2024-04-20 13:36:36;payment_failed;Курьер;Копейск;64490;0;590;65080
702381;208883;5033834;2024-04-20 10:14:44;completed;Курьер;Челябинск;18090;1809;0;16281
702382;204344;5033839;2024-04-20 14:47:49;completed;Курьер;Уфа;19490;0;390;19880
702383;209975;5033863;2024-04-20 14:04:21;completed;Курьер;Челябинск;3790;190;290;3890
702384;208937;5033883;2024-04-20 22:34:59;completed;СДЭК;Тюмень;29980;60;590;30510
702385;200643;5033884;2024-04-20 13:03:45;completed;Самовывоз;Казань;21357;2563;0;18794
702386;204437;5033906;2024-04-20 18:04:33;completed;Курьер;Екатеринбург;7567;378;390;7579
702387;206214;5033924;2024-04-20 21:35:29;completed;СДЭК;Магнитогорск;7090;709;390;6771
702388;205645;5033930;2024-04-20 14:41:05;cancelled;Курьер;Златоуст;38090;0;490;38580
702389;;5033948;2024-04-20 17:00:45;completed;СДЭК;Казань;25490;1274;590;24806
702390;208116;5033954;2024-04-20 14:36:56;completed;Самовывоз;Казань;20090;0;0;20090
702391;202709;5033976;2024-04-20 15:28:45;completed;Самовывоз;Миасс;26345;0;0;26345
702392;207837;5033990;2024-04-20 18:20:33;completed;Курьер;Тюмень;9980;0;390;10370
702393;208958;5034004;2024-04-20 19:54:43;completed;Курьер;Челябинск;1567;78;290;1779
702394;209260;5034017;2024-04-20 17:27:19;completed;Курьер;Санкт-Петербург;18990;570;490;18910
702395;204786;5034022;2024-04-20 16:38:15;completed;Самовывоз;Ижевск;23990;2399;0;21591
702396;205786;5034029;2024-04-20 10:27:19;completed;Курьер;Копейск;787;0;490;1277
702397;209694;5034049;2024-04-20 16:28:56;completed;Курьер;Магнитогорск;127170;2104;390;125456
702398;204497;5034114;2024-04-21 20:20:14;completed;Самовывоз;Магнитогорск;69567;0;0;69567
702399;207088;5034150;2024-04-21 14:26:06;completed;СДЭК;Екатеринбург;66063;0;590;66653
702400;201570;5034151;2024-04-21 12:58:47;payment_failed;Курьер;Челябинск;57090;2854;0;54236
702401;;5034153;2024-04-21 11:52:25;completed;Почта России;Челябинск;11490;345;450;11595
702402;205203;5034154;2024-04-21 08:06:36;completed;Курьер;Миасс;1090;54;590;1626
702403;;5034164;2024-04-21 19:04:07;completed;СДЭК;Магнитогорск;33990;0;690;34680
702404;201220;5034168;2024-04-21 20:41:33;completed;Почта России;Екатеринбург;9490;285;550;9755
702405;202773;5034183;2024-04-21 18:30:09;completed;Самовывоз;Магнитогорск;39990;2000;0;37990
702406;;5034218;2024-04-21 22:49:09;completed;СДЭК;Челябинск;8790;0;490;9280
702407;208196;5034242;2024-04-21 16:43:36;completed;Курьер;Пермь;27090;0;590;27680
702408;;5034268;2024-04-21 10:23:51;completed;Самовывоз;Магнитогорск;18490;0;0;18490
702409;205645;5034272;2024-04-21 09:35:05;completed;Почта России;Златоуст;45990;0;450;46440
702410;207781;5034273;2024-04-21 20:57:21;completed;Самовывоз;Златоуст;6490;454;0;6036
702411;203868;5034279;2024-04-21 14:17:46;completed;СДЭК;Екатеринбург;42251;2126;490;40615
702412;200765;5034298;2024-04-21 20:48:35;completed;Самовывоз;Миасс;76035;2334;0;73701
702413;201590;5034299;2024-04-21 13:27:11;completed;Самовывоз;Тюмень;7345;367;0;6978
702414;209645;5034312;2024-04-21 10:41:08;completed;Самовывоз;Уфа;38490;0;0;38490
702415;202958;5034327;2024-04-21 22:02:35;completed;Курьер;Копейск;26345;1317;390;25418
702416;;5034333;2024-04-21 10:30:12;returned;Почта России;Курган;5392;108;550;5834
702417;;5034348;2024-04-21 19:31:43;completed;СДЭК;Ижевск;64490;0;390;64880
702418;209030;5034382;2024-04-21 10:05:04;completed;СДЭК;Пермь;17835;1608;490;16717
702419;200504;5034389;2024-04-21 09:25:52;completed;Самовывоз;Екатеринбург;3090;0;0;3090
702420;207622;5034404;2024-04-21 16:22:02;payment_failed;Курьер;Челябинск;57090;0;0;57090
702421;;5034406;2024-04-21 16:24:40;completed;СДЭК;Миасс;96780;2550;690;94920
702422;202544;5034409;2024-04-21 22:08:13;completed;СДЭК;Миасс;26990;1889;690;25791
702423;208562;5034411;2024-04-21 18:46:48;completed;Самовывоз;Казань;2345;70;0;2275
702424;209044;5034446;2024-04-21 15:01:55;completed;СДЭК;Тюмень;6567;0;590;7157
702425;200716;5034447;2024-04-21 15:57:21;completed;Курьер;Пермь;38335;2564;590;36361
702426;;5034450;2024-04-21 15:33:23;returned;Самовывоз;Пермь;18490;0;0;18490
702427;207443;5034455;2024-04-21 23:44:34;completed;Курьер;Пермь;7990;799;490;7681
702428;206503;5034518;2024-04-22 20:27:46;completed;СДЭК;Курган;20567;0;590;21157
702429;200936;5034565;2024-04-22 18:45:00;completed;СДЭК;Копейск;3134;47;390;3477
702430;207089;5034590;2024-04-22 21:55:49;returned;Почта России;Челябинск;34057;0;450;34507
702431;208578;5034593;2024-04-22 11:12:31;completed;Курьер;Ижевск;20090;1406;490;19174
702432;208588;5034598;2024-04-22 13:15:19;completed;Самовывоз;Москва;78345;5484;0;72861
702433;208282;5034611;2024-04-22 22:26:15;completed;СДЭК;Уфа;564;17;690;1237
702434;208770;5034625;2024-04-22 14:49:29;completed;Курьер;Миасс;27790;0;590;28380
702435;207463;5034653;2024-04-22 15:18:50;completed;Самовывоз;Миасс;44280;2124;0;42156
702436;;5034654;2024-04-22 22:00:24;completed;Почта России;Копейск;24695;296;550;24949
702437;201768;5034656;2024-04-22 12:28:46;completed;Курьер;Курган;564;28;590;1126
702438;203075;5034667;2024-04-22 17:57:42;completed;Курьер;Челябинск;25345;1267;0;24078
702439;206037;5034671;2024-04-22 09:00:01;completed;Самовывоз;Златоуст;114435;11485;0;102950
702440;205042;5034673;2024-04-22 15:57:58;completed;Самовывоз;Челябинск;111790;11179;0;100611
702441;203381;5034684;2024-04-22 22:35:34;returned;СДЭК;Челябинск;4490;224;390;4656
702442;;5034695;2024-04-22 22:37:00;completed;Самовывоз;Челябинск;7090;0;0;7090
702443;204576;5034700;2024-04-22 17:28:56;payment_failed;СДЭК;Челябинск;97925;8839;690;89776
702444;204214;5034707;2024-04-22 14:16:02;completed;СДЭК;Челябинск;18567;0;390;18957
702445;202968;5034710;2024-04-22 20:20:13;payment_failed;Курьер;Миасс;24345;1217;590;23718
702446;200721;5034717;2024-04-22 20:56:48;completed;Самовывоз;Челябинск;3790;190;0;3600
702447;205258;5034738;2024-04-22 17:54:20;completed;Самовывоз;Казань;27567;827;0;26740
702448;202193;5034741;2024-04-22 20:53:46;completed;СДЭК;Тюмень;27280;0;590;27870
702449;202939;5034757;2024-04-22 19:01:25;completed;Почта России;Пермь;125345;0;450;125795
702450;;5034770;2024-04-22 22:11:31;completed;Самовывоз;Екатеринбург;55990;0;0;55990
702451;207442;5034787;2024-04-22 17:09:34;payment_failed;Самовывоз;Челябинск;86053;0;0;86053
702452;206412;5034797;2024-04-22 17:58:48;completed;Курьер;Казань;88345;0;390;88735
702453;201530;5034809;2024-04-22 16:51:22;completed;Почта России;Челябинск;38567;0;350;38917
702454;206151;5034810;2024-04-22 16:40:56;completed;Курьер;Челябинск;39345;0;0;39345
702455;202408;5034823;2024-04-22 10:31:27;completed;Курьер;Тюмень;3580;0;590;4170
702456;207820;5034859;2024-04-23 14:30:39;completed;Курьер;Копейск;12090;0;590;12680
702457;208323;5034893;2024-04-23 10:36:21;completed;Почта России;Челябинск;51835;234;450;52051
702458;206120;5034907;2024-04-23 17:11:04;completed;Курьер;Копейск;26490;1324;590;25756
702459;209040;5034912;2024-04-23 22:01:54;completed;Самовывоз;Курган;45625;4450;0;41175
702460;206341;5034915;2024-04-23 14:14:05;payment_failed;Почта России;Челябинск;1790;0;350;2140
702461;206368;5034922;2024-04-23 16:29:12;completed;Курьер;Копейск;1790;90;590;2290
702462;205752;5034935;2024-04-23 14:34:35;completed;Самовывоз;Тюмень;23345;1634;0;21711
702463;208972;5034953;2024-04-23 17:09:21;completed;Курьер;Челябинск;17070;249;0;16821
702464;200975;5034962;2024-04-23 16:33:58;completed;Самовывоз;Челябинск;32980;624;0;32356
702465;204543;5034968;2024-04-23 23:32:34;completed;Курьер;Магнитогорск;3090;154;490;3426
702466;202370;5034984;2024-04-23 21:12:45;completed;Самовывоз;Сургут;74490;3724;0;70766
702467;205467;5034998;2024-04-23 15:39:29;completed;СДЭК;Пермь;8335;634;390;8091
702468;;5035007;2024-04-23 10:11:44;cancelled;Самовывоз;Магнитогорск;39990;1200;0;38790
702469;209410;5035019;2024-04-23 09:55:24;completed;Самовывоз;Челябинск;56280;0;0;56280
702470;201430;5035025;2024-04-23 16:57:37;completed;Самовывоз;Челябинск;798;0;0;798
702471;201694;5035032;2024-04-23 20:52:37;completed;Самовывоз;Челябинск;83990;4200;0;79790
702472;202868;5035036;2024-04-23 16:41:32;completed;Курьер;Челябинск;56790;1704;0;55086
702473;207265;5035081;2024-04-23 18:13:42;completed;СДЭК;Миасс;75990;0;590;76580
702474;203657;5035101;2024-04-23 17:01:19;completed;Самовывоз;Челябинск;28490;1424;0;27066
702475;207571;5035105;2024-04-23 19:54:10;completed;Курьер;Челябинск;61557;2828;0;58729
702476;201366;5035121;2024-04-23 15:07:58;completed;Курьер;Копейск;42990;1290;590;42290
702477;205457;5035122;2024-04-23 16:13:25;completed;Курьер;Копейск;37490;0;590;38080
702478;200592;5035125;2024-04-23 20:29:35;completed;Курьер;Челябинск;61057;2849;0;58208
702479;206509;5035136;2024-04-23 21:39:44;completed;Курьер;Челябинск;40435;1234;0;39201
702480;208225;5035140;2024-04-23 12:38:46;payment_failed;Самовывоз;Челябинск;12790;640;0;12150
702481;200266;5035142;2024-04-23 22:01:01;completed;Курьер;Челябинск;1990;60;290;2220
702482;200636;5035149;2024-04-23 09:13:13;payment_failed;Курьер;Копейск;38345;1150;590;37785
702483;206783;5035172;2024-04-24 17:59:50;completed;СДЭК;Златоуст;50567;0;690;51257
702484;206303;5035181;2024-04-24 21:36:06;completed;Самовывоз;Тюмень;107570;3204;0;104366
702485;;5035207;2024-04-24 23:32:56;payment_failed;Курьер;Магнитогорск;2657;33;590;3214
702486;201485;5035231;2024-04-24 22:33:15;payment_failed;СДЭК;Миасс;40567;0;690;41257
702487;208373;5035232;2024-04-24 15:40:18;completed;Курьер;Самара;27990;1959;390;26421
702488;206347;5035246;2024-04-24 14:35:28;completed;Курьер;Челябинск;3567;178;290;3679
702489;202265;5035270;2024-04-24 19:48:27;returned;СДЭК;Екатеринбург;149057;1874;390;147573
702490;201448;5035301;2024-04-24 13:03:47;completed;Самовывоз;Челябинск;64790;0;0;64790
702491;205793;5035311;2024-04-24 13:02:37;completed;Курьер;Миасс;39567;1187;590;38970
702492;201150;5035333;2024-04-24 15:24:18;cancelled;Самовывоз;Челябинск;39345;0;0;39345
702493;;5035356;2024-04-24 12:50:17;completed;Курьер;Москва;7345;0;390;7735
702494;201321;5035382;2024-04-24 18:28:32;payment_failed;Курьер;Екатеринбург;37790;0;390;38180
702495;206394;5035383;2024-04-24 16:20:24;completed;СДЭК;Челябинск;888;107;590;1371
702496;203617;5035398;2024-04-24 11:26:04;completed;Курьер;Курган;84990;8499;490;76981
702497;;5035408;2024-04-24 13:15:05;completed;СДЭК;Челябинск;44490;0;390;44880
702498;206444;5035409;2024-04-24 10:00:46;completed;Курьер;Копейск;2090;0;590;2680
702499;;5035414;2024-04-24 22:40:50;payment_failed;Курьер;Челябинск;112447;6926;0;105521
702500;209777;5035424;2024-04-24 10:36:22;completed;Курьер;Курган;90171;20;490;90641
702501;202975;5035446;2024-04-24 13:50:42;payment_failed;Самовывоз;Пермь;79990;0;0;79990
702502;205178;5035457;2024-04-24 22:58:21;completed;СДЭК;Ижевск;42990;0;490;43480
702503;203467;5035485;2024-04-25 12:06:48;completed;Курьер;Казань;35990;1080;590;35500
702504;209359;5035498;2024-04-25 09:32:42;completed;Самовывоз;Уфа;575;17;0;558
702505;204639;5035509;2024-04-25 11:52:42;completed;Самовывоз;Челябинск;43790;0;0;43790
702506;202541;5035524;2024-04-25 18:36:56;completed;СДЭК;Магнитогорск;47335;2729;590;45196
702507;208402;5035562;2024-04-25 10:59:29;payment_failed;СДЭК;Самара;1490;0;490;1980
702508;204307;5035564;2024-04-25 15:53:03;completed;Самовывоз;Челябинск;797;80;0;717
702509;;5035624;2024-04-25 20:28:49;completed;СДЭК;Магнитогорск;1990;0;590;2580
702510;208684;5035634;2024-04-25 16:22:16;completed;Курьер;Екатеринбург;38345;0;590;38935
702511;205385;5035640;2024-04-25 15:01:19;completed;Самовывоз;Москва;2090;0;0;2090
702512;209114;5035647;2024-04-25 20:19:20;completed;СДЭК;Екатеринбург;2090;104;390;2376
702513;205235;5035691;2024-04-25 15:18:48;returned;Самовывоз;Тюмень;40490;0;0;40490
702514;205658;5035706;2024-04-25 11:04:58;payment_failed;Курьер;Курган;77490;0;490;77980
702515;207529;5035707;2024-04-25 21:59:17;completed;Курьер;Челябинск;39134;47;0;39087
702516;;5035735;2024-04-25 20:06:29;completed;Курьер;Миасс;1490;0;390;1880
702517;200002;5035747;2024-04-25 19:36:39;completed;Курьер;Магнитогорск;24090;1204;590;23476
702518;203376;5035772;2024-04-25 12:07:07;completed;Курьер;Златоуст;43980;2198;490;42272
702519;206889;5035776;2024-04-25 17:44:30;completed;Самовывоз;Челябинск;2567;0;0;2567
702520;204350;5035780;2024-04-25 14:56:24;completed;Самовывоз;Челябинск;1490;74;0;1416
702521;200155;5035785;2024-04-25 16:31:42;completed;Курьер;Челябинск;44902;2214;0;42688
702522;207590;5035788;2024-04-25 14:20:38;completed;СДЭК;Челябинск;5367;40;690;6017
702523;208459;5035800;2024-04-25 13:38:57;completed;Самовывоз;Уфа;1990;60;0;1930
702524;205375;5035809;2024-04-25 12:00:46;completed;Почта России;Екатеринбург;4990;499;550;5041
702525;202218;5035810;2024-04-25 12:26:44;cancelled;Почта России;Челябинск;41090;0;550;41640
702526;;5035812;2024-04-25 16:35:11;completed;Самовывоз;Златоуст;695;35;0;660
702527;202553;5035827;2024-04-26 13:34:55;completed;Самовывоз;Пермь;72490;0;0;72490
702528;207378;5035836;2024-04-26 18:30:55;completed;Курьер;Тюмень;903;45;390;1248
702529;201374;5035841;2024-04-26 09:23:56;completed;Курьер;Уфа;42280;0;590;42870
702530;201878;5035874;2024-04-26 14:46:21;completed;Курьер;Челябинск;1990;139;290;2141
702531;208934;5035884;2024-04-26 15:01:56;completed;СДЭК;Копейск;24090;0;390;24480
702532;205519;5035898;2024-04-26 20:03:41;completed;Курьер;Курган;37490;2624;390;35256
702533;;5035909;2024-04-26 15:01:23;completed;Курьер;Челябинск;1790;125;290;1955
702534;208776;5035911;2024-04-26 10:43:10;completed;Курьер;Челябинск;786;0;290;1076
702535;205838;5035917;2024-04-26 20:20:22;completed;Самовывоз;Златоуст;78490;0;0;78490
702536;201573;5035921;2024-04-26 16:02:06;returned;СДЭК;Москва;70345;3517;490;67318
702537;207479;5035932;2024-04-26 21:49:16;completed;Самовывоз;Челябинск;67490;2025;0;65465
702538;202569;5035954;2024-04-26 09:33:13;completed;Самовывоз;Санкт-Петербург;7567;0;0;7567
702539;209556;5035987;2024-04-26 10:51:18;completed;Почта России;Тюмень;782;39;350;1093
702540;202196;5035988;2024-04-26 10:56:53;completed;Курьер;Екатеринбург;884;0;390;1274
702541;205937;5036018;2024-04-26 20:10:21;completed;Почта России;Челябинск;12790;0;450;13240
702542;200736;5036028;2024-04-26 23:08:20;completed;Самовывоз;Курган;32790;0;0;32790
702543;204593;5036081;2024-04-26 19:42:36;completed;СДЭК;Челябинск;14790;1035;390;14145
702544;205484;5036087;2024-04-26 19:46:07;completed;СДЭК;Челябинск;14490;0;490;14980
702545;206573;5036090;2024-04-26 21:33:51;completed;СДЭК;Копейск;82090;2463;390;80017
702546;204641;5036101;2024-04-26 14:51:56;completed;СДЭК;Курган;69057;45;690;69702
702547;208409;5036104;2024-04-26 17:28:01;completed;Курьер;Курган;12790;640;490;12640
702548;205408;5036119;2024-04-26 16:17:10;completed;Самовывоз;Курган;28790;864;0;27926
702549;;5036165;2024-04-27 14:09:32;completed;Самовывоз;Санкт-Петербург;896;90;0;806
702550;203085;5036175;2024-04-27 21:49:25;payment_failed;Самовывоз;Курган;1384;70;0;1314
702551;209332;5036187;2024-04-27 19:11:21;payment_failed;Курьер;Уфа;1990;0;490;2480
702552;206170;5036193;2024-04-27 19:48:46;completed;Самовывоз;Тюмень;56567;0;0;56567
702553;;5036197;2024-04-27 23:19:06;completed;Самовывоз;Курган;1790;0;0;1790
702554;200915;5036210;2024-04-27 18:04:39;completed;Самовывоз;Миасс;88925;3065;0;85860
702555;204112;5036235;2024-04-27 18:30:20;completed;СДЭК;Тюмень;18990;0;490;19480
702556;208833;5036241;2024-04-27 17:17:24;completed;Самовывоз;Магнитогорск;3790;0;0;3790
702557;208725;5036257;2024-04-27 17:26:52;completed;Самовывоз;Миасс;73090;0;0;73090
702558;;5036261;2024-04-27 19:37:55;completed;Самовывоз;Челябинск;2345;0;0;2345
702559;205978;5036266;2024-04-27 21:14:34;payment_failed;СДЭК;Уфа;35990;1800;390;34580
702560;200501;5036281;2024-04-27 17:11:32;returned;Почта России;Челябинск;28567;1428;350;27489
702561;204884;5036285;2024-04-27 22:53:03;completed;Курьер;Челябинск;1567;47;290;1810
702562;209827;5036290;2024-04-27 16:58:17;completed;СДЭК;Екатеринбург;40790;4895;690;36585
702563;201290;5036291;2024-04-27 18:41:30;payment_failed;Почта России;Тюмень;39567;0;550;40117
702564;207651;5036299;2024-04-27 10:54:27;completed;Курьер;Челябинск;19090;0;0;19090
702565;205796;5036312;2024-04-27 17:36:17;completed;Самовывоз;Пермь;111490;5574;0;105916
702566;204655;5036334;2024-04-27 15:05:04;completed;Курьер;Магнитогорск;50990;2550;590;49030
702567;206092;5036348;2024-04-27 23:06:53;completed;Самовывоз;Миасс;108567;5428;0;103139
702568;206877;5036356;2024-04-27 17:36:59;completed;СДЭК;Сургут;28790;2015;690;27465
702569;200876;5036358;2024-04-27 19:04:45;completed;Курьер;Сургут;21090;0;590;21680
702570;209742;5036364;2024-04-27 18:36:07;completed;СДЭК;Миасс;4790;0;390;5180
702571;206955;5036421;2024-04-27 14:32:28;completed;Самовывоз;Челябинск;64090;0;0;64090
702572;202487;5036427;2024-04-27 21:41:34;completed;Самовывоз;Оренбург;82135;3467;0;78668
702573;203599;5036431;2024-04-27 14:33:22;completed;Почта России;Копейск;111790;7825;450;104415
702574;;5036435;2024-04-27 11:29:50;completed;Самовывоз;Челябинск;569;0;0;569
702575;209551;5036450;2024-04-27 12:18:48;completed;Курьер;Магнитогорск;9835;0;590;10425
702576;;5036453;2024-04-27 15:48:41;completed;Курьер;Пермь;23490;0;390;23880
702577;204707;5036460;2024-04-27 11:55:36;returned;Курьер;Магнитогорск;24990;0;590;25580
702578;204325;5036487;2024-04-27 12:03:02;completed;Самовывоз;Миасс;18990;570;0;18420
702579;206629;5036489;2024-04-27 21:19:26;completed;Курьер;Челябинск;18567;1857;0;16710
702580;204199;5036514;2024-04-27 19:44:42;completed;СДЭК;Самара;689;21;590;1258
702581;208615;5036522;2024-04-28 11:39:26;completed;Самовывоз;Златоуст;1366;0;0;1366
702582;204327;5036530;2024-04-28 21:44:48;completed;СДЭК;Миасс;1345;0;390;1735
702583;206879;5036535;2024-04-28 19:31:45;completed;Самовывоз;Копейск;28580;1875;0;26705
702584;208123;5036548;2024-04-28 17:22:04;completed;Самовывоз;Миасс;1567;0;0;1567
702585;203778;5036580;2024-04-28 22:51:01;completed;Курьер;Челябинск;27990;0;0;27990
702586;204066;5036591;2024-04-28 14:55:30;completed;Почта России;Миасс;37567;3757;450;34260
702587;209653;5036600;2024-04-28 19:37:48;payment_failed;СДЭК;Челябинск;879;44;390;1225
702588;209897;5036618;2024-04-28 15:49:41;completed;Самовывоз;Курган;24790;0;0;24790
702589;202932;5036662;2024-04-28 12:34:14;cancelled;Самовывоз;Нижневартовск;65990;0;0;65990
702590;203007;5036674;2024-04-28 14:33:31;cancelled;Курьер;Тюмень;19345;1934;390;17801
702591;203121;5036681;2024-04-28 20:26:36;completed;СДЭК;Тюмень;3567;250;590;3907
702592;208385;5036688;2024-04-28 22:51:27;completed;СДЭК;Самара;49790;3485;390;46695
702593;;5036695;2024-04-28 09:38:59;completed;СДЭК;Челябинск;38345;3834;390;34901
702594;201464;5036709;2024-04-28 18:28:00;completed;Самовывоз;Копейск;31490;0;0;31490
702595;207904;5036714;2024-04-28 15:38:43;completed;Курьер;Копейск;6990;0;390;7380
702596;203620;5036779;2024-04-28 18:49:53;payment_failed;Курьер;Оренбург;2345;0;490;2835
702597;205118;5036788;2024-04-28 20:46:14;completed;Почта России;Челябинск;16435;0;350;16785
702598;206553;5036811;2024-04-28 13:39:01;completed;Курьер;Уфа;76134;0;390;76524
702599;203946;5036823;2024-04-28 15:18:34;completed;Курьер;Челябинск;3090;0;290;3380
702600;200529;5036826;2024-04-28 17:21:15;payment_failed;Курьер;Сургут;18345;0;590;18935
702601;206399;5036847;2024-04-28 20:28:47;completed;СДЭК;Копейск;17790;0;490;18280
702602;;5036858;2024-04-28 15:45:01;completed;СДЭК;Уфа;1090;0;590;1680
702603;201314;5036860;2024-04-28 15:45:19;completed;Курьер;Москва;19090;0;490;19580
702604;202487;5036861;2024-04-29 15:08:49;payment_failed;Самовывоз;Оренбург;85345;0;0;85345
702605;207226;5036940;2024-04-29 14:53:45;completed;Курьер;Екатеринбург;36480;0;490;36970
702606;;5036941;2024-04-29 13:09:30;payment_failed;Курьер;Екатеринбург;34790;0;590;35380
702607;202333;5036945;2024-04-29 22:08:57;completed;Самовывоз;Миасс;78345;0;0;78345
702608;;5036952;2024-04-29 14:38:32;completed;Курьер;Уфа;73345;3667;490;70168
702609;;5036953;2024-04-29 17:37:35;payment_failed;Самовывоз;Челябинск;36357;928;0;35429
702610;;5036958;2024-04-29 14:19:32;returned;Курьер;Челябинск;4567;0;290;4857
702611;200988;5037001;2024-04-29 14:37:07;completed;Курьер;Сургут;43580;1447;590;42723
702612;200882;5037003;2024-04-29 20:25:14;completed;Самовывоз;Магнитогорск;51990;2600;0;49390
702613;206266;5037016;2024-04-29 20:32:00;completed;Самовывоз;Челябинск;20868;0;0;20868
702614;204242;5037066;2024-04-29 17:54:01;payment_failed;Курьер;Копейск;1090;0;590;1680
702615;202184;5037068;2024-04-29 23:02:43;completed;Курьер;Самара;39580;1188;390;38782
702616;203802;5037087;2024-04-29 09:03:08;completed;Почта России;Челябинск;17090;854;450;16686
702617;207310;5037088;2024-04-29 19:05:14;completed;Курьер;Екатеринбург;82090;0;590;82680
702618;205388;5037099;2024-04-29 17:11:16;completed;СДЭК;Миасс;29345;880;690;29155
702619;;5037118;2024-04-29 14:33:10;completed;СДЭК;Челябинск;69020;62;690;69648
702620;206282;5037179;2024-04-29 10:53:07;completed;Самовывоз;Копейск;9345;0;0;9345
702621;203933;5037211;2024-04-30 20:16:05;payment_failed;Самовывоз;Курган;692;0;0;692
702622;205950;5037221;2024-04-30 18:50:58;completed;Самовывоз;Челябинск;39090;0;0;39090
702623;;5037263;2024-04-30 17:32:37;completed;Почта России;Челябинск;49784;3436;350;46698
702624;200313;5037280;2024-04-30 09:06:01;completed;СДЭК;Челябинск;79790;0;690;80480
702625;202931;5037303;2024-04-30 20:38:47;completed;Курьер;Новосибирск;35790;3579;390;32601
702626;;5037363;2024-04-30 18:21:32;completed;Почта России;Санкт-Петербург;4790;144;450;5096
702627;203267;5037380;2024-04-30 18:10:36;completed;СДЭК;Самара;66357;54;590;66893
702628;205651;5037387;2024-04-30 16:15:39;payment_failed;Курьер;Тюмень;2567;0;590;3157
702629;205904;5037408;2024-04-30 17:05:24;cancelled;Почта России;Екатеринбург;12345;370;550;12525
702630;205336;5037418;2024-04-30 17:17:18;completed;Курьер;Златоуст;92134;78;490;92546
702631;202942;5037431;2024-04-30 22:08:23;completed;СДЭК;Ижевск;77835;424;690;78101
702632;200950;5037452;2024-04-30 12:53:26;completed;Курьер;Уфа;51825;0;390;52215
702633;;5037455;2024-04-30 09:36:37;completed;Курьер;Екатеринбург;80990;8099;590;73481
702634;208752;5037456;2024-04-30 19:34:47;completed;Самовывоз;Челябинск;59135;2957;0;56178
702635;;5037472;2024-04-30 18:32:44;completed;СДЭК;Челябинск;82790;5795;390;77385
702636;203768;5037492;2024-04-30 23:35:10;completed;Курьер;Нижневартовск;7790;779;390;7401
702637;;5037501;2024-04-30 21:13:58;completed;СДЭК;Екатеринбург;690;69;590;1211
702638;208354;5037562;2024-05-01 18:18:21;completed;Самовывоз;Челябинск;11345;0;0;11345
702639;200036;5037563;2024-05-01 15:13:17;completed;СДЭК;Челябинск;24790;0;390;25180
702640;208238;5037564;2024-05-01 17:28:41;payment_failed;Курьер;Сургут;43790;4379;590;40001
702641;204576;5037611;2024-05-01 09:22:36;completed;Курьер;Челябинск;3990;0;290;4280
702642;207993;5037658;2024-05-01 21:30:04;completed;СДЭК;Пермь;8567;257;490;8800
702643;205461;5037684;2024-05-01 18:27:32;completed;СДЭК;Челябинск;39790;0;690;40480
702644;200928;5037697;2024-05-01 21:14:57;completed;Почта России;Москва;32790;984;350;32156
702645;201302;5037711;2024-05-01 15:29:05;completed;Курьер;Челябинск;2090;146;290;2234
702646;203661;5037722;2024-05-01 14:37:27;completed;Курьер;Миасс;12790;640;590;12740
702647;205778;5037724;2024-05-01 16:38:28;completed;Самовывоз;Пермь;22135;215;0;21920
702648;202692;5037735;2024-05-01 11:19:51;completed;СДЭК;Челябинск;19657;2261;590;17986
702649;204758;5037742;2024-05-01 16:10:19;completed;Самовывоз;Магнитогорск;67345;0;0;67345
702650;;5037757;2024-05-01 16:51:46;completed;Курьер;Челябинск;571;17;290;844
702651;200936;5037762;2024-05-01 16:29:08;completed;Самовывоз;Копейск;3090;154;0;2936
702652;209474;5037768;2024-05-01 22:43:12;completed;Почта России;Казань;76134;1857;350;74627
702653;200222;5037772;2024-05-01 20:48:21;payment_failed;Самовывоз;Москва;19790;0;0;19790
702654;;5037777;2024-05-01 12:38:56;completed;Самовывоз;Магнитогорск;66880;4638;0;62242
702655;205920;5037779;2024-05-01 18:54:54;completed;Курьер;Пермь;75347;7162;390;68575
702656;203189;5037782;2024-05-01 17:48:30;completed;Самовывоз;Магнитогорск;7490;374;0;7116
702657;207466;5037807;2024-05-01 20:17:38;completed;Курьер;Челябинск;41490;0;0;41490
702658;;5037808;2024-05-01 10:07:38;payment_failed;Почта России;Челябинск;24567;0;550;25117
702659;206614;5037809;2024-05-01 21:20:26;completed;Самовывоз;Челябинск;19490;2339;0;17151
702660;200770;5037811;2024-05-01 23:02:07;completed;СДЭК;Копейск;35345;0;490;35835
702661;;5037815;2024-05-01 09:53:17;completed;Курьер;Екатеринбург;35990;2519;390;33861
702662;205621;5037818;2024-05-01 17:57:04;completed;Самовывоз;Курган;18345;1284;0;17061
702663;208420;5037838;2024-05-01 15:32:27;payment_failed;СДЭК;Санкт-Петербург;37345;0;690;38035
702664;208579;5037862;2024-05-01 14:08:10;completed;СДЭК;Екатеринбург;35345;0;390;35735
702665;;5037870;2024-05-01 23:08:36;completed;Курьер;Челябинск;6557;0;0;6557
702666;204524;5037872;2024-05-01 14:02:40;completed;СДЭК;Копейск;6345;0;490;6835
702667;201844;5037891;2024-05-01 15:40:35;completed;Курьер;Пермь;7880;33;390;8237
702668;;5037902;2024-05-02 21:58:18;completed;Почта России;Златоуст;690;0;550;1240
702669;207487;5037939;2024-05-02 09:38:44;completed;Почта России;Магнитогорск;25690;0;550;26240
702670;207256;5037951;2024-05-02 12:57:24;completed;Самовывоз;Уфа;56435;33;0;56402
702671;201914;5037974;2024-05-02 18:36:12;completed;Курьер;Курган;7567;0;590;8157
702672;205042;5037986;2024-05-02 14:51:46;completed;Самовывоз;Челябинск;109567;7670;0;101897
702673;;5037993;2024-05-02 12:56:18;payment_failed;СДЭК;Самара;17345;1214;490;16621
702674;;5037996;2024-05-02 10:29:17;completed;СДЭК;Тюмень;34345;0;590;34935
702675;202567;5038010;2024-05-02 22:18:58;completed;Курьер;Челябинск;21090;0;0;21090
702676;205381;5038019;2024-05-02 17:38:24;completed;Курьер;Челябинск;12790;0;0;12790
702677;204417;5038034;2024-05-02 20:42:55;completed;Курьер;Копейск;1345;40;490;1795
702678;201121;5038046;2024-05-02 20:22:46;completed;СДЭК;Челябинск;43090;2154;590;41526
702679;;5038075;2024-05-02 20:14:56;completed;Самовывоз;Магнитогорск;51790;0;0;51790
702680;200074;5038079;2024-05-02 15:00:21;completed;Самовывоз;Магнитогорск;10490;0;0;10490
702681;205676;5038088;2024-05-02 12:34:46;payment_failed;СДЭК;Челябинск;25345;2534;490;23301
702682;209175;5038097;2024-05-02 12:42:11;completed;Курьер;Новосибирск;42567;0;490;43057
702683;204245;5038105;2024-05-02 09:57:59;completed;СДЭК;Челябинск;69081;84;690;69687
702684;204878;5038112;2024-05-02 12:24:46;completed;СДЭК;Челябинск;75057;3624;390;71823
702685;209568;5038162;2024-05-02 12:37:19;completed;Курьер;Копейск;46135;2307;490;44318
702686;208225;5038304;2024-05-03 22:06:20;completed;Самовывоз;Челябинск;34567;1728;0;32839
702687;202912;5038317;2024-05-03 12:21:30;completed;Самовывоз;Челябинск;46580;1054;0;45526
702688;209975;5038355;2024-05-03 14:56:31;completed;Курьер;Челябинск;11090;0;0;11090
702689;201643;5038375;2024-05-03 15:13:46;payment_failed;СДЭК;Оренбург;1490;179;590;1901
702690;208183;5038391;2024-05-03 15:14:13;completed;Курьер;Пермь;37880;4295;590;34175
702691;202935;5038413;2024-05-03 22:45:57;completed;Курьер;Тюмень;111090;3333;590;108347
702692;202268;5038433;2024-05-03 15:28:46;completed;СДЭК;Москва;109345;3280;490;106555
702693;;5038447;2024-05-03 16:14:45;completed;СДЭК;Пермь;27567;0;690;28257
702694;203266;5038452;2024-05-03 11:13:55;payment_failed;Курьер;Екатеринбург;23490;1644;490;22336
702695;208354;5038486;2024-05-03 14:12:33;completed;Самовывоз;Челябинск;70135;0;0;70135
702696;208557;5038487;2024-05-03 15:05:47;completed;Самовывоз;Златоуст;14090;704;0;13386
702697;208283;5038492;2024-05-03 17:59:20;completed;Курьер;Сургут;7490;0;390;7880
702698;206925;5038502;2024-05-03 15:20:17;completed;Курьер;Миасс;30280;244;490;30526
702699;;5038503;2024-05-03 12:11:35;completed;Самовывоз;Магнитогорск;88080;4559;0;83521
702700;205469;5038512;2024-05-03 14:10:35;completed;Самовывоз;Миасс;60980;0;0;60980
702701;200871;5038526;2024-05-03 12:21:00;completed;Курьер;Челябинск;20345;0;0;20345
702702;;5038535;2024-05-03 21:47:40;completed;Курьер;Челябинск;1790;54;290;2026
702703;209253;5038578;2024-05-03 17:26:15;completed;Курьер;Тюмень;4345;304;590;4631
702704;201177;5038592;2024-05-03 11:35:45;completed;Почта России;Сургут;3490;0;550;4040
702705;209779;5038600;2024-05-04 20:36:13;completed;Курьер;Пермь;109490;0;490;109980
702706;202559;5038614;2024-05-04 18:42:52;completed;СДЭК;Златоуст;98490;0;690;99180
702707;206659;5038615;2024-05-04 16:39:23;completed;Курьер;Сургут;3134;0;590;3724
702708;205518;5038667;2024-05-04 22:00:02;completed;Курьер;Пермь;9070;379;390;9081
702709;207616;5038674;2024-05-04 14:12:03;completed;Курьер;Копейск;70567;0;390;70957
702710;207134;5038684;2024-05-04 19:42:52;completed;СДЭК;Челябинск;23090;2771;590;20909
702711;206195;5038695;2024-05-04 17:47:24;completed;Самовывоз;Златоуст;41090;1233;0;39857
702712;206935;5038719;2024-05-04 13:24:49;completed;Курьер;Оренбург;1345;40;390;1695
702713;203776;5038747;2024-05-04 15:27:14;completed;Самовывоз;Челябинск;28990;2029;0;26961
702714;200127;5038762;2024-05-04 11:05:04;completed;СДЭК;Ижевск;10490;1049;590;10031
702715;201096;5038768;2024-05-04 14:30:04;completed;Самовывоз;Ижевск;695;0;0;695
702716;;5038770;2024-05-04 18:56:41;completed;СДЭК;Копейск;72168;3502;490;69156
702717;208275;5038771;2024-05-04 14:55:55;completed;Курьер;Златоуст;37090;1113;490;36467
702718;208360;5038775;2024-05-04 09:51:34;completed;Самовывоз;Челябинск;19790;0;0;19790
702719;203016;5038791;2024-05-04 18:48:56;completed;СДЭК;Курган;559;0;390;949
702720;200942;5038816;2024-05-04 16:18:29;completed;СДЭК;Екатеринбург;1400;42;690;2048
702721;203417;5038817;2024-05-04 08:35:13;payment_failed;СДЭК;Челябинск;35490;0;490;35980
702722;201133;5038826;2024-05-04 14:10:44;returned;Курьер;Копейск;90345;0;390;90735
702723;204777;5038845;2024-05-04 18:39:28;completed;Почта России;Челябинск;1798;90;450;2158
702724;204653;5038846;2024-05-04 11:17:51;completed;Самовывоз;Миасс;16480;979;0;15501
702725;205881;5038860;2024-05-04 10:32:27;completed;Самовывоз;Златоуст;65567;0;0;65567
702726;206032;5038869;2024-05-04 20:58:06;completed;Самовывоз;Магнитогорск;55345;5534;0;49811
702727;206124;5038885;2024-05-04 14:33:48;payment_failed;Курьер;Пермь;63912;1457;390;62845
702728;207989;5038888;2024-05-04 16:24:11;completed;Курьер;Челябинск;25879;750;0;25129
702729;207722;5038902;2024-05-04 15:17:36;completed;СДЭК;Ижевск;27490;0;590;28080
702730;201520;5038907;2024-05-04 16:26:02;completed;Курьер;Нижневартовск;40790;0;390;41180
702731;206719;5038913;2024-05-04 14:09:50;completed;Курьер;Копейск;35090;0;490;35580
702732;203061;5038921;2024-05-04 17:46:43;completed;Самовывоз;Челябинск;34090;0;0;34090
702733;204670;5038944;2024-05-04 20:26:16;completed;Самовывоз;Магнитогорск;12990;1559;0;11431
702734;;5038960;2024-05-04 18:24:37;completed;Самовывоз;Челябинск;3657;408;0;3249
702735;207538;5038962;2024-05-04 10:58:19;completed;Самовывоз;Тюмень;40490;4049;0;36441
702736;205388;5038973;2024-05-04 17:11:56;completed;Курьер;Миасс;111990;3360;590;109220
702737;205664;5039022;2024-05-05 17:19:02;completed;Самовывоз;Пермь;61580;449;0;61131
702738;;5039026;2024-05-05 12:56:33;completed;Курьер;Уфа;40657;1251;490;39896
702739;206716;5039030;2024-05-05 21:45:41;completed;Курьер;Екатеринбург;51090;1533;490;50047
702740;207418;5039032;2024-05-05 17:09:13;completed;Курьер;Курган;81990;2460;590;80120
702741;204809;5039034;2024-05-05 13:53:48;completed;СДЭК;Тюмень;101090;5054;390;96426
702742;;5039038;2024-05-05 13:53:04;completed;СДЭК;Екатеринбург;53057;2291;490;51256
702743;201379;5039088;2024-05-05 16:45:56;completed;Курьер;Челябинск;1378;0;290;1668
702744;202920;5039096;2024-05-05 19:08:55;payment_failed;СДЭК;Москва;12567;0;490;13057
702745;;5039117;2024-05-05 16:12:02;completed;Почта России;Курган;24990;0;350;25340
702746;209580;5039124;2024-05-05 16:14:11;completed;Самовывоз;Копейск;20567;0;0;20567
702747;203502;5039130;2024-05-05 16:42:07;completed;СДЭК;Магнитогорск;7780;499;590;7871
702748;201873;5039138;2024-05-05 19:08:59;completed;Самовывоз;Екатеринбург;81027;34;0;80993
702749;203974;5039141;2024-05-05 17:25:28;completed;Курьер;Магнитогорск;34345;2404;490;32431
702750;204461;5039145;2024-05-05 11:20:05;completed;Самовывоз;Миасс;25990;2599;0;23391
702751;205749;5039149;2024-05-05 09:35:25;completed;СДЭК;Пермь;571;0;690;1261
702752;;5039155;2024-05-05 20:00:00;completed;Курьер;Магнитогорск;6490;0;390;6880
702753;;5039158;2024-05-05 15:38:14;completed;Курьер;Ижевск;680;0;390;1070
702754;;5039200;2024-05-05 20:00:54;completed;СДЭК;Челябинск;4345;0;490;4835
702755;203711;5039206;2024-05-05 20:07:06;completed;Курьер;Екатеринбург;23880;1595;490;22775
702756;209834;5039217;2024-05-05 08:27:24;completed;Самовывоз;Курган;28356;0;0;28356
702757;209846;5039227;2024-05-05 09:04:45;cancelled;Курьер;Копейск;27090;0;490;27580
702758;;5039253;2024-05-05 21:29:17;completed;СДЭК;Челябинск;877;61;690;1506
702759;200438;5039281;2024-05-05 19:58:31;completed;Самовывоз;Екатеринбург;2835;67;0;2768
702760;202653;5039314;2024-05-05 19:24:05;completed;Курьер;Пермь;84345;2530;590;82405
702761;201725;5039321;2024-05-05 18:20:40;completed;Курьер;Челябинск;72057;2025;0;70032
702762;202883;5039332;2024-05-05 21:21:58;completed;Курьер;Златоуст;21187;615;590;21162
702763;209721;5039348;2024-05-05 20:05:51;completed;Почта России;Екатеринбург;64990;0;450;65440
702764;207122;5039353;2024-05-05 20:00:58;completed;Курьер;Челябинск;792;55;290;1027
702765;206875;5039356;2024-05-05 16:31:21;completed;Курьер;Челябинск;6790;815;0;5975
702766;200879;5039381;2024-05-05 17:31:42;cancelled;Самовывоз;Челябинск;75567;0;0;75567
702767;209797;5039392;2024-05-05 16:53:40;completed;Почта России;Санкт-Петербург;4090;0;450;4540
702768;200898;5039406;2024-05-06 16:52:00;completed;Почта России;Оренбург;56490;1695;550;55345
702769;202722;5039409;2024-05-06 20:34:08;completed;Самовывоз;Миасс;565;40;0;525
702770;202802;5039424;2024-05-06 13:20:23;payment_failed;Курьер;Тюмень;1567;78;590;2079
702771;;5039428;2024-05-06 15:13:35;completed;Самовывоз;Челябинск;58435;1690;0;56745
702772;206684;5039459;2024-05-06 18:51:48;completed;Курьер;Копейск;10990;0;390;11380
702773;207592;5039480;2024-05-06 16:18:49;completed;Курьер;Челябинск;65990;6599;0;59391
702774;200608;5039486;2024-05-06 12:51:36;completed;Курьер;Сургут;13090;1309;490;12271
702775;206491;5039491;2024-05-06 16:20:49;completed;Курьер;Оренбург;1090;131;490;1449
702776;203689;5039521;2024-05-06 20:55:54;returned;СДЭК;Челябинск;33567;0;490;34057
702777;200919;5039535;2024-05-06 21:59:06;completed;Самовывоз;Миасс;9090;0;0;9090
702778;208557;5039541;2024-05-06 21:44:07;completed;СДЭК;Златоуст;4567;457;690;4800
702779;204062;5039571;2024-05-06 12:11:43;completed;Самовывоз;Самара;75980;7349;0;68631
702780;;5039588;2024-05-06 20:38:17;payment_failed;СДЭК;Челябинск;90790;6355;490;84925
702781;204761;5039595;2024-05-06 20:31:00;cancelled;Курьер;Челябинск;2790;0;290;3080
702782;206310;5039602;2024-05-06 15:58:02;completed;Курьер;Миасс;1490;104;490;1876
702783;205684;5039607;2024-05-06 13:57:37;completed;СДЭК;Миасс;4790;240;390;4940
702784;207978;5039611;2024-05-06 10:55:48;returned;СДЭК;Новосибирск;1490;149;390;1731
702785;201876;5039627;2024-05-06 14:55:37;completed;Самовывоз;Москва;34090;1023;0;33067
702786;206260;5039682;2024-05-06 19:28:39;completed;Самовывоз;Челябинск;20144;2401;0;17743
702787;206503;5039687;2024-05-06 15:14:02;completed;Самовывоз;Курган;3345;0;0;3345
702788;202169;5039688;2024-05-06 20:56:14;completed;Курьер;Челябинск;42567;0;0;42567
702789;207653;5039704;2024-05-06 12:11:13;completed;Курьер;Челябинск;69164;901;0;68263
702790;208166;5039711;2024-05-06 18:23:19;completed;Самовывоз;Екатеринбург;4567;0;0;4567
702791;202601;5039715;2024-05-06 18:52:06;completed;СДЭК;Челябинск;151080;2553;690;149217
702792;207977;5039729;2024-05-07 14:04:59;completed;Самовывоз;Москва;11567;0;0;11567
702793;209269;5039773;2024-05-07 22:34:06;completed;Курьер;Пермь;43580;0;490;44070
702794;;5039778;2024-05-07 16:30:49;completed;Самовывоз;Москва;34090;4091;0;29999
702795;209535;5039791;2024-05-07 14:39:11;completed;Курьер;Магнитогорск;41480;299;490;41671
702796;203994;5039801;2024-05-07 23:24:30;completed;Курьер;Сургут;569;0;490;1059
702797;201718;5039808;2024-05-07 15:30:33;completed;Курьер;Уфа;25270;0;390;25660
702798;209842;5039837;2024-05-07 12:46:22;completed;СДЭК;Тюмень;69345;3467;490;66368
702799;209842;5039844;2024-05-07 16:46:18;completed;Самовывоз;Тюмень;2345;117;0;2228
702800;;5039846;2024-05-07 21:15:27;completed;Самовывоз;Тюмень;8180;573;0;7607
702801;209531;5039911;2024-05-07 12:04:38;completed;Самовывоз;Копейск;143134;12557;0;130577
702802;200694;5039920;2024-05-07 12:20:20;completed;Самовывоз;Сургут;21090;2531;0;18559
702803;200292;5039932;2024-05-07 08:10:12;cancelled;Курьер;Екатеринбург;7490;225;490;7755
702804;200260;5039990;2024-05-07 15:20:52;completed;Почта России;Екатеринбург;27490;2749;550;25291
702805;205796;5039996;2024-05-07 22:38:26;completed;Курьер;Пермь;27335;0;390;27725
702806;207416;5040017;2024-05-07 21:17:50;payment_failed;Курьер;Копейск;890;27;490;1353
702807;207518;5040019;2024-05-07 21:39:55;completed;СДЭК;Златоуст;11490;345;590;11735
702808;202017;5040023;2024-05-07 17:57:00;completed;Самовывоз;Челябинск;112557;3330;0;109227
702809;200004;5040028;2024-05-07 18:55:42;completed;Курьер;Челябинск;1490;45;290;1735
702810;209500;5040034;2024-05-07 17:13:12;completed;Почта России;Челябинск;110790;11079;350;100061
702811;200084;5040038;2024-05-07 16:45:55;completed;Самовывоз;Челябинск;13790;0;0;13790
702812;201503;5040071;2024-05-07 08:33:47;completed;СДЭК;Миасс;28090;0;690;28780
702813;205114;5040102;2024-05-07 16:04:20;completed;Почта России;Магнитогорск;6090;0;350;6440
702814;209191;5040110;2024-05-08 14:09:56;completed;Самовывоз;Пермь;13345;1334;0;12011
702815;205483;5040120;2024-05-08 10:36:21;completed;Самовывоз;Екатеринбург;55090;0;0;55090
702816;;5040129;2024-05-08 11:43:47;completed;СДЭК;Уфа;18690;0;590;19280
702817;;5040172;2024-05-08 16:42:41;completed;СДЭК;Уфа;3490;0;690;4180
702818;201440;5040205;2024-05-08 21:50:30;completed;Самовывоз;Тюмень;39435;54;0;39381
702819;203864;5040237;2024-05-08 14:37:52;completed;Самовывоз;Миасс;1090;0;0;1090
702820;;5040266;2024-05-08 21:17:53;completed;Курьер;Магнитогорск;55490;0;490;55980
702821;204365;5040292;2024-05-08 17:32:31;completed;Самовывоз;Челябинск;46912;0;0;46912
702822;206922;5040326;2024-05-08 16:53:42;completed;Курьер;Челябинск;38090;4571;0;33519
702823;209576;5040330;2024-05-08 21:31:23;payment_failed;Курьер;Копейск;38490;1155;590;37925
702824;;5040336;2024-05-08 18:14:15;completed;Курьер;Екатеринбург;20790;2079;390;19101
702825;203121;5040337;2024-05-08 18:53:19;completed;Курьер;Тюмень;6335;349;490;6476
702826;208270;5040352;2024-05-08 21:14:32;completed;СДЭК;Копейск;36670;1444;490;35716
702827;208800;5040366;2024-05-08 18:43:41;completed;Самовывоз;Магнитогорск;563;0;0;563
702828;206696;5040372;2024-05-08 16:57:31;payment_failed;Курьер;Копейск;1090;0;590;1680
702829;203578;5040395;2024-05-08 21:15:31;completed;Курьер;Пермь;60353;5679;490;55164
702830;205939;5040400;2024-05-08 14:06:46;completed;Самовывоз;Челябинск;131435;8934;0;122501
702831;206779;5040408;2024-05-08 21:01:00;payment_failed;Курьер;Челябинск;56090;3926;0;52164
702832;208420;5040466;2024-05-09 19:25:09;completed;СДЭК;Санкт-Петербург;82657;1923;390;81124
702833;200148;5040515;2024-05-09 12:51:40;completed;Курьер;Новосибирск;9134;457;590;9267
702834;201183;5040516;2024-05-09 13:20:07;returned;СДЭК;Уфа;1090;76;590;1604
702835;;5040518;2024-05-09 15:09:04;completed;Курьер;Копейск;39790;0;490;40280
702836;200797;5040536;2024-05-09 22:00:38;completed;Курьер;Челябинск;36490;0;0;36490
702837;209276;5040542;2024-05-09 15:16:49;completed;Самовывоз;Казань;39490;1974;0;37516
702838;204893;5040543;2024-05-09 16:07:14;completed;Самовывоз;Екатеринбург;13435;63;0;13372
702839;209065;5040594;2024-05-09 19:32:02;completed;СДЭК;Челябинск;4790;240;590;5140
702840;208964;5040598;2024-05-09 14:07:47;completed;Самовывоз;Казань;42672;48;0;42624
702841;202042;5040604;2024-05-09 23:10:29;completed;Самовывоз;Тюмень;1090;0;0;1090
702842;;5040619;2024-05-09 19:09:07;completed;Курьер;Уфа;77567;5430;490;72627
702843;209016;5040637;2024-05-09 15:49:06;completed;Самовывоз;Челябинск;568;0;0;568
702844;206666;5040665;2024-05-09 17:07:31;completed;СДЭК;Копейск;25567;1278;390;24679
702845;;5040714;2024-05-09 17:21:40;completed;Курьер;Пермь;62280;0;490;62770
702846;;5040721;2024-05-09 11:23:25;completed;Самовывоз;Челябинск;37990;2659;0;35331
702847;208476;5040738;2024-05-09 17:11:30;completed;СДЭК;Златоуст;37480;3599;490;34371
702848;205469;5040745;2024-05-09 20:54:10;completed;Почта России;Миасс;692;0;350;1042
702849;207059;5040749;2024-05-09 11:59:48;completed;Самовывоз;Челябинск;53912;0;0;53912
702850;200968;5040762;2024-05-09 15:48:42;completed;Курьер;Челябинск;697;21;290;966
702851;209040;5040771;2024-05-09 15:44:39;completed;Курьер;Курган;18490;0;490;18980
702852;205642;5040782;2024-05-09 16:06:26;payment_failed;Курьер;Челябинск;14057;530;0;13527
702853;201794;5040784;2024-05-09 15:22:48;completed;Самовывоз;Магнитогорск;35280;1059;0;34221
702854;203243;5040798;2024-05-10 23:57:34;completed;Самовывоз;Копейск;57090;0;0;57090
702855;204598;5040808;2024-05-10 18:32:42;completed;Курьер;Самара;83790;0;390;84180
702856;;5040820;2024-05-10 17:38:35;payment_failed;Курьер;Новосибирск;30335;2894;390;27831
702857;202184;5040826;2024-05-10 15:59:59;completed;Курьер;Самара;35990;1080;590;35500
702858;205000;5040846;2024-05-10 14:44:24;completed;Почта России;Курган;38790;0;350;39140
702859;207236;5040862;2024-05-10 19:22:50;completed;Самовывоз;Челябинск;35567;1778;0;33789
702860;201754;5040863;2024-05-10 19:46:47;completed;Курьер;Пермь;6490;324;490;6656
702861;204401;5040868;2024-05-10 14:15:59;payment_failed;Курьер;Курган;20141;917;490;19714
702862;;5040880;2024-05-10 16:12:51;payment_failed;СДЭК;Челябинск;101147;7049;390;94488
702863;208791;5040887;2024-05-10 17:35:55;completed;Самовывоз;Москва;12790;0;0;12790
702864;201436;5040910;2024-05-10 11:40:59;completed;Самовывоз;Магнитогорск;15180;554;0;14626
702865;209732;5040914;2024-05-10 19:07:30;payment_failed;Курьер;Челябинск;1567;157;290;1700
702866;200329;5040926;2024-05-10 14:45:54;completed;Самовывоз;Екатеринбург;1345;0;0;1345
702867;;5040929;2024-05-10 17:28:25;completed;СДЭК;Златоуст;1345;94;390;1641
702868;200088;5040933;2024-05-10 23:07:48;completed;СДЭК;Копейск;28357;2975;590;25972
702869;202887;5040934;2024-05-10 22:02:41;completed;Курьер;Магнитогорск;4090;0;390;4480
702870;209370;5040948;2024-05-10 16:28:48;completed;СДЭК;Оренбург;77345;2320;690;75715
702871;207875;5040956;2024-05-10 11:08:48;completed;СДЭК;Миасс;51125;0;590;51715
702872;;5040976;2024-05-10 16:26:53;returned;СДЭК;Миасс;896;0;690;1586
702873;204326;5040980;2024-05-10 17:11:41;completed;Курьер;Ижевск;20990;2519;590;19061
702874;;5041002;2024-05-10 20:49:16;completed;Самовывоз;Копейск;38990;0;0;38990
702875;;5041014;2024-05-10 15:23:13;payment_failed;Самовывоз;Москва;11345;567;0;10778
702876;201691;5041020;2024-05-10 16:32:48;completed;Почта России;Москва;33990;0;450;34440
702877;200474;5041051;2024-05-10 19:14:26;completed;Самовывоз;Тюмень;82912;0;0;82912
702878;;5041057;2024-05-10 12:39:51;completed;Самовывоз;Пермь;50567;0;0;50567
702879;;5041060;2024-05-10 18:55:33;completed;Курьер;Копейск;24567;1720;390;23237
702880;208992;5041061;2024-05-10 16:32:55;completed;Самовывоз;Курган;5490;0;0;5490
702881;201944;5041062;2024-05-10 18:39:23;completed;СДЭК;Челябинск;36357;1091;390;35656
702882;200954;5041065;2024-05-10 19:21:30;completed;Почта России;Челябинск;37345;1867;350;35828
702883;200086;5041069;2024-05-10 19:48:29;completed;СДЭК;Ижевск;19490;0;690;20180
702884;203434;5041072;2024-05-10 22:49:07;completed;Самовывоз;Копейск;39932;0;0;39932
702885;204929;5041074;2024-05-10 13:12:00;completed;Самовывоз;Ижевск;51990;0;0;51990
702886;205684;5041093;2024-05-10 15:40:35;completed;СДЭК;Миасс;27990;0;490;28480
702887;204140;5041107;2024-05-10 16:17:03;returned;Курьер;Москва;3490;0;390;3880
702888;208002;5041110;2024-05-10 11:11:49;completed;Самовывоз;Челябинск;73990;0;0;73990
702889;201544;5041119;2024-05-10 15:26:29;payment_failed;СДЭК;Миасс;2790;84;490;3196
702890;209229;5041153;2024-05-11 08:13:00;completed;Самовывоз;Миасс;22351;1525;0;20826
702891;200741;5041165;2024-05-11 17:40:26;completed;Курьер;Уфа;26790;0;490;27280
702892;200814;5041197;2024-05-11 16:23:09;completed;Курьер;Челябинск;21090;633;0;20457
702893;206556;5041198;2024-05-11 18:38:57;completed;Почта России;Челябинск;903;45;350;1208
702894;208160;5041201;2024-05-11 20:20:11;completed;Курьер;Миасс;789;39;490;1240
702895;205896;5041246;2024-05-11 21:27:27;completed;Курьер;Миасс;21790;1090;590;21290
702896;;5041257;2024-05-11 14:24:30;completed;СДЭК;Челябинск;38490;1155;590;37925
702897;;5041261;2024-05-11 19:13:19;completed;СДЭК;Челябинск;1790;0;590;2380
702898;201737;5041277;2024-05-11 22:16:12;completed;СДЭК;Магнитогорск;35567;0;490;36057
702899;203801;5041311;2024-05-11 12:36:14;completed;Почта России;Тюмень;10490;0;350;10840
702900;205363;5041356;2024-05-11 11:54:47;completed;Курьер;Магнитогорск;19632;57;590;20165
702901;202128;5041379;2024-05-11 15:01:57;completed;Самовывоз;Ижевск;83567;0;0;83567
702902;202974;5041392;2024-05-11 23:15:08;returned;Самовывоз;Курган;73567;3678;0;69889
702903;208993;5041399;2024-05-11 18:49:51;completed;Самовывоз;Копейск;24090;0;0;24090
702904;;5041441;2024-05-11 14:57:08;completed;Самовывоз;Магнитогорск;12567;0;0;12567
702905;;5041460;2024-05-11 22:45:55;payment_failed;Самовывоз;Челябинск;2980;209;0;2771
702906;202573;5041478;2024-05-11 21:10:08;payment_failed;Самовывоз;Казань;2790;0;0;2790
702907;202977;5041481;2024-05-11 22:17:52;completed;Самовывоз;Нижневартовск;110335;10834;0;99501
702908;;5041494;2024-05-11 21:11:36;completed;Самовывоз;Челябинск;8567;0;0;8567
702909;205930;5041509;2024-05-11 23:58:08;completed;СДЭК;Челябинск;64567;0;390;64957
702910;;5041510;2024-05-11 21:09:44;completed;Почта России;Челябинск;49567;2478;350;47439
702911;205427;5041515;2024-05-12 17:27:08;completed;СДЭК;Пермь;18490;1849;390;17031
702912;204862;5041534;2024-05-12 11:02:35;completed;Самовывоз;Челябинск;126490;6324;0;120166
702913;206018;5041539;2024-05-12 23:20:33;completed;СДЭК;Нижневартовск;111482;5575;590;106497
702914;204657;5041545;2024-05-12 15:25:47;completed;СДЭК;Челябинск;2345;0;390;2735
702915;202438;5041549;2024-05-12 08:22:04;completed;Курьер;Курган;114335;0;590;114925
702916;200414;5041557;2024-05-12 19:36:35;completed;Самовывоз;Миасс;7090;213;0;6877
702917;202883;5041565;2024-05-12 15:28:23;completed;СДЭК;Златоуст;7090;0;690;7780
702918;;5041566;2024-05-12 17:36:54;completed;Курьер;Магнитогорск;67280;0;490;67770
702919;209786;5041581;2024-05-12 17:07:56;completed;Курьер;Челябинск;4990;0;290;5280
702920;207621;5041587;2024-05-12 11:49:27;completed;Курьер;Ижевск;58580;1841;590;57329
702921;203594;5041591;2024-05-12 17:09:11;payment_failed;СДЭК;Челябинск;31990;3199;690;29481
702922;206175;5041598;2024-05-12 20:10:10;completed;СДЭК;Челябинск;26835;514;690;27011
702923;208536;5041600;2024-05-12 21:40:37;completed;СДЭК;Челябинск;17490;1749;390;16131
702924;204911;5041612;2024-05-12 15:37:56;completed;Курьер;Казань;91990;0;390;92380
702925;206484;5041624;2024-05-12 18:39:10;completed;СДЭК;Челябинск;18345;0;490;18835
702926;200181;5041626;2024-05-12 18:03:32;completed;Самовывоз;Миасс;38990;0;0;38990
702927;205951;5041628;2024-05-12 17:52:45;completed;Самовывоз;Магнитогорск;35345;1060;0;34285
702928;;5041636;2024-05-12 18:29:54;completed;Курьер;Новосибирск;7345;220;590;7715
702929;208221;5041654;2024-05-12 17:39:02;completed;Почта России;Пермь;4990;599;550;4941
702930;;5041697;2024-05-12 16:28:05;completed;СДЭК;Челябинск;2990;0;690;3680
702931;202115;5041703;2024-05-12 08:48:49;completed;Курьер;Уфа;7090;213;590;7467
702932;206866;5041717;2024-05-12 13:27:32;completed;Самовывоз;Магнитогорск;35345;0;0;35345
702933;201328;5041731;2024-05-12 11:10:22;completed;СДЭК;Челябинск;112180;6838;590;105932
702934;203598;5041772;2024-05-12 10:56:18;completed;Курьер;Миасс;34490;0;490;34980
702935;209575;5041777;2024-05-12 15:42:40;completed;СДЭК;Челябинск;64490;0;690;65180
702936;202860;5041793;2024-05-12 12:06:20;completed;Почта России;Оренбург;40345;1210;450;39585
702937;203501;5041844;2024-05-12 22:51:00;payment_failed;Самовывоз;Нижневартовск;55790;0;0;55790
702938;209725;5041890;2024-05-12 16:24:54;payment_failed;Курьер;Челябинск;2345;164;290;2471
702939;205356;5041898;2024-05-12 18:08:29;completed;Самовывоз;Уфа;60780;2850;0;57930
702940;201236;5041907;2024-05-12 15:58:48;completed;Курьер;Челябинск;1567;0;290;1857
702941;205782;5041933;2024-05-12 18:26:55;completed;Курьер;Уфа;900;45;490;1345
702942;204551;5041955;2024-05-13 11:47:19;completed;Самовывоз;Челябинск;20284;40;0;20244
702943;206565;5041963;2024-05-13 11:07:14;completed;Самовывоз;Москва;680;0;0;680
702944;202031;5041970;2024-05-13 14:20:48;returned;СДЭК;Копейск;1990;100;590;2480
702945;207881;5042011;2024-05-13 23:27:41;completed;Самовывоз;Челябинск;691;69;0;622
702946;205947;5042019;2024-05-13 20:02:13;completed;Самовывоз;Миасс;686;34;0;652
702947;200786;5042034;2024-05-13 19:42:45;completed;Самовывоз;Санкт-Петербург;4490;135;0;4355
702948;205403;5042038;2024-05-13 19:46:03;completed;Курьер;Златоуст;26057;587;590;26060
702949;201626;5042055;2024-05-13 10:56:39;completed;Курьер;Курган;127134;12714;490;114910
702950;202596;5042087;2024-05-13 21:32:38;payment_failed;Самовывоз;Копейск;26480;750;0;25730
702951;202381;5042090;2024-05-13 16:00:09;completed;Почта России;Самара;75490;0;450;75940
702952;207458;5042092;2024-05-13 22:37:09;completed;Самовывоз;Москва;691;0;0;691
702953;205966;5042094;2024-05-13 16:13:06;completed;Самовывоз;Тюмень;19090;2291;0;16799
702954;205010;5042115;2024-05-13 16:18:34;completed;СДЭК;Челябинск;60835;924;490;60401
702955;208238;5042121;2024-05-13 20:03:07;completed;Почта России;Сургут;3357;54;350;3653
702956;207043;5042176;2024-05-13 19:41:24;cancelled;Самовывоз;Челябинск;20490;0;0;20490
702957;;5042178;2024-05-13 15:26:31;payment_failed;Курьер;Екатеринбург;43143;4234;490;39399
702958;206803;5042183;2024-05-13 22:44:44;completed;Самовывоз;Челябинск;19490;0;0;19490
702959;;5042198;2024-05-13 15:09:08;completed;Самовывоз;Пермь;901;0;0;901
702960;209605;5042265;2024-05-14 15:25:34;returned;Курьер;Екатеринбург;129435;4029;390;125796
702961;203208;5042276;2024-05-14 11:59:15;completed;Курьер;Оренбург;6990;210;590;7370
702962;203454;5042284;2024-05-14 19:22:00;completed;Курьер;Копейск;65912;3228;390;63074
702963;205588;5042307;2024-05-14 09:06:47;completed;Курьер;Тюмень;99567;0;390;99957
702964;209688;5042314;2024-05-14 19:28:49;cancelled;Курьер;Челябинск;74990;0;0;74990
702965;200456;5042328;2024-05-14 15:44:32;completed;Курьер;Златоуст;3490;0;490;3980
702966;208533;5042338;2024-05-14 20:56:36;payment_failed;Самовывоз;Копейск;47480;3323;0;44157
702967;208094;5042391;2024-05-14 13:21:48;cancelled;Самовывоз;Челябинск;11990;0;0;11990
702968;203856;5042400;2024-05-14 19:39:31;completed;Почта России;Уфа;54580;84;550;55046
702969;208039;5042408;2024-05-14 16:21:55;completed;Курьер;Челябинск;39490;0;0;39490
702970;206984;5042415;2024-05-14 19:01:43;completed;Курьер;Миасс;38547;3631;490;35406
702971;202644;5042419;2024-05-14 18:48:33;completed;Почта России;Магнитогорск;13567;678;450;13339
702972;;5042437;2024-05-14 09:08:39;completed;Самовывоз;Челябинск;49580;4279;0;45301
702973;201024;5042439;2024-05-14 20:08:26;completed;СДЭК;Сургут;65912;3774;390;62528
702974;203921;5042448;2024-05-14 17:05:35;completed;Самовывоз;Уфа;84345;0;0;84345
702975;203311;5042471;2024-05-14 19:11:28;completed;Самовывоз;Оренбург;21580;573;0;21007
702976;203725;5042478;2024-05-14 12:18:10;completed;Самовывоз;Копейск;89172;20;0;89152
702977;;5042481;2024-05-14 10:07:54;completed;Почта России;Казань;42345;0;550;42895
702978;204089;5042501;2024-05-14 21:00:13;payment_failed;Почта России;Челябинск;30357;0;550;30907
702979;203326;5042505;2024-05-14 20:28:38;completed;Самовывоз;Челябинск;75345;7534;0;67811
702980;205620;5042507;2024-05-14 13:06:29;completed;Самовывоз;Сургут;37790;1890;0;35900
702981;209528;5042512;2024-05-14 17:29:16;completed;Самовывоз;Оренбург;560;0;0;560
702982;203475;5042513;2024-05-14 15:49:34;completed;СДЭК;Санкт-Петербург;40657;1311;490;39836
702983;207033;5042523;2024-05-14 17:24:01;completed;Курьер;Челябинск;5425;33;0;5392
702984;200900;5042539;2024-05-14 14:12:31;completed;Курьер;Челябинск;42345;1270;0;41075
702985;206748;5042541;2024-05-14 20:58:25;completed;Курьер;Челябинск;37345;0;0;37345
702986;209056;5042545;2024-05-14 19:58:13;completed;Самовывоз;Москва;11090;0;0;11090
702987;201980;5042554;2024-05-14 13:48:31;completed;Самовывоз;Копейск;49270;120;0;49150
702988;206306;5042590;2024-05-15 14:07:45;completed;Самовывоз;Челябинск;13490;0;0;13490
702989;206829;5042598;2024-05-15 17:06:54;completed;Почта России;Челябинск;85680;9860;550;76370
702990;;5042627;2024-05-15 22:44:11;completed;Самовывоз;Златоуст;88134;0;0;88134
702991;200475;5042629;2024-05-15 10:35:06;completed;СДЭК;Пермь;28990;2899;690;26781
702992;205793;5042657;2024-05-15 15:40:23;completed;Курьер;Миасс;1596;80;590;2106
702993;202007;5042676;2024-05-15 13:44:04;completed;Самовывоз;Пермь;40090;0;0;40090
702994;209337;5042695;2024-05-15 13:08:17;completed;Курьер;Копейск;42990;0;590;43580
702995;205015;5042701;2024-05-15 16:24:20;completed;Курьер;Курган;34490;0;490;34980
702996;203547;5042705;2024-05-15 13:04:32;completed;Самовывоз;Магнитогорск;65345;4574;0;60771
702997;209939;5042708;2024-05-15 17:03:19;completed;Курьер;Санкт-Петербург;7280;398;390;7272
702998;209821;5042709;2024-05-15 16:52:28;completed;Курьер;Уфа;24090;0;490;24580
702999;;5042710;2024-05-15 18:01:35;completed;Самовывоз;Челябинск;35567;0;0;35567
703000;208428;5042712;2024-05-15 23:05:29;completed;Почта России;Уфа;10479;0;450;10929
703001;204754;5042725;2024-05-15 22:28:44;completed;Самовывоз;Копейск;12090;0;0;12090
703002;208212;5042781;2024-05-15 13:01:15;completed;Курьер;Магнитогорск;7790;234;590;8146
703003;202206;5042790;2024-05-15 10:32:58;completed;Курьер;Екатеринбург;695;0;590;1285
703004;203178;5042827;2024-05-15 12:48:00;completed;Курьер;Екатеринбург;90090;0;390;90480
703005;207549;5042847;2024-05-15 18:41:32;completed;СДЭК;Екатеринбург;7990;240;590;8340
703006;205225;5042868;2024-05-15 16:29:46;completed;Почта России;Челябинск;82567;0;350;82917
703007;208509;5042869;2024-05-15 19:16:56;completed;Курьер;Челябинск;84490;0;0;84490
703008;200218;5042873;2024-05-15 19:48:36;completed;Курьер;Санкт-Петербург;11790;1179;590;11201
703009;201880;5042877;2024-05-15 14:22:31;completed;Курьер;Челябинск;1345;0;290;1635
703010;206423;5042919;2024-05-15 21:17:50;completed;СДЭК;Казань;685;0;390;1075
703011;207761;5042925;2024-05-15 20:47:48;completed;СДЭК;Оренбург;5980;0;690;6670
703012;207202;5042935;2024-05-16 16:31:13;completed;Самовывоз;Миасс;81352;2417;0;78935
703013;;5042943;2024-05-16 14:14:45;completed;Курьер;Пермь;69090;0;490;69580
703014;209389;5042953;2024-05-16 19:21:25;completed;СДЭК;Оренбург;39990;4799;590;35781
703015;208608;5042964;2024-05-16 09:43:47;completed;Курьер;Тюмень;68990;4829;590;64751
703016;201255;5043001;2024-05-16 12:59:29;completed;Самовывоз;Челябинск;28325;0;0;28325
703017;209431;5043007;2024-05-16 16:01:12;completed;СДЭК;Екатеринбург;20345;1017;490;19818
703018;204764;5043010;2024-05-16 13:56:56;completed;СДЭК;Челябинск;17090;0;590;17680
703019;208061;5043026;2024-05-16 15:23:19;returned;Курьер;Челябинск;27790;2779;0;25011
703020;;5043041;2024-05-16 11:18:05;completed;Самовывоз;Курган;13135;179;0;12956
703021;202205;5043081;2024-05-16 11:23:18;completed;СДЭК;Уфа;64490;0;490;64980
703022;;5043100;2024-05-16 13:49:07;completed;СДЭК;Уфа;44790;5375;390;39805
703023;201922;5043140;2024-05-16 23:57:08;payment_failed;Курьер;Челябинск;42567;0;0;42567
703024;204272;5043155;2024-05-16 13:40:21;completed;СДЭК;Курган;107960;0;390;108350
703025;208800;5043156;2024-05-16 17:00:06;completed;Самовывоз;Магнитогорск;4345;0;0;4345
703026;207686;5043179;2024-05-16 08:16:40;payment_failed;Самовывоз;Тюмень;28567;0;0;28567
703027;203842;5043206;2024-05-16 12:35:41;completed;СДЭК;Челябинск;5835;167;690;6358
703028;204396;5043208;2024-05-16 10:17:18;completed;СДЭК;Ижевск;3990;0;390;4380
703029;;5043221;2024-05-16 18:09:39;completed;Самовывоз;Санкт-Петербург;6790;340;0;6450
703030;205031;5043226;2024-05-16 20:19:15;completed;Самовывоз;Оренбург;3990;0;0;3990
703031;;5043240;2024-05-16 18:13:47;completed;Курьер;Миасс;8584;537;490;8537
703032;209216;5043245;2024-05-16 16:19:52;completed;Самовывоз;Челябинск;28980;1989;0;26991
703033;209668;5043247;2024-05-16 22:41:25;payment_failed;Курьер;Екатеринбург;19490;0;590;20080
703034;204683;5043303;2024-05-17 18:44:07;completed;СДЭК;Ижевск;65345;4574;590;61361
703035;203058;5043309;2024-05-17 20:03:34;completed;СДЭК;Златоуст;18490;0;390;18880
703036;202227;5043311;2024-05-17 15:04:00;completed;Курьер;Новосибирск;4490;224;590;4856
703037;207488;5043332;2024-05-17 12:07:10;payment_failed;СДЭК;Челябинск;64490;0;490;64980
703038;;5043357;2024-05-17 14:39:12;completed;Курьер;Челябинск;2990;0;290;3280
703039;;5043358;2024-05-17 11:45:39;completed;Курьер;Копейск;788;39;490;1239
703040;207496;5043381;2024-05-17 17:49:47;completed;Самовывоз;Миасс;50990;1530;0;49460
703041;207845;5043403;2024-05-17 19:27:48;completed;СДЭК;Новосибирск;3567;250;690;4007
703042;200555;5043413;2024-05-17 12:36:37;completed;СДЭК;Магнитогорск;29990;0;390;30380
703043;207849;5043433;2024-05-17 10:37:43;completed;Почта России;Москва;73090;0;450;73540
703044;;5043465;2024-05-17 11:00:08;completed;Курьер;Челябинск;3345;401;290;3234
703045;206732;5043484;2024-05-17 21:39:40;payment_failed;Самовывоз;Копейск;7990;0;0;7990
703046;206955;5043486;2024-05-17 14:25:25;completed;Самовывоз;Челябинск;28090;2809;0;25281
703047;205184;5043497;2024-05-17 15:42:11;completed;Самовывоз;Екатеринбург;111747;185;0;111562
703048;207300;5043522;2024-05-17 13:38:15;completed;Самовывоз;Копейск;7990;0;0;7990
703049;200153;5043540;2024-05-17 13:47:15;completed;Курьер;Уфа;53135;2657;490;50968
703050;;5043565;2024-05-17 17:08:55;completed;Самовывоз;Миасс;51357;0;0;51357
703051;207545;5043575;2024-05-17 19:18:27;completed;Самовывоз;Челябинск;32780;1400;0;31380
703052;201408;5043586;2024-05-17 08:52:08;cancelled;Курьер;Челябинск;23490;1644;0;21846
703053;207721;5043591;2024-05-17 19:35:38;completed;Самовывоз;Челябинск;40690;1967;0;38723
703054;208651;5043597;2024-05-17 11:50:29;returned;Курьер;Златоуст;42490;0;490;42980
703055;206670;5043601;2024-05-17 22:19:13;completed;Самовывоз;Челябинск;92580;2834;0;89746
703056;203507;5043613;2024-05-17 12:13:44;completed;Курьер;Санкт-Петербург;4990;0;490;5480
703057;207786;5043616;2024-05-17 17:11:08;completed;СДЭК;Челябинск;14683;1748;690;13625
703058;207248;5043648;2024-05-17 16:12:31;completed;СДЭК;Челябинск;34567;2420;590;32737
703059;;5043655;2024-05-17 16:05:31;completed;Курьер;Челябинск;38577;3779;0;34798
703060;204508;5043656;2024-05-17 20:44:49;completed;Курьер;Златоуст;47080;709;590;46961
703061;200823;5043659;2024-05-17 12:10:53;completed;Курьер;Магнитогорск;11370;748;390;11012
703062;205686;5043673;2024-05-18 17:54:08;completed;Курьер;Миасс;37490;1125;490;36855
703063;205052;5043695;2024-05-18 19:36:30;returned;Самовывоз;Миасс;68090;3404;0;64686
703064;;5043709;2024-05-18 17:22:19;completed;Курьер;Тюмень;891;0;490;1381
703065;205507;5043749;2024-05-18 18:05:40;completed;Самовывоз;Екатеринбург;115280;84;0;115196
703066;206459;5043777;2024-05-18 14:10:04;completed;Курьер;Миасс;697;35;590;1252
703067;200421;5043797;2024-05-18 15:52:39;payment_failed;Самовывоз;Магнитогорск;68567;3428;0;65139
703068;203099;5043814;2024-05-18 16:56:50;completed;Курьер;Санкт-Петербург;109345;3280;390;106455
703069;207157;5043827;2024-05-18 12:05:22;cancelled;Почта России;Магнитогорск;696;21;350;1025
703070;200339;5043844;2024-05-18 20:02:19;completed;Почта России;Тюмень;76912;2307;450;75055
703071;204083;5043848;2024-05-18 20:15:12;completed;Самовывоз;Сургут;7490;749;0;6741
703072;209702;5043849;2024-05-18 15:03:04;completed;Курьер;Миасс;58274;0;490;58764
703073;206821;5043865;2024-05-18 16:01:40;completed;СДЭК;Магнитогорск;34790;0;690;35480
703074;208642;5043874;2024-05-18 15:50:39;completed;Курьер;Новосибирск;29090;0;390;29480
703075;205062;5043885;2024-05-18 13:52:39;completed;СДЭК;Челябинск;18567;928;490;18129
703076;204808;5043887;2024-05-18 22:36:34;completed;СДЭК;Челябинск;880;0;390;1270
703077;205003;5043893;2024-05-18 20:20:52;completed;СДЭК;Челябинск;690;0;690;1380
703078;;5043925;2024-05-18 17:07:02;completed;СДЭК;Новосибирск;72825;4134;490;69181
703079;200722;5043990;2024-05-18 15:07:34;completed;Курьер;Челябинск;43135;3579;0;39556
703080;200284;5044019;2024-05-18 19:13:01;cancelled;Почта России;Челябинск;3567;428;550;3689
703081;205872;5044022;2024-05-18 20:38:41;returned;Самовывоз;Тюмень;87080;4300;0;82780
703082;201595;5044024;2024-05-18 21:12:44;completed;Курьер;Златоуст;12090;604;490;11976
703083;202307;5044047;2024-05-18 16:40:16;completed;Курьер;Челябинск;3490;0;290;3780
703084;207027;5044064;2024-05-19 12:30:31;completed;Самовывоз;Тюмень;33490;1005;0;32485
703085;208772;5044094;2024-05-19 16:18:25;completed;Курьер;Тюмень;3976;182;590;4384
703086;202047;5044107;2024-05-19 23:55:42;completed;Курьер;Магнитогорск;4476;0;490;4966
703087;202042;5044120;2024-05-19 15:19:01;completed;Самовывоз;Тюмень;12490;375;0;12115
703088;;5044132;2024-05-19 16:05:39;completed;Почта России;Миасс;4990;0;550;5540
703089;208242;5044146;2024-05-19 14:56:46;completed;Почта России;Екатеринбург;797;40;350;1107
703090;204862;5044163;2024-05-19 14:46:57;completed;Почта России;Челябинск;33345;1667;350;32028
703091;206169;5044167;2024-05-19 17:17:31;cancelled;Курьер;Магнитогорск;10490;524;390;10356
703092;206893;5044168;2024-05-19 16:43:35;completed;Самовывоз;Челябинск;43790;0;0;43790
703093;209875;5044265;2024-05-19 18:36:27;completed;СДЭК;Магнитогорск;33335;2186;690;31839
703094;;5044289;2024-05-19 16:47:24;completed;Самовывоз;Златоуст;31080;2113;0;28967
703095;203265;5044296;2024-05-19 23:00:35;completed;Самовывоз;Челябинск;43686;0;0;43686
703096;207567;5044306;2024-05-19 10:09:34;completed;Самовывоз;Пермь;2180;0;0;2180
703097;201313;5044319;2024-05-19 15:02:42;completed;Самовывоз;Челябинск;41880;0;0;41880
703098;204971;5044320;2024-05-19 21:29:16;completed;Самовывоз;Тюмень;28557;530;0;28027
703099;204393;5044334;2024-05-19 12:56:57;completed;СДЭК;Магнитогорск;696;0;690;1386
703100;203816;5044338;2024-05-19 15:58:44;completed;Курьер;Челябинск;1345;0;290;1635
703101;201418;5044364;2024-05-19 17:13:49;completed;Самовывоз;Магнитогорск;93435;0;0;93435
703102;202821;5044380;2024-05-19 18:20:09;completed;Курьер;Челябинск;1345;0;290;1635
703103;200742;5044395;2024-05-19 14:00:15;payment_failed;Курьер;Уфа;88567;0;490;89057
703104;202260;5044396;2024-05-19 14:36:47;completed;Курьер;Челябинск;35780;0;0;35780
703105;206921;5044412;2024-05-19 17:00:36;completed;Курьер;Ижевск;40790;1224;390;39956
703106;204592;5044417;2024-05-19 17:02:08;payment_failed;Курьер;Екатеринбург;890;107;590;1373
703107;207149;5044419;2024-05-19 14:47:24;completed;СДЭК;Челябинск;27345;0;390;27735
703108;201876;5044420;2024-05-19 15:18:22;completed;Самовывоз;Москва;13345;0;0;13345
703109;200239;5044479;2024-05-20 17:57:18;completed;Самовывоз;Челябинск;85567;0;0;85567
703110;202594;5044480;2024-05-20 19:29:09;payment_failed;Курьер;Тюмень;38790;0;490;39280
703111;204449;5044482;2024-05-20 15:14:14;completed;Курьер;Екатеринбург;686;34;390;1042
703112;;5044489;2024-05-20 12:39:53;completed;СДЭК;Нижневартовск;18790;940;590;18440
703113;;5044492;2024-05-20 16:23:18;cancelled;Самовывоз;Курган;1345;0;0;1345
703114;209966;5044493;2024-05-20 13:01:38;completed;СДЭК;Оренбург;32490;0;590;33080
703115;201209;5044515;2024-05-20 14:08:06;completed;Курьер;Челябинск;3990;200;290;4080
703116;203595;5044544;2024-05-20 13:13:02;cancelled;Курьер;Сургут;19480;724;490;19246
703117;202145;5044553;2024-05-20 21:02:57;completed;Курьер;Златоуст;19490;585;490;19395
703118;;5044578;2024-05-20 19:09:50;completed;СДЭК;Магнитогорск;126790;0;390;127180
703119;203126;5044629;2024-05-20 22:02:07;completed;Курьер;Миасс;42567;5108;390;37849
703120;;5044630;2024-05-20 22:54:53;completed;Самовывоз;Челябинск;26990;2699;0;24291
703121;201835;5044650;2024-05-20 21:28:18;completed;Курьер;Копейск;25490;765;390;25115
703122;206151;5044672;2024-05-20 22:46:11;completed;Самовывоз;Челябинск;9990;0;0;9990
703123;201855;5044715;2024-05-20 12:08:02;returned;Курьер;Тюмень;34345;0;490;34835
703124;204699;5044716;2024-05-20 08:31:57;completed;Самовывоз;Уфа;20325;0;0;20325
703125;200727;5044723;2024-05-20 11:45:38;completed;Самовывоз;Нижневартовск;36325;0;0;36325
703126;201374;5044729;2024-05-20 16:35:23;completed;Самовывоз;Уфа;2090;63;0;2027
703127;209927;5044735;2024-05-20 18:24:36;completed;Почта России;Челябинск;6345;634;350;6061
703128;204615;5044746;2024-05-20 21:56:53;completed;Курьер;Копейск;1490;0;590;2080
703129;;5044754;2024-05-20 17:59:30;completed;Самовывоз;Копейск;19345;0;0;19345
703130;200437;5044759;2024-05-20 14:19:41;completed;СДЭК;Самара;98547;4528;690;94709
703131;204518;5044761;2024-05-20 18:06:06;completed;СДЭК;Копейск;40990;2050;590;39530
703132;208996;5044774;2024-05-20 17:40:05;completed;Курьер;Магнитогорск;45125;154;590;45561
703133;;5044792;2024-05-21 09:43:59;completed;Самовывоз;Челябинск;79490;3974;0;75516
703134;;5044806;2024-05-21 11:16:38;completed;СДЭК;Пермь;49490;0;490;49980
703135;208099;5044814;2024-05-21 15:44:04;completed;Курьер;Тюмень;12790;640;490;12640
703136;204813;5044834;2024-05-21 09:56:52;completed;Курьер;Пермь;45567;0;390;45957
703137;206023;5044835;2024-05-21 18:28:40;completed;Самовывоз;Челябинск;49990;0;0;49990
703138;202544;5044845;2024-05-21 11:24:00;completed;Самовывоз;Миасс;26345;1317;0;25028
703139;201050;5044873;2024-05-21 19:22:07;completed;Почта России;Тюмень;25790;1290;350;24850
703140;205495;5044876;2024-05-21 19:57:32;completed;Самовывоз;Челябинск;75490;3774;0;71716
703141;206601;5044921;2024-05-21 19:44:30;completed;Курьер;Челябинск;31345;0;0;31345
703142;;5044956;2024-05-21 11:11:01;completed;Почта России;Челябинск;4490;0;350;4840
703143;208169;5044968;2024-05-21 16:32:11;completed;Курьер;Курган;40135;2007;490;38618
703144;206803;5044975;2024-05-21 09:37:19;payment_failed;Самовывоз;Челябинск;38345;0;0;38345
703145;208009;5044985;2024-05-21 22:15:31;completed;Курьер;Екатеринбург;36990;0;590;37580
703146;;5045034;2024-05-21 22:04:20;completed;Курьер;Челябинск;692;48;290;934
703147;202520;5045035;2024-05-21 14:47:32;completed;Самовывоз;Челябинск;11790;590;0;11200
703148;202201;5045050;2024-05-21 18:24:33;completed;Курьер;Челябинск;783;0;290;1073
703149;207398;5045054;2024-05-21 17:45:09;completed;Самовывоз;Копейск;6135;0;0;6135
703150;;5045055;2024-05-21 17:56:08;completed;Курьер;Челябинск;82990;5809;0;77181
703151;203221;5045056;2024-05-21 18:54:28;completed;Самовывоз;Копейск;27490;0;0;27490
703152;206325;5045061;2024-05-21 09:26:21;completed;Почта России;Челябинск;39790;0;350;40140
703153;202687;5045076;2024-05-21 17:20:07;completed;СДЭК;Челябинск;24490;0;490;24980
703154;206422;5045086;2024-05-21 18:51:26;returned;Самовывоз;Магнитогорск;33490;0;0;33490
703155;203612;5045110;2024-05-21 12:16:18;completed;Курьер;Челябинск;1567;157;290;1700
703156;209249;5045145;2024-05-22 16:05:02;completed;Почта России;Самара;26990;0;350;27340
703157;207728;5045153;2024-05-22 19:55:39;payment_failed;Почта России;Екатеринбург;35567;2490;350;33427
703158;204527;5045161;2024-05-22 08:22:12;completed;Курьер;Челябинск;18490;2219;0;16271
703159;203779;5045169;2024-05-22 12:21:34;completed;Самовывоз;Челябинск;1567;0;0;1567
703160;207213;5045240;2024-05-22 18:51:00;completed;Курьер;Челябинск;6490;324;0;6166
703161;204712;5045251;2024-05-22 16:40:43;completed;Самовывоз;Тюмень;18990;1329;0;17661
703162;202917;5045253;2024-05-22 16:32:29;completed;СДЭК;Копейск;51567;0;690;52257
703163;200196;5045258;2024-05-22 19:19:50;completed;Самовывоз;Пермь;19990;0;0;19990
703164;;5045306;2024-05-22 15:09:20;completed;Самовывоз;Миасс;19567;0;0;19567
703165;205370;5045308;2024-05-22 14:28:34;completed;Курьер;Нижневартовск;688;48;390;1030
703166;200461;5045316;2024-05-22 17:44:56;completed;СДЭК;Челябинск;6567;0;690;7257
703167;208632;5045356;2024-05-22 16:18:43;completed;Самовывоз;Москва;38345;2684;0;35661
703168;201331;5045406;2024-05-22 16:57:08;completed;Курьер;Челябинск;84657;2946;0;81711
703169;209775;5045424;2024-05-22 17:07:30;completed;Самовывоз;Копейск;27567;1930;0;25637
703170;201443;5045442;2024-05-22 20:38:16;completed;СДЭК;Самара;27490;0;590;28080
703171;203648;5045456;2024-05-23 15:56:01;completed;СДЭК;Копейск;19990;0;590;20580
703172;;5045468;2024-05-23 20:07:05;completed;Курьер;Екатеринбург;1345;0;490;1835
703173;;5045479;2024-05-23 20:45:39;completed;Самовывоз;Уфа;1567;0;0;1567
703174;205075;5045531;2024-05-23 21:08:43;completed;Самовывоз;Копейск;85990;8599;0;77391
703175;201646;5045569;2024-05-23 17:44:58;completed;Самовывоз;Курган;28990;0;0;28990
703176;200605;5045591;2024-05-23 19:49:01;payment_failed;Самовывоз;Челябинск;2990;0;0;2990
703177;;5045601;2024-05-23 21:26:06;completed;Курьер;Копейск;63435;1354;390;62471
703178;209119;5045606;2024-05-23 17:53:13;completed;СДЭК;Екатеринбург;85479;4017;490;81952
703179;202117;5045619;2024-05-23 15:25:32;completed;Самовывоз;Екатеринбург;22180;1004;0;21176
703180;203064;5045636;2024-05-23 15:37:17;payment_failed;Курьер;Копейск;5790;405;390;5775
703181;209471;5045642;2024-05-23 15:50:44;completed;Почта России;Челябинск;12990;0;350;13340
703182;202855;5045647;2024-05-23 21:16:34;completed;Самовывоз;Миасс;5790;0;0;5790
703183;200096;5045668;2024-05-23 14:09:18;completed;Самовывоз;Екатеринбург;93134;0;0;93134
703184;200238;5045712;2024-05-23 13:05:34;completed;Курьер;Челябинск;8790;0;0;8790
703185;;5045715;2024-05-23 08:15:53;completed;СДЭК;Челябинск;68567;0;690;69257
703186;202117;5045729;2024-05-23 17:28:43;completed;Самовывоз;Екатеринбург;22690;40;0;22650
703187;204806;5045735;2024-05-23 11:25:59;completed;СДЭК;Челябинск;694;35;490;1149
703188;207500;5045738;2024-05-23 19:30:45;completed;Курьер;Уфа;51090;0;390;51480
703189;206308;5045747;2024-05-23 12:20:24;payment_failed;СДЭК;Сургут;47770;1254;590;47106
703190;;5045754;2024-05-24 12:13:59;completed;Курьер;Москва;3090;154;590;3526
703191;202937;5045770;2024-05-24 15:32:34;completed;Самовывоз;Тюмень;6080;243;0;5837
703192;206122;5045798;2024-05-24 18:16:46;completed;СДЭК;Челябинск;52448;1547;490;51391
703193;200832;5045803;2024-05-24 16:57:39;completed;Самовывоз;Челябинск;4490;0;0;4490
703194;209575;5045825;2024-05-24 19:00:59;completed;Самовывоз;Челябинск;3580;0;0;3580
703195;206023;5045887;2024-05-24 11:22:14;completed;Почта России;Челябинск;7090;0;350;7440
703196;206812;5045892;2024-05-24 18:22:21;payment_failed;Самовывоз;Казань;27345;1914;0;25431
703197;206819;5045899;2024-05-24 16:23:50;completed;СДЭК;Копейск;56990;0;490;57480
703198;200272;5045922;2024-05-24 15:28:10;completed;СДЭК;Магнитогорск;117980;0;690;118670
703199;207748;5045940;2024-05-24 12:56:50;completed;Самовывоз;Челябинск;64780;7238;0;57542
703200;;5045959;2024-05-24 15:00:21;completed;СДЭК;Оренбург;24057;1434;690;23313
703201;202824;5045974;2024-05-24 12:02:25;completed;СДЭК;Челябинск;30335;0;690;31025
703202;206580;5045976;2024-05-24 16:11:34;completed;СДЭК;Магнитогорск;18490;1294;490;17686
703203;207745;5045981;2024-05-24 20:29:01;completed;Почта России;Челябинск;25090;0;350;25440
703204;206878;5045992;2024-05-24 13:59:04;completed;Курьер;Челябинск;7090;851;0;6239
703205;200424;5045998;2024-05-24 15:10:38;completed;Почта России;Казань;22567;0;450;23017
703206;202935;5046038;2024-05-24 14:47:26;completed;Самовывоз;Тюмень;3035;164;0;2871
703207;207586;5046043;2024-05-24 20:48:34;returned;Самовывоз;Нижневартовск;7567;0;0;7567
703208;207473;5046082;2024-05-24 13:05:01;completed;Самовывоз;Челябинск;19090;573;0;18517
703209;200138;5046106;2024-05-24 11:47:30;completed;Почта России;Уфа;75790;5305;350;70835
703210;201685;5046125;2024-05-25 15:03:47;payment_failed;Курьер;Новосибирск;11490;1379;390;10501
703211;206441;5046136;2024-05-25 18:55:49;completed;Самовывоз;Челябинск;62547;1497;0;61050
703212;201460;5046139;2024-05-25 15:25:17;completed;Самовывоз;Ижевск;8490;255;0;8235
703213;200794;5046147;2024-05-25 17:44:03;completed;Почта России;Екатеринбург;9580;0;550;10130
703214;202092;5046149;2024-05-25 16:20:44;completed;СДЭК;Самара;3567;0;590;4157
703215;202153;5046165;2024-05-25 18:36:10;completed;СДЭК;Курган;37090;3709;490;33871
703216;200853;5046170;2024-05-25 21:51:02;completed;Самовывоз;Нижневартовск;35490;0;0;35490
703217;202153;5046176;2024-05-25 21:00:12;completed;Курьер;Курган;798;40;590;1348
703218;;5046181;2024-05-25 17:06:27;completed;Почта России;Екатеринбург;52790;3695;350;49445
703219;205458;5046190;2024-05-25 15:01:59;completed;Курьер;Москва;49567;0;490;50057
703220;201455;5046217;2024-05-25 14:26:58;completed;Самовывоз;Миасс;13990;700;0;13290
703221;200684;5046237;2024-05-25 17:23:37;completed;Курьер;Челябинск;4567;228;290;4629
703222;207028;5046257;2024-05-25 10:44:08;completed;Почта России;Москва;33790;0;450;34240
703223;209159;5046273;2024-05-25 19:42:54;completed;СДЭК;Миасс;6567;0;690;7257
703224;205712;5046281;2024-05-25 15:26:53;payment_failed;Самовывоз;Магнитогорск;25990;2599;0;23391
703225;202331;5046291;2024-05-25 11:34:41;completed;СДЭК;Челябинск;3790;265;390;3915
703226;204547;5046292;2024-05-25 13:18:45;completed;Курьер;Челябинск;3780;179;290;3891
703227;;5046296;2024-05-25 22:09:22;completed;Курьер;Магнитогорск;6567;0;390;6957
703228;;5046298;2024-05-25 10:01:51;completed;СДЭК;Челябинск;22557;1028;490;22019
703229;205616;5046304;2024-05-25 12:52:13;completed;Самовывоз;Челябинск;18345;0;0;18345
703230;209311;5046312;2024-05-25 12:34:58;completed;Курьер;Копейск;163435;3204;490;160721
703231;;5046329;2024-05-25 11:35:46;completed;Курьер;Челябинск;35090;0;0;35090
703232;207669;5046351;2024-05-25 21:16:32;completed;Курьер;Сургут;70090;0;390;70480
703233;200798;5046374;2024-05-25 10:31:26;completed;Самовывоз;Миасс;54580;1638;0;52942
703234;204976;5046377;2024-05-25 22:48:42;completed;Курьер;Челябинск;35490;1774;0;33716
703235;201056;5046386;2024-05-25 23:27:57;completed;Самовывоз;Екатеринбург;93347;1140;0;92207
703236;206692;5046387;2024-05-25 10:23:23;completed;Самовывоз;Москва;18345;0;0;18345
703237;205019;5046405;2024-05-25 15:08:46;completed;Самовывоз;Челябинск;567;57;0;510
703238;200671;5046424;2024-05-25 18:05:43;completed;Курьер;Курган;44280;0;490;44770
703239;;5046454;2024-05-25 20:47:34;payment_failed;Самовывоз;Новосибирск;4567;457;0;4110
703240;210000;5046477;2024-05-25 16:47:27;completed;Курьер;Миасс;1345;0;490;1835
703241;204823;5046482;2024-05-25 11:02:45;completed;Самовывоз;Златоуст;51280;2528;0;48752
703242;203862;5046502;2024-05-26 12:07:56;completed;Самовывоз;Магнитогорск;63134;2857;0;60277
703243;205671;5046506;2024-05-26 18:55:18;completed;Курьер;Копейск;39790;0;590;40380
703244;205319;5046513;2024-05-26 18:55:06;completed;Самовывоз;Тюмень;24990;1250;0;23740
703245;208913;5046515;2024-05-26 09:44:04;completed;СДЭК;Новосибирск;682;82;490;1090
703246;;5046540;2024-05-26 22:36:51;completed;Самовывоз;Челябинск;90345;4517;0;85828
703247;208055;5046545;2024-05-26 22:32:09;cancelled;Курьер;Челябинск;27345;0;0;27345
703248;208591;5046546;2024-05-26 19:46:47;completed;Курьер;Челябинск;39490;0;0;39490
703249;205050;5046549;2024-05-26 17:39:33;completed;Почта России;Миасс;24490;1224;450;23716
703250;;5046578;2024-05-26 18:46:28;completed;Почта России;Самара;36690;1901;350;35139
703251;209892;5046609;2024-05-26 13:20:03;completed;Почта России;Магнитогорск;12567;1257;450;11760
703252;204132;5046639;2024-05-26 20:41:43;completed;Самовывоз;Миасс;6345;190;0;6155
703253;200262;5046640;2024-05-26 11:05:13;completed;Курьер;Челябинск;8990;270;0;8720
703254;203525;5046669;2024-05-26 20:50:36;completed;Самовывоз;Челябинск;11567;0;0;11567
703255;200441;5046670;2024-05-26 17:21:13;payment_failed;Самовывоз;Москва;7345;0;0;7345
703256;202339;5046673;2024-05-26 15:30:40;payment_failed;Курьер;Челябинск;87180;0;0;87180
703257;205588;5046701;2024-05-26 21:18:55;completed;Самовывоз;Тюмень;30580;0;0;30580
703258;200157;5046702;2024-05-26 20:50:18;payment_failed;СДЭК;Магнитогорск;4345;304;590;4631
703259;209638;5046735;2024-05-26 23:46:32;completed;Самовывоз;Челябинск;43790;2190;0;41600
703260;207074;5046742;2024-05-26 20:28:08;completed;Самовывоз;Челябинск;31980;2488;0;29492
703261;200145;5046746;2024-05-26 21:33:35;completed;Самовывоз;Копейск;82990;0;0;82990
703262;202480;5046773;2024-05-26 21:52:23;completed;Курьер;Челябинск;21242;0;0;21242
703263;207285;5046805;2024-05-26 22:34:15;completed;Почта России;Санкт-Петербург;3790;265;350;3875
703264;207099;5046835;2024-05-26 13:21:01;completed;Курьер;Копейск;1490;149;390;1731
703265;209700;5046890;2024-05-26 20:22:42;completed;СДЭК;Челябинск;27090;0;390;27480
703266;203116;5046928;2024-05-27 18:21:17;completed;СДЭК;Новосибирск;25345;0;490;25835
703267;208065;5046931;2024-05-27 18:54:38;completed;Курьер;Челябинск;34567;1728;0;32839
703268;205516;5046937;2024-05-27 13:20:43;completed;Самовывоз;Челябинск;45790;2290;0;43500
703269;205264;5046940;2024-05-27 13:52:42;completed;Самовывоз;Магнитогорск;18790;940;0;17850
703270;209399;5046978;2024-05-27 16:06:38;returned;СДЭК;Тюмень;2980;209;690;3461
703271;201965;5046984;2024-05-27 12:41:17;payment_failed;Самовывоз;Миасс;70567;2117;0;68450
703272;201450;5047000;2024-05-27 16:23:52;completed;СДЭК;Нижневартовск;2567;0;490;3057
703273;202020;5047010;2024-05-27 17:48:31;returned;Самовывоз;Магнитогорск;22990;0;0;22990
703274;201334;5047013;2024-05-27 10:09:16;completed;Почта России;Копейск;69980;499;450;69931
703275;206370;5047015;2024-05-27 11:28:02;completed;Почта России;Златоуст;1490;149;450;1791
703276;206193;5047018;2024-05-27 20:18:23;completed;Курьер;Москва;1567;157;490;1900
703277;209279;5047022;2024-05-27 22:55:49;completed;Самовывоз;Челябинск;36345;0;0;36345
703278;201880;5047038;2024-05-27 17:33:26;completed;СДЭК;Челябинск;32345;3234;690;29801
703279;207356;5047054;2024-05-27 14:25:44;completed;Курьер;Челябинск;778;23;290;1045
703280;208175;5047078;2024-05-27 16:15:51;completed;Самовывоз;Курган;2790;0;0;2790
703281;207675;5047093;2024-05-27 12:15:01;completed;Самовывоз;Копейск;21057;585;0;20472
703282;200190;5047104;2024-05-27 14:39:26;completed;Курьер;Уфа;65790;0;490;66280
703283;206958;5047110;2024-05-27 10:38:53;completed;Курьер;Магнитогорск;19790;990;590;19390
703284;201148;5047125;2024-05-27 18:41:21;completed;Курьер;Москва;5835;0;590;6425
703285;207099;5047126;2024-05-27 21:42:36;completed;Самовывоз;Копейск;64345;1930;0;62415
703286;;5047150;2024-05-27 16:06:36;completed;Курьер;Магнитогорск;7090;496;390;6984
703287;200127;5047153;2024-05-27 14:40:29;completed;СДЭК;Ижевск;82363;0;390;82753
703288;203616;5047161;2024-05-27 19:32:38;completed;Самовывоз;Челябинск;67570;3709;0;63861
703289;206981;5047166;2024-05-27 22:58:47;payment_failed;Курьер;Челябинск;34490;0;0;34490
703290;202562;5047175;2024-05-27 22:25:47;completed;Курьер;Миасс;13790;0;590;14380
703291;202196;5047182;2024-05-27 23:54:47;completed;СДЭК;Екатеринбург;64345;0;690;65035
703292;206093;5047221;2024-05-27 16:21:54;completed;Курьер;Казань;1345;0;390;1735
703293;205833;5047310;2024-05-28 15:01:27;completed;Самовывоз;Копейск;22090;1104;0;20986
703294;205293;5047320;2024-05-28 13:33:17;completed;Почта России;Челябинск;34567;0;550;35117
703295;208055;5047343;2024-05-28 18:41:46;payment_failed;Самовывоз;Челябинск;59780;2850;0;56930
703296;204231;5047348;2024-05-28 08:10:30;completed;Курьер;Ижевск;17990;900;590;17680
703297;206404;5047356;2024-05-28 14:57:21;completed;СДЭК;Челябинск;41090;0;490;41580
703298;200034;5047360;2024-05-28 19:31:02;completed;Самовывоз;Пермь;65880;3240;0;62640
703299;203819;5047367;2024-05-28 15:51:33;completed;Курьер;Курган;45723;0;590;46313
703300;;5047388;2024-05-28 13:26:27;completed;Самовывоз;Новосибирск;7490;225;0;7265
703301;;5047402;2024-05-28 09:39:06;payment_failed;СДЭК;Челябинск;6357;144;590;6803
703302;207397;5047403;2024-05-28 13:38:29;completed;Самовывоз;Магнитогорск;50373;0;0;50373
703303;;5047422;2024-05-28 16:17:53;completed;Самовывоз;Челябинск;24525;1640;0;22885
703304;207080;5047434;2024-05-28 14:28:08;completed;Самовывоз;Казань;3134;0;0;3134
703305;207263;5047436;2024-05-28 14:25:41;completed;СДЭК;Челябинск;896;45;590;1441
703306;;5047446;2024-05-28 17:18:45;completed;СДЭК;Челябинск;35990;0;390;36380
703307;204965;5047463;2024-05-28 21:13:55;completed;СДЭК;Тюмень;18567;0;590;19157
703308;204048;5047465;2024-05-28 15:58:15;returned;Курьер;Уфа;23783;79;390;24094
703309;207029;5047486;2024-05-28 16:10:07;completed;Курьер;Самара;563;0;390;953
703310;205170;5047501;2024-05-28 16:45:50;payment_failed;Самовывоз;Челябинск;50580;0;0;50580
703311;207936;5047505;2024-05-28 14:28:07;payment_failed;СДЭК;Магнитогорск;6790;340;490;6940
703312;205350;5047507;2024-05-28 08:11:57;completed;СДЭК;Миасс;19090;954;390;18526
703313;207103;5047515;2024-05-28 12:33:25;completed;СДЭК;Пермь;13675;1559;690;12806
703314;202504;5047524;2024-05-28 18:03:12;completed;Самовывоз;Магнитогорск;35345;1767;0;33578
703315;;5047539;2024-05-28 14:59:58;completed;Курьер;Тюмень;14835;739;490;14586
703316;;5047565;2024-05-28 11:18:05;completed;СДЭК;Челябинск;19345;580;390;19155
703317;;5047570;2024-05-28 18:02:20;payment_failed;Курьер;Москва;10090;0;490;10580
703318;203810;5047578;2024-05-28 15:02:59;completed;Самовывоз;Оренбург;4790;335;0;4455
703319;203921;5047590;2024-05-28 13:39:26;completed;Курьер;Уфа;25567;2557;590;23600
703320;204500;5047598;2024-05-28 16:32:46;payment_failed;Самовывоз;Челябинск;25280;340;0;24940
703321;207503;5047613;2024-05-28 19:52:49;completed;СДЭК;Челябинск;684;21;390;1053
703322;;5047616;2024-05-28 19:31:37;completed;Самовывоз;Челябинск;4567;457;0;4110
703323;202258;5047620;2024-05-28 13:21:03;completed;Курьер;Казань;50090;0;590;50680
703324;206613;5047621;2024-05-28 11:58:37;completed;Курьер;Челябинск;5980;0;0;5980
703325;207190;5047632;2024-05-29 18:17:24;cancelled;Самовывоз;Самара;7090;851;0;6239
703326;204440;5047644;2024-05-29 13:24:51;completed;Самовывоз;Копейск;52980;2919;0;50061
703327;205704;5047667;2024-05-29 18:14:21;completed;Курьер;Челябинск;59280;0;0;59280
703328;208998;5047669;2024-05-29 18:12:05;completed;Самовывоз;Челябинск;3090;0;0;3090
703329;204991;5047675;2024-05-29 18:20:40;completed;СДЭК;Москва;691;0;690;1381
703330;201595;5047681;2024-05-29 15:51:45;completed;СДЭК;Златоуст;155702;9052;490;147140
703331;203875;5047701;2024-05-29 19:42:04;completed;Почта России;Тюмень;41790;0;450;42240
703332;209775;5047706;2024-05-29 12:05:36;completed;Самовывоз;Копейск;56790;5679;0;51111
703333;203681;5047733;2024-05-29 11:41:15;completed;СДЭК;Челябинск;91090;0;690;91780
703334;;5047738;2024-05-29 23:40:21;payment_failed;СДЭК;Копейск;21790;654;690;21826
703335;203984;5047741;2024-05-29 15:33:22;completed;Самовывоз;Ижевск;107912;4721;0;103191
703336;201877;5047754;2024-05-29 19:39:43;completed;Курьер;Магнитогорск;2490;0;490;2980
703337;209813;5047755;2024-05-29 15:59:31;completed;Курьер;Челябинск;64990;0;0;64990
703338;;5047817;2024-05-29 15:11:31;completed;Самовывоз;Златоуст;1345;67;0;1278
703339;;5047863;2024-05-29 17:43:54;completed;Курьер;Копейск;76090;0;490;76580
703340;208045;5047866;2024-05-29 13:50:34;completed;Почта России;Миасс;67790;4745;450;63495
703341;200897;5047869;2024-05-29 08:48:49;cancelled;СДЭК;Челябинск;4790;575;690;4905
703342;207836;5047886;2024-05-29 16:53:34;completed;Курьер;Самара;72880;709;390;72561
703343;;5047912;2024-05-29 19:08:38;completed;Курьер;Екатеринбург;12567;0;390;12957
703344;200345;5047924;2024-05-29 22:51:01;completed;Самовывоз;Екатеринбург;27990;1400;0;26590
703345;203992;5047933;2024-05-29 21:16:58;completed;Самовывоз;Миасс;40182;1995;0;38187
703346;203404;5047937;2024-05-29 22:16:45;completed;Самовывоз;Курган;69990;0;0;69990
703347;205949;5047943;2024-05-29 18:43:27;completed;Самовывоз;Пермь;24090;1204;0;22886
703348;;5047954;2024-05-29 15:00:18;payment_failed;Самовывоз;Челябинск;78345;0;0;78345
703349;206786;5047958;2024-05-29 19:22:48;completed;Почта России;Челябинск;110567;0;350;110917
703350;203383;5047960;2024-05-29 16:20:15;completed;Курьер;Челябинск;33912;1567;0;32345
703351;209041;5047963;2024-05-30 20:59:34;completed;Самовывоз;Магнитогорск;1090;0;0;1090
703352;200903;5047971;2024-05-30 18:58:47;completed;Самовывоз;Магнитогорск;14345;717;0;13628
703353;205812;5047977;2024-05-30 10:46:24;completed;Курьер;Миасс;27790;0;590;28380
703354;206075;5048022;2024-05-30 15:24:01;completed;Самовывоз;Нижневартовск;7567;0;0;7567
703355;204350;5048037;2024-05-30 17:41:38;completed;Курьер;Челябинск;25990;0;0;25990
703356;207580;5048099;2024-05-30 15:26:25;completed;СДЭК;Новосибирск;20090;0;690;20780
703357;200434;5048110;2024-05-30 17:46:21;completed;СДЭК;Нижневартовск;10547;527;490;10510
703358;200172;5048118;2024-05-30 14:04:19;completed;Курьер;Копейск;37345;1120;390;36615
703359;207715;5048122;2024-05-30 18:13:26;completed;Почта России;Новосибирск;1490;179;550;1861
703360;208722;5048163;2024-05-30 17:47:33;completed;Самовывоз;Курган;49090;4909;0;44181
703361;209663;5048165;2024-05-30 19:44:11;completed;Курьер;Курган;572;40;590;1122
703362;200958;5048182;2024-05-30 10:24:18;completed;Курьер;Челябинск;8345;0;0;8345
703363;205935;5048197;2024-05-30 18:39:11;completed;Курьер;Оренбург;1790;125;490;2155
703364;206894;5048199;2024-05-30 19:31:59;completed;Курьер;Самара;41345;0;590;41935
703365;208298;5048203;2024-05-30 14:14:25;returned;СДЭК;Челябинск;8345;834;590;8101
703366;;5048214;2024-05-30 16:03:24;completed;СДЭК;Миасс;688;48;390;1030
703367;207314;5048233;2024-05-30 10:28:50;completed;Курьер;Казань;75790;7579;390;68601
703368;202475;5048251;2024-05-30 19:01:51;completed;Самовывоз;Магнитогорск;6345;0;0;6345
703369;206300;5048254;2024-05-30 18:46:33;completed;Самовывоз;Челябинск;28990;0;0;28990
703370;209180;5048309;2024-05-31 12:52:01;completed;СДЭК;Челябинск;7490;0;390;7880
703371;207041;5048360;2024-05-31 17:19:14;completed;Курьер;Самара;70909;0;490;71399
703372;206069;5048373;2024-05-31 10:49:14;completed;Курьер;Пермь;3990;0;390;4380
703373;207549;5048376;2024-05-31 18:40:04;completed;Курьер;Екатеринбург;25345;760;390;24975
703374;205532;5048390;2024-05-31 18:15:12;completed;СДЭК;Миасс;71677;3584;690;68783
703375;;5048412;2024-05-31 14:45:04;completed;Курьер;Москва;37335;2673;390;35052
703376;207017;5048419;2024-05-31 17:14:31;completed;СДЭК;Миасс;1345;134;490;1701
703377;201104;5048434;2024-05-31 22:58:25;completed;Курьер;Челябинск;18255;878;0;17377
703378;203318;5048443;2024-05-31 12:59:05;completed;СДЭК;Екатеринбург;124825;370;590;125045
703379;205868;5048446;2024-05-31 17:50:09;payment_failed;СДЭК;Челябинск;1345;40;490;1795
703380;201718;5048468;2024-05-31 13:51:34;completed;Самовывоз;Уфа;81790;4090;0;77700
703381;201466;5048472;2024-05-31 13:30:57;completed;Самовывоз;Челябинск;39567;0;0;39567
703382;204306;5048496;2024-05-31 18:56:48;completed;Самовывоз;Златоуст;3360;279;0;3081
703383;206944;5048498;2024-05-31 11:23:46;completed;Самовывоз;Копейск;38090;1904;0;36186
703384;;5048526;2024-05-31 14:41:19;payment_failed;СДЭК;Тюмень;55567;5557;390;50400
703385;201641;5048565;2024-05-31 21:32:40;completed;Курьер;Копейск;1990;60;490;2420
703386;;5048600;2024-05-31 23:27:29;completed;Самовывоз;Тюмень;19790;990;0;18800
703387;201047;5048603;2024-05-31 10:28:32;completed;СДЭК;Челябинск;56690;2517;690;54863
703388;207102;5048626;2024-05-31 18:11:25;payment_failed;Самовывоз;Екатеринбург;39490;4739;0;34751
703389;202955;5048641;2024-05-31 18:46:39;completed;Курьер;Оренбург;4090;286;490;4294
703390;209284;5048646;2024-06-01 12:37:15;payment_failed;СДЭК;Курган;26990;1350;490;26130
703391;205444;5048659;2024-06-01 20:42:08;completed;Курьер;Челябинск;3990;200;290;4080
703392;205725;5048666;2024-06-01 17:03:18;completed;СДЭК;Челябинск;28990;2899;390;26481
703393;201004;5048683;2024-06-01 20:56:38;completed;Самовывоз;Челябинск;4990;499;0;4491
703394;205876;5048685;2024-06-01 22:59:39;payment_failed;Курьер;Уфа;46447;107;490;46830
703395;201228;5048711;2024-06-01 11:52:23;completed;СДЭК;Тюмень;40345;0;590;40935
703396;204883;5048731;2024-06-01 15:09:10;completed;Курьер;Челябинск;120880;3809;0;117071
703397;;5048732;2024-06-01 15:01:39;completed;Курьер;Уфа;64345;4504;390;60231
703398;209738;5048740;2024-06-01 18:48:59;completed;Курьер;Пермь;32480;0;490;32970
703399;204927;5048758;2024-06-01 13:10:29;completed;Курьер;Курган;55345;0;390;55735
703400;206434;5048759;2024-06-01 22:34:30;completed;Курьер;Челябинск;20090;2009;0;18081
703401;204119;5048772;2024-06-01 19:11:52;cancelled;Курьер;Самара;19990;2399;590;18181
703402;208151;5048781;2024-06-01 13:49:00;completed;СДЭК;Екатеринбург;140670;104;590;141156
703403;207666;5048788;2024-06-01 22:26:01;completed;Почта России;Челябинск;28490;0;350;28840
703404;208865;5048832;2024-06-01 16:00:33;completed;Почта России;Челябинск;68090;4766;550;63874
703405;208963;5048846;2024-06-01 12:22:34;completed;СДЭК;Копейск;698;49;590;1239
703406;209998;5048847;2024-06-01 13:59:40;completed;СДЭК;Челябинск;56135;6668;690;50157
703407;208019;5048849;2024-06-01 18:02:41;completed;Почта России;Копейск;35490;0;450;35940
703408;203354;5048857;2024-06-01 19:19:49;completed;Курьер;Магнитогорск;7557;576;390;7371
703409;206516;5048865;2024-06-01 16:10:13;payment_failed;Самовывоз;Казань;878;44;0;834
703410;206844;5048866;2024-06-01 17:32:30;completed;Курьер;Златоуст;42657;0;390;43047
703411;209959;5048889;2024-06-01 13:45:44;completed;Курьер;Челябинск;52490;6299;0;46191
703412;204055;5048899;2024-06-01 18:47:32;completed;Курьер;Копейск;37490;1125;590;36955
703413;200258;5048901;2024-06-01 19:04:42;completed;Курьер;Златоуст;69470;7859;590;62201
703414;201773;5048917;2024-06-01 13:22:07;completed;Самовывоз;Екатеринбург;12490;375;0;12115
703415;205533;5048935;2024-06-01 12:11:23;completed;Курьер;Пермь;17790;0;390;18180
703416;;5048954;2024-06-01 21:46:49;completed;Курьер;Копейск;34090;1023;490;33557
703417;208580;5048992;2024-06-01 13:24:16;completed;Курьер;Екатеринбург;130480;8734;390;122136
703418;203702;5049009;2024-06-01 23:11:08;completed;Самовывоз;Златоуст;1090;109;0;981
703419;205342;5049036;2024-06-01 20:39:10;completed;СДЭК;Курган;4567;0;490;5057
703420;201121;5049048;2024-06-01 18:11:54;completed;СДЭК;Челябинск;39567;1978;390;37979
703421;202489;5049056;2024-06-01 17:30:02;completed;СДЭК;Санкт-Петербург;38345;0;690;39035
703422;207805;5049082;2024-06-02 10:37:49;payment_failed;Почта России;Челябинск;35790;3579;550;32761
703423;;5049090;2024-06-02 11:48:40;completed;Самовывоз;Челябинск;8990;450;0;8540
703424;205187;5049102;2024-06-02 23:57:31;completed;Курьер;Челябинск;8690;1043;0;7647
703425;202795;5049110;2024-06-02 17:51:59;payment_failed;СДЭК;Копейск;693;35;690;1348
703426;201689;5049136;2024-06-02 18:06:08;completed;Курьер;Уфа;4490;0;590;5080
703427;204968;5049162;2024-06-02 09:56:42;cancelled;СДЭК;Копейск;72980;7049;490;66421
703428;202404;5049165;2024-06-02 17:10:30;completed;Курьер;Екатеринбург;4090;204;390;4276
703429;;5049172;2024-06-02 14:13:46;completed;Почта России;Челябинск;19490;2339;450;17601
703430;;5049178;2024-06-02 12:54:17;completed;Курьер;Челябинск;64567;0;0;64567
703431;203394;5049188;2024-06-02 19:17:54;completed;СДЭК;Копейск;38357;4572;390;34175
703432;204319;5049189;2024-06-02 11:48:37;completed;Курьер;Челябинск;6567;0;0;6567
703433;203168;5049192;2024-06-02 10:11:05;completed;Почта России;Челябинск;42135;1990;450;40595
703434;204986;5049193;2024-06-02 17:38:34;completed;Самовывоз;Челябинск;32490;2274;0;30216
703435;208298;5049214;2024-06-02 15:41:43;completed;Курьер;Челябинск;91490;4574;0;86916
703436;200126;5049219;2024-06-02 13:21:01;completed;СДЭК;Копейск;7790;0;490;8280
703437;204017;5049232;2024-06-02 20:51:35;completed;Самовывоз;Екатеринбург;17790;2135;0;15655
703438;205076;5049238;2024-06-02 17:03:27;payment_failed;СДЭК;Челябинск;45090;2254;490;43326
703439;206207;5049241;2024-06-02 11:03:27;completed;Самовывоз;Тюмень;43990;0;0;43990
703440;;5049263;2024-06-02 21:03:51;completed;Курьер;Уфа;19345;1354;490;18481
703441;203700;5049281;2024-06-02 21:30:43;payment_failed;Самовывоз;Челябинск;2990;209;0;2781
703442;204461;5049301;2024-06-02 13:12:41;completed;Самовывоз;Миасс;128090;6404;0;121686
703443;209128;5049316;2024-06-02 18:54:41;completed;Курьер;Челябинск;129784;126;0;129658
703444;;5049328;2024-06-02 21:42:08;completed;Самовывоз;Челябинск;27480;924;0;26556
703445;202914;5049356;2024-06-02 11:36:01;completed;Курьер;Москва;125790;0;390;126180
703446;209135;5049369;2024-06-02 12:13:42;completed;Почта России;Челябинск;2345;117;550;2778
703447;202922;5049375;2024-06-02 20:29:24;completed;Курьер;Магнитогорск;19990;2399;390;17981
703448;;5049377;2024-06-02 23:28:33;completed;СДЭК;Сургут;110345;0;690;111035
703449;200685;5049378;2024-06-02 14:39:32;completed;Самовывоз;Челябинск;128490;0;0;128490
703450;205004;5049421;2024-06-02 15:06:26;returned;СДЭК;Челябинск;1588;159;590;2019
703451;206750;5049443;2024-06-02 23:42:17;completed;Курьер;Челябинск;73680;3650;0;70030
703452;201896;5049455;2024-06-02 10:12:26;completed;Самовывоз;Казань;11345;340;0;11005
703453;201362;5049466;2024-06-02 09:11:55;completed;Почта России;Уфа;49435;2471;450;47414
703454;204399;5049483;2024-06-03 13:17:06;completed;СДЭК;Казань;3345;0;490;3835
703455;200096;5049484;2024-06-03 13:40:42;completed;СДЭК;Екатеринбург;2188;179;690;2699
703456;202767;5049518;2024-06-03 09:23:22;payment_failed;Курьер;Челябинск;73990;5179;0;68811
703457;205166;5049523;2024-06-03 09:30:53;completed;Курьер;Казань;20057;104;490;20443
703458;204741;5049563;2024-06-03 12:48:59;completed;Самовывоз;Магнитогорск;574;17;0;557
703459;204996;5049579;2024-06-03 14:13:16;completed;Курьер;Челябинск;27490;0;0;27490
703460;203490;5049594;2024-06-03 14:09:03;completed;СДЭК;Копейск;44990;0;390;45380
703461;208748;5049596;2024-06-03 16:52:11;completed;Самовывоз;Копейск;45490;2274;0;43216
703462;205383;5049597;2024-06-03 15:22:19;completed;Самовывоз;Челябинск;72345;0;0;72345
703463;207012;5049604;2024-06-03 18:20:42;completed;Курьер;Магнитогорск;84790;0;490;85280
703464;;5049623;2024-06-03 15:40:08;completed;СДЭК;Курган;2345;0;390;2735
703465;206389;5049636;2024-06-03 13:55:29;completed;Самовывоз;Челябинск;41547;990;0;40557
703466;207698;5049639;2024-06-03 11:58:06;completed;СДЭК;Курган;21345;0;690;22035
703467;204158;5049651;2024-06-03 19:18:24;completed;СДЭК;Пермь;2657;156;690;3191
703468;;5049668;2024-06-03 20:14:36;completed;Самовывоз;Челябинск;2567;0;0;2567
703469;204980;5049678;2024-06-03 17:08:45;completed;Самовывоз;Оренбург;33057;2245;0;30812
703470;;5049684;2024-06-03 15:18:31;completed;Почта России;Курган;93180;6113;350;87417
703471;209429;5049692;2024-06-03 14:41:24;completed;Самовывоз;Челябинск;37490;2624;0;34866
703472;200596;5049705;2024-06-03 17:17:44;completed;Курьер;Златоуст;64790;1944;390;63236
703473;202568;5049707;2024-06-03 12:15:23;completed;Самовывоз;Миасс;78490;0;0;78490
703474;208488;5049733;2024-06-03 19:03:24;completed;Самовывоз;Челябинск;6090;426;0;5664
703475;;5049742;2024-06-03 16:39:26;completed;Самовывоз;Ижевск;11345;1134;0;10211
703476;203979;5049775;2024-06-03 16:42:53;completed;СДЭК;Нижневартовск;18567;1857;590;17300
703477;209686;5049808;2024-06-03 17:09:18;completed;СДЭК;Челябинск;111790;0;490;112280
703478;204231;5049812;2024-06-03 17:14:08;completed;Почта России;Ижевск;18135;1479;550;17206
703479;201594;5049821;2024-06-03 14:06:45;completed;Самовывоз;Челябинск;89345;2680;0;86665
703480;204788;5049862;2024-06-04 16:09:20;completed;Почта России;Екатеринбург;4567;228;450;4789
703481;208316;5049877;2024-06-04 19:07:31;completed;Курьер;Самара;27490;0;590;28080
703482;203406;5049916;2024-06-04 15:28:32;completed;Курьер;Екатеринбург;161912;5544;590;156958
703483;207074;5049924;2024-06-04 21:11:50;completed;Курьер;Челябинск;73567;0;0;73567
703484;;5049938;2024-06-04 17:57:54;completed;Почта России;Уфа;80770;5838;550;75482
703485;;5049950;2024-06-04 13:47:36;completed;Самовывоз;Златоуст;25690;1271;0;24419
703486;205949;5049958;2024-06-04 19:01:10;completed;Самовывоз;Пермь;64490;0;0;64490
703487;206812;5050022;2024-06-04 15:19:37;completed;Курьер;Казань;45490;0;590;46080
703488;;5050032;2024-06-04 21:14:47;completed;Самовывоз;Челябинск;13090;0;0;13090
703489;204833;5050033;2024-06-04 16:25:09;completed;Почта России;Копейск;65180;74;350;65456
703490;206252;5050040;2024-06-04 22:29:40;completed;СДЭК;Миасс;21090;2109;590;19571
703491;201404;5050049;2024-06-04 14:21:47;completed;Самовывоз;Челябинск;90990;2730;0;88260
703492;204994;5050108;2024-06-04 13:49:33;completed;Почта России;Москва;34567;0;550;35117
703493;202341;5050109;2024-06-04 16:46:10;completed;СДЭК;Курган;1990;100;590;2480
703494;201539;5050110;2024-06-04 16:00:18;completed;Самовывоз;Екатеринбург;2990;0;0;2990
703495;;5050113;2024-06-04 10:19:36;completed;Курьер;Челябинск;564;0;290;854
703496;208443;5050114;2024-06-04 17:56:12;completed;Курьер;Пермь;65490;4584;390;61296
703497;209844;5050115;2024-06-04 23:37:28;completed;Самовывоз;Москва;26480;1619;0;24861
703498;202838;5050120;2024-06-04 15:08:57;completed;Курьер;Челябинск;572;0;290;862
703499;206866;5050127;2024-06-04 10:24:12;completed;Курьер;Магнитогорск;4790;0;390;5180
703500;200883;5050146;2024-06-04 10:00:44;completed;Почта России;Курган;42567;2128;350;40789
703501;201894;5050172;2024-06-04 21:42:30;completed;Самовывоз;Копейск;85567;0;0;85567
703502;207112;5050183;2024-06-05 18:24:02;completed;Курьер;Челябинск;39790;0;0;39790
703503;206916;5050188;2024-06-05 23:26:26;completed;Курьер;Челябинск;65567;0;0;65567
703504;203558;5050195;2024-06-05 23:34:21;completed;Самовывоз;Копейск;11990;0;0;11990
703505;204140;5050222;2024-06-05 17:56:49;completed;Курьер;Москва;1567;157;590;2000
703506;;5050243;2024-06-05 13:59:53;completed;СДЭК;Оренбург;4335;170;390;4555
703507;203163;5050245;2024-06-05 17:53:28;completed;Почта России;Челябинск;20030;1375;350;19005
703508;;5050268;2024-06-05 20:04:35;completed;Почта России;Магнитогорск;27990;840;350;27500
703509;203775;5050280;2024-06-05 17:59:23;completed;СДЭК;Челябинск;35990;4319;590;32261
703510;208628;5050300;2024-06-05 17:29:11;completed;Курьер;Копейск;19880;0;590;20470
703511;208780;5050307;2024-06-05 21:30:29;completed;СДЭК;Москва;1567;78;390;1879
703512;206756;5050323;2024-06-05 14:54:29;completed;Курьер;Миасс;2345;0;390;2735
703513;206838;5050325;2024-06-05 17:30:27;completed;Самовывоз;Уфа;79990;2400;0;77590
703514;;5050354;2024-06-05 19:12:29;completed;Самовывоз;Екатеринбург;78567;0;0;78567
703515;201348;5050360;2024-06-05 15:45:53;completed;СДЭК;Москва;7490;524;690;7656
703516;200752;5050367;2024-06-05 20:55:05;completed;Почта России;Челябинск;25090;2509;550;23131
703517;207315;5050377;2024-06-05 17:08:19;completed;СДЭК;Челябинск;35790;0;490;36280
703518;208393;5050386;2024-06-05 18:13:44;returned;Курьер;Уфа;3980;0;490;4470
703519;203610;5050406;2024-06-05 11:19:38;completed;Самовывоз;Челябинск;77345;2320;0;75025
703520;204378;5050416;2024-06-05 11:11:46;completed;Самовывоз;Копейск;68090;4766;0;63324
703521;205001;5050426;2024-06-05 22:43:49;completed;СДЭК;Уфа;22980;1119;590;22451
703522;;5050445;2024-06-05 09:13:27;completed;СДЭК;Пермь;13345;400;590;13535
703523;203436;5050446;2024-06-05 10:44:19;completed;Самовывоз;Копейск;37567;0;0;37567
703524;208778;5050452;2024-06-05 20:57:53;completed;Курьер;Челябинск;42090;0;0;42090
703525;201326;5050469;2024-06-05 19:07:32;completed;Курьер;Челябинск;58264;4030;0;54234
703526;206950;5050526;2024-06-05 10:03:47;payment_failed;Самовывоз;Уфа;14557;0;0;14557
703527;204477;5050535;2024-06-05 09:34:11;payment_failed;Курьер;Копейск;1345;0;490;1835
703528;208188;5050537;2024-06-05 19:51:53;completed;Курьер;Тюмень;1345;67;490;1768
703529;201508;5050538;2024-06-05 15:17:10;completed;СДЭК;Сургут;35790;0;590;36380
703530;203238;5050552;2024-06-05 18:13:56;completed;Курьер;Челябинск;20180;1412;0;18768
703531;;5050571;2024-06-05 21:22:43;completed;Курьер;Магнитогорск;4990;0;490;5480
703532;207612;5050598;2024-06-06 22:29:28;completed;Курьер;Тюмень;69090;0;590;69680
703533;;5050700;2024-06-06 21:36:32;completed;Почта России;Пермь;3345;401;450;3394
703534;207802;5050714;2024-06-06 17:30:24;cancelled;Самовывоз;Челябинск;688;21;0;667
703535;208458;5050718;2024-06-06 18:01:02;completed;СДЭК;Челябинск;4490;135;690;5045
703536;202512;5050725;2024-06-06 09:39:47;completed;Самовывоз;Курган;18345;0;0;18345
703537;203600;5050737;2024-06-06 17:21:15;completed;Самовывоз;Челябинск;1345;0;0;1345
703538;201669;5050781;2024-06-06 15:21:52;completed;Самовывоз;Челябинск;24090;0;0;24090
703539;203534;5050791;2024-06-06 18:05:58;completed;Почта России;Челябинск;21345;0;350;21695
703540;206834;5050793;2024-06-06 21:11:30;completed;Самовывоз;Самара;19567;1370;0;18197
703541;202452;5050805;2024-06-06 09:10:34;completed;Курьер;Москва;50567;5057;390;45900
703542;202959;5050806;2024-06-06 14:08:12;completed;Самовывоз;Челябинск;51567;5157;0;46410
703543;207312;5050819;2024-06-06 21:46:50;completed;Курьер;Челябинск;1790;90;290;1990
703544;205943;5050830;2024-06-06 10:47:35;completed;Курьер;Екатеринбург;1265;35;590;1820
703545;201650;5050832;2024-06-06 11:19:29;completed;СДЭК;Санкт-Петербург;67090;2013;690;65767
703546;200152;5050857;2024-06-06 19:28:24;completed;Курьер;Миасс;41345;0;490;41835
703547;201211;5050867;2024-06-06 21:27:23;cancelled;Почта России;Челябинск;1090;33;450;1507
703548;203727;5050873;2024-06-06 15:39:44;completed;Самовывоз;Челябинск;13979;107;0;13872
703549;203011;5050899;2024-06-06 20:41:20;completed;Курьер;Челябинск;15280;640;0;14640
703550;205819;5050916;2024-06-06 19:43:12;completed;Почта России;Екатеринбург;18790;0;550;19340
703551;204464;5050922;2024-06-06 09:03:04;payment_failed;Самовывоз;Челябинск;26480;124;0;26356
703552;202012;5050924;2024-06-06 17:02:25;completed;Курьер;Челябинск;7567;0;0;7567
703553;202765;5050965;2024-06-07 11:21:51;completed;СДЭК;Челябинск;4990;150;390;5230
703554;208390;5050975;2024-06-07 17:00:49;completed;СДЭК;Челябинск;45335;2134;390;43591
703555;205812;5050977;2024-06-07 12:09:02;completed;Курьер;Миасс;6990;699;590;6881
703556;207835;5050988;2024-06-07 19:52:52;completed;Самовывоз;Тюмень;32980;1400;0;31580
703557;202614;5051026;2024-06-07 14:10:04;completed;Курьер;Челябинск;7490;0;0;7490
703558;;5051073;2024-06-07 20:49:11;completed;Самовывоз;Москва;2567;0;0;2567
703559;;5051079;2024-06-07 12:04:31;completed;СДЭК;Копейск;156143;0;490;156633
703560;200329;5051080;2024-06-07 17:33:59;completed;Курьер;Екатеринбург;32345;1617;490;31218
703561;;5051089;2024-06-07 21:07:44;completed;Курьер;Курган;901;0;390;1291
703562;208879;5051093;2024-06-07 22:58:35;completed;Курьер;Ижевск;66352;4605;590;62337
703563;203768;5051114;2024-06-07 18:44:24;completed;Самовывоз;Нижневартовск;33567;1007;0;32560
703564;;5051140;2024-06-07 13:11:10;completed;Самовывоз;Челябинск;67567;0;0;67567
703565;202449;5051141;2024-06-07 14:25:11;completed;Курьер;Уфа;14690;100;390;14980
703566;201702;5051145;2024-06-07 12:26:40;completed;Почта России;Челябинск;68567;6857;450;62160
703567;206047;5051170;2024-06-07 20:26:49;completed;Почта России;Миасс;68567;0;550;69117
703568;206323;5051177;2024-06-07 11:30:28;completed;Самовывоз;Челябинск;4790;240;0;4550
703569;205339;5051185;2024-06-07 12:25:07;completed;СДЭК;Челябинск;33567;0;490;34057
703570;200475;5051193;2024-06-07 18:35:52;completed;СДЭК;Пермь;17790;1779;690;16701
703571;;5051196;2024-06-07 08:40:17;payment_failed;Самовывоз;Челябинск;41134;1928;0;39206
703572;208278;5051200;2024-06-07 19:55:05;completed;Курьер;Курган;7134;713;390;6811
703573;202320;5051206;2024-06-07 15:00:50;completed;Курьер;Сургут;5227;410;490;5307
703574;;5051225;2024-06-07 14:55:32;completed;СДЭК;Уфа;1790;54;690;2426
703575;207292;5051248;2024-06-07 18:59:13;completed;Курьер;Челябинск;4990;0;290;5280
703576;;5051252;2024-06-07 15:40:54;payment_failed;Курьер;Миасс;20057;157;490;20390
703577;208906;5051269;2024-06-07 15:57:00;completed;СДЭК;Курган;49090;2454;690;47326
703578;204153;5051274;2024-06-07 16:44:10;completed;СДЭК;Челябинск;25090;0;390;25480
703579;203099;5051290;2024-06-07 17:02:25;completed;СДЭК;Санкт-Петербург;160647;100;390;160937
703580;202217;5051294;2024-06-07 10:18:01;completed;Почта России;Магнитогорск;88790;0;550;89340
703581;202733;5051295;2024-06-07 22:08:29;completed;Курьер;Челябинск;40345;2017;0;38328
703582;;5051302;2024-06-07 16:13:17;completed;Самовывоз;Челябинск;24990;0;0;24990
703583;200142;5051310;2024-06-07 18:45:53;completed;Курьер;Самара;28090;0;590;28680
703584;207740;5051337;2024-06-07 15:05:30;completed;Почта России;Челябинск;38835;1065;450;38220
703585;209223;5051342;2024-06-07 13:42:43;payment_failed;Почта России;Златоуст;4490;135;550;4905
703586;200451;5051349;2024-06-07 13:38:48;completed;Курьер;Челябинск;3134;0;290;3424
703587;;5051353;2024-06-07 15:27:27;completed;Почта России;Новосибирск;11567;0;350;11917
703588;201229;5051363;2024-06-08 13:54:24;completed;Почта России;Златоуст;41490;0;350;41840
703589;208991;5051366;2024-06-08 13:43:22;completed;Самовывоз;Курган;9134;457;0;8677
703590;208145;5051413;2024-06-08 17:51:35;returned;Самовывоз;Златоуст;49790;0;0;49790
703591;205225;5051418;2024-06-08 16:25:11;completed;Курьер;Челябинск;2379;45;290;2624
703592;;5051443;2024-06-08 13:54:26;completed;Курьер;Ижевск;4490;135;490;4845
703593;209640;5051449;2024-06-08 13:48:40;completed;Самовывоз;Челябинск;24345;2434;0;21911
703594;;5051469;2024-06-08 14:38:58;returned;Самовывоз;Челябинск;55435;5543;0;49892
703595;201922;5051484;2024-06-08 14:48:33;completed;Курьер;Челябинск;7567;0;0;7567
703596;203652;5051485;2024-06-08 19:46:08;completed;Курьер;Челябинск;37912;550;0;37362
703597;207308;5051490;2024-06-08 21:05:17;completed;Самовывоз;Оренбург;96180;884;0;95296
703598;208048;5051495;2024-06-08 16:07:27;completed;Самовывоз;Уфа;64567;3228;0;61339
703599;202284;5051571;2024-06-08 18:41:16;completed;Курьер;Челябинск;25567;0;0;25567
703600;203844;5051583;2024-06-08 19:25:26;completed;СДЭК;Копейск;36345;0;590;36935
703601;204397;5051589;2024-06-08 10:17:07;completed;Курьер;Челябинск;109490;0;0;109490
703602;202883;5051600;2024-06-08 15:42:00;completed;Самовывоз;Златоуст;58690;417;0;58273
703603;208444;5051608;2024-06-08 20:01:35;completed;Курьер;Челябинск;5580;0;0;5580
703604;206992;5051621;2024-06-08 17:58:02;payment_failed;СДЭК;Екатеринбург;1090;0;490;1580
703605;203939;5051661;2024-06-08 21:29:17;payment_failed;Почта России;Копейск;7990;0;450;8440
703606;200442;5051681;2024-06-08 14:04:11;completed;Самовывоз;Магнитогорск;4345;304;0;4041
703607;200929;5051684;2024-06-08 09:48:41;completed;Самовывоз;Уфа;22912;978;0;21934
703608;201483;5051689;2024-06-08 18:41:10;payment_failed;Курьер;Копейск;51435;2004;590;50021
703609;205761;5051693;2024-06-08 19:28:08;completed;Курьер;Челябинск;74090;0;0;74090
703610;208001;5051770;2024-06-08 21:32:04;completed;СДЭК;Копейск;18090;0;490;18580
703611;204367;5051779;2024-06-08 08:53:20;completed;Курьер;Казань;21345;0;590;21935
703612;204613;5051782;2024-06-08 23:11:26;completed;Самовывоз;Уфа;44335;881;0;43454
703613;;5051788;2024-06-09 12:20:16;completed;Самовывоз;Екатеринбург;6567;0;0;6567
703614;201160;5051790;2024-06-09 22:48:33;completed;СДЭК;Курган;49345;0;590;49935
703615;208752;5051794;2024-06-09 18:52:02;completed;Курьер;Челябинск;4790;335;290;4745
703616;204835;5051809;2024-06-09 17:42:25;completed;Почта России;Челябинск;20490;1024;450;19916
703617;203418;5051814;2024-06-09 15:26:29;completed;СДЭК;Екатеринбург;11345;0;690;12035
703618;204910;5051839;2024-06-09 17:12:43;completed;Самовывоз;Екатеринбург;2345;0;0;2345
703619;209795;5051882;2024-06-09 12:47:09;completed;Самовывоз;Самара;131349;21;0;131328
703620;202608;5051884;2024-06-09 15:33:50;completed;СДЭК;Екатеринбург;567;0;490;1057
703621;207245;5051903;2024-06-09 22:50:06;completed;Курьер;Челябинск;4490;0;290;4780
703622;201161;5051915;2024-06-09 20:15:30;completed;СДЭК;Екатеринбург;2567;77;490;2980
703623;200207;5051919;2024-06-09 17:18:26;payment_failed;Курьер;Челябинск;28990;2029;0;26961
703624;208748;5051927;2024-06-09 13:58:26;completed;Самовывоз;Копейск;42357;1007;0;41350
703625;203786;5051952;2024-06-09 16:49:26;completed;Почта России;Челябинск;883;0;350;1233
703626;;5051968;2024-06-09 14:53:59;completed;Самовывоз;Челябинск;574;17;0;557
703627;;5051983;2024-06-09 15:54:47;completed;Самовывоз;Челябинск;2345;164;0;2181
703628;208061;5051998;2024-06-09 22:02:54;completed;СДЭК;Челябинск;3567;0;390;3957
703629;209518;5052010;2024-06-09 10:42:03;completed;СДЭК;Челябинск;43557;2028;390;41919
703630;200797;5052028;2024-06-09 17:04:48;completed;СДЭК;Челябинск;71435;3504;390;68321
703631;204033;5052040;2024-06-09 10:24:18;completed;Курьер;Казань;27580;440;390;27530
703632;;5052051;2024-06-09 12:45:07;completed;Курьер;Челябинск;10435;0;0;10435
703633;201149;5052067;2024-06-09 12:07:08;completed;Курьер;Екатеринбург;39345;3934;390;35801
703634;206545;5052072;2024-06-09 12:07:55;completed;Курьер;Челябинск;1567;0;290;1857
703635;204691;5052073;2024-06-09 11:16:43;completed;Самовывоз;Челябинск;3345;234;0;3111
703636;203926;5052083;2024-06-09 19:37:27;completed;Самовывоз;Миасс;28990;870;0;28120
703637;209501;5052119;2024-06-09 19:43:25;completed;Курьер;Пермь;20990;0;390;21380
703638;208996;5052125;2024-06-09 20:32:24;completed;Курьер;Магнитогорск;28567;857;490;28200
703639;202146;5052148;2024-06-09 14:30:11;completed;Самовывоз;Москва;23142;1117;0;22025
703640;200244;5052168;2024-06-09 14:09:49;completed;Самовывоз;Челябинск;1368;0;0;1368
703641;208031;5052198;2024-06-10 20:42:40;payment_failed;СДЭК;Новосибирск;700;49;490;1141
703642;200550;5052205;2024-06-10 17:08:57;payment_failed;Курьер;Москва;7790;0;490;8280
703643;206334;5052216;2024-06-10 11:53:05;completed;Самовывоз;Челябинск;12990;909;0;12081
703644;202983;5052266;2024-06-10 15:12:19;payment_failed;СДЭК;Сургут;25790;774;390;25406
703645;205183;5052268;2024-06-10 20:16:06;completed;Самовывоз;Челябинск;792;79;0;713
703646;205010;5052270;2024-06-10 11:03:48;completed;Курьер;Челябинск;60070;1240;0;58830
703647;200810;5052271;2024-06-10 12:24:53;completed;Самовывоз;Челябинск;25345;2534;0;22811
703648;209721;5052290;2024-06-10 17:01:14;completed;Самовывоз;Екатеринбург;76090;9131;0;66959
703649;204597;5052296;2024-06-10 12:04:01;completed;Самовывоз;Челябинск;65345;0;0;65345
703650;;5052352;2024-06-10 10:15:25;completed;Курьер;Уфа;43052;1462;490;42080
703651;206882;5052361;2024-06-10 19:08:07;completed;Курьер;Москва;111345;7794;490;104041
703652;205452;5052363;2024-06-10 09:12:15;completed;Курьер;Златоуст;35090;0;490;35580
703653;209781;5052364;2024-06-10 15:16:56;completed;Самовывоз;Копейск;131980;0;0;131980
703654;208786;5052365;2024-06-10 14:38:47;completed;Курьер;Пермь;27345;1914;590;26021
703655;205373;5052368;2024-06-10 14:38:21;completed;Курьер;Челябинск;1990;0;290;2280
703656;209145;5052377;2024-06-10 17:14:57;completed;Курьер;Миасс;67990;0;590;68580
703657;;5052388;2024-06-10 19:02:23;completed;Курьер;Нижневартовск;40827;3879;590;37538
703658;204475;5052389;2024-06-10 20:35:15;completed;Курьер;Миасс;10335;0;390;10725
703659;;5052390;2024-06-10 22:46:09;completed;Самовывоз;Челябинск;43043;21;0;43022
703660;208480;5052427;2024-06-10 08:37:05;completed;СДЭК;Челябинск;2090;63;390;2417
703661;200972;5052433;2024-06-10 20:55:19;completed;Курьер;Казань;39345;0;390;39735
703662;206589;5052435;2024-06-10 11:43:12;completed;Курьер;Москва;80070;5046;590;75614
703663;204866;5052498;2024-06-10 19:42:52;completed;Самовывоз;Санкт-Петербург;22345;0;0;22345
703664;201360;5052506;2024-06-10 15:14:44;completed;Самовывоз;Пермь;32490;975;0;31515
703665;206093;5052513;2024-06-10 17:23:49;completed;Почта России;Казань;36357;3257;550;33650
703666;205071;5052519;2024-06-10 22:20:47;completed;Курьер;Челябинск;80980;2430;0;78550
703667;204797;5052535;2024-06-10 17:05:04;payment_failed;Курьер;Челябинск;86912;0;0;86912
703668;200831;5052555;2024-06-11 22:41:07;completed;Курьер;Нижневартовск;7345;0;390;7735
703669;202282;5052556;2024-06-11 14:20:26;completed;Курьер;Челябинск;42567;1277;0;41290
703670;;5052560;2024-06-11 20:16:26;payment_failed;Курьер;Челябинск;74090;8891;0;65199
703671;207659;5052570;2024-06-11 09:25:52;payment_failed;СДЭК;Челябинск;57990;0;690;58680
703672;208019;5052575;2024-06-11 19:02:28;completed;Самовывоз;Копейск;6090;0;0;6090
703673;203537;5052596;2024-06-11 14:11:13;completed;Курьер;Копейск;34090;2386;590;32294
703674;201054;5052602;2024-06-11 18:47:44;payment_failed;Самовывоз;Тюмень;7567;378;0;7189
703675;206725;5052617;2024-06-11 15:38:27;completed;СДЭК;Магнитогорск;82490;0;590;83080
703676;202031;5052670;2024-06-11 16:38:23;completed;СДЭК;Копейск;36345;0;590;36935
703677;203606;5052673;2024-06-11 18:11:31;completed;Курьер;Екатеринбург;35567;1778;590;34379
703678;;5052677;2024-06-11 10:16:28;completed;Почта России;Челябинск;28790;0;450;29240
703679;207735;5052680;2024-06-11 11:28:55;completed;СДЭК;Курган;69888;40;390;70238
703680;201307;5052683;2024-06-11 20:00:16;completed;СДЭК;Екатеринбург;14567;437;590;14720
703681;202152;5052685;2024-06-11 17:12:34;completed;СДЭК;Челябинск;99990;0;390;100380
703682;;5052700;2024-06-11 21:25:17;completed;Самовывоз;Пермь;74790;0;0;74790
703683;208490;5052707;2024-06-11 13:24:53;completed;Курьер;Магнитогорск;50580;1173;490;49897
703684;203217;5052709;2024-06-11 19:54:37;completed;Курьер;Челябинск;37381;0;0;37381
703685;208270;5052719;2024-06-11 11:47:51;completed;Курьер;Копейск;1345;67;490;1768
703686;203631;5052720;2024-06-11 19:29:38;completed;Самовывоз;Пермь;59135;6971;0;52164
703687;201530;5052722;2024-06-11 13:31:50;completed;СДЭК;Челябинск;23057;692;390;22755
703688;202674;5052736;2024-06-11 16:05:36;cancelled;СДЭК;Челябинск;18567;2228;390;16729
703689;;5052739;2024-06-11 12:31:05;completed;СДЭК;Копейск;65090;6509;590;59171
703690;202837;5052756;2024-06-11 13:58:24;completed;Почта России;Москва;52057;0;550;52607
703691;;5052761;2024-06-11 16:23:33;completed;СДЭК;Челябинск;25880;2349;490;24021
703692;200269;5052767;2024-06-11 10:12:55;completed;Самовывоз;Копейск;7490;0;0;7490
703693;;5052774;2024-06-11 16:17:17;completed;Курьер;Москва;36567;0;590;37157
703694;;5052776;2024-06-11 11:43:56;completed;Курьер;Екатеринбург;18490;0;390;18880
703695;204150;5052821;2024-06-11 18:33:30;completed;СДЭК;Самара;1490;74;490;1906
703696;201908;5052844;2024-06-11 22:05:41;payment_failed;Курьер;Челябинск;98134;9814;0;88320
703697;;5052845;2024-06-11 13:24:03;payment_failed;Почта России;Москва;561;0;550;1111
703698;209283;5052850;2024-06-11 15:01:11;completed;Курьер;Магнитогорск;125345;8774;590;117161
703699;208742;5052878;2024-06-11 18:12:03;completed;Курьер;Челябинск;23080;199;0;22881
703700;;5052886;2024-06-11 20:48:20;completed;СДЭК;Челябинск;1345;0;490;1835
703701;208090;5052892;2024-06-11 13:01:45;completed;Курьер;Москва;42490;0;490;42980
703702;205988;5052900;2024-06-12 17:00:37;completed;СДЭК;Москва;36090;0;590;36680
703703;205878;5052908;2024-06-12 21:05:35;payment_failed;Самовывоз;Челябинск;39490;0;0;39490
703704;207046;5052910;2024-06-12 12:48:24;completed;СДЭК;Копейск;1345;67;490;1768
703705;;5052939;2024-06-12 09:53:09;completed;Почта России;Челябинск;92347;2099;550;90798
703706;;5052946;2024-06-12 12:58:50;returned;Самовывоз;Екатеринбург;1090;33;0;1057
703707;202527;5052951;2024-06-12 09:08:52;completed;Самовывоз;Екатеринбург;50345;1510;0;48835
703708;201515;5052952;2024-06-12 16:17:19;completed;Самовывоз;Челябинск;42345;2117;0;40228
703709;209440;5052998;2024-06-12 20:38:27;completed;СДЭК;Екатеринбург;66879;2000;690;65569
703710;202213;5053052;2024-06-12 18:18:14;completed;СДЭК;Миасс;39490;1974;590;38106
703711;200074;5053062;2024-06-12 21:26:08;completed;Курьер;Магнитогорск;52825;1485;390;51730
703712;200603;5053085;2024-06-12 20:37:41;completed;Самовывоз;Сургут;2180;0;0;2180
703713;205797;5053098;2024-06-12 20:49:13;completed;Самовывоз;Миасс;29790;1490;0;28300
703714;209422;5053106;2024-06-12 23:47:35;completed;Самовывоз;Магнитогорск;8435;40;0;8395
703715;201527;5053109;2024-06-12 21:34:26;completed;Курьер;Екатеринбург;40335;0;390;40725
703716;204150;5053125;2024-06-12 19:23:43;completed;Курьер;Самара;76580;0;590;77170
703717;205467;5053134;2024-06-12 14:12:55;completed;Курьер;Пермь;26990;810;590;26770
703718;;5053150;2024-06-12 12:42:13;completed;Почта России;Челябинск;889;0;550;1439
703719;204588;5053153;2024-06-12 13:04:34;completed;СДЭК;Миасс;1990;60;590;2520
703720;209466;5053161;2024-06-12 15:18:41;completed;Самовывоз;Москва;8345;834;0;7511
703721;205927;5053174;2024-06-12 13:06:53;payment_failed;Самовывоз;Оренбург;67490;6749;0;60741
703722;202909;5053182;2024-06-12 12:29:43;completed;Самовывоз;Миасс;41357;1272;0;40085
703723;203574;5053229;2024-06-12 23:08:01;completed;СДЭК;Курган;38134;257;490;38367
703724;208897;5053235;2024-06-12 20:12:29;payment_failed;Курьер;Челябинск;72990;5109;0;67881
703725;;5053245;2024-06-12 20:46:41;completed;Самовывоз;Нижневартовск;8567;0;0;8567
703726;;5053249;2024-06-12 21:32:21;completed;СДЭК;Пермь;25990;1300;390;25080
703727;205114;5053255;2024-06-12 12:44:17;completed;Курьер;Магнитогорск;36790;3679;490;33601
703728;202059;5053269;2024-06-12 12:29:27;completed;СДЭК;Миасс;2990;0;590;3580
703729;201318;5053274;2024-06-12 11:05:06;completed;Курьер;Челябинск;28490;2849;0;25641
703730;207837;5053280;2024-06-12 15:26:22;completed;Курьер;Тюмень;7990;0;390;8380
703731;209736;5053282;2024-06-12 21:51:07;completed;Самовывоз;Нижневартовск;568;0;0;568
703732;;5053309;2024-06-13 18:55:23;completed;СДЭК;Уфа;43090;4309;390;39171
703733;206880;5053329;2024-06-13 16:11:34;completed;Курьер;Курган;39345;1967;490;37868
703734;;5053354;2024-06-13 16:12:28;completed;Курьер;Копейск;67990;4759;390;63621
703735;202768;5053377;2024-06-13 20:39:35;completed;Самовывоз;Нижневартовск;6090;304;0;5786
703736;209343;5053380;2024-06-13 18:50:39;completed;Почта России;Златоуст;25490;2549;550;23491
703737;203698;5053431;2024-06-13 10:09:38;completed;Самовывоз;Челябинск;23090;0;0;23090
703738;208980;5053485;2024-06-13 15:26:27;payment_failed;СДЭК;Магнитогорск;65990;7919;490;58561
703739;208483;5053514;2024-06-13 21:23:09;completed;Самовывоз;Москва;2790;0;0;2790
703740;206489;5053517;2024-06-13 16:38:37;cancelled;Самовывоз;Челябинск;40345;0;0;40345
703741;;5053523;2024-06-13 17:51:39;completed;СДЭК;Челябинск;111912;11191;690;101411
703742;;5053544;2024-06-13 19:21:37;completed;Самовывоз;Челябинск;13345;400;0;12945
703743;204667;5053565;2024-06-13 10:30:25;completed;Самовывоз;Пермь;4345;0;0;4345
703744;204361;5053572;2024-06-13 18:13:12;completed;Курьер;Златоуст;1090;0;390;1480
703745;201529;5053616;2024-06-13 15:38:31;completed;Курьер;Тюмень;11090;776;590;10904
703746;209531;5053630;2024-06-13 12:18:52;completed;СДЭК;Копейск;30912;0;390;31302
703747;207264;5053634;2024-06-13 18:25:40;completed;Самовывоз;Екатеринбург;29228;850;0;28378
703748;202489;5053644;2024-06-13 15:52:15;completed;Самовывоз;Санкт-Петербург;100888;108;0;100780
703749;201346;5053657;2024-06-13 18:46:48;completed;Курьер;Челябинск;1567;78;290;1779
703750;203321;5053659;2024-06-13 19:47:14;completed;Самовывоз;Челябинск;45924;0;0;45924
703751;206741;5053664;2024-06-13 17:39:32;completed;Самовывоз;Сургут;43990;0;0;43990
703752;206003;5053679;2024-06-14 13:08:54;completed;Курьер;Челябинск;19567;0;0;19567
703753;;5053685;2024-06-14 14:25:58;completed;Самовывоз;Челябинск;49790;4979;0;44811
703754;208701;5053694;2024-06-14 16:24:00;payment_failed;Курьер;Челябинск;1352;56;290;1586
703755;202902;5053704;2024-06-14 20:54:54;completed;Курьер;Миасс;1990;0;490;2480
703756;200267;5053718;2024-06-14 16:18:51;completed;Почта России;Казань;3490;105;550;3935
703757;204493;5053728;2024-06-14 22:00:05;completed;Курьер;Челябинск;7490;225;0;7265
703758;207870;5053758;2024-06-14 16:46:09;completed;Самовывоз;Миасс;3090;0;0;3090
703759;203418;5053770;2024-06-14 16:34:39;completed;СДЭК;Екатеринбург;12567;0;490;13057
703760;;5053782;2024-06-14 18:15:56;payment_failed;Курьер;Магнитогорск;11790;1415;390;10765
703761;200705;5053792;2024-06-14 11:38:10;completed;Самовывоз;Казань;1990;0;0;1990
703762;209713;5053798;2024-06-14 15:54:19;completed;СДЭК;Копейск;13990;1679;490;12801
703763;;5053814;2024-06-14 19:05:39;completed;Самовывоз;Санкт-Петербург;47780;234;0;47546
703764;203173;5053819;2024-06-14 12:20:14;completed;Почта России;Казань;1790;179;450;2061
703765;207464;5053822;2024-06-14 15:36:13;completed;Почта России;Курган;8490;424;550;8616
703766;201170;5053837;2024-06-14 21:52:09;payment_failed;Самовывоз;Магнитогорск;72090;0;0;72090
703767;203645;5053862;2024-06-14 18:34:18;completed;Самовывоз;Копейск;28980;2823;0;26157
703768;201708;5053884;2024-06-14 18:17:54;completed;Самовывоз;Челябинск;44790;0;0;44790
703769;;5053892;2024-06-14 12:35:26;completed;Самовывоз;Магнитогорск;19490;585;0;18905
703770;204717;5053914;2024-06-14 20:04:21;completed;Курьер;Челябинск;58135;0;0;58135
703771;204506;5053919;2024-06-14 15:42:46;completed;Самовывоз;Миасс;43990;1320;0;42670
703772;208904;5053920;2024-06-14 20:50:54;completed;Самовывоз;Копейск;18490;1849;0;16641
703773;;5053922;2024-06-14 13:05:40;completed;Курьер;Тюмень;56090;0;390;56480
703774;201438;5053925;2024-06-14 14:28:45;completed;Почта России;Челябинск;8384;105;450;8729
703775;204705;5053931;2024-06-14 18:18:50;completed;СДЭК;Екатеринбург;42790;2140;490;41140
703776;201859;5053938;2024-06-14 18:10:27;completed;Курьер;Курган;4345;217;590;4718
703777;;5053941;2024-06-14 12:09:30;completed;СДЭК;Тюмень;8567;257;490;8800
703778;202446;5053956;2024-06-14 18:23:25;completed;СДЭК;Копейск;1490;74;590;2006
703779;209279;5053958;2024-06-14 13:15:04;completed;СДЭК;Челябинск;2490;299;490;2681
703780;207416;5054007;2024-06-14 19:22:33;completed;Курьер;Копейск;4990;0;390;5380
703781;201606;5054015;2024-06-14 17:29:59;completed;Самовывоз;Уфа;127090;0;0;127090
703782;202925;5054025;2024-06-14 14:26:23;completed;СДЭК;Тюмень;18345;1284;590;17651
703783;204861;5054033;2024-06-14 15:01:48;returned;Почта России;Сургут;1345;67;550;1828
703784;203032;5054040;2024-06-15 14:35:55;payment_failed;Самовывоз;Казань;19571;23;0;19548
703785;200519;5054049;2024-06-15 12:42:01;completed;Курьер;Магнитогорск;7567;378;590;7779
703786;206007;5054057;2024-06-15 17:16:29;completed;Самовывоз;Челябинск;19490;974;0;18516
703787;202134;5054061;2024-06-15 20:02:49;completed;Самовывоз;Магнитогорск;6490;779;0;5711
703788;208734;5054084;2024-06-15 17:19:24;completed;Самовывоз;Магнитогорск;21345;1067;0;20278
703789;;5054093;2024-06-15 15:10:45;completed;Почта России;Курган;4490;224;550;4816
703790;206999;5054128;2024-06-15 19:09:47;completed;Курьер;Копейск;35090;0;490;35580
703791;209063;5054150;2024-06-15 12:19:29;returned;Курьер;Златоуст;25490;765;390;25115
703792;209401;5054167;2024-06-15 18:10:08;completed;Курьер;Нижневартовск;89090;8909;390;80571
703793;208000;5054202;2024-06-15 19:07:36;completed;СДЭК;Ижевск;70567;2117;390;68840
703794;200811;5054207;2024-06-15 14:10:23;completed;СДЭК;Челябинск;22361;0;590;22951
703795;;5054243;2024-06-15 18:50:23;completed;СДЭК;Челябинск;10090;0;590;10680
703796;206689;5054259;2024-06-15 14:53:24;completed;Самовывоз;Нижневартовск;75345;0;0;75345
703797;200836;5054269;2024-06-15 11:26:55;completed;Курьер;Екатеринбург;102770;3555;590;99805
703798;205088;5054305;2024-06-15 14:28:25;completed;СДЭК;Челябинск;1990;100;690;2580
703799;205078;5054324;2024-06-15 09:05:23;completed;Самовывоз;Челябинск;5567;0;0;5567
703800;205724;5054359;2024-06-15 14:06:43;returned;СДЭК;Челябинск;682;82;590;1190
703801;;5054360;2024-06-15 21:11:11;completed;Курьер;Оренбург;9490;0;590;10080
703802;209201;5054361;2024-06-15 16:03:52;payment_failed;Курьер;Новосибирск;19345;580;490;19255
703803;202942;5054376;2024-06-15 22:49:52;completed;Курьер;Ижевск;11790;0;490;12280
703804;;5054377;2024-06-15 13:46:26;payment_failed;Курьер;Челябинск;1490;0;290;1780
703805;204315;5054381;2024-06-15 16:43:19;completed;Курьер;Уфа;51990;6239;590;46341
703806;;5054390;2024-06-15 12:33:52;payment_failed;Самовывоз;Челябинск;74790;2244;0;72546
703807;201871;5054396;2024-06-15 18:11:34;completed;Курьер;Уфа;898;45;590;1443
703808;202774;5054403;2024-06-15 22:42:45;completed;СДЭК;Челябинск;80349;4007;590;76932
703809;205235;5054454;2024-06-16 13:04:23;completed;СДЭК;Тюмень;7990;559;590;8021
703810;207986;5054487;2024-06-16 11:25:31;completed;Самовывоз;Санкт-Петербург;20567;0;0;20567
703811;200626;5054525;2024-06-16 14:43:23;payment_failed;Самовывоз;Челябинск;23345;1167;0;22178
703812;203257;5054574;2024-06-16 15:04:11;completed;Самовывоз;Самара;106870;4750;0;102120
703813;209728;5054579;2024-06-16 14:43:44;completed;Курьер;Екатеринбург;35345;3534;490;32301
703814;201236;5054610;2024-06-16 15:43:27;completed;СДЭК;Челябинск;79345;0;490;79835
703815;202091;5054611;2024-06-16 13:58:46;completed;СДЭК;Уфа;18990;950;590;18630
703816;;5054616;2024-06-16 16:31:32;completed;Курьер;Курган;18790;0;490;19280
703817;204555;5054629;2024-06-16 15:01:31;completed;Самовывоз;Миасс;3567;357;0;3210
703818;203324;5054660;2024-06-16 22:56:48;completed;Курьер;Златоуст;14090;0;390;14480
703819;204457;5054665;2024-06-16 13:56:01;completed;Самовывоз;Уфа;26790;1340;0;25450
703820;208477;5054672;2024-06-16 11:15:39;completed;СДЭК;Челябинск;81257;0;390;81647
703821;204418;5054678;2024-06-16 15:47:20;completed;Самовывоз;Челябинск;34567;1037;0;33530
703822;206988;5054685;2024-06-16 15:38:42;completed;Почта России;Копейск;72490;0;350;72840
703823;204535;5054688;2024-06-16 21:24:54;payment_failed;Самовывоз;Челябинск;125790;3774;0;122016
703824;;5054693;2024-06-16 14:22:32;completed;Курьер;Златоуст;2090;251;590;2429
703825;204441;5054710;2024-06-16 12:29:44;completed;Курьер;Челябинск;128090;15371;0;112719
703826;202077;5054714;2024-06-16 22:28:16;completed;Самовывоз;Тюмень;896;63;0;833
703827;202231;5054722;2024-06-16 19:14:59;completed;Курьер;Казань;11990;839;590;11741
703828;207087;5054795;2024-06-16 16:03:33;completed;Самовывоз;Челябинск;68990;6899;0;62091
703829;204464;5054796;2024-06-16 19:18:47;completed;Курьер;Челябинск;56780;1900;0;54880
703830;201355;5054804;2024-06-16 18:21:32;completed;Почта России;Москва;561;28;450;983
703831;;5054824;2024-06-16 17:32:19;completed;СДЭК;Казань;39657;1190;690;39157
703832;206240;5054844;2024-06-16 18:47:45;completed;Курьер;Сургут;77490;0;390;77880
703833;202129;5054850;2024-06-16 19:31:52;returned;СДЭК;Златоуст;6790;679;590;6701
703834;204588;5054873;2024-06-16 22:55:07;completed;Курьер;Миасс;33490;0;390;33880
703835;209204;5054896;2024-06-17 21:40:13;completed;Курьер;Уфа;22345;1117;490;21718
703836;202765;5054905;2024-06-17 13:10:55;completed;Самовывоз;Челябинск;41790;2925;0;38865
703837;203623;5054909;2024-06-17 17:03:42;completed;Самовывоз;Москва;6785;0;0;6785
703838;200082;5054922;2024-06-17 18:27:26;completed;СДЭК;Челябинск;54480;345;490;54625
703839;202889;5054941;2024-06-17 21:10:30;completed;Курьер;Челябинск;6990;699;0;6291
703840;203078;5054951;2024-06-17 21:42:49;completed;Курьер;Уфа;41790;0;490;42280
703841;207191;5054964;2024-06-17 18:26:58;completed;Почта России;Уфа;21990;2199;350;20141
703842;;5054983;2024-06-17 15:33:09;completed;Почта России;Челябинск;13490;0;450;13940
703843;200959;5054988;2024-06-17 19:40:31;completed;Курьер;Магнитогорск;2790;84;490;3196
703844;202509;5054993;2024-06-17 19:44:00;completed;Курьер;Екатеринбург;19990;0;390;20380
703845;201918;5055092;2024-06-17 15:55:28;completed;СДЭК;Челябинск;24790;2479;690;23001
703846;204216;5055093;2024-06-17 19:05:39;completed;Курьер;Москва;99790;0;390;100180
703847;209156;5055104;2024-06-17 16:13:06;completed;СДЭК;Пермь;37345;2614;690;35421
703848;;5055110;2024-06-17 14:28:56;completed;Самовывоз;Уфа;9990;0;0;9990
703849;209286;5055128;2024-06-17 18:32:34;completed;Самовывоз;Казань;41090;2876;0;38214
703850;204131;5055133;2024-06-17 15:59:02;completed;СДЭК;Челябинск;68345;6834;590;62101
703851;208737;5055135;2024-06-17 16:57:56;completed;СДЭК;Златоуст;683;0;490;1173
703852;202065;5055151;2024-06-17 10:14:28;completed;Самовывоз;Златоуст;697;70;0;627
703853;206455;5055160;2024-06-17 11:01:55;completed;Почта России;Тюмень;24345;0;550;24895
703854;203634;5055181;2024-06-17 16:32:06;completed;Самовывоз;Златоуст;3490;0;0;3490
703855;201609;5055206;2024-06-17 17:03:24;returned;Самовывоз;Пермь;898;27;0;871
703856;204055;5055219;2024-06-17 20:53:11;cancelled;СДЭК;Копейск;9790;0;490;10280
703857;209947;5055282;2024-06-18 11:57:45;completed;Курьер;Челябинск;3790;265;290;3815
703858;;5055313;2024-06-18 18:45:07;completed;Почта России;Пермь;68090;2043;350;66397
703859;200334;5055316;2024-06-18 15:52:43;completed;Самовывоз;Челябинск;35680;3433;0;32247
703860;;5055326;2024-06-18 18:28:45;completed;Самовывоз;Челябинск;84136;8334;0;75802
703861;206005;5055341;2024-06-18 20:44:08;returned;СДЭК;Магнитогорск;40790;0;590;41380
703862;205155;5055344;2024-06-18 14:07:56;completed;Курьер;Челябинск;1564;0;290;1854
703863;206221;5055348;2024-06-18 11:30:21;completed;СДЭК;Миасс;7345;220;590;7715
703864;201922;5055359;2024-06-18 17:48:42;completed;СДЭК;Челябинск;90345;0;390;90735
703865;201120;5055365;2024-06-18 16:55:07;completed;СДЭК;Екатеринбург;13580;805;490;13265
703866;209228;5055376;2024-06-18 15:49:53;completed;Курьер;Челябинск;13090;654;0;12436
703867;207028;5055393;2024-06-18 22:27:31;completed;Почта России;Москва;1990;60;350;2280
703868;;5055395;2024-06-18 15:13:05;completed;Самовывоз;Миасс;53557;3286;0;50271
703869;202389;5055409;2024-06-18 15:42:34;completed;Почта России;Копейск;891;0;450;1341
703870;202588;5055430;2024-06-18 15:33:42;completed;Курьер;Москва;7980;399;590;8171
703871;206922;5055443;2024-06-18 23:10:35;payment_failed;СДЭК;Челябинск;85788;0;490;86278
703872;201047;5055500;2024-06-18 23:58:28;returned;Курьер;Челябинск;39490;0;0;39490
703873;;5055513;2024-06-18 19:27:47;cancelled;СДЭК;Златоуст;5090;509;390;4971
703874;203176;5055555;2024-06-18 18:44:18;completed;СДЭК;Челябинск;112335;94;390;112631
703875;203576;5055556;2024-06-18 20:17:49;completed;Самовывоз;Уфа;20990;630;0;20360
703876;207386;5055559;2024-06-18 13:48:23;payment_failed;СДЭК;Челябинск;24567;2457;590;22700
703877;206235;5055565;2024-06-18 21:57:28;completed;Курьер;Казань;2374;44;490;2820
703878;206055;5055566;2024-06-18 19:05:00;completed;Курьер;Миасс;566;17;390;939
703879;203425;5055572;2024-06-18 21:06:06;completed;Курьер;Казань;27790;3335;390;24845
703880;209502;5055578;2024-06-18 20:34:57;completed;СДЭК;Курган;27790;1390;690;27090
703881;201131;5055593;2024-06-18 16:38:40;completed;Самовывоз;Челябинск;32990;990;0;32000
703882;201759;5055597;2024-06-18 20:27:40;completed;Самовывоз;Миасс;72345;0;0;72345
703883;;5055605;2024-06-18 15:10:47;returned;СДЭК;Санкт-Петербург;31490;0;390;31880
703884;203760;5055634;2024-06-18 20:41:03;completed;СДЭК;Златоуст;13090;393;690;13387
703885;;5055678;2024-06-19 23:56:27;completed;Курьер;Копейск;7435;109;490;7816
703886;202476;5055685;2024-06-19 15:12:29;payment_failed;СДЭК;Челябинск;9790;490;390;9690
703887;202809;5055687;2024-06-19 22:41:14;completed;Почта России;Казань;35471;0;550;36021
703888;205965;5055701;2024-06-19 19:06:47;completed;Курьер;Тюмень;172447;0;490;172937
703889;208160;5055703;2024-06-19 15:36:06;completed;Курьер;Миасс;83567;0;490;84057
703890;201435;5055726;2024-06-19 17:55:11;completed;Курьер;Новосибирск;28790;1440;490;27840
703891;202448;5055755;2024-06-19 15:16:24;completed;Самовывоз;Челябинск;1990;0;0;1990
703892;205670;5055766;2024-06-19 18:35:49;completed;Курьер;Челябинск;1990;0;290;2280
703893;205110;5055793;2024-06-19 18:17:09;completed;Курьер;Сургут;35490;1774;590;34306
703894;204077;5055841;2024-06-19 17:16:39;completed;Курьер;Челябинск;3990;0;290;4280
703895;203331;5055855;2024-06-19 16:38:11;completed;Курьер;Москва;29345;0;490;29835
703896;209438;5055866;2024-06-19 19:51:09;payment_failed;Самовывоз;Миасс;1090;0;0;1090
703897;205110;5055879;2024-06-19 20:06:08;completed;Самовывоз;Сургут;2345;117;0;2228
703898;204484;5055894;2024-06-19 16:02:07;completed;СДЭК;Миасс;1790;125;490;2155
703899;;5055895;2024-06-19 12:04:14;completed;Почта России;Челябинск;7090;851;550;6789
703900;200365;5055949;2024-06-19 12:28:52;completed;Курьер;Тюмень;35790;4295;390;31885
703901;204484;5055969;2024-06-19 13:14:11;payment_failed;Курьер;Миасс;3790;0;490;4280
703902;200945;5055972;2024-06-19 15:19:12;completed;СДЭК;Новосибирск;24345;2434;490;22401
703903;;5056004;2024-06-19 10:24:55;completed;Курьер;Миасс;24090;0;590;24680
703904;209725;5056016;2024-06-19 16:57:48;completed;Самовывоз;Челябинск;18490;1294;0;17196
703905;206233;5056021;2024-06-20 09:34:15;completed;Самовывоз;Санкт-Петербург;42345;0;0;42345
703906;208670;5056044;2024-06-20 21:33:06;completed;Курьер;Магнитогорск;108990;5450;590;104130
703907;201877;5056046;2024-06-20 20:02:50;completed;Курьер;Магнитогорск;84480;4195;390;80675
703908;;5056061;2024-06-20 15:42:16;returned;Почта России;Москва;8490;255;450;8685
703909;204332;5056079;2024-06-20 19:21:44;completed;СДЭК;Челябинск;12490;1499;390;11381
703910;;5056128;2024-06-20 08:34:51;completed;СДЭК;Челябинск;9345;0;590;9935
703911;207869;5056129;2024-06-20 23:13:05;completed;СДЭК;Новосибирск;3490;0;690;4180
703912;202290;5056134;2024-06-20 12:29:52;completed;СДЭК;Челябинск;5371;268;690;5793
703913;204136;5056140;2024-06-20 20:08:38;completed;СДЭК;Москва;13090;916;590;12764
703914;205526;5056171;2024-06-20 11:04:04;completed;Почта России;Челябинск;32345;0;450;32795
703915;201632;5056183;2024-06-20 17:49:42;completed;Самовывоз;Уфа;82557;0;0;82557
703916;201870;5056220;2024-06-20 11:09:29;completed;Курьер;Уфа;890;89;490;1291
703917;;5056229;2024-06-20 12:45:31;completed;СДЭК;Челябинск;33790;0;490;34280
703918;202828;5056261;2024-06-20 20:11:52;completed;Самовывоз;Екатеринбург;11490;345;0;11145
703919;203449;5056271;2024-06-20 18:22:41;completed;СДЭК;Уфа;36790;0;490;37280
703920;202534;5056273;2024-06-20 13:09:12;completed;Курьер;Курган;13790;0;390;14180
703921;207420;5056279;2024-06-20 18:33:21;completed;СДЭК;Магнитогорск;10990;0;390;11380
703922;209214;5056285;2024-06-20 18:58:04;completed;Самовывоз;Тюмень;64090;0;0;64090
703923;;5056322;2024-06-20 12:19:20;completed;СДЭК;Ижевск;64090;3204;690;61576
703924;206060;5056327;2024-06-20 22:29:27;completed;Курьер;Златоуст;38570;190;490;38870
703925;201725;5056328;2024-06-20 12:15:20;completed;Самовывоз;Челябинск;5485;83;0;5402
703926;;5056345;2024-06-20 19:03:49;completed;Самовывоз;Ижевск;3790;0;0;3790
703927;206648;5056346;2024-06-20 15:31:32;cancelled;Самовывоз;Челябинск;4567;228;0;4339
703928;205050;5056360;2024-06-20 15:56:03;completed;Самовывоз;Миасс;4990;0;0;4990
703929;;5056380;2024-06-21 11:24:54;completed;СДЭК;Магнитогорск;35990;1080;490;35400
703930;;5056382;2024-06-21 16:22:24;completed;Курьер;Челябинск;1490;0;290;1780
703931;206236;5056388;2024-06-21 18:24:32;completed;Самовывоз;Уфа;901;45;0;856
703932;200295;5056392;2024-06-21 13:20:29;completed;Курьер;Москва;59006;2588;590;57008
703933;201469;5056403;2024-06-21 21:57:20;completed;Курьер;Челябинск;11490;0;0;11490
703934;200342;5056421;2024-06-21 15:33:57;completed;СДЭК;Магнитогорск;42090;0;690;42780
703935;201079;5056424;2024-06-21 16:59:11;completed;Курьер;Уфа;2688;100;490;3078
703936;204925;5056436;2024-06-21 11:38:46;completed;Курьер;Челябинск;7990;0;0;7990
703937;208741;5056450;2024-06-21 21:29:03;completed;СДЭК;Москва;74567;7457;490;67600
703938;206335;5056477;2024-06-21 19:45:29;completed;Курьер;Самара;3567;0;390;3957
703939;206038;5056488;2024-06-21 08:02:01;completed;Самовывоз;Златоуст;78990;0;0;78990
703940;208415;5056512;2024-06-21 17:04:37;completed;Курьер;Копейск;7490;0;390;7880
703941;207931;5056515;2024-06-21 17:30:09;payment_failed;Курьер;Самара;1364;95;590;1859
703942;203632;5056517;2024-06-21 20:26:29;completed;Самовывоз;Челябинск;1567;157;0;1410
703943;204910;5056524;2024-06-21 14:52:22;completed;Почта России;Екатеринбург;7790;0;350;8140
703944;203198;5056531;2024-06-21 11:16:25;completed;СДЭК;Челябинск;21090;0;690;21780
703945;209056;5056576;2024-06-21 15:54:52;completed;Курьер;Москва;2790;0;590;3380
703946;;5056614;2024-06-21 16:46:39;completed;Почта России;Екатеринбург;42070;332;450;42188
703947;209278;5056624;2024-06-21 08:07:40;returned;Курьер;Миасс;110090;11009;590;99671
703948;202954;5056668;2024-06-21 23:22:14;completed;Курьер;Челябинск;12090;1209;0;10881
703949;209798;5056671;2024-06-21 20:40:00;completed;Курьер;Уфа;27345;1367;390;26368
703950;202985;5056684;2024-06-21 15:48:28;completed;Курьер;Миасс;7345;514;590;7421
703951;200716;5056686;2024-06-21 14:17:53;payment_failed;Самовывоз;Пермь;54980;0;0;54980
703952;202158;5056695;2024-06-21 11:38:34;completed;Самовывоз;Копейск;885;44;0;841
703953;204730;5056713;2024-06-22 15:56:22;completed;СДЭК;Челябинск;73090;0;490;73580
703954;201582;5056734;2024-06-22 16:29:50;completed;Курьер;Челябинск;65790;3290;0;62500
703955;208995;5056740;2024-06-22 16:57:44;completed;СДЭК;Челябинск;18490;1294;490;17686
703956;209124;5056760;2024-06-22 22:37:01;completed;Курьер;Пермь;34435;1896;590;33129
703957;201858;5056761;2024-06-22 22:25:47;completed;СДЭК;Уфа;29580;1397;390;28573
703958;;5056763;2024-06-22 20:39:53;payment_failed;Курьер;Ижевск;566;17;390;939
703959;205510;5056764;2024-06-22 17:48:49;completed;Курьер;Челябинск;19345;967;0;18378
703960;207626;5056766;2024-06-22 15:59:01;completed;Самовывоз;Челябинск;18490;0;0;18490
703961;;5056772;2024-06-22 14:26:35;completed;Самовывоз;Самара;35567;0;0;35567
703962;200847;5056777;2024-06-22 17:03:43;completed;Самовывоз;Копейск;25790;0;0;25790
703963;208948;5056781;2024-06-22 17:00:49;completed;Почта России;Челябинск;20090;0;350;20440
703964;202282;5056798;2024-06-22 21:35:45;cancelled;Самовывоз;Челябинск;573;0;0;573
703965;;5056831;2024-06-22 22:35:19;completed;СДЭК;Тюмень;7345;0;590;7935
703966;207549;5056835;2024-06-22 11:02:16;completed;Почта России;Екатеринбург;12976;604;350;12722
703967;209340;5056861;2024-06-22 17:54:10;completed;Курьер;Челябинск;6345;0;0;6345
703968;204521;5056867;2024-06-22 16:52:17;cancelled;Самовывоз;Уфа;687;48;0;639
703969;204929;5056871;2024-06-22 16:23:06;completed;Самовывоз;Ижевск;1090;54;0;1036
703970;;5056878;2024-06-22 16:44:06;completed;Курьер;Пермь;1567;0;490;2057
703971;204503;5056884;2024-06-22 15:15:10;payment_failed;Курьер;Сургут;12090;846;590;11834
703972;203736;5056902;2024-06-22 12:09:14;completed;СДЭК;Пермь;61435;1503;490;60422
703973;203770;5056908;2024-06-22 10:25:56;completed;Курьер;Пермь;25790;774;490;25506
703974;203078;5056920;2024-06-22 22:56:30;completed;Курьер;Уфа;6345;0;590;6935
703975;;5056927;2024-06-22 20:33:18;completed;Курьер;Тюмень;1567;0;490;2057
703976;200331;5056931;2024-06-22 08:17:53;completed;Самовывоз;Магнитогорск;6567;328;0;6239
703977;204469;5056969;2024-06-22 17:42:37;completed;Почта России;Москва;28335;0;550;28885
703978;;5056998;2024-06-22 12:00:25;completed;Курьер;Челябинск;781;39;290;1032
703979;205627;5057001;2024-06-22 14:57:23;completed;Почта России;Челябинск;792;24;350;1118
703980;209676;5057002;2024-06-22 21:26:05;completed;Самовывоз;Екатеринбург;37470;84;0;37386
703981;206192;5057010;2024-06-22 18:51:03;completed;Курьер;Уфа;41345;1240;590;40695
703982;;5057029;2024-06-22 09:58:32;returned;СДЭК;Челябинск;1567;0;490;2057
703983;203373;5057037;2024-06-22 14:04:38;completed;Курьер;Миасс;17345;867;590;17068
703984;;5057045;2024-06-22 22:23:29;completed;Самовывоз;Екатеринбург;7345;0;0;7345
703985;;5057049;2024-06-22 17:40:28;payment_failed;Курьер;Миасс;29090;0;390;29480
703986;;5057091;2024-06-23 15:11:23;completed;Курьер;Тюмень;7990;0;390;8380
703987;207525;5057096;2024-06-23 20:41:08;completed;СДЭК;Тюмень;24345;0;390;24735
703988;207855;5057098;2024-06-23 21:33:02;payment_failed;Курьер;Екатеринбург;3990;279;590;4301
703989;202802;5057100;2024-06-23 13:08:17;completed;Самовывоз;Тюмень;65345;1960;0;63385
703990;207767;5057106;2024-06-23 19:10:22;completed;Курьер;Казань;1796;54;590;2332
703991;206104;5057111;2024-06-23 14:57:01;completed;Курьер;Челябинск;77790;2334;0;75456
703992;205471;5057126;2024-06-23 14:33:45;payment_failed;Курьер;Оренбург;7790;0;490;8280
703993;200505;5057147;2024-06-23 21:56:24;completed;Курьер;Челябинск;104135;7125;0;97010
703994;207471;5057159;2024-06-23 19:58:15;payment_failed;СДЭК;Челябинск;573;17;690;1246
703995;205465;5057192;2024-06-23 16:54:12;completed;Почта России;Уфа;10990;0;350;11340
703996;206808;5057193;2024-06-23 21:35:42;completed;Самовывоз;Магнитогорск;18790;940;0;17850
703997;202799;5057251;2024-06-23 14:25:58;completed;СДЭК;Ижевск;112435;7870;690;105255
703998;202073;5057255;2024-06-23 12:32:23;completed;Почта России;Челябинск;2490;124;450;2816
703999;200534;5057258;2024-06-23 15:05:10;completed;СДЭК;Тюмень;26180;1072;590;25698
704000;209288;5057261;2024-06-23 19:55:08;completed;Курьер;Копейск;57244;0;590;57834
704001;207947;5057265;2024-06-23 22:39:20;payment_failed;Курьер;Челябинск;44490;0;0;44490
704002;201217;5057270;2024-06-23 18:49:25;payment_failed;Курьер;Челябинск;3490;0;290;3780
704003;207405;5057280;2024-06-23 15:07:29;completed;Почта России;Копейск;1990;0;450;2440
704004;205614;5057283;2024-06-23 18:38:19;completed;Почта России;Челябинск;158480;9119;450;149811
704005;208962;5057291;2024-06-23 17:52:44;completed;Курьер;Москва;9567;670;490;9387
704006;201902;5057298;2024-06-23 19:45:20;completed;СДЭК;Челябинск;19490;0;490;19980
704007;203701;5057302;2024-06-23 19:15:15;completed;Самовывоз;Златоуст;43278;0;0;43278
704008;203934;5057303;2024-06-23 15:49:54;completed;СДЭК;Магнитогорск;19790;0;390;20180
704009;202538;5057314;2024-06-23 12:37:02;completed;Самовывоз;Магнитогорск;23345;0;0;23345
704010;;5057335;2024-06-23 09:06:43;completed;Самовывоз;Магнитогорск;88124;110;0;88014
704011;;5057337;2024-06-23 12:48:03;completed;Курьер;Самара;37657;3557;590;34690
704012;201343;5057342;2024-06-23 11:55:47;completed;Почта России;Челябинск;2790;0;450;3240
704013;204408;5057355;2024-06-23 20:36:44;completed;Курьер;Курган;34490;2414;390;32466
704014;204899;5057357;2024-06-23 14:47:20;completed;Самовывоз;Копейск;3435;0;0;3435
704015;;5057360;2024-06-23 15:46:31;completed;Курьер;Миасс;33570;863;390;33097
704016;200503;5057393;2024-06-23 18:11:29;payment_failed;Курьер;Пермь;7790;234;490;8046
704017;209500;5057407;2024-06-23 16:26:11;completed;Курьер;Челябинск;13090;0;0;13090
704018;;5057413;2024-06-23 11:08:31;completed;Курьер;Копейск;91835;1234;590;91191
704019;205154;5057425;2024-06-23 12:16:29;completed;Курьер;Магнитогорск;25090;3011;490;22569
704020;205176;5057440;2024-06-23 15:19:31;completed;СДЭК;Челябинск;9480;0;690;10170
704021;200932;5057451;2024-06-23 17:37:17;completed;СДЭК;Магнитогорск;50490;0;690;51180
704022;202664;5057452;2024-06-23 18:12:48;completed;СДЭК;Казань;1990;100;590;2480
704023;204491;5057458;2024-06-23 17:52:33;completed;Курьер;Копейск;2835;134;490;3191
704024;200968;5057466;2024-06-23 13:46:43;cancelled;Курьер;Челябинск;88567;2657;0;85910
704025;;5057500;2024-06-24 16:47:51;completed;СДЭК;Екатеринбург;72490;0;490;72980
704026;205524;5057513;2024-06-24 10:29:05;completed;Самовывоз;Екатеринбург;25780;1469;0;24311
704027;207120;5057518;2024-06-24 19:34:31;returned;Курьер;Пермь;25490;0;490;25980
704028;204230;5057521;2024-06-24 19:27:26;cancelled;Курьер;Самара;19567;0;490;20057
704029;203653;5057548;2024-06-24 13:18:57;completed;СДЭК;Челябинск;72090;0;690;72780
704030;;5057571;2024-06-24 11:41:37;completed;Почта России;Челябинск;42090;0;550;42640
704031;204771;5057588;2024-06-24 15:46:06;completed;Курьер;Копейск;1345;161;490;1674
704032;202250;5057616;2024-06-24 20:26:20;completed;Почта России;Челябинск;106706;10085;450;97071
704033;200160;5057624;2024-06-24 17:30:46;completed;СДЭК;Новосибирск;686;34;490;1142
704034;206818;5057651;2024-06-24 21:01:48;completed;Курьер;Челябинск;64490;0;0;64490
704035;207218;5057691;2024-06-24 13:22:14;completed;Курьер;Ижевск;74790;0;490;75280
704036;200634;5057703;2024-06-24 12:44:03;completed;Курьер;Челябинск;37790;0;0;37790
704037;203727;5057715;2024-06-24 17:47:46;completed;Почта России;Челябинск;2090;0;350;2440
704038;203434;5057716;2024-06-24 12:46:58;completed;Курьер;Копейск;43990;0;390;44380
704039;207036;5057731;2024-06-24 19:21:43;completed;Курьер;Екатеринбург;38480;2599;590;36471
704040;208011;5057786;2024-06-24 18:15:53;completed;Курьер;Уфа;19567;0;590;20157
704041;205163;5057805;2024-06-24 18:18:46;completed;Курьер;Миасс;65490;3274;390;62606
704042;;5057809;2024-06-24 10:06:22;completed;Самовывоз;Магнитогорск;682;20;0;662
704043;203895;5057843;2024-06-24 17:26:55;completed;Курьер;Оренбург;1990;60;390;2320
704044;203576;5057844;2024-06-24 21:15:52;completed;Курьер;Уфа;74490;3724;490;71256
704045;;5057878;2024-06-25 12:29:16;completed;Самовывоз;Екатеринбург;45990;0;0;45990
704046;205349;5057910;2024-06-25 21:02:32;completed;СДЭК;Челябинск;45258;3098;590;42750
704047;204146;5057917;2024-06-25 10:15:10;completed;СДЭК;Екатеринбург;568;0;490;1058
704048;202967;5057934;2024-06-25 16:18:08;completed;Курьер;Копейск;562;56;390;896
704049;206499;5057953;2024-06-25 21:40:25;completed;Курьер;Санкт-Петербург;11490;0;490;11980
704050;203131;5057963;2024-06-25 11:34:11;completed;Курьер;Казань;1790;0;490;2280
704051;202693;5057970;2024-06-25 21:41:16;completed;Самовывоз;Магнитогорск;73532;2694;0;70838
704052;208671;5057973;2024-06-25 16:11:28;completed;СДЭК;Копейск;128490;0;690;129180
704053;203477;5057979;2024-06-25 16:06:47;payment_failed;Курьер;Магнитогорск;3490;105;590;3975
704054;202851;5057990;2024-06-25 16:22:25;completed;Самовывоз;Златоуст;43345;0;0;43345
704055;;5058018;2024-06-25 16:24:12;completed;СДЭК;Челябинск;44345;1330;690;43705
704056;203943;5058036;2024-06-25 16:51:25;completed;Курьер;Курган;45490;0;490;45980
704057;209825;5058046;2024-06-25 20:50:27;completed;Почта России;Челябинск;12345;0;550;12895
704058;;5058056;2024-06-25 16:27:34;completed;Курьер;Златоуст;37490;3749;490;34231
704059;205219;5058057;2024-06-25 12:03:15;completed;СДЭК;Златоуст;25790;774;590;25606
704060;207104;5058075;2024-06-25 13:28:38;payment_failed;СДЭК;Челябинск;50345;0;590;50935
704061;;5058077;2024-06-25 15:00:27;completed;Курьер;Пермь;21490;0;390;21880
704062;208870;5058088;2024-06-25 12:49:11;payment_failed;СДЭК;Санкт-Петербург;80790;0;390;81180
704063;205798;5058096;2024-06-25 12:27:23;payment_failed;Самовывоз;Тюмень;24490;0;0;24490
704064;205340;5058099;2024-06-25 16:04:02;completed;Курьер;Копейск;18567;1857;390;17100
704065;200245;5058101;2024-06-25 20:10:48;completed;Самовывоз;Пермь;70990;0;0;70990
704066;209385;5058123;2024-06-25 16:07:30;returned;СДЭК;Самара;42866;0;690;43556
704067;209339;5058127;2024-06-25 19:08:16;completed;Почта России;Миасс;24567;2457;450;22560
704068;204785;5058148;2024-06-25 18:39:46;completed;СДЭК;Челябинск;6090;183;690;6597
704069;206464;5058156;2024-06-25 22:43:58;completed;СДЭК;Курган;25490;0;690;26180
704070;204996;5058177;2024-06-25 17:01:40;completed;Самовывоз;Челябинск;70880;0;0;70880
704071;;5058190;2024-06-25 12:39:39;completed;Самовывоз;Казань;18345;0;0;18345
704072;;5058208;2024-06-25 16:08:13;completed;Курьер;Челябинск;65990;3300;0;62690
704073;;5058220;2024-06-25 15:31:35;payment_failed;Самовывоз;Екатеринбург;5241;304;0;4937
704074;201326;5058231;2024-06-25 16:29:28;completed;Курьер;Челябинск;39090;3909;0;35181
704075;209896;5058233;2024-06-25 17:29:57;completed;Курьер;Уфа;35345;1060;390;34675
704076;201508;5058241;2024-06-25 18:51:02;completed;Почта России;Сургут;83790;2514;350;81626
704077;204298;5058257;2024-06-26 18:07:55;payment_failed;Самовывоз;Челябинск;27670;933;0;26737
704078;;5058261;2024-06-26 16:47:19;completed;Самовывоз;Челябинск;64990;6499;0;58491
704079;206956;5058268;2024-06-26 11:56:10;completed;СДЭК;Миасс;1990;0;590;2580
704080;;5058269;2024-06-26 17:12:14;completed;СДЭК;Магнитогорск;13345;0;590;13935
704081;208395;5058272;2024-06-26 17:23:42;completed;Курьер;Уфа;47479;0;590;48069
704082;200728;5058276;2024-06-26 18:37:00;payment_failed;СДЭК;Челябинск;19567;1957;390;18000
704083;207129;5058289;2024-06-26 12:44:51;payment_failed;Курьер;Челябинск;64990;7799;0;57191
704084;;5058302;2024-06-26 17:33:18;payment_failed;Самовывоз;Челябинск;51147;2261;0;48886
704085;207531;5058316;2024-06-26 19:52:14;completed;Самовывоз;Магнитогорск;27135;0;0;27135
704086;207339;5058318;2024-06-26 20:30:33;payment_failed;Курьер;Москва;6090;0;490;6580
704087;;5058370;2024-06-26 14:55:59;completed;Курьер;Магнитогорск;25790;0;490;26280
704088;209245;5058435;2024-06-26 14:33:55;completed;СДЭК;Челябинск;21567;2588;390;19369
704089;205540;5058455;2024-06-26 17:46:10;completed;Курьер;Пермь;14567;1020;490;14037
704090;;5058458;2024-06-26 18:59:04;completed;Курьер;Челябинск;14090;0;0;14090
704091;209221;5058473;2024-06-26 08:15:37;completed;Курьер;Екатеринбург;51912;1487;590;51015
704092;202162;5058502;2024-06-26 17:20:12;completed;Самовывоз;Челябинск;44990;1350;0;43640
704093;206059;5058503;2024-06-26 17:04:53;completed;Курьер;Челябинск;2090;0;290;2380
704094;202744;5058505;2024-06-26 11:02:39;completed;Почта России;Копейск;7345;514;350;7181
704095;208872;5058509;2024-06-26 23:09:05;completed;Курьер;Казань;43567;0;490;44057
704096;202949;5058517;2024-06-26 18:26:16;completed;Самовывоз;Магнитогорск;18090;0;0;18090
704097;;5058522;2024-06-26 18:34:10;completed;Самовывоз;Челябинск;33090;3971;0;29119
704098;;5058528;2024-06-26 11:23:29;completed;СДЭК;Москва;128090;6404;390;122076
704099;206309;5058554;2024-06-26 15:55:52;completed;Курьер;Ижевск;90055;9005;490;81540
704100;202028;5058555;2024-06-26 19:38:08;completed;СДЭК;Челябинск;18567;0;590;19157
704101;206671;5058556;2024-06-26 22:05:57;returned;Самовывоз;Копейск;65567;4590;0;60977
704102;208566;5058562;2024-06-26 22:55:52;completed;СДЭК;Челябинск;18990;0;490;19480
704103;208154;5058569;2024-06-26 16:06:03;completed;Курьер;Челябинск;32567;0;0;32567
704104;209153;5058586;2024-06-27 09:57:34;completed;Самовывоз;Челябинск;82134;4138;0;77996
704105;204134;5058610;2024-06-27 19:23:00;completed;Курьер;Тюмень;1090;76;490;1504
704106;;5058623;2024-06-27 16:36:18;payment_failed;Курьер;Магнитогорск;37090;2596;590;35084
704107;202843;5058661;2024-06-27 22:26:37;cancelled;Курьер;Челябинск;3567;0;290;3857
704108;200572;5058678;2024-06-27 19:47:08;completed;Курьер;Челябинск;31790;954;0;30836
704109;209439;5058692;2024-06-27 14:05:55;completed;СДЭК;Миасс;21345;1067;590;20868
704110;208238;5058693;2024-06-27 16:09:59;completed;СДЭК;Сургут;6057;0;690;6747
704111;202358;5058713;2024-06-27 15:06:31;completed;Почта России;Челябинск;894;27;450;1317
704112;204469;5058726;2024-06-27 13:55:33;completed;СДЭК;Москва;25567;1278;690;24979
704113;206858;5058762;2024-06-27 22:54:33;completed;Самовывоз;Миасс;7345;0;0;7345
704114;201787;5058800;2024-06-27 17:28:18;completed;Курьер;Челябинск;60070;2316;0;57754
704115;200966;5058809;2024-06-27 18:08:24;completed;Почта России;Уфа;681;68;350;963
704116;208851;5058815;2024-06-27 19:03:55;completed;СДЭК;Оренбург;567;0;490;1057
704117;202879;5058819;2024-06-27 18:09:57;completed;Самовывоз;Екатеринбург;24090;0;0;24090
704118;203397;5058841;2024-06-27 10:19:40;completed;Самовывоз;Магнитогорск;1345;0;0;1345
704119;200716;5058847;2024-06-27 20:25:33;completed;СДЭК;Пермь;128912;5554;590;123948
704120;200271;5058853;2024-06-27 21:14:00;cancelled;Самовывоз;Челябинск;26880;3101;0;23779
704121;204049;5058863;2024-06-27 19:15:24;completed;Курьер;Челябинск;6790;475;0;6315
704122;204802;5058869;2024-06-27 12:09:08;completed;Самовывоз;Уфа;1090;33;0;1057
704123;204226;5058877;2024-06-27 10:03:32;completed;Курьер;Санкт-Петербург;84990;5949;590;79631
704124;201707;5058884;2024-06-27 20:46:00;payment_failed;Почта России;Тюмень;83567;0;550;84117
704125;206862;5058889;2024-06-27 16:23:07;completed;Почта России;Екатеринбург;9567;287;550;9830
704126;;5058915;2024-06-27 14:35:43;cancelled;СДЭК;Челябинск;691;0;590;1281
704127;;5058918;2024-06-27 16:15:36;completed;Курьер;Екатеринбург;79980;150;390;80220
704128;200385;5058950;2024-06-28 08:40:46;completed;СДЭК;Екатеринбург;6567;0;690;7257
704129;208520;5058957;2024-06-28 19:57:34;completed;СДЭК;Казань;18567;557;490;18500
704130;204677;5058985;2024-06-28 13:01:56;payment_failed;СДЭК;Челябинск;43990;0;590;44580
704131;;5058989;2024-06-28 14:30:15;completed;Курьер;Златоуст;4790;575;490;4705
704132;200905;5058998;2024-06-28 12:46:56;completed;СДЭК;Пермь;45780;5039;590;41331
704133;201781;5059004;2024-06-28 17:03:59;completed;Самовывоз;Копейск;19090;2291;0;16799
704134;204787;5059009;2024-06-28 20:00:28;completed;Самовывоз;Тюмень;44225;0;0;44225
704135;205215;5059012;2024-06-28 15:49:53;completed;Курьер;Челябинск;786;0;290;1076
704136;208646;5059027;2024-06-28 17:42:07;completed;Курьер;Челябинск;21345;0;0;21345
704137;209347;5059041;2024-06-28 09:17:30;completed;Курьер;Миасс;38990;0;490;39480
704138;;5059045;2024-06-28 20:10:42;completed;Самовывоз;Курган;3345;0;0;3345
704139;208124;5059048;2024-06-28 17:27:15;completed;Курьер;Магнитогорск;24090;0;590;24680
704140;204347;5059065;2024-06-28 13:32:13;completed;Курьер;Челябинск;11884;1188;0;10696
704141;203116;5059069;2024-06-28 15:37:15;completed;Курьер;Новосибирск;75790;0;390;76180
704142;201794;5059098;2024-06-28 16:07:17;payment_failed;Курьер;Магнитогорск;23567;0;590;24157
704143;206573;5059105;2024-06-28 21:56:36;completed;Самовывоз;Копейск;684;34;0;650
704144;;5059129;2024-06-28 18:48:30;completed;Курьер;Копейск;24057;74;590;24573
704145;;5059144;2024-06-28 16:14:59;completed;Самовывоз;Тюмень;110090;0;0;110090
704146;;5059185;2024-06-28 16:50:11;completed;Почта России;Тюмень;69490;0;350;69840
704147;201656;5059195;2024-06-28 15:17:40;completed;СДЭК;Москва;10070;581;390;9879
704148;204717;5059196;2024-06-28 13:24:34;completed;Курьер;Челябинск;74480;2275;0;72205
704149;205782;5059205;2024-06-28 16:24:17;completed;Почта России;Уфа;81090;2433;350;79007
704150;205917;5059211;2024-06-28 14:12:42;completed;СДЭК;Москва;26990;1350;490;26130
704151;201984;5059219;2024-06-28 19:10:54;completed;СДЭК;Златоуст;7090;354;390;7126
704152;209114;5059260;2024-06-28 09:54:44;completed;Курьер;Екатеринбург;29090;0;490;29580
704153;;5059269;2024-06-28 12:43:34;completed;Курьер;Уфа;20490;0;590;21080
704154;204785;5059289;2024-06-28 23:27:09;cancelled;Самовывоз;Челябинск;64790;6479;0;58311
704155;209766;5059315;2024-06-29 17:24:21;completed;Курьер;Магнитогорск;69780;379;390;69791
704156;200063;5059323;2024-06-29 18:07:03;completed;Самовывоз;Челябинск;36189;1065;0;35124
704157;206387;5059324;2024-06-29 16:28:10;payment_failed;Самовывоз;Магнитогорск;9790;979;0;8811
704158;206814;5059328;2024-06-29 09:38:35;completed;Курьер;Екатеринбург;25345;0;590;25935
704159;209483;5059346;2024-06-29 15:12:02;completed;Самовывоз;Миасс;126790;12679;0;114111
704160;201734;5059389;2024-06-29 18:18:42;completed;СДЭК;Челябинск;21490;0;390;21880
704161;201171;5059404;2024-06-29 11:02:26;payment_failed;Самовывоз;Челябинск;77790;0;0;77790
704162;208572;5059417;2024-06-29 20:46:18;completed;Самовывоз;Курган;4990;0;0;4990
704163;208297;5059432;2024-06-29 18:58:15;completed;Почта России;Копейск;2567;308;350;2609
704164;202996;5059446;2024-06-29 20:11:55;completed;Самовывоз;Копейск;28990;0;0;28990
704165;206519;5059451;2024-06-29 16:50:33;cancelled;Почта России;Уфа;7790;0;550;8340
704166;207838;5059456;2024-06-29 14:42:31;completed;Курьер;Челябинск;1790;125;290;1955
704167;205706;5059461;2024-06-29 21:24:14;completed;Почта России;Уфа;36990;1850;450;35590
704168;207523;5059463;2024-06-29 15:47:51;completed;Самовывоз;Уфа;25790;0;0;25790
704169;203926;5059473;2024-06-29 16:55:35;completed;Самовывоз;Миасс;3990;0;0;3990
704170;202605;5059484;2024-06-29 13:26:54;completed;Курьер;Челябинск;32567;0;0;32567
704171;203944;5059488;2024-06-29 17:56:58;completed;Курьер;Курган;19345;1934;590;18001
704172;;5059497;2024-06-29 16:56:12;completed;Самовывоз;Новосибирск;75280;0;0;75280
704173;201633;5059512;2024-06-29 15:18:57;payment_failed;Самовывоз;Челябинск;39345;0;0;39345
704174;209374;5059543;2024-06-29 14:48:25;completed;Курьер;Уфа;78160;5164;490;73486
704175;;5059563;2024-06-29 15:45:58;completed;Курьер;Екатеринбург;12345;1234;590;11701
704176;207579;5059564;2024-06-29 22:51:00;completed;Самовывоз;Екатеринбург;35567;0;0;35567
704177;206939;5059581;2024-06-29 19:32:40;completed;Самовывоз;Казань;12980;390;0;12590
704178;208613;5059590;2024-06-29 16:24:01;completed;СДЭК;Копейск;39345;0;490;39835
704179;206603;5059599;2024-06-29 09:01:38;completed;Почта России;Копейск;19790;0;550;20340
704180;205663;5059611;2024-06-29 17:24:15;completed;Курьер;Екатеринбург;19345;0;590;19935
704181;;5059639;2024-06-29 14:37:44;completed;Самовывоз;Магнитогорск;7490;374;0;7116
704182;200612;5059643;2024-06-29 19:25:36;completed;Самовывоз;Екатеринбург;101090;0;0;101090
704183;205233;5059646;2024-06-29 10:30:58;completed;Курьер;Челябинск;70345;0;0;70345
704184;209171;5059662;2024-06-29 22:58:01;completed;Курьер;Челябинск;27090;0;0;27090
704185;203622;5059680;2024-06-29 19:47:13;payment_failed;Самовывоз;Нижневартовск;73490;3674;0;69816
704186;207329;5059689;2024-06-29 13:41:28;completed;СДЭК;Курган;77480;2325;590;75745
704187;;5059692;2024-06-29 11:28:08;completed;СДЭК;Москва;13090;0;690;13780
704188;202840;5059714;2024-06-30 23:39:03;completed;СДЭК;Магнитогорск;781;39;390;1132
704189;206778;5059715;2024-06-30 22:29:11;completed;СДЭК;Москва;1567;0;490;2057
704190;207050;5059722;2024-06-30 22:20:49;completed;СДЭК;Уфа;56580;2830;690;54440
704191;204749;5059756;2024-06-30 20:34:32;completed;Курьер;Копейск;14090;423;390;14057
704192;205966;5059772;2024-06-30 19:05:27;payment_failed;Курьер;Тюмень;36090;1804;490;34776
704193;209000;5059791;2024-06-30 18:18:07;completed;СДЭК;Челябинск;44370;204;690;44856
704194;202264;5059795;2024-06-30 20:20:51;payment_failed;Курьер;Екатеринбург;24345;1704;490;23131
704195;;5059811;2024-06-30 17:27:53;completed;Курьер;Нижневартовск;4345;217;490;4618
704196;208314;5059813;2024-06-30 08:11:43;payment_failed;Курьер;Челябинск;12990;0;0;12990
704197;;5059814;2024-06-30 11:01:14;completed;Самовывоз;Челябинск;12567;0;0;12567
704198;203282;5059815;2024-06-30 10:56:15;completed;Курьер;Златоуст;93770;4739;390;89421
704199;204301;5059822;2024-06-30 13:36:10;completed;Самовывоз;Миасс;39912;0;0;39912
704200;208519;5059853;2024-06-30 20:36:47;completed;Курьер;Челябинск;1567;0;290;1857
704201;207431;5059856;2024-06-30 18:05:52;completed;Самовывоз;Тюмень;56345;5634;0;50711
704202;208593;5059859;2024-06-30 21:39:34;completed;Курьер;Челябинск;41345;0;0;41345
704203;208639;5059861;2024-06-30 21:47:45;completed;Самовывоз;Оренбург;3345;334;0;3011
704204;201031;5059875;2024-06-30 16:25:28;completed;СДЭК;Челябинск;74090;2223;590;72457
704205;209012;5059876;2024-06-30 16:05:12;completed;Почта России;Челябинск;101090;3033;350;98407
704206;208227;5059904;2024-06-30 13:31:40;completed;Курьер;Челябинск;39345;0;0;39345
704207;202896;5059929;2024-06-30 17:31:42;completed;Самовывоз;Златоуст;1090;131;0;959
704208;204347;5059944;2024-06-30 15:59:45;completed;Самовывоз;Челябинск;55090;6611;0;48479
704209;200365;5059951;2024-06-30 15:21:22;completed;Курьер;Тюмень;3490;0;390;3880
704210;207662;5059961;2024-06-30 18:07:37;completed;Самовывоз;Магнитогорск;4090;409;0;3681
704211;;5059969;2024-06-30 23:20:48;completed;Курьер;Копейск;35490;2484;590;33596
704212;203112;5060000;2024-06-30 21:50:23;completed;СДЭК;Уфа;12345;0;590;12935
704213;209724;5060033;2024-06-30 15:30:10;completed;Самовывоз;Челябинск;36580;90;0;36490
704214;;5060043;2024-06-30 11:01:02;completed;Курьер;Челябинск;12790;640;0;12150
704215;201330;5060055;2024-06-30 13:06:16;completed;Самовывоз;Оренбург;112688;3354;0;109334
704216;207330;5060071;2024-06-30 16:15:31;completed;Курьер;Челябинск;6567;0;0;6567
704217;202028;5060074;2024-06-30 14:10:39;completed;Курьер;Челябинск;70057;0;0;70057
704218;202832;5060088;2024-06-30 12:36:27;completed;Курьер;Копейск;9345;0;390;9735
704219;207112;5060142;2024-07-01 17:23:35;completed;Самовывоз;Челябинск;37990;0;0;37990
704220;204102;5060154;2024-07-01 23:16:47;completed;Самовывоз;Магнитогорск;1790;179;0;1611
704221;203879;5060167;2024-07-01 20:28:06;completed;Курьер;Тюмень;18490;924;590;18156
704222;208333;5060193;2024-07-01 17:33:27;completed;СДЭК;Тюмень;37567;1127;490;36930
704223;207229;5060218;2024-07-01 14:38:37;completed;Курьер;Магнитогорск;29270;0;590;29860
704224;200832;5060228;2024-07-01 20:55:09;completed;Курьер;Челябинск;27490;1374;0;26116
704225;200957;5060241;2024-07-01 13:47:28;completed;Курьер;Тюмень;11090;0;390;11480
704226;207156;5060279;2024-07-01 17:46:55;completed;Самовывоз;Тюмень;18090;0;0;18090
704227;204462;5060287;2024-07-01 20:37:52;completed;Самовывоз;Челябинск;34435;164;0;34271
704228;205186;5060291;2024-07-01 21:53:31;completed;Самовывоз;Челябинск;75480;0;0;75480
704229;209552;5060297;2024-07-01 20:46:06;completed;СДЭК;Сургут;572;0;690;1262
704230;;5060337;2024-07-01 14:56:18;completed;Почта России;Москва;36567;1097;350;35820
704231;203963;5060349;2024-07-01 10:57:08;returned;Курьер;Челябинск;39090;2736;0;36354
704232;209088;5060361;2024-07-01 18:41:51;completed;Курьер;Челябинск;25990;1300;0;24690
704233;207580;5060369;2024-07-01 12:54:22;completed;Курьер;Новосибирск;21090;2109;490;19471
704234;200387;5060376;2024-07-01 19:07:47;completed;Курьер;Миасс;38661;1071;490;38080
704235;203763;5060406;2024-07-01 17:01:11;completed;Курьер;Златоуст;7490;0;390;7880
704236;209341;5060454;2024-07-01 16:21:27;completed;Курьер;Челябинск;21345;1067;0;20278
704237;203482;5060479;2024-07-01 15:02:48;completed;Курьер;Курган;7790;0;390;8180
704238;204211;5060495;2024-07-02 16:33:07;completed;Самовывоз;Ижевск;43567;0;0;43567
704239;203320;5060497;2024-07-02 16:23:27;cancelled;Курьер;Санкт-Петербург;32490;2274;590;30806
704240;206073;5060500;2024-07-02 17:05:41;completed;Курьер;Ижевск;7912;0;390;8302
704241;;5060526;2024-07-02 11:46:55;completed;Курьер;Уфа;24790;1240;490;24040
704242;;5060547;2024-07-02 15:09:09;completed;Курьер;Магнитогорск;33363;1053;590;32900
704243;208982;5060550;2024-07-02 20:41:05;completed;Самовывоз;Челябинск;11790;0;0;11790
704244;204556;5060573;2024-07-02 18:48:15;completed;Самовывоз;Челябинск;7090;354;0;6736
704245;202181;5060591;2024-07-02 21:02:33;completed;СДЭК;Златоуст;40567;0;590;41157
704246;209375;5060638;2024-07-02 12:35:35;completed;Самовывоз;Челябинск;33990;0;0;33990
704247;202577;5060641;2024-07-02 14:27:30;completed;Курьер;Златоуст;65990;1980;490;64500
704248;203093;5060654;2024-07-02 12:07:00;completed;Курьер;Челябинск;12090;0;0;12090
704249;208522;5060707;2024-07-02 16:36:19;completed;Курьер;Курган;4980;249;490;5221
704250;203941;5060728;2024-07-02 17:33:35;completed;Самовывоз;Екатеринбург;11790;1179;0;10611
704251;204114;5060738;2024-07-02 14:50:54;completed;Курьер;Сургут;10780;450;390;10720
704252;208879;5060768;2024-07-02 17:42:36;completed;Курьер;Ижевск;27657;2457;490;25690
704253;201103;5060775;2024-07-02 16:58:16;payment_failed;Курьер;Челябинск;24990;750;0;24240
704254;;5060779;2024-07-02 11:28:53;completed;СДЭК;Златоуст;53780;0;690;54470
704255;206996;5060802;2024-07-02 09:54:25;completed;Самовывоз;Миасс;680;0;0;680
704256;208087;5060814;2024-07-02 23:42:50;completed;Курьер;Челябинск;43990;2200;0;41790
704257;203984;5060817;2024-07-02 18:08:52;completed;Курьер;Ижевск;20090;1406;590;19274
704258;202462;5060834;2024-07-02 18:01:10;completed;СДЭК;Челябинск;65090;0;490;65580
704259;209299;5060839;2024-07-02 19:30:19;completed;Самовывоз;Челябинск;3490;0;0;3490
704260;205343;5060849;2024-07-02 19:01:56;completed;СДЭК;Миасс;687;0;590;1277
704261;206067;5060884;2024-07-03 20:59:51;completed;Курьер;Челябинск;52835;0;0;52835
704262;202249;5060903;2024-07-03 13:41:43;completed;СДЭК;Копейск;13345;934;490;12901
704263;206107;5060958;2024-07-03 20:02:44;completed;Самовывоз;Курган;110567;5528;0;105039
704264;200098;5060969;2024-07-03 14:49:54;completed;Курьер;Магнитогорск;15357;678;390;15069
704265;200853;5060970;2024-07-03 16:08:28;completed;Курьер;Нижневартовск;39345;1967;390;37768
704266;205255;5061018;2024-07-03 15:57:17;completed;Курьер;Миасс;13657;601;590;13646
704267;206173;5061028;2024-07-03 16:33:05;completed;СДЭК;Челябинск;25090;0;690;25780
704268;;5061030;2024-07-03 16:43:14;completed;СДЭК;Челябинск;1090;76;490;1504
704269;209871;5061042;2024-07-03 18:28:14;completed;Самовывоз;Екатеринбург;81225;5118;0;76107
704270;203267;5061043;2024-07-03 10:50:49;completed;Курьер;Самара;1567;110;390;1847
704271;201992;5061048;2024-07-03 19:34:27;payment_failed;Курьер;Казань;571;0;390;961
704272;205470;5061054;2024-07-03 11:14:26;completed;СДЭК;Златоуст;2345;164;490;2671
704273;202393;5061068;2024-07-03 14:43:22;completed;СДЭК;Екатеринбург;27345;1367;390;26368
704274;209811;5061073;2024-07-03 14:32:19;completed;Курьер;Миасс;12345;0;490;12835
704275;205479;5061094;2024-07-03 12:13:02;completed;СДЭК;Казань;77335;0;590;77925
704276;209937;5061096;2024-07-03 12:08:25;completed;Курьер;Уфа;785;39;590;1336
704277;206957;5061125;2024-07-03 15:27:15;completed;Самовывоз;Миасс;128790;0;0;128790
704278;207794;5061127;2024-07-03 13:28:04;cancelled;Курьер;Челябинск;92270;4523;0;87747
704279;200106;5061147;2024-07-03 18:45:13;completed;Курьер;Магнитогорск;23657;1261;390;22786
704280;200759;5061153;2024-07-03 20:27:25;completed;Самовывоз;Казань;11090;776;0;10314
704281;209083;5061155;2024-07-03 11:36:20;completed;Самовывоз;Челябинск;7263;0;0;7263
704282;209896;5061168;2024-07-03 17:58:31;completed;Курьер;Уфа;36790;0;490;37280
704283;209393;5061177;2024-07-03 10:42:03;payment_failed;Курьер;Челябинск;25567;0;0;25567
704284;200257;5061205;2024-07-03 12:22:46;completed;Почта России;Челябинск;1345;0;350;1695
704285;205336;5061223;2024-07-03 13:54:27;completed;Курьер;Златоуст;51253;0;590;51843
704286;200124;5061249;2024-07-03 16:08:20;completed;Курьер;Москва;22335;1444;590;21481
704287;206748;5061250;2024-07-03 17:28:22;completed;Курьер;Челябинск;7790;935;0;6855
704288;207450;5061264;2024-07-04 09:17:23;completed;Самовывоз;Новосибирск;780;23;0;757
704289;209660;5061266;2024-07-04 12:44:12;completed;Курьер;Копейск;2063;0;390;2453
704290;;5061268;2024-07-04 22:35:09;completed;Самовывоз;Челябинск;36879;2565;0;34314
704291;;5061283;2024-07-04 14:25:47;completed;Самовывоз;Уфа;30480;0;0;30480
704292;205751;5061348;2024-07-04 13:44:01;completed;СДЭК;Сургут;18090;0;490;18580
704293;204473;5061390;2024-07-04 11:08:48;payment_failed;Курьер;Челябинск;32567;0;0;32567
704294;201944;5061391;2024-07-04 11:38:35;completed;Курьер;Челябинск;14835;0;0;14835
704295;205556;5061401;2024-07-04 12:11:11;completed;Курьер;Челябинск;36345;3634;0;32711
704296;;5061434;2024-07-04 10:16:45;completed;Курьер;Челябинск;683;20;290;953
704297;207449;5061446;2024-07-04 18:34:26;completed;СДЭК;Челябинск;7490;0;690;8180
704298;206440;5061455;2024-07-04 19:08:59;completed;СДЭК;Миасс;51990;6239;590;46341
704299;208819;5061474;2024-07-04 10:43:29;completed;Курьер;Челябинск;2345;70;290;2565
704300;200997;5061482;2024-07-04 17:34:54;payment_failed;Самовывоз;Пермь;20790;0;0;20790
704301;200245;5061493;2024-07-04 09:10:57;completed;Самовывоз;Пермь;110490;7734;0;102756
704302;203558;5061504;2024-07-04 13:44:46;completed;Самовывоз;Копейск;3990;0;0;3990
704303;206512;5061511;2024-07-04 09:02:17;completed;Курьер;Челябинск;114345;0;0;114345
704304;202182;5061529;2024-07-04 17:37:42;completed;Курьер;Челябинск;1345;0;290;1635
704305;204021;5061541;2024-07-04 22:29:40;completed;СДЭК;Челябинск;12567;0;390;12957
704306;204529;5061544;2024-07-04 18:44:34;completed;Курьер;Тюмень;18345;917;490;17918
704307;209744;5061568;2024-07-04 21:54:01;completed;Почта России;Челябинск;18990;1899;550;17641
704308;200716;5061585;2024-07-04 21:57:38;completed;Самовывоз;Пермь;4490;314;0;4176
704309;207495;5061590;2024-07-04 13:45:04;completed;СДЭК;Копейск;19990;600;590;19980
704310;201090;5061631;2024-07-05 21:48:58;completed;СДЭК;Челябинск;1090;0;490;1580
704311;209909;5061635;2024-07-05 15:51:36;completed;Самовывоз;Челябинск;5260;158;0;5102
704312;204620;5061645;2024-07-05 13:27:29;completed;Курьер;Курган;25090;0;390;25480
704313;209459;5061648;2024-07-05 10:06:44;completed;Самовывоз;Москва;574;17;0;557
704314;205878;5061671;2024-07-05 13:10:44;completed;Курьер;Челябинск;149580;5235;0;144345
704315;203564;5061682;2024-07-05 16:52:09;completed;СДЭК;Миасс;11557;210;590;11937
704316;200345;5061707;2024-07-05 12:58:38;completed;Курьер;Екатеринбург;9580;287;390;9683
704317;203347;5061717;2024-07-05 18:26:49;cancelled;Самовывоз;Челябинск;4335;0;0;4335
704318;201316;5061724;2024-07-05 11:40:21;completed;Самовывоз;Казань;794;79;0;715
704319;207652;5061735;2024-07-05 20:11:04;completed;СДЭК;Челябинск;48335;5200;690;43825
704320;209570;5061738;2024-07-05 17:53:02;completed;СДЭК;Уфа;42790;0;590;43380
704321;200489;5061744;2024-07-05 08:47:56;completed;Самовывоз;Миасс;34790;0;0;34790
704322;206665;5061749;2024-07-05 14:46:34;returned;Самовывоз;Челябинск;39990;0;0;39990
704323;208207;5061759;2024-07-05 12:13:27;payment_failed;СДЭК;Уфа;12990;0;690;13680
704324;204603;5061787;2024-07-05 21:22:36;completed;Курьер;Челябинск;5770;89;0;5681
704325;207285;5061792;2024-07-05 22:39:11;completed;Курьер;Санкт-Петербург;4657;157;490;4990
704326;;5061795;2024-07-05 20:46:41;completed;Самовывоз;Миасс;19567;1370;0;18197
704327;203106;5061829;2024-07-05 08:55:56;completed;Курьер;Копейск;689;0;490;1179
704328;206982;5061836;2024-07-05 17:09:36;completed;СДЭК;Миасс;83580;1904;390;82066
704329;207554;5061858;2024-07-05 08:18:59;completed;Курьер;Магнитогорск;3090;93;590;3587
704330;201524;5061867;2024-07-05 22:51:40;completed;Курьер;Челябинск;4790;240;290;4840
704331;203613;5061868;2024-07-05 10:25:53;returned;СДЭК;Магнитогорск;25790;0;590;26380
704332;204134;5061884;2024-07-05 20:54:01;completed;СДЭК;Тюмень;20090;1406;690;19374
704333;203952;5061889;2024-07-05 16:24:37;completed;Самовывоз;Копейск;64567;0;0;64567
704334;204386;5061904;2024-07-05 08:46:31;completed;Почта России;Челябинск;56567;6788;350;50129
704335;206665;5061913;2024-07-05 15:35:41;completed;Курьер;Челябинск;11490;0;0;11490
704336;203004;5061919;2024-07-05 23:12:23;completed;Курьер;Челябинск;9980;998;0;8982
704337;205130;5061930;2024-07-05 18:41:11;payment_failed;Курьер;Челябинск;86490;0;0;86490
704338;207654;5061952;2024-07-05 13:26:19;completed;СДЭК;Миасс;7790;0;490;8280
704339;203766;5061962;2024-07-05 15:17:01;completed;Самовывоз;Москва;4990;0;0;4990
704340;209462;5061969;2024-07-05 18:17:40;completed;Самовывоз;Челябинск;4490;135;0;4355
704341;208946;5061970;2024-07-05 11:29:13;completed;Курьер;Златоуст;36690;1167;590;36113
704342;;5061981;2024-07-05 17:22:27;completed;Почта России;Челябинск;51835;3464;350;48721
704343;209333;5061995;2024-07-05 13:03:24;completed;Самовывоз;Копейск;35345;0;0;35345
704344;201880;5062005;2024-07-06 20:36:32;completed;Самовывоз;Челябинск;35090;1754;0;33336
704345;200821;5062038;2024-07-06 13:48:26;completed;Самовывоз;Копейск;28835;314;0;28521
704346;;5062057;2024-07-06 14:35:46;completed;Курьер;Москва;50990;2550;390;48830
704347;202766;5062071;2024-07-06 20:14:22;completed;Самовывоз;Екатеринбург;24345;0;0;24345
704348;200003;5062090;2024-07-06 16:59:25;completed;Курьер;Челябинск;90090;0;0;90090
704349;202168;5062091;2024-07-06 08:37:36;returned;Курьер;Копейск;29365;0;590;29955
704350;201864;5062158;2024-07-06 16:59:27;completed;Самовывоз;Екатеринбург;7990;0;0;7990
704351;203536;5062182;2024-07-06 23:02:52;completed;Самовывоз;Челябинск;22057;0;0;22057
704352;201012;5062202;2024-07-06 10:59:54;payment_failed;Самовывоз;Оренбург;32345;3234;0;29111
704353;204634;5062214;2024-07-06 18:12:28;completed;СДЭК;Магнитогорск;11345;0;390;11735
704354;204924;5062221;2024-07-06 23:46:10;completed;Курьер;Магнитогорск;1090;0;490;1580
704355;;5062240;2024-07-06 15:44:30;completed;СДЭК;Пермь;4490;0;690;5180
704356;205575;5062249;2024-07-06 15:02:11;completed;Самовывоз;Челябинск;91135;0;0;91135
704357;201254;5062254;2024-07-06 18:08:20;completed;Курьер;Челябинск;50080;4768;0;45312
704358;203087;5062260;2024-07-06 14:17:03;completed;СДЭК;Самара;2990;0;590;3580
704359;;5062277;2024-07-06 23:38:49;completed;СДЭК;Магнитогорск;21127;617;590;21100
704360;203576;5062282;2024-07-06 21:31:04;completed;Самовывоз;Уфа;5835;304;0;5531
704361;205500;5062288;2024-07-06 17:13:00;completed;Самовывоз;Пермь;13990;0;0;13990
704362;206633;5062291;2024-07-06 19:14:43;completed;Самовывоз;Оренбург;7790;0;0;7790
704363;204756;5062294;2024-07-06 18:49:10;completed;Почта России;Копейск;34567;0;450;35017
704364;202669;5062298;2024-07-06 18:27:13;completed;Курьер;Челябинск;34490;3449;0;31041
704365;209231;5062312;2024-07-06 21:25:09;completed;Курьер;Челябинск;6990;489;0;6501
704366;207001;5062357;2024-07-06 11:57:31;completed;Курьер;Пермь;29090;1454;490;28126
704367;200190;5062374;2024-07-06 22:14:00;completed;Самовывоз;Уфа;12790;640;0;12150
704368;209546;5062375;2024-07-06 21:57:02;completed;Курьер;Златоуст;6490;454;390;6426
704369;206552;5062409;2024-07-06 14:33:19;completed;Самовывоз;Казань;11090;0;0;11090
704370;200749;5062417;2024-07-06 21:49:09;completed;Курьер;Санкт-Петербург;7567;530;390;7427
704371;208174;5062435;2024-07-06 15:55:11;payment_failed;Курьер;Екатеринбург;38990;0;390;39380
704372;;5062456;2024-07-06 16:39:56;completed;Курьер;Челябинск;7345;0;0;7345
704373;207289;5062497;2024-07-07 14:00:36;completed;Самовывоз;Челябинск;90790;2724;0;88066
704374;209937;5062499;2024-07-07 11:46:51;completed;Самовывоз;Уфа;42345;2964;0;39381
704375;;5062538;2024-07-07 21:00:56;completed;Самовывоз;Магнитогорск;24090;1204;0;22886
704376;205632;5062583;2024-07-07 11:53:06;completed;Самовывоз;Екатеринбург;14990;450;0;14540
704377;208322;5062594;2024-07-07 13:50:29;completed;Почта России;Миасс;42345;1270;350;41425
704378;207063;5062604;2024-07-07 17:46:05;returned;Курьер;Екатеринбург;2345;164;590;2771
704379;206449;5062612;2024-07-07 21:53:51;completed;Курьер;Магнитогорск;22141;0;390;22531
704380;203146;5062620;2024-07-07 21:32:29;completed;Самовывоз;Челябинск;20990;0;0;20990
704381;205525;5062633;2024-07-07 12:25:17;completed;Самовывоз;Магнитогорск;75990;0;0;75990
704382;;5062634;2024-07-07 13:33:41;completed;Самовывоз;Екатеринбург;1490;0;0;1490
704383;205597;5062637;2024-07-07 16:35:37;completed;Почта России;Челябинск;12090;0;550;12640
704384;207852;5062706;2024-07-07 15:36:33;completed;Курьер;Самара;18090;1266;590;17414
704385;200640;5062769;2024-07-07 16:14:28;completed;Курьер;Уфа;1150;0;590;1740
704386;202216;5062780;2024-07-07 16:15:18;completed;СДЭК;Челябинск;4790;0;590;5380
704387;207314;5062791;2024-07-07 09:37:50;completed;Почта России;Казань;17990;540;350;17800
704388;201397;5062796;2024-07-07 19:03:42;completed;Курьер;Копейск;21080;139;490;21431
704389;207203;5062805;2024-07-07 18:58:02;completed;Курьер;Миасс;7567;227;590;7930
704390;202447;5062830;2024-07-07 13:38:44;completed;СДЭК;Копейск;7090;709;490;6871
704391;207707;5062834;2024-07-07 20:08:34;completed;Курьер;Курган;67790;3390;390;64790
704392;203699;5062845;2024-07-07 15:57:02;completed;Курьер;Челябинск;35490;1065;0;34425
704393;;5062856;2024-07-07 16:48:21;payment_failed;Курьер;Магнитогорск;40090;2806;490;37774
704394;208333;5062859;2024-07-07 14:05:33;completed;Курьер;Тюмень;34990;0;390;35380
704395;206716;5062884;2024-07-08 23:29:53;completed;СДЭК;Екатеринбург;37567;0;690;38257
704396;200588;5062908;2024-07-08 08:42:48;returned;Курьер;Челябинск;572;0;290;862
704397;205511;5062915;2024-07-08 23:42:08;completed;Курьер;Уфа;64990;3250;490;62230
704398;207726;5062940;2024-07-08 17:18:36;completed;Самовывоз;Златоуст;13790;965;0;12825
704399;203124;5062951;2024-07-08 20:21:35;payment_failed;Самовывоз;Магнитогорск;85345;5974;0;79371
704400;204570;5062957;2024-07-08 16:30:49;completed;Самовывоз;Миасс;57676;0;0;57676
704401;;5062961;2024-07-08 10:11:51;completed;Курьер;Златоуст;78790;5539;390;73641
704402;202670;5062964;2024-07-08 16:00:45;payment_failed;Курьер;Копейск;41135;125;590;41600
704403;205607;5062966;2024-07-08 19:55:54;completed;Самовывоз;Оренбург;1990;139;0;1851
704404;208828;5062989;2024-07-08 19:54:27;payment_failed;Курьер;Оренбург;28580;496;490;28574
704405;206033;5063011;2024-07-08 17:27:08;completed;Курьер;Миасс;33567;0;390;33957
704406;202515;5063014;2024-07-08 12:00:43;completed;Самовывоз;Миасс;101435;3754;0;97681
704407;207214;5063052;2024-07-08 21:54:04;completed;Почта России;Челябинск;13044;864;450;12630
704408;200745;5063074;2024-07-08 10:09:53;returned;СДЭК;Челябинск;4990;0;490;5480
704409;;5063087;2024-07-08 11:58:32;completed;Курьер;Златоуст;6490;0;590;7080
704410;202778;5063108;2024-07-08 20:25:18;completed;Почта России;Челябинск;1345;0;350;1695
704411;;5063119;2024-07-08 18:19:56;completed;СДЭК;Челябинск;83567;4178;690;80079
704412;207141;5063144;2024-07-08 14:20:55;completed;Почта России;Челябинск;56345;5634;350;51061
704413;208130;5063160;2024-07-08 17:55:00;completed;Самовывоз;Челябинск;24567;1720;0;22847
704414;209212;5063220;2024-07-08 16:19:28;completed;Самовывоз;Курган;50567;2528;0;48039
704415;;5063224;2024-07-08 22:31:26;completed;СДЭК;Пермь;35889;1810;390;34469
704416;;5063238;2024-07-08 14:16:24;completed;Курьер;Тюмень;26057;1045;390;25402
704417;;5063241;2024-07-08 18:25:36;returned;Самовывоз;Магнитогорск;55790;0;0;55790
704418;201552;5063254;2024-07-09 23:27:56;completed;Курьер;Челябинск;6345;317;0;6028
704419;205538;5063263;2024-07-09 12:18:24;completed;Самовывоз;Златоуст;32790;2295;0;30495
704420;209718;5063288;2024-07-09 17:55:21;completed;Курьер;Казань;77124;2377;390;75137
704421;206783;5063289;2024-07-09 15:25:49;completed;СДЭК;Златоуст;9335;554;590;9371
704422;208543;5063290;2024-07-09 18:10:35;completed;Почта России;Ижевск;86176;2641;350;83885
704423;;5063296;2024-07-09 11:22:35;completed;СДЭК;Челябинск;23351;0;690;24041
704424;202735;5063330;2024-07-09 17:37:19;completed;Курьер;Екатеринбург;113090;0;490;113580
704425;204576;5063335;2024-07-09 11:45:15;completed;Самовывоз;Челябинск;12090;0;0;12090
704426;203399;5063348;2024-07-09 13:02:56;completed;Самовывоз;Екатеринбург;28567;0;0;28567
704427;206471;5063353;2024-07-09 17:31:41;completed;Курьер;Копейск;32567;1628;490;31429
704428;203135;5063357;2024-07-09 11:57:40;completed;Курьер;Санкт-Петербург;113567;0;590;114157
704429;203497;5063374;2024-07-09 22:04:40;payment_failed;Самовывоз;Челябинск;69567;2087;0;67480
704430;;5063398;2024-07-09 15:29:58;cancelled;Курьер;Казань;19567;0;590;20157
704431;208338;5063407;2024-07-09 21:22:07;completed;Курьер;Челябинск;36345;0;0;36345
704432;;5063413;2024-07-09 19:13:55;completed;Курьер;Миасс;570;40;390;920
704433;209664;5063419;2024-07-09 17:26:24;payment_failed;СДЭК;Челябинск;39490;1974;390;37906
704434;206055;5063438;2024-07-09 13:16:11;completed;Курьер;Миасс;19345;0;390;19735
704435;202486;5063448;2024-07-09 19:11:25;completed;Курьер;Копейск;18990;2279;390;17101
704436;201847;5063513;2024-07-09 16:53:10;completed;СДЭК;Ижевск;34968;61;490;35397
704437;209458;5063553;2024-07-09 12:48:45;completed;Курьер;Челябинск;1345;161;290;1474
704438;;5063562;2024-07-09 18:29:47;payment_failed;Самовывоз;Челябинск;9657;180;0;9477
704439;209476;5063582;2024-07-09 08:19:52;completed;СДЭК;Челябинск;82090;8209;490;74371
704440;203853;5063598;2024-07-09 23:10:02;completed;СДЭК;Тюмень;18490;555;490;18425
704441;202183;5063613;2024-07-09 17:15:40;completed;Курьер;Москва;37090;0;490;37580
704442;208690;5063658;2024-07-10 16:57:45;completed;Самовывоз;Екатеринбург;19345;0;0;19345
704443;207723;5063660;2024-07-10 18:40:39;completed;Курьер;Екатеринбург;74357;4988;590;69959
704444;202630;5063713;2024-07-10 09:06:12;cancelled;Самовывоз;Москва;26567;0;0;26567
704445;204237;5063725;2024-07-10 16:34:12;completed;Курьер;Казань;796;0;490;1286
704446;200004;5063737;2024-07-10 11:24:16;completed;Самовывоз;Челябинск;1567;0;0;1567
704447;203555;5063738;2024-07-10 18:21:39;cancelled;Курьер;Челябинск;20490;0;0;20490
704448;208011;5063777;2024-07-10 20:35:15;completed;СДЭК;Уфа;22135;0;590;22725
704449;203173;5063787;2024-07-10 12:46:05;completed;СДЭК;Казань;11790;0;590;12380
704450;205492;5063800;2024-07-10 19:22:06;completed;Курьер;Магнитогорск;1790;179;390;2001
704451;;5063814;2024-07-10 18:21:19;completed;Курьер;Челябинск;8990;629;0;8361
704452;207779;5063832;2024-07-10 17:31:57;completed;Курьер;Казань;77490;5424;590;72656
704453;200897;5063852;2024-07-10 23:03:47;cancelled;Курьер;Челябинск;56090;0;0;56090
704454;204654;5063910;2024-07-10 14:32:22;payment_failed;Самовывоз;Магнитогорск;21780;475;0;21305
704455;;5063912;2024-07-10 12:16:43;completed;Курьер;Челябинск;2680;241;290;2729
704456;207142;5063915;2024-07-10 15:14:24;completed;Курьер;Копейск;2567;0;590;3157
704457;209246;5063927;2024-07-10 11:12:03;completed;Самовывоз;Челябинск;126567;15188;0;111379
704458;;5063943;2024-07-10 18:39:09;completed;Почта России;Пермь;113345;11334;450;102461
704459;202869;5063968;2024-07-10 18:26:06;completed;Курьер;Челябинск;1090;0;290;1380
704460;205338;5063977;2024-07-10 16:09:15;returned;Курьер;Копейск;7790;545;390;7635
704461;205456;5063980;2024-07-10 15:04:42;completed;Почта России;Челябинск;110345;0;450;110795
704462;;5063988;2024-07-10 15:44:23;completed;Курьер;Челябинск;789;0;290;1079
704463;201005;5063989;2024-07-10 19:26:08;completed;Самовывоз;Екатеринбург;25090;0;0;25090
704464;208892;5064021;2024-07-11 13:18:02;completed;Курьер;Златоуст;1090;109;590;1571
704465;203433;5064038;2024-07-11 16:01:03;completed;Курьер;Копейск;13990;1399;590;13181
704466;204227;5064046;2024-07-11 14:07:42;cancelled;Курьер;Екатеринбург;18990;0;590;19580
704467;204753;5064050;2024-07-11 23:14:37;completed;Самовывоз;Магнитогорск;42790;0;0;42790
704468;204945;5064074;2024-07-11 11:03:24;completed;СДЭК;Уфа;27490;1924;390;25956
704469;;5064089;2024-07-11 19:14:45;payment_failed;СДЭК;Челябинск;885;62;490;1313
704470;205451;5064100;2024-07-11 16:22:46;payment_failed;Курьер;Пермь;43345;0;590;43935
704471;205160;5064162;2024-07-11 13:33:40;completed;Самовывоз;Екатеринбург;39790;0;0;39790
704472;207486;5064203;2024-07-11 10:09:01;completed;Курьер;Пермь;9580;0;390;9970
704473;204756;5064219;2024-07-11 17:23:13;completed;Самовывоз;Копейск;1990;0;0;1990
704474;200812;5064231;2024-07-11 13:38:26;payment_failed;Курьер;Челябинск;4090;409;290;3971
704475;208589;5064261;2024-07-11 10:26:37;completed;Самовывоз;Пермь;33090;0;0;33090
704476;203290;5064303;2024-07-11 11:58:47;completed;Курьер;Москва;24567;737;590;24420
704477;204347;5064315;2024-07-11 18:58:34;completed;Самовывоз;Челябинск;3490;105;0;3385
704478;208944;5064333;2024-07-11 09:31:58;completed;Самовывоз;Самара;5480;279;0;5201
704479;;5064339;2024-07-11 13:12:03;completed;Курьер;Челябинск;58912;3960;0;54952
704480;201413;5064357;2024-07-11 20:21:46;completed;СДЭК;Миасс;690;21;590;1259
704481;200661;5064363;2024-07-11 21:30:05;completed;Курьер;Пермь;3090;0;590;3680
704482;208783;5064364;2024-07-11 14:08:13;completed;Курьер;Самара;64790;6479;390;58701
704483;203801;5064400;2024-07-12 12:57:01;completed;Самовывоз;Тюмень;77335;167;0;77168
704484;200086;5064403;2024-07-12 19:51:05;completed;СДЭК;Ижевск;51567;0;390;51957
704485;200535;5064415;2024-07-12 10:17:54;returned;СДЭК;Пермь;12580;879;690;12391
704486;203214;5064430;2024-07-12 20:21:52;completed;Почта России;Челябинск;47780;630;550;47700
704487;205154;5064457;2024-07-12 16:26:16;completed;Самовывоз;Магнитогорск;692;0;0;692
704488;;5064463;2024-07-12 11:26:38;completed;СДЭК;Самара;2567;180;590;2977
704489;200952;5064469;2024-07-12 17:23:18;payment_failed;Курьер;Челябинск;47388;3434;0;43954
704490;204461;5064487;2024-07-12 13:00:24;payment_failed;СДЭК;Миасс;1345;0;390;1735
704491;;5064493;2024-07-12 10:44:20;completed;Курьер;Ижевск;12490;0;590;13080
704492;202482;5064507;2024-07-12 12:39:41;payment_failed;Самовывоз;Миасс;1790;54;0;1736
704493;201362;5064513;2024-07-12 18:00:02;completed;Самовывоз;Уфа;51490;0;0;51490
704494;205172;5064532;2024-07-12 12:47:45;payment_failed;Самовывоз;Пермь;1790;125;0;1665
704495;207048;5064537;2024-07-12 13:11:05;completed;Курьер;Уфа;19990;0;390;20380
704496;207946;5064561;2024-07-12 23:50:51;completed;Самовывоз;Самара;49790;5975;0;43815
704497;202015;5064568;2024-07-12 20:12:56;completed;СДЭК;Москва;16547;1430;690;15807
704498;;5064572;2024-07-12 18:09:56;completed;Самовывоз;Копейск;68990;0;0;68990
704499;203112;5064577;2024-07-12 13:18:34;completed;Курьер;Уфа;21567;647;590;21510
704500;;5064615;2024-07-12 19:08:46;completed;Самовывоз;Челябинск;2690;81;0;2609
704501;208208;5064619;2024-07-12 19:16:52;completed;СДЭК;Челябинск;4580;93;490;4977
704502;204516;5064620;2024-07-12 12:46:53;completed;СДЭК;Ижевск;65567;1967;390;63990
704503;204828;5064631;2024-07-12 22:54:36;completed;Самовывоз;Пермь;111990;0;0;111990
704504;206139;5064649;2024-07-12 15:59:17;completed;Самовывоз;Челябинск;2490;124;0;2366
704505;;5064662;2024-07-12 18:34:59;completed;СДЭК;Пермь;43490;0;390;43880
704506;202905;5064666;2024-07-12 19:10:36;completed;Курьер;Челябинск;35912;2857;0;33055
704507;208677;5064677;2024-07-12 14:35:19;completed;Курьер;Миасс;11490;345;490;11635
704508;205983;5064690;2024-07-12 15:21:27;completed;Курьер;Тюмень;91170;0;390;91560
704509;205185;5064703;2024-07-12 16:00:27;completed;Самовывоз;Челябинск;44480;4009;0;40471
704510;205520;5064708;2024-07-12 15:54:08;completed;Самовывоз;Челябинск;43990;0;0;43990
704511;207901;5064712;2024-07-12 17:53:23;cancelled;Самовывоз;Миасс;37790;2645;0;35145
704512;200062;5064714;2024-07-12 13:06:30;completed;Курьер;Копейск;38557;1300;590;37847
704513;203409;5064722;2024-07-12 11:39:45;completed;Самовывоз;Челябинск;11044;0;0;11044
704514;207767;5064769;2024-07-12 16:52:38;completed;СДЭК;Казань;34790;2435;390;32745
704515;200205;5064774;2024-07-13 15:56:23;completed;СДЭК;Челябинск;21990;1100;590;21480
704516;206375;5064783;2024-07-13 14:49:35;completed;Самовывоз;Оренбург;12090;363;0;11727
704517;;5064784;2024-07-13 17:34:36;completed;Самовывоз;Челябинск;110345;0;0;110345
704518;;5064801;2024-07-13 22:55:16;completed;СДЭК;Челябинск;6180;309;390;6261
704519;201895;5064818;2024-07-13 19:11:10;completed;Курьер;Челябинск;60435;2946;0;57489
704520;200109;5064893;2024-07-13 17:37:53;payment_failed;Курьер;Златоуст;20790;1040;590;20340
704521;;5064926;2024-07-13 19:55:52;payment_failed;Курьер;Тюмень;75335;0;590;75925
704522;208238;5064954;2024-07-13 18:25:20;completed;Самовывоз;Сургут;59657;5966;0;53691
704523;208108;5064978;2024-07-13 16:24:31;completed;Самовывоз;Челябинск;25345;760;0;24585
704524;;5064979;2024-07-13 21:32:47;completed;СДЭК;Челябинск;574;0;690;1264
704525;206541;5064988;2024-07-13 20:07:19;completed;Самовывоз;Копейск;22057;1132;0;20925
704526;204589;5065009;2024-07-13 22:18:34;payment_failed;Курьер;Челябинск;64790;4535;0;60255
704527;;5065023;2024-07-13 09:50:55;completed;СДЭК;Москва;16180;990;490;15680
704528;200834;5065048;2024-07-13 09:58:06;completed;СДЭК;Челябинск;31790;3179;590;29201
704529;;5065053;2024-07-13 18:30:08;completed;Самовывоз;Уфа;7990;799;0;7191
704530;201514;5065063;2024-07-13 11:26:20;completed;Самовывоз;Златоуст;68990;0;0;68990
704531;201180;5065068;2024-07-13 14:26:40;completed;Самовывоз;Челябинск;25567;0;0;25567
704532;206359;5065087;2024-07-13 14:49:40;completed;Почта России;Магнитогорск;1567;0;450;2017
704533;206715;5065108;2024-07-13 13:26:53;completed;Курьер;Челябинск;1567;0;290;1857
704534;;5065173;2024-07-14 15:46:34;completed;Курьер;Тюмень;4990;499;590;5081
704535;200617;5065190;2024-07-14 18:07:43;completed;Самовывоз;Тюмень;109990;7699;0;102291
704536;208226;5065198;2024-07-14 12:15:54;payment_failed;Курьер;Челябинск;65990;6599;0;59391
704537;205302;5065199;2024-07-14 23:07:52;completed;Самовывоз;Оренбург;18090;904;0;17186
704538;206784;5065226;2024-07-14 16:16:43;completed;Самовывоз;Челябинск;22790;0;0;22790
704539;205039;5065234;2024-07-14 09:10:25;payment_failed;Курьер;Челябинск;4990;0;290;5280
704540;208972;5065248;2024-07-14 18:15:18;completed;СДЭК;Челябинск;4567;457;490;4600
704541;209842;5065267;2024-07-14 16:29:48;completed;Почта России;Тюмень;74090;8891;350;65549
704542;205562;5065283;2024-07-14 21:12:18;completed;СДЭК;Пермь;20567;0;490;21057
704543;200975;5065308;2024-07-14 18:48:01;completed;СДЭК;Челябинск;686;0;390;1076
704544;201738;5065320;2024-07-14 18:12:37;completed;СДЭК;Челябинск;65345;4574;590;61361
704545;207966;5065323;2024-07-14 13:18:44;completed;Курьер;Челябинск;2345;0;290;2635
704546;205767;5065336;2024-07-14 14:44:17;completed;Курьер;Челябинск;10880;875;0;10005
704547;208497;5065338;2024-07-14 15:16:00;returned;Самовывоз;Копейск;8880;621;0;8259
704548;209297;5065362;2024-07-14 14:30:00;completed;Самовывоз;Екатеринбург;78567;3928;0;74639
704549;201123;5065407;2024-07-14 17:42:04;completed;Курьер;Златоуст;34990;1750;490;33730
704550;;5065430;2024-07-14 13:25:34;completed;Почта России;Казань;7567;0;350;7917
704551;207236;5065454;2024-07-14 18:49:01;completed;Самовывоз;Челябинск;27990;1400;0;26590
704552;207871;5065455;2024-07-14 14:00:05;completed;Самовывоз;Курган;21345;0;0;21345
704553;201802;5065457;2024-07-14 20:08:31;completed;Курьер;Магнитогорск;3567;178;590;3979
704554;202056;5065470;2024-07-14 15:37:16;completed;Курьер;Тюмень;84490;0;490;84980
704555;204072;5065486;2024-07-14 21:50:41;completed;Самовывоз;Миасс;19790;594;0;19196
704556;207392;5065506;2024-07-14 15:45:10;completed;Самовывоз;Магнитогорск;11273;574;0;10699
704557;207730;5065526;2024-07-14 11:20:06;completed;Самовывоз;Ижевск;69090;2073;0;67017
704558;207995;5065543;2024-07-14 16:18:41;completed;Самовывоз;Магнитогорск;32790;0;0;32790
704559;;5065559;2024-07-14 17:31:36;completed;Самовывоз;Москва;55090;2754;0;52336
704560;206625;5065569;2024-07-14 17:20:06;completed;СДЭК;Казань;1567;110;490;1947
704561;;5065612;2024-07-14 21:24:01;returned;Курьер;Копейск;24447;1220;490;23717
704562;;5065632;2024-07-15 20:18:43;payment_failed;Самовывоз;Челябинск;39980;3749;0;36231
704563;209486;5065633;2024-07-15 22:55:34;completed;Курьер;Магнитогорск;48335;0;390;48725
704564;200328;5065641;2024-07-15 17:29:33;completed;СДЭК;Челябинск;34345;3434;690;31601
704565;202175;5065642;2024-07-15 14:33:07;completed;Почта России;Копейск;24567;1228;550;23889
704566;206094;5065646;2024-07-15 16:27:13;completed;Курьер;Тюмень;27490;0;490;27980
704567;206595;5065652;2024-07-15 19:16:05;completed;Курьер;Челябинск;65990;0;0;65990
704568;205952;5065663;2024-07-15 20:39:12;payment_failed;Курьер;Челябинск;34790;0;0;34790
704569;200890;5065666;2024-07-15 12:26:36;completed;Курьер;Копейск;1990;0;390;2380
704570;205840;5065695;2024-07-15 17:26:13;completed;СДЭК;Нижневартовск;566;0;390;956
704571;203070;5065722;2024-07-15 17:22:22;completed;Самовывоз;Челябинск;3345;234;0;3111
704572;;5065726;2024-07-15 19:18:05;payment_failed;СДЭК;Екатеринбург;20690;1034;390;20046
704573;;5065764;2024-07-15 17:36:57;completed;СДЭК;Новосибирск;3835;75;490;4250
704574;204077;5065827;2024-07-15 10:50:30;completed;Курьер;Челябинск;3580;251;290;3619
704575;208947;5065845;2024-07-15 16:53:23;payment_failed;Почта России;Ижевск;148657;0;350;149007
704576;;5065853;2024-07-15 13:14:00;cancelled;Почта России;Тюмень;70490;0;450;70940
704577;209508;5065858;2024-07-15 18:11:15;completed;Самовывоз;Копейск;19567;587;0;18980
704578;200378;5065865;2024-07-15 16:07:36;completed;Почта России;Копейск;6090;304;550;6336
704579;200407;5065909;2024-07-15 18:50:18;completed;Почта России;Челябинск;24490;735;550;24305
704580;;5065926;2024-07-15 11:16:23;completed;Самовывоз;Казань;40790;4895;0;35895
704581;204577;5065933;2024-07-15 22:54:24;cancelled;Курьер;Челябинск;64790;3240;0;61550
704582;207105;5065937;2024-07-15 14:30:16;completed;Курьер;Челябинск;9090;636;0;8454
704583;209969;5065946;2024-07-15 08:51:35;completed;Почта России;Самара;2490;0;350;2840
704584;209722;5065979;2024-07-15 13:58:03;completed;Самовывоз;Тюмень;33345;3334;0;30011
704585;203359;5065982;2024-07-15 18:08:37;completed;Почта России;Миасс;18567;0;350;18917
704586;202544;5065989;2024-07-15 17:12:29;completed;СДЭК;Миасс;2790;140;590;3240
704587;;5066003;2024-07-15 22:01:54;completed;Самовывоз;Москва;52490;1575;0;50915
704588;202182;5066008;2024-07-15 14:20:48;completed;СДЭК;Челябинск;12567;377;590;12780
704589;201208;5066025;2024-07-15 14:30:20;completed;Курьер;Екатеринбург;111345;3340;390;108395
704590;206427;5066029;2024-07-15 15:31:31;completed;Курьер;Челябинск;34490;1724;0;32766
704591;201289;5066079;2024-07-16 20:18:11;completed;Самовывоз;Екатеринбург;9345;467;0;8878
704592;208531;5066105;2024-07-16 18:21:50;payment_failed;Курьер;Нижневартовск;7567;757;390;7200
704593;202452;5066114;2024-07-16 19:35:56;completed;Курьер;Москва;22490;0;490;22980
704594;202312;5066118;2024-07-16 13:10:13;completed;Курьер;Тюмень;30357;0;390;30747
704595;;5066126;2024-07-16 11:19:17;completed;Почта России;Челябинск;110567;0;450;111017
704596;202903;5066170;2024-07-16 19:59:31;completed;Курьер;Магнитогорск;786;55;590;1321
704597;200673;5066181;2024-07-16 15:36:27;completed;СДЭК;Магнитогорск;24090;0;390;24480
704598;208007;5066207;2024-07-16 18:46:41;returned;Курьер;Челябинск;4345;434;290;4201
704599;208822;5066238;2024-07-16 17:38:15;payment_failed;Самовывоз;Миасс;3790;190;0;3600
704600;206654;5066242;2024-07-16 20:25:52;payment_failed;Почта России;Тюмень;25990;0;450;26440
704601;;5066265;2024-07-16 10:55:41;completed;Самовывоз;Тюмень;1567;0;0;1567
704602;206884;5066297;2024-07-16 17:20:22;completed;Курьер;Челябинск;24657;0;0;24657
704603;200056;5066302;2024-07-16 19:34:17;completed;Самовывоз;Челябинск;36090;0;0;36090
704604;206055;5066305;2024-07-16 17:08:24;payment_failed;СДЭК;Миасс;26990;0;390;27380
704605;207229;5066317;2024-07-16 14:57:16;completed;Курьер;Магнитогорск;45345;0;390;45735
704606;;5066324;2024-07-16 12:20:37;completed;Курьер;Ижевск;25925;1827;390;24488
704607;;5066334;2024-07-16 14:29:04;payment_failed;Курьер;Копейск;791;0;390;1181
704608;205775;5066339;2024-07-16 22:52:16;completed;СДЭК;Челябинск;7490;749;690;7431
704609;;5066350;2024-07-16 17:20:59;completed;СДЭК;Миасс;18790;0;390;19180
704610;202284;5066354;2024-07-16 17:26:57;payment_failed;Почта России;Челябинск;19990;2399;550;18141
704611;202021;5066394;2024-07-16 12:21:17;completed;Почта России;Копейск;21790;0;550;22340
704612;205033;5066400;2024-07-16 19:56:04;completed;СДЭК;Челябинск;1090;76;690;1704
704613;201506;5066409;2024-07-16 21:23:58;completed;Самовывоз;Челябинск;109670;0;0;109670
704614;201469;5066414;2024-07-17 08:20:02;completed;Курьер;Челябинск;65567;3278;0;62289
704615;209222;5066424;2024-07-17 16:13:18;completed;СДЭК;Челябинск;110567;11057;490;100000
704616;206720;5066434;2024-07-17 21:54:29;payment_failed;СДЭК;Челябинск;18345;0;690;19035
704617;207391;5066436;2024-07-17 16:24:08;completed;Самовывоз;Челябинск;7567;378;0;7189
704618;209125;5066442;2024-07-17 16:27:16;completed;Курьер;Челябинск;564;56;290;798
704619;;5066454;2024-07-17 16:32:39;completed;Курьер;Челябинск;31090;1554;0;29536
704620;;5066492;2024-07-17 13:48:00;payment_failed;Курьер;Уфа;39080;309;390;39161
704621;204739;5066500;2024-07-17 18:38:39;completed;СДЭК;Самара;12567;880;490;12177
704622;207643;5066517;2024-07-17 16:28:22;completed;Самовывоз;Уфа;18790;0;0;18790
704623;201977;5066527;2024-07-17 08:41:02;completed;Курьер;Челябинск;1790;90;290;1990
704624;208855;5066536;2024-07-17 13:44:50;completed;Почта России;Челябинск;24490;735;550;24305
704625;;5066541;2024-07-17 20:43:16;completed;Курьер;Челябинск;683;48;290;925
704626;205272;5066560;2024-07-17 18:29:03;completed;СДЭК;Челябинск;564;0;690;1254
704627;202592;5066579;2024-07-17 18:22:11;completed;Самовывоз;Пермь;4567;457;0;4110
704628;;5066590;2024-07-17 12:24:22;completed;Курьер;Копейск;1790;90;590;2290
704629;201712;5066591;2024-07-17 17:27:13;completed;Курьер;Пермь;37990;0;390;38380
704630;;5066623;2024-07-17 15:08:25;completed;Курьер;Миасс;78825;885;390;78330
704631;206822;5066625;2024-07-17 16:22:31;completed;Самовывоз;Челябинск;108990;0;0;108990
704632;205634;5066628;2024-07-17 19:56:38;completed;Самовывоз;Москва;6790;0;0;6790
704633;207598;5066644;2024-07-17 22:09:44;completed;Самовывоз;Уфа;41090;0;0;41090
704634;;5066684;2024-07-17 21:44:42;completed;Курьер;Пермь;64090;6409;590;58271
704635;204819;5066730;2024-07-17 10:51:08;completed;Курьер;Челябинск;42657;2154;0;40503
704636;205897;5066757;2024-07-17 12:33:42;completed;СДЭК;Челябинск;85090;0;490;85580
704637;206657;5066782;2024-07-17 14:49:50;completed;Самовывоз;Ижевск;3869;150;0;3719
704638;209170;5066794;2024-07-17 12:50:32;completed;Самовывоз;Челябинск;56567;2828;0;53739
704639;;5066806;2024-07-18 18:55:22;completed;Курьер;Челябинск;12090;0;0;12090
704640;208570;5066807;2024-07-18 22:22:46;completed;СДЭК;Санкт-Петербург;2990;299;690;3381
704641;203005;5066815;2024-07-18 11:21:44;completed;Курьер;Копейск;34490;2414;390;32466
704642;202308;5066824;2024-07-18 20:03:43;completed;Самовывоз;Уфа;11990;0;0;11990
704643;203618;5066827;2024-07-18 20:26:42;payment_failed;Самовывоз;Миасс;1490;0;0;1490
704644;208088;5066834;2024-07-18 20:22:52;payment_failed;Курьер;Казань;5580;558;490;5512
704645;208490;5066910;2024-07-18 15:29:55;payment_failed;Почта России;Магнитогорск;1990;100;450;2340
704646;204852;5066919;2024-07-18 15:38:23;returned;Самовывоз;Санкт-Петербург;39090;1954;0;37136
704647;209371;5066938;2024-07-18 19:06:14;completed;Самовывоз;Челябинск;11090;333;0;10757
704648;209308;5066954;2024-07-18 17:44:47;payment_failed;Курьер;Курган;2990;209;390;3171
704649;206831;5066979;2024-07-18 21:41:03;payment_failed;Почта России;Самара;39345;0;450;39795
704650;206490;5066982;2024-07-18 19:20:34;completed;Почта России;Курган;35090;0;450;35540
704651;201373;5066983;2024-07-18 20:24:55;cancelled;Курьер;Челябинск;2990;90;290;3190
704652;203064;5066992;2024-07-18 17:38:29;payment_failed;Самовывоз;Копейск;2990;0;0;2990
704653;202880;5066997;2024-07-18 16:14:30;completed;Курьер;Уфа;41880;0;390;42270
704654;201705;5067022;2024-07-18 19:50:57;payment_failed;Курьер;Челябинск;7490;524;0;6966
704655;206111;5067053;2024-07-18 18:53:42;completed;СДЭК;Уфа;35345;1060;690;34975
704656;208693;5067070;2024-07-18 16:25:10;completed;Курьер;Санкт-Петербург;28345;0;490;28835
704657;204167;5067071;2024-07-18 19:42:10;returned;Самовывоз;Москва;44788;0;0;44788
704658;201535;5067101;2024-07-18 18:49:08;completed;СДЭК;Челябинск;63135;3157;590;60568
704659;;5067118;2024-07-18 20:36:07;completed;Самовывоз;Уфа;20345;2034;0;18311
704660;205131;5067124;2024-07-18 23:36:50;completed;Курьер;Москва;1090;0;490;1580
704661;209292;5067125;2024-07-18 16:49:43;completed;Курьер;Челябинск;86880;209;0;86671
704662;203002;5067135;2024-07-18 11:58:48;completed;Самовывоз;Копейск;4345;0;0;4345
704663;207797;5067138;2024-07-18 13:54:14;payment_failed;Самовывоз;Тюмень;18490;0;0;18490
704664;;5067141;2024-07-18 17:36:43;completed;СДЭК;Челябинск;35567;2490;490;33567
704665;;5067165;2024-07-18 17:00:37;completed;Самовывоз;Челябинск;10990;0;0;10990
704666;;5067168;2024-07-18 11:15:59;payment_failed;Курьер;Екатеринбург;83835;4117;490;80208
704667;;5067199;2024-07-19 22:31:50;completed;Самовывоз;Челябинск;800;56;0;744
704668;;5067234;2024-07-19 14:01:12;completed;СДЭК;Москва;696;21;590;1265
704669;206728;5067259;2024-07-19 19:38:14;completed;Самовывоз;Уфа;19490;0;0;19490
704670;202843;5067296;2024-07-19 20:22:19;payment_failed;Курьер;Челябинск;18345;0;0;18345
704671;204798;5067312;2024-07-19 17:47:17;completed;Самовывоз;Новосибирск;109090;0;0;109090
704672;204068;5067325;2024-07-19 12:19:20;payment_failed;Самовывоз;Челябинск;56567;0;0;56567
704673;202355;5067344;2024-07-19 21:44:10;completed;Курьер;Магнитогорск;24567;1228;390;23729
704674;;5067358;2024-07-19 17:56:10;completed;Курьер;Челябинск;8490;0;0;8490
704675;209356;5067360;2024-07-19 19:34:44;completed;Курьер;Сургут;8690;0;390;9080
704676;209348;5067370;2024-07-19 20:16:05;completed;СДЭК;Магнитогорск;27090;0;590;27680
704677;203284;5067373;2024-07-19 17:23:24;completed;Самовывоз;Магнитогорск;26790;0;0;26790
704678;209656;5067411;2024-07-19 14:21:18;completed;Курьер;Челябинск;26547;796;0;25751
704679;200431;5067425;2024-07-19 22:50:46;payment_failed;Самовывоз;Пермь;7490;0;0;7490
704680;207657;5067444;2024-07-19 17:27:05;completed;СДЭК;Пермь;2090;0;690;2780
704681;202392;5067447;2024-07-19 15:50:13;completed;Курьер;Челябинск;1567;0;290;1857
704682;202789;5067471;2024-07-19 20:03:35;completed;Самовывоз;Уфа;1090;0;0;1090
704683;207536;5067474;2024-07-19 13:26:37;completed;Курьер;Челябинск;56447;1954;0;54493
704684;200038;5067482;2024-07-19 20:59:12;completed;Самовывоз;Тюмень;4345;434;0;3911
704685;209352;5067494;2024-07-19 14:25:15;completed;Курьер;Новосибирск;83134;1007;590;82717
704686;204134;5067526;2024-07-19 17:21:12;completed;Курьер;Тюмень;14490;0;490;14980
704687;201313;5067543;2024-07-19 13:13:26;completed;СДЭК;Челябинск;18874;78;590;19386
704688;205068;5067553;2024-07-19 17:28:29;completed;Самовывоз;Магнитогорск;1345;40;0;1305
704689;;5067581;2024-07-19 21:21:44;payment_failed;Курьер;Уфа;23790;1190;590;23190
704690;201403;5067608;2024-07-20 13:48:06;completed;СДЭК;Казань;20280;1014;690;19956
704691;203230;5067620;2024-07-20 16:13:00;completed;Самовывоз;Оренбург;37135;340;0;36795
704692;202583;5067630;2024-07-20 10:51:16;completed;Курьер;Магнитогорск;32345;1617;490;31218
704693;202087;5067650;2024-07-20 18:53:43;completed;СДЭК;Москва;24790;1735;590;23645
704694;;5067651;2024-07-20 19:02:02;completed;Курьер;Копейск;1345;67;390;1668
704695;209076;5067674;2024-07-20 10:22:15;completed;Курьер;Копейск;35090;3509;490;32071
704696;206646;5067724;2024-07-20 16:11:33;completed;Курьер;Ижевск;1490;45;590;2035
704697;200877;5067729;2024-07-20 20:51:09;completed;Курьер;Москва;70335;0;490;70825
704698;207716;5067764;2024-07-20 19:31:41;completed;Почта России;Челябинск;54657;216;550;54991
704699;203763;5067813;2024-07-20 22:36:50;completed;Курьер;Златоуст;36052;39;590;36603
704700;202476;5067820;2024-07-20 17:05:22;payment_failed;Самовывоз;Челябинск;23345;0;0;23345
704701;207207;5067834;2024-07-20 14:31:05;returned;Самовывоз;Челябинск;3090;0;0;3090
704702;204222;5067867;2024-07-20 11:24:39;payment_failed;Курьер;Челябинск;1090;54;290;1326
704703;204928;5067875;2024-07-20 16:57:53;completed;Самовывоз;Самара;31567;2210;0;29357
704704;200023;5067903;2024-07-20 18:50:48;completed;Курьер;Тюмень;27090;0;590;27680
704705;204656;5067912;2024-07-20 14:29:00;completed;Почта России;Нижневартовск;6990;489;550;7051
704706;201665;5067977;2024-07-20 23:30:34;payment_failed;Самовывоз;Екатеринбург;35254;0;0;35254
704707;204129;5067988;2024-07-21 18:40:41;completed;Самовывоз;Миасс;6990;0;0;6990
704708;203142;5067999;2024-07-21 10:51:25;completed;Самовывоз;Курган;50345;1510;0;48835
704709;209239;5068008;2024-07-21 21:38:43;completed;СДЭК;Челябинск;12567;1257;390;11700
704710;204470;5068020;2024-07-21 19:54:45;payment_failed;Самовывоз;Уфа;128280;0;0;128280
704711;202251;5068024;2024-07-21 23:16:55;completed;Самовывоз;Уфа;27090;1896;0;25194
704712;204590;5068027;2024-07-21 20:41:54;payment_failed;Курьер;Челябинск;36567;0;0;36567
704713;208890;5068033;2024-07-21 17:47:22;completed;Курьер;Магнитогорск;24090;0;390;24480
704714;203060;5068035;2024-07-21 22:54:27;payment_failed;Самовывоз;Екатеринбург;80345;0;0;80345
704715;;5068040;2024-07-21 16:36:35;cancelled;Курьер;Челябинск;27090;0;0;27090
704716;202008;5068041;2024-07-21 09:34:23;payment_failed;Курьер;Москва;2567;0;590;3157
704717;209052;5068052;2024-07-21 17:46:43;completed;Курьер;Тюмень;29345;2054;390;27681
704718;207573;5068074;2024-07-21 19:39:25;completed;Самовывоз;Миасс;9567;0;0;9567
704719;207127;5068078;2024-07-21 17:07:10;completed;Курьер;Пермь;26580;0;590;27170
704720;207087;5068091;2024-07-21 10:51:25;payment_failed;Самовывоз;Челябинск;25490;0;0;25490
704721;202608;5068140;2024-07-21 22:58:32;completed;Курьер;Екатеринбург;8490;849;390;8031
704722;;5068156;2024-07-21 22:48:33;completed;Самовывоз;Челябинск;75490;0;0;75490
704723;202988;5068171;2024-07-21 16:28:11;payment_failed;Курьер;Челябинск;79567;0;0;79567
704724;207300;5068184;2024-07-21 18:57:15;completed;Почта России;Копейск;10790;0;550;11340
704725;;5068188;2024-07-21 13:26:29;completed;Самовывоз;Челябинск;3345;0;0;3345
704726;206231;5068225;2024-07-21 12:57:04;completed;СДЭК;Челябинск;95070;4945;490;90615
704727;;5068236;2024-07-21 09:15:06;completed;Курьер;Копейск;3090;216;590;3464
704728;;5068246;2024-07-21 08:42:38;cancelled;СДЭК;Оренбург;8657;209;690;9138
704729;203334;5068251;2024-07-21 17:49:20;completed;Курьер;Златоуст;18345;0;490;18835
704730;206888;5068256;2024-07-21 16:50:45;completed;Почта России;Екатеринбург;19090;0;350;19440
704731;207222;5068259;2024-07-21 22:54:51;payment_failed;Почта России;Челябинск;39490;0;550;40040
704732;205483;5068260;2024-07-21 22:25:36;payment_failed;Курьер;Екатеринбург;56990;0;490;57480
704733;;5068276;2024-07-21 13:47:03;completed;Курьер;Ижевск;31345;2194;590;29741
704734;204895;5068279;2024-07-21 10:50:14;completed;Самовывоз;Челябинск;1790;179;0;1611
704735;;5068295;2024-07-21 18:19:20;completed;Курьер;Оренбург;41880;179;390;42091
704736;207816;5068309;2024-07-21 10:04:44;completed;Самовывоз;Златоуст;574;0;0;574
704737;201446;5068321;2024-07-21 12:58:47;payment_failed;Курьер;Челябинск;7990;0;0;7990
704738;206779;5068330;2024-07-21 19:45:12;completed;Самовывоз;Челябинск;3567;0;0;3567
704739;206983;5068346;2024-07-21 23:16:13;completed;Курьер;Челябинск;682;34;290;938
704740;209238;5068353;2024-07-21 12:05:32;payment_failed;СДЭК;Челябинск;29490;0;690;30180
704741;208132;5068355;2024-07-21 11:19:15;completed;Курьер;Челябинск;700;0;290;990
704742;;5068372;2024-07-21 19:37:05;payment_failed;Курьер;Челябинск;4790;0;290;5080
704743;200133;5068375;2024-07-21 17:08:09;completed;Почта России;Копейск;41345;2067;450;39728
704744;201362;5068386;2024-07-21 09:09:26;payment_failed;СДЭК;Уфа;5689;0;390;6079
704745;205962;5068406;2024-07-22 12:49:23;completed;Курьер;Курган;1990;139;490;2341
704746;206968;5068440;2024-07-22 19:38:04;completed;Курьер;Челябинск;18490;0;0;18490
704747;200295;5068441;2024-07-22 17:45:23;completed;Курьер;Москва;2490;0;590;3080
704748;204648;5068445;2024-07-22 08:32:44;payment_failed;Курьер;Копейск;9134;0;590;9724
704749;;5068446;2024-07-22 11:13:41;completed;Самовывоз;Челябинск;82990;8299;0;74691
704750;206650;5068448;2024-07-22 13:16:35;completed;Самовывоз;Челябинск;36990;4439;0;32551
704751;202028;5068479;2024-07-22 15:31:06;completed;СДЭК;Челябинск;27490;1924;490;26056
704752;203360;5068498;2024-07-22 20:21:27;completed;Курьер;Самара;92228;2850;390;89768
704753;200049;5068510;2024-07-22 20:50:23;completed;Самовывоз;Уфа;19790;1979;0;17811
704754;203553;5068527;2024-07-22 15:03:09;returned;Курьер;Копейск;18790;564;490;18716
704755;203326;5068535;2024-07-22 09:41:43;completed;СДЭК;Челябинск;25490;0;590;26080
704756;209065;5068539;2024-07-22 15:21:39;completed;Курьер;Челябинск;2990;0;290;3280
704757;202524;5068563;2024-07-22 17:20:55;completed;Курьер;Челябинск;73690;0;0;73690
704758;204748;5068597;2024-07-22 13:30:25;completed;Курьер;Пермь;40352;17;390;40725
704759;203490;5068668;2024-07-22 16:33:01;completed;СДЭК;Копейск;68135;1314;590;67411
704760;;5068678;2024-07-22 09:12:26;completed;Самовывоз;Самара;19090;0;0;19090
704761;;5068681;2024-07-22 19:53:38;completed;Курьер;Пермь;5673;88;590;6175
704762;207180;5068696;2024-07-22 17:16:10;completed;Самовывоз;Челябинск;57090;0;0;57090
704763;;5068719;2024-07-22 18:01:58;payment_failed;Курьер;Челябинск;46747;1272;0;45475
704764;;5068733;2024-07-22 12:02:27;completed;СДЭК;Казань;56790;3975;490;53305
704765;207896;5068743;2024-07-22 11:40:55;completed;Курьер;Челябинск;24345;0;0;24345
704766;200415;5068785;2024-07-23 17:47:50;completed;Курьер;Уфа;31557;3188;590;28959
704767;205917;5068791;2024-07-23 08:35:06;payment_failed;Курьер;Москва;24490;1224;490;23756
704768;202989;5068808;2024-07-23 13:06:32;completed;СДЭК;Челябинск;31925;2130;490;30285
704769;204258;5068813;2024-07-23 15:13:00;completed;Самовывоз;Копейск;69345;0;0;69345
704770;208312;5068833;2024-07-23 21:51:30;completed;СДЭК;Челябинск;65790;0;590;66380
704771;203514;5068847;2024-07-23 18:41:01;completed;Курьер;Екатеринбург;7990;559;390;7821
704772;204109;5068853;2024-07-23 21:17:44;payment_failed;Курьер;Челябинск;1567;47;290;1810
704773;200421;5068884;2024-07-23 22:16:24;completed;Самовывоз;Магнитогорск;2790;195;0;2595
704774;207900;5068902;2024-07-23 20:13:48;completed;Курьер;Самара;700;49;590;1241
704775;200504;5068907;2024-07-23 10:41:38;completed;Самовывоз;Екатеринбург;1990;0;0;1990
704776;204098;5068947;2024-07-23 16:16:31;completed;Курьер;Челябинск;1345;94;290;1541
704777;205813;5068977;2024-07-23 20:46:29;payment_failed;Самовывоз;Копейск;10224;872;0;9352
704778;209113;5068992;2024-07-23 11:41:01;payment_failed;Курьер;Екатеринбург;112774;34;490;113230
704779;206880;5069005;2024-07-23 11:33:55;completed;Курьер;Курган;1490;74;490;1906
704780;200900;5069008;2024-07-23 11:27:41;completed;Самовывоз;Челябинск;34790;0;0;34790
704781;;5069015;2024-07-23 10:55:03;completed;СДЭК;Оренбург;56567;0;590;57157
704782;;5069035;2024-07-23 14:38:12;completed;Курьер;Челябинск;3790;114;290;3966
704783;206606;5069048;2024-07-23 12:15:49;completed;Курьер;Тюмень;694;49;490;1135
704784;;5069056;2024-07-23 22:59:32;completed;СДЭК;Челябинск;55690;567;390;55513
704785;;5069062;2024-07-23 16:46:12;payment_failed;СДЭК;Оренбург;69480;3424;590;66646
704786;204436;5069091;2024-07-23 20:09:33;completed;Самовывоз;Челябинск;6990;0;0;6990
704787;202332;5069106;2024-07-23 16:38:05;cancelled;Курьер;Магнитогорск;13490;0;390;13880
704788;207260;5069109;2024-07-23 08:24:45;completed;Самовывоз;Златоуст;6567;197;0;6370
704789;209957;5069110;2024-07-23 17:38:02;completed;Курьер;Екатеринбург;691;0;590;1281
704790;205947;5069146;2024-07-24 16:44:12;completed;Самовывоз;Миасс;62460;2974;0;59486
704791;206787;5069155;2024-07-24 18:58:31;completed;Почта России;Екатеринбург;12490;375;350;12465
704792;203716;5069163;2024-07-24 20:47:18;completed;Курьер;Челябинск;41490;4979;0;36511
704793;203321;5069198;2024-07-24 16:52:35;payment_failed;Курьер;Челябинск;20690;117;0;20573
704794;209890;5069242;2024-07-24 15:50:44;completed;Самовывоз;Челябинск;2790;84;0;2706
704795;201049;5069249;2024-07-24 21:55:34;completed;СДЭК;Златоуст;6790;475;490;6805
704796;209475;5069251;2024-07-24 17:28:09;completed;Курьер;Челябинск;2490;75;290;2705
704797;206844;5069256;2024-07-24 20:10:06;completed;Курьер;Златоуст;3990;0;390;4380
704798;203686;5069259;2024-07-24 18:47:14;completed;СДЭК;Челябинск;1090;0;390;1480
704799;;5069269;2024-07-24 14:21:40;completed;Курьер;Челябинск;46747;1185;0;45562
704800;202428;5069310;2024-07-24 23:01:55;completed;СДЭК;Магнитогорск;11990;0;490;12480
704801;204625;5069312;2024-07-24 18:47:30;completed;Самовывоз;Миасс;42835;1624;0;41211
704802;206421;5069322;2024-07-24 16:06:10;payment_failed;Самовывоз;Златоуст;561;56;0;505
704803;200884;5069325;2024-07-24 17:48:50;completed;СДЭК;Москва;4790;0;390;5180
704804;204170;5069327;2024-07-24 19:03:02;completed;СДЭК;Самара;1345;0;590;1935
704805;202859;5069361;2024-07-24 18:09:02;completed;Курьер;Челябинск;32080;2245;0;29835
704806;200331;5069373;2024-07-24 15:19:39;completed;СДЭК;Магнитогорск;110490;0;490;110980
704807;207685;5069406;2024-07-24 13:12:48;completed;СДЭК;Миасс;884;0;390;1274
704808;;5069429;2024-07-24 15:27:18;completed;Самовывоз;Екатеринбург;73567;5150;0;68417
704809;202327;5069436;2024-07-24 20:57:46;completed;Курьер;Челябинск;6090;0;0;6090
704810;205789;5069453;2024-07-24 11:30:01;completed;Самовывоз;Копейск;38567;1928;0;36639
704811;205730;5069459;2024-07-24 18:20:02;completed;Почта России;Казань;71625;3299;450;68776
704812;209460;5069475;2024-07-24 23:03:05;completed;СДЭК;Челябинск;89780;0;390;90170
704813;207343;5069484;2024-07-24 16:30:58;completed;Самовывоз;Челябинск;70567;3528;0;67039
704814;;5069487;2024-07-24 20:00:27;payment_failed;Самовывоз;Челябинск;40345;0;0;40345
704815;;5069492;2024-07-24 13:01:52;completed;Самовывоз;Челябинск;29325;598;0;28727
704816;206734;5069502;2024-07-25 20:44:07;completed;Курьер;Челябинск;25990;780;0;25210
704817;201899;5069524;2024-07-25 22:21:17;completed;Самовывоз;Миасс;6980;384;0;6596
704818;;5069526;2024-07-25 19:08:17;payment_failed;Самовывоз;Курган;38090;0;0;38090
704819;206554;5069530;2024-07-25 18:25:17;completed;Почта России;Челябинск;85880;3204;550;83226
704820;209409;5069533;2024-07-25 19:04:32;completed;Курьер;Челябинск;18990;570;0;18420
704821;208500;5069542;2024-07-25 21:11:54;payment_failed;Курьер;Курган;4345;304;590;4631
704822;206366;5069554;2024-07-25 18:39:29;completed;Курьер;Челябинск;48280;744;0;47536
704823;;5069561;2024-07-25 22:04:09;completed;СДЭК;Тюмень;783;23;490;1250
704824;205513;5069566;2024-07-25 15:34:46;completed;Курьер;Миасс;39790;1990;490;38290
704825;;5069581;2024-07-25 14:28:42;completed;СДЭК;Казань;4090;0;590;4680
704826;208155;5069677;2024-07-25 19:31:50;completed;Почта России;Челябинск;18790;0;350;19140
704827;;5069684;2024-07-25 22:18:11;payment_failed;Курьер;Самара;94435;1150;390;93675
704828;;5069697;2024-07-25 18:42:38;payment_failed;СДЭК;Тюмень;39990;0;590;40580
704829;206756;5069709;2024-07-25 20:20:09;completed;СДЭК;Миасс;21057;0;390;21447
704830;;5069711;2024-07-25 18:54:39;payment_failed;СДЭК;Челябинск;77835;1720;690;76805
704831;;5069713;2024-07-25 21:31:18;completed;Курьер;Самара;1490;104;390;1776
704832;208533;5069761;2024-07-25 13:58:18;completed;Курьер;Копейск;3790;0;590;4380
704833;;5069777;2024-07-25 14:02:10;completed;Курьер;Челябинск;3567;0;290;3857
704834;205384;5069785;2024-07-25 19:26:20;completed;Курьер;Самара;4990;0;490;5480
704835;209247;5069800;2024-07-25 20:32:02;completed;Курьер;Златоуст;9567;0;390;9957
704836;204802;5069804;2024-07-25 16:11:46;completed;Курьер;Уфа;18490;924;490;18056
704837;207606;5069808;2024-07-25 14:10:29;completed;СДЭК;Уфа;64345;4504;490;60331
704838;209736;5069816;2024-07-25 14:33:58;completed;СДЭК;Нижневартовск;23490;1174;390;22706
704839;205663;5069858;2024-07-25 17:39:09;returned;Курьер;Екатеринбург;27490;1924;490;26056
704840;201122;5069864;2024-07-25 11:04:02;completed;Курьер;Екатеринбург;2490;174;590;2906
704841;205255;5069876;2024-07-25 11:10:48;completed;СДЭК;Миасс;14990;450;490;15030
704842;;5069889;2024-07-25 15:50:55;completed;Курьер;Миасс;13090;0;390;13480
704843;206643;5069910;2024-07-26 16:17:35;completed;СДЭК;Копейск;118370;213;590;118747
704844;;5069926;2024-07-26 18:31:34;completed;Самовывоз;Челябинск;34990;3499;0;31491
704845;209936;5069936;2024-07-26 10:15:06;completed;Курьер;Уфа;85228;29;590;85789
704846;201934;5069956;2024-07-26 12:49:56;completed;Самовывоз;Златоуст;129570;1204;0;128366
704847;;5070002;2024-07-26 15:43:38;cancelled;Самовывоз;Уфа;19090;954;0;18136
704848;203809;5070017;2024-07-26 17:53:38;completed;Почта России;Челябинск;74835;0;350;75185
704849;205363;5070023;2024-07-26 20:18:50;payment_failed;Самовывоз;Магнитогорск;7567;757;0;6810
704850;200219;5070042;2024-07-26 18:30:49;completed;Самовывоз;Магнитогорск;148335;10934;0;137401
704851;201731;5070069;2024-07-26 20:15:12;payment_failed;СДЭК;Миасс;4090;286;390;4194
704852;204763;5070079;2024-07-26 14:43:05;completed;СДЭК;Курган;64490;0;690;65180
704853;207144;5070090;2024-07-26 16:05:15;completed;Самовывоз;Челябинск;3831;308;0;3523
704854;204854;5070129;2024-07-26 22:20:35;payment_failed;Самовывоз;Челябинск;37280;874;0;36406
704855;203760;5070130;2024-07-26 08:50:00;completed;Самовывоз;Златоуст;29080;0;0;29080
704856;208538;5070183;2024-07-26 20:19:33;completed;Самовывоз;Тюмень;34990;1050;0;33940
704857;;5070254;2024-07-26 22:21:24;completed;Курьер;Екатеринбург;85090;5956;590;79724
704858;200401;5070263;2024-07-26 21:02:12;completed;Самовывоз;Челябинск;790;40;0;750
704859;203354;5070264;2024-07-26 11:37:05;completed;Самовывоз;Магнитогорск;2490;0;0;2490
704860;;5070268;2024-07-26 18:29:03;completed;Самовывоз;Челябинск;1090;54;0;1036
704861;205456;5070270;2024-07-26 11:50:37;completed;СДЭК;Челябинск;89990;0;590;90580
704862;202434;5070303;2024-07-27 17:02:32;completed;Курьер;Магнитогорск;92580;8412;490;84658
704863;201610;5070304;2024-07-27 18:21:50;payment_failed;Курьер;Курган;38180;1908;490;36762
704864;208598;5070309;2024-07-27 12:55:48;payment_failed;СДЭК;Курган;2990;0;390;3380
704865;209343;5070335;2024-07-27 21:45:16;completed;Курьер;Златоуст;37490;4499;590;33581
704866;208172;5070353;2024-07-27 20:53:13;completed;Самовывоз;Курган;44990;0;0;44990
704867;;5070375;2024-07-27 20:33:41;payment_failed;Самовывоз;Челябинск;2990;90;0;2900
704868;;5070385;2024-07-27 19:36:02;completed;СДЭК;Челябинск;37567;2630;390;35327
704869;202519;5070392;2024-07-27 21:35:44;completed;СДЭК;Тюмень;2090;251;590;2429
704870;204693;5070412;2024-07-27 17:37:05;completed;Самовывоз;Челябинск;80490;5634;0;74856
704871;206780;5070498;2024-07-27 16:54:09;completed;Самовывоз;Екатеринбург;41057;1974;0;39083
704872;207389;5070510;2024-07-27 18:27:17;payment_failed;Курьер;Магнитогорск;24990;2499;590;23081
704873;;5070515;2024-07-27 08:22:41;completed;Курьер;Миасс;23567;0;490;24057
704874;202759;5070521;2024-07-27 19:58:35;completed;Курьер;Сургут;55490;0;590;56080
704875;;5070543;2024-07-27 22:36:54;completed;СДЭК;Екатеринбург;59670;2474;690;57886
704876;204071;5070564;2024-07-27 18:12:36;completed;СДЭК;Екатеринбург;2090;146;390;2334
704877;200092;5070572;2024-07-27 20:08:53;completed;Курьер;Москва;2790;0;390;3180
704878;203022;5070599;2024-07-27 12:02:32;payment_failed;СДЭК;Челябинск;19567;1370;590;18787
704879;206009;5070613;2024-07-27 11:50:12;payment_failed;СДЭК;Миасс;20490;615;390;20265
704880;;5070628;2024-07-27 19:27:41;completed;СДЭК;Курган;19567;1370;490;18687
704881;200978;5070630;2024-07-27 15:41:29;completed;Курьер;Челябинск;34345;1030;0;33315
704882;;5070639;2024-07-27 21:26:23;payment_failed;СДЭК;Екатеринбург;1490;45;390;1835
704883;205432;5070668;2024-07-27 19:19:02;completed;Курьер;Магнитогорск;34790;2435;590;32945
704884;;5070705;2024-07-27 12:50:18;completed;СДЭК;Челябинск;3790;0;590;4380
704885;206692;5070707;2024-07-27 15:28:17;completed;СДЭК;Москва;20274;55;590;20809
704886;207948;5070714;2024-07-27 14:02:49;payment_failed;Почта России;Челябинск;25687;21;350;26016
704887;206112;5070730;2024-07-27 11:11:49;completed;Курьер;Челябинск;11567;578;0;10989
704888;209462;5070741;2024-07-27 16:46:01;completed;Самовывоз;Челябинск;1782;21;0;1761
704889;203739;5070746;2024-07-27 16:45:57;payment_failed;СДЭК;Казань;80980;0;690;81670
704890;201179;5070752;2024-07-28 22:22:13;completed;СДЭК;Челябинск;19490;585;390;19295
704891;202748;5070755;2024-07-28 12:28:38;completed;Самовывоз;Магнитогорск;21335;2133;0;19202
704892;203791;5070767;2024-07-28 18:08:52;completed;СДЭК;Ижевск;39357;2063;490;37784
704893;204770;5070768;2024-07-28 20:20:42;payment_failed;Курьер;Челябинск;24567;0;0;24567
704894;;5070779;2024-07-28 17:03:01;completed;СДЭК;Пермь;700;0;690;1390
704895;209045;5070854;2024-07-28 13:39:21;completed;СДЭК;Копейск;26090;1304;490;25276
704896;;5070894;2024-07-28 20:05:40;completed;Почта России;Оренбург;33990;1700;350;32640
704897;204738;5070903;2024-07-28 12:54:10;completed;Курьер;Копейск;892;0;590;1482
704898;208456;5070905;2024-07-28 14:19:00;completed;СДЭК;Магнитогорск;27335;0;690;28025
704899;205719;5070926;2024-07-28 20:26:23;completed;Курьер;Челябинск;785;39;290;1036
704900;204100;5070934;2024-07-28 17:32:06;payment_failed;Самовывоз;Челябинск;6345;0;0;6345
704901;209276;5070967;2024-07-28 22:35:24;completed;Самовывоз;Казань;56790;5679;0;51111
704902;;5070968;2024-07-28 16:42:48;completed;Курьер;Новосибирск;76567;7657;390;69300
704903;204877;5070997;2024-07-28 20:57:24;completed;Курьер;Курган;2090;63;490;2517
704904;202704;5071007;2024-07-28 13:35:28;completed;СДЭК;Челябинск;68925;2159;490;67256
704905;208846;5071013;2024-07-28 14:11:13;completed;Самовывоз;Миасс;19090;1336;0;17754
704906;209277;5071023;2024-07-28 16:56:57;completed;Самовывоз;Миасс;36057;1877;0;34180
704907;203049;5071030;2024-07-28 13:44:52;payment_failed;Курьер;Челябинск;3435;104;290;3621
704908;203179;5071041;2024-07-28 18:21:09;completed;Почта России;Челябинск;3990;0;550;4540
704909;201609;5071044;2024-07-28 19:00:25;payment_failed;СДЭК;Пермь;2345;0;590;2935
704910;204586;5071053;2024-07-28 10:16:30;payment_failed;Самовывоз;Екатеринбург;72090;0;0;72090
704911;205155;5071061;2024-07-28 15:34:36;completed;Курьер;Челябинск;17090;513;0;16577
704912;206674;5071066;2024-07-28 21:24:09;completed;Курьер;Тюмень;7990;559;390;7821
704913;203166;5071081;2024-07-28 20:10:03;completed;Курьер;Челябинск;22990;2299;0;20691
704914;206704;5071087;2024-07-28 17:05:01;completed;Почта России;Магнитогорск;11029;0;550;11579
704915;;5071108;2024-07-28 15:33:57;payment_failed;Самовывоз;Екатеринбург;29159;1106;0;28053
704916;203640;5071144;2024-07-28 22:28:05;completed;Курьер;Казань;40480;4139;490;36831
704917;200616;5071164;2024-07-28 15:17:01;completed;Курьер;Челябинск;3345;100;290;3535
704918;202926;5071173;2024-07-29 16:12:54;completed;Самовывоз;Казань;64090;0;0;64090
704919;202977;5071174;2024-07-29 15:36:16;completed;Курьер;Нижневартовск;11567;0;590;12157
704920;206703;5071189;2024-07-29 08:38:46;completed;Самовывоз;Уфа;23790;0;0;23790
704921;;5071194;2024-07-29 15:40:54;completed;Самовывоз;Челябинск;35345;0;0;35345
704922;;5071208;2024-07-29 14:55:09;completed;Почта России;Магнитогорск;34090;0;450;34540
704923;206134;5071226;2024-07-29 16:02:24;completed;Курьер;Челябинск;33567;0;0;33567
704924;207983;5071228;2024-07-29 14:01:36;completed;Курьер;Уфа;9134;0;590;9724
704925;204995;5071231;2024-07-29 14:12:19;completed;Самовывоз;Казань;5135;179;0;4956
704926;205711;5071301;2024-07-29 09:50:09;completed;СДЭК;Челябинск;52345;1570;490;51265
704927;205096;5071312;2024-07-29 17:11:43;payment_failed;Курьер;Челябинск;3990;200;290;4080
704928;205037;5071355;2024-07-29 18:16:09;payment_failed;Самовывоз;Челябинск;25567;1790;0;23777
704929;201759;5071366;2024-07-29 23:55:55;completed;СДЭК;Миасс;19990;1999;490;18481
704930;202821;5071409;2024-07-29 11:36:02;completed;СДЭК;Челябинск;23345;1167;490;22668
704931;202924;5071412;2024-07-29 16:26:40;completed;Курьер;Курган;65345;0;390;65735
704932;205600;5071416;2024-07-29 16:11:38;completed;Курьер;Челябинск;7790;0;0;7790
704933;200786;5071423;2024-07-29 14:59:25;completed;Самовывоз;Санкт-Петербург;3990;120;0;3870
704934;203556;5071426;2024-07-29 21:11:22;payment_failed;Самовывоз;Уфа;27057;1894;0;25163
704935;;5071436;2024-07-29 18:53:09;completed;Курьер;Челябинск;13868;1664;0;12204
704936;;5071445;2024-07-29 10:07:31;completed;Самовывоз;Челябинск;8490;0;0;8490
704937;207420;5071448;2024-07-29 12:47:43;payment_failed;СДЭК;Магнитогорск;4490;0;590;5080
704938;201777;5071450;2024-07-29 20:53:50;completed;Курьер;Челябинск;78790;9455;0;69335
704939;208400;5071481;2024-07-29 18:33:28;completed;Курьер;Курган;42567;1277;390;41680
704940;;5071491;2024-07-29 15:05:51;completed;Курьер;Сургут;10780;754;490;10516
704941;203122;5071494;2024-07-29 09:53:04;completed;Самовывоз;Челябинск;39345;0;0;39345
704942;209978;5071501;2024-07-29 23:27:13;cancelled;СДЭК;Тюмень;24345;0;690;25035
704943;201484;5071507;2024-07-29 15:23:59;completed;Самовывоз;Челябинск;35490;1065;0;34425
704944;205286;5071514;2024-07-29 17:15:46;payment_failed;Самовывоз;Ижевск;36567;0;0;36567
704945;206520;5071532;2024-07-29 11:54:32;completed;Самовывоз;Челябинск;30580;1645;0;28935
704946;;5071539;2024-07-29 22:56:54;completed;Курьер;Курган;1990;0;490;2480
704947;;5071553;2024-07-29 16:32:49;completed;Курьер;Копейск;37990;2659;590;35921
704948;;5071610;2024-07-30 16:43:24;completed;Курьер;Тюмень;12567;0;590;13157
704949;209837;5071620;2024-07-30 17:48:23;returned;СДЭК;Миасс;65990;0;690;66680
704950;201089;5071621;2024-07-30 17:08:19;completed;Самовывоз;Челябинск;11357;857;0;10500
704951;203818;5071643;2024-07-30 13:35:19;completed;Курьер;Копейск;19490;974;590;19106
704952;202852;5071684;2024-07-30 19:06:40;payment_failed;Самовывоз;Екатеринбург;3990;0;0;3990
704953;201840;5071698;2024-07-30 10:19:26;completed;Курьер;Копейск;7345;0;590;7935
704954;207530;5071711;2024-07-30 19:12:03;completed;Курьер;Курган;4090;0;390;4480
704955;208487;5071721;2024-07-30 14:43:01;completed;Почта России;Пермь;64790;6479;550;58861
704956;201901;5071728;2024-07-30 19:56:15;completed;Курьер;Самара;21990;660;490;21820
704957;;5071763;2024-07-30 10:12:11;completed;СДЭК;Москва;1090;33;390;1447
704958;209624;5071769;2024-07-30 15:29:38;completed;Самовывоз;Челябинск;22090;663;0;21427
704959;;5071815;2024-07-30 19:17:22;completed;СДЭК;Новосибирск;58580;640;490;58430
704960;;5071853;2024-07-30 15:16:14;completed;Самовывоз;Челябинск;6490;324;0;6166
704961;208787;5071856;2024-07-30 16:34:36;completed;Курьер;Челябинск;6990;699;0;6291
704962;200127;5071861;2024-07-30 20:12:14;payment_failed;Курьер;Ижевск;43479;811;490;43158
704963;;5071909;2024-07-30 17:00:00;completed;Самовывоз;Уфа;18490;555;0;17935
704964;202698;5071913;2024-07-30 16:32:19;completed;Курьер;Челябинск;39490;1974;0;37516
704965;202824;5071943;2024-07-31 08:56:13;completed;Курьер;Челябинск;29580;904;0;28676
704966;;5071953;2024-07-31 18:22:29;payment_failed;СДЭК;Пермь;34345;1030;590;33905
704967;205948;5071956;2024-07-31 16:53:28;completed;СДЭК;Ижевск;2990;0;390;3380
704968;201035;5071985;2024-07-31 08:58:19;completed;Курьер;Копейск;47002;1347;590;46245
704969;200725;5071991;2024-07-31 23:42:22;completed;Курьер;Челябинск;56345;3944;0;52401
704970;201358;5072002;2024-07-31 16:04:18;payment_failed;СДЭК;Курган;27090;0;390;27480
704971;206090;5072027;2024-07-31 19:19:25;completed;СДЭК;Копейск;127490;15299;390;112581
704972;206468;5072081;2024-07-31 12:09:52;completed;СДЭК;Челябинск;2345;234;690;2801
704973;;5072095;2024-07-31 17:58:51;payment_failed;Курьер;Магнитогорск;68990;0;490;69480
704974;207869;5072127;2024-07-31 15:40:10;payment_failed;Почта России;Новосибирск;13790;414;450;13826
704975;208147;5072158;2024-07-31 11:00:22;completed;Самовывоз;Челябинск;1090;0;0;1090
704976;202225;5072163;2024-07-31 21:02:55;completed;Самовывоз;Уфа;73990;0;0;73990
704977;207968;5072173;2024-07-31 22:42:05;returned;Курьер;Челябинск;32080;209;0;31871
704978;207353;5072177;2024-07-31 19:58:11;payment_failed;Курьер;Челябинск;25345;0;0;25345
704979;205906;5072199;2024-07-31 12:08:49;completed;СДЭК;Копейск;39345;0;490;39835
704980;201331;5072209;2024-07-31 10:35:32;completed;Почта России;Челябинск;2490;0;450;2940
704981;201888;5072221;2024-07-31 17:53:59;completed;Курьер;Казань;791;0;390;1181
704982;202734;5072230;2024-07-31 20:41:51;completed;СДЭК;Тюмень;25080;100;390;25370
704983;203868;5072246;2024-07-31 15:26:41;payment_failed;Курьер;Екатеринбург;52990;2650;390;50730
704984;208665;5072249;2024-07-31 18:40:37;completed;Курьер;Копейск;28990;3479;590;26101
704985;208982;5072262;2024-07-31 17:16:12;completed;Самовывоз;Челябинск;8980;0;0;8980
704986;200681;5072304;2024-07-31 12:13:06;completed;СДЭК;Копейск;9823;335;390;9878
704987;201549;5072309;2024-07-31 16:54:05;payment_failed;Самовывоз;Челябинск;29349;0;0;29349
704988;;5072310;2024-07-31 15:14:14;cancelled;Курьер;Копейск;40480;570;590;40500
704989;;5072319;2024-07-31 10:33:48;completed;Курьер;Москва;44490;5339;390;39541
704990;;5072334;2024-08-01 12:04:20;completed;Курьер;Копейск;141912;0;390;142302
704991;209696;5072336;2024-08-01 18:29:22;completed;Почта России;Челябинск;1582;158;450;1874
704992;205339;5072351;2024-08-01 13:55:44;payment_failed;Курьер;Челябинск;68480;105;0;68375
704993;204654;5072365;2024-08-01 14:52:10;completed;Самовывоз;Магнитогорск;24990;2499;0;22491
704994;209610;5072367;2024-08-01 20:58:05;payment_failed;Курьер;Курган;111345;3340;490;108495
704995;200528;5072375;2024-08-01 21:36:22;completed;СДЭК;Челябинск;10990;1099;690;10581
704996;204636;5072386;2024-08-01 12:50:16;completed;Самовывоз;Магнитогорск;5490;274;0;5216
704997;202930;5072389;2024-08-01 21:24:22;completed;Курьер;Челябинск;1990;199;290;2081
704998;202626;5072395;2024-08-01 09:14:13;payment_failed;Почта России;Уфа;4225;0;550;4775
704999;208335;5072440;2024-08-01 17:47:21;completed;Самовывоз;Копейск;2490;75;0;2415
705000;204613;5072441;2024-08-01 18:21:15;completed;Курьер;Уфа;20790;0;390;21180
705001;205462;5072449;2024-08-01 16:34:42;payment_failed;Курьер;Челябинск;83564;0;0;83564
705002;209394;5072453;2024-08-01 20:38:29;payment_failed;Курьер;Златоуст;11345;0;390;11735
705003;206944;5072466;2024-08-01 09:59:27;completed;Курьер;Копейск;878;44;490;1324
705004;203814;5072480;2024-08-01 21:39:17;completed;СДЭК;Курган;1345;0;490;1835
705005;207387;5072491;2024-08-01 09:29:15;completed;Курьер;Челябинск;682;68;290;904
705006;;5072544;2024-08-01 22:21:11;completed;Курьер;Екатеринбург;36280;2468;390;34202
705007;206384;5072554;2024-08-01 14:32:03;completed;Курьер;Курган;43924;0;390;44314
705008;203060;5072560;2024-08-01 21:54:49;completed;Курьер;Екатеринбург;112345;13481;590;99454
705009;207682;5072564;2024-08-01 13:41:51;completed;Почта России;Екатеринбург;43345;0;450;43795
705010;203304;5072567;2024-08-01 13:25:24;completed;Почта России;Курган;38990;0;450;39440
705011;208963;5072572;2024-08-01 17:49:39;payment_failed;Курьер;Копейск;27490;0;490;27980
705012;206096;5072573;2024-08-01 12:42:13;payment_failed;Курьер;Копейск;42029;68;390;42351
705013;203529;5072584;2024-08-01 08:34:27;completed;Самовывоз;Челябинск;113790;0;0;113790
705014;204926;5072605;2024-08-01 11:49:56;completed;Самовывоз;Челябинск;28345;3401;0;24944
705015;207201;5072662;2024-08-01 11:27:27;completed;Курьер;Москва;69480;7919;390;61951
705016;206514;5072673;2024-08-01 10:31:50;completed;Курьер;Тюмень;5261;249;590;5602
705017;203700;5072681;2024-08-01 19:25:43;returned;Курьер;Челябинск;73490;0;0;73490
705018;204139;5072692;2024-08-01 12:03:53;payment_failed;Курьер;Миасс;6990;0;490;7480
705019;208543;5072704;2024-08-01 12:58:16;completed;Курьер;Ижевск;119480;749;390;119121
705020;201514;5072726;2024-08-02 11:19:17;completed;СДЭК;Златоуст;47045;3555;690;44180
705021;209643;5072768;2024-08-02 14:08:42;completed;Почта России;Екатеринбург;25912;1782;450;24580
705022;;5072778;2024-08-02 21:12:57;payment_failed;СДЭК;Ижевск;67580;3274;690;64996
705023;206305;5072780;2024-08-02 14:43:55;payment_failed;Курьер;Тюмень;80147;7848;490;72789
705024;201302;5072795;2024-08-02 20:31:51;completed;Курьер;Челябинск;3090;0;290;3380
705025;208433;5072807;2024-08-02 20:17:32;completed;Самовывоз;Челябинск;38547;209;0;38338
705026;206866;5072833;2024-08-02 12:07:56;completed;Курьер;Магнитогорск;22780;2139;390;21031
705027;;5072834;2024-08-02 13:48:13;payment_failed;Курьер;Курган;44347;909;590;44028
705028;201459;5072837;2024-08-02 15:39:15;completed;Курьер;Казань;2567;0;590;3157
705029;201361;5072854;2024-08-02 21:04:28;completed;СДЭК;Миасс;90347;178;490;90659
705030;209658;5072865;2024-08-02 18:44:05;completed;Курьер;Челябинск;29090;0;0;29090
705031;;5072877;2024-08-02 22:29:42;completed;Самовывоз;Екатеринбург;1490;0;0;1490
705032;207223;5072887;2024-08-02 19:49:56;completed;Почта России;Челябинск;797;40;550;1307
705033;;5072891;2024-08-02 16:55:38;completed;Курьер;Копейск;115057;3586;390;111861
705034;207556;5072899;2024-08-02 14:48:58;completed;Самовывоз;Магнитогорск;1368;0;0;1368
705035;205582;5072904;2024-08-02 17:15:53;completed;СДЭК;Уфа;1140;0;390;1530
705036;203354;5072914;2024-08-02 21:37:35;completed;СДЭК;Магнитогорск;41090;0;390;41480
705037;202457;5072929;2024-08-02 19:34:29;payment_failed;Почта России;Челябинск;117657;827;350;117180
705038;204768;5072930;2024-08-02 16:11:02;completed;Самовывоз;Екатеринбург;3990;0;0;3990
705039;201918;5072952;2024-08-02 13:33:13;payment_failed;Курьер;Челябинск;36090;3609;0;32481
705040;208341;5072955;2024-08-02 13:48:16;completed;Курьер;Златоуст;17490;1749;390;16131
705041;202820;5072956;2024-08-02 15:31:33;completed;Самовывоз;Челябинск;29780;500;0;29280
705042;209960;5072972;2024-08-02 10:39:50;completed;Курьер;Москва;18567;1300;390;17657
705043;207240;5072976;2024-08-02 15:43:08;completed;Курьер;Уфа;1566;0;590;2156
705044;202920;5072984;2024-08-02 16:19:10;completed;Самовывоз;Москва;21990;0;0;21990
705045;200788;5073007;2024-08-02 21:20:04;completed;Самовывоз;Челябинск;41335;3499;0;37836
705046;209717;5073012;2024-08-02 23:12:42;completed;Курьер;Челябинск;2345;164;290;2471
705047;201807;5073017;2024-08-02 20:22:04;completed;СДЭК;Санкт-Петербург;64490;7739;590;57341
705048;209829;5073037;2024-08-02 09:13:41;completed;Курьер;Челябинск;26990;0;0;26990
705049;205803;5073050;2024-08-02 14:32:24;completed;Самовывоз;Копейск;2567;0;0;2567
705050;208354;5073055;2024-08-02 22:41:38;completed;Курьер;Челябинск;26490;2649;0;23841
705051;207831;5073074;2024-08-02 22:06:24;completed;Самовывоз;Златоуст;7567;530;0;7037
705052;209317;5073083;2024-08-02 11:10:08;payment_failed;Самовывоз;Тюмень;25377;27;0;25350
705053;205554;5073097;2024-08-02 17:39:21;completed;Курьер;Оренбург;6790;475;390;6705
705054;204578;5073106;2024-08-02 15:36:37;completed;Курьер;Уфа;29567;2070;390;27887
705055;;5073111;2024-08-02 18:05:36;completed;СДЭК;Оренбург;1790;54;590;2326
705056;206899;5073141;2024-08-02 19:34:49;completed;Самовывоз;Миасс;684;34;0;650
705057;206854;5073146;2024-08-03 17:28:57;completed;СДЭК;Самара;42474;0;590;43064
705058;205836;5073153;2024-08-03 17:36:04;completed;Самовывоз;Магнитогорск;22567;0;0;22567
705059;203267;5073154;2024-08-03 09:50:10;payment_failed;Курьер;Самара;22490;2249;390;20631
705060;207347;5073156;2024-08-03 23:30:42;completed;Курьер;Курган;12990;0;490;13480
705061;200332;5073160;2024-08-03 17:58:20;completed;СДЭК;Уфа;900;0;590;1490
705062;209489;5073186;2024-08-03 14:22:52;completed;СДЭК;Тюмень;34790;3479;590;31901
705063;200596;5073213;2024-08-03 19:04:46;completed;Почта России;Златоуст;90090;0;550;90640
705064;206274;5073221;2024-08-03 17:55:43;completed;Курьер;Копейск;129335;11099;590;118826
705065;201481;5073232;2024-08-03 15:51:43;completed;Самовывоз;Челябинск;6490;649;0;5841
705066;206518;5073242;2024-08-03 16:06:10;completed;Самовывоз;Магнитогорск;57090;0;0;57090
705067;203161;5073265;2024-08-03 14:38:01;payment_failed;Самовывоз;Магнитогорск;562;39;0;523
705068;205245;5073270;2024-08-03 18:38:17;completed;Самовывоз;Пермь;6345;317;0;6028
705069;203363;5073293;2024-08-03 22:11:38;cancelled;Самовывоз;Миасс;892;0;0;892
705070;203317;5073295;2024-08-03 22:57:27;completed;СДЭК;Копейск;89990;0;490;90480
705071;;5073326;2024-08-03 17:33:24;returned;Курьер;Челябинск;18567;0;0;18567
705072;204638;5073349;2024-08-03 16:56:51;completed;Курьер;Сургут;56790;0;390;57180
705073;;5073351;2024-08-03 19:54:05;completed;Самовывоз;Тюмень;4567;0;0;4567
705074;209779;5073358;2024-08-03 08:46:05;completed;Курьер;Пермь;52345;0;490;52835
705075;201752;5073365;2024-08-03 18:10:18;completed;Курьер;Самара;44180;3016;490;41654
705076;207717;5073379;2024-08-03 19:33:12;completed;Самовывоз;Нижневартовск;1990;139;0;1851
705077;205263;5073383;2024-08-03 10:58:36;completed;СДЭК;Екатеринбург;56490;0;590;57080
705078;208639;5073387;2024-08-03 22:48:03;completed;Курьер;Оренбург;29090;873;490;28707
705079;209816;5073408;2024-08-03 20:08:15;completed;Курьер;Екатеринбург;17490;0;590;18080
705080;205046;5073409;2024-08-03 19:41:10;completed;СДЭК;Челябинск;25780;0;390;26170
705081;206250;5073415;2024-08-03 20:28:27;payment_failed;Курьер;Челябинск;64090;3204;0;60886
705082;208985;5073417;2024-08-03 22:40:39;completed;Самовывоз;Самара;45090;0;0;45090
705083;208847;5073430;2024-08-03 20:42:36;completed;Самовывоз;Копейск;4567;457;0;4110
705084;200576;5073435;2024-08-03 17:04:55;completed;Курьер;Новосибирск;1490;0;590;2080
705085;209969;5073437;2024-08-03 23:08:32;completed;Почта России;Самара;38747;1853;550;37444
705086;202271;5073439;2024-08-03 17:54:26;completed;Курьер;Копейск;2490;124;590;2956
705087;204385;5073457;2024-08-03 18:53:49;completed;Самовывоз;Челябинск;12490;0;0;12490
705088;207865;5073483;2024-08-03 19:02:05;payment_failed;Курьер;Уфа;18567;928;590;18229
705089;;5073489;2024-08-03 21:01:44;payment_failed;СДЭК;Миасс;4790;479;590;4901
705090;207678;5073523;2024-08-03 14:20:46;completed;Почта России;Челябинск;38345;1917;550;36978
705091;205430;5073524;2024-08-03 16:54:04;payment_failed;Почта России;Москва;86480;1199;350;85631
705092;209513;5073531;2024-08-03 20:25:52;completed;Курьер;Челябинск;2090;146;290;2234
705093;202141;5073557;2024-08-03 11:26:36;payment_failed;СДЭК;Екатеринбург;6090;304;390;6176
705094;204461;5073571;2024-08-03 23:43:02;cancelled;Курьер;Миасс;9345;467;590;9468
705095;;5073594;2024-08-03 08:24:55;payment_failed;Курьер;Челябинск;1122;135;290;1277
705096;205481;5073610;2024-08-04 19:03:25;completed;Самовывоз;Магнитогорск;19490;0;0;19490
705097;202967;5073625;2024-08-04 16:39:37;completed;СДЭК;Копейск;11345;0;690;12035
705098;;5073627;2024-08-04 17:53:23;payment_failed;Курьер;Миасс;3567;0;590;4157
705099;205949;5073665;2024-08-04 10:34:21;completed;Самовывоз;Пермь;567;28;0;539
705100;208052;5073669;2024-08-04 14:53:28;completed;Почта России;Челябинск;27226;0;450;27676
705101;;5073670;2024-08-04 14:10:44;payment_failed;Курьер;Челябинск;36690;161;0;36529
705102;207901;5073676;2024-08-04 12:00:41;completed;Курьер;Миасс;1345;40;590;1895
705103;209323;5073698;2024-08-04 16:24:53;completed;Курьер;Уфа;109580;1215;490;108855
705104;204987;5073705;2024-08-04 12:59:09;completed;Курьер;Магнитогорск;1790;90;390;2090
705105;203248;5073718;2024-08-04 18:12:27;completed;Курьер;Оренбург;6567;0;490;7057
705106;207199;5073741;2024-08-04 21:59:43;completed;СДЭК;Миасс;13990;0;690;14680
705107;206117;5073743;2024-08-04 18:22:20;completed;Курьер;Челябинск;1090;0;290;1380
705108;;5073760;2024-08-04 11:49:13;completed;СДЭК;Миасс;18790;0;590;19380
705109;200494;5073782;2024-08-04 17:28:40;completed;Самовывоз;Копейск;2090;209;0;1881
705110;209651;5073788;2024-08-04 17:43:44;completed;Курьер;Екатеринбург;29345;0;590;29935
705111;209463;5073796;2024-08-04 13:25:01;payment_failed;Курьер;Уфа;73774;0;490;74264
705112;;5073809;2024-08-04 22:42:21;payment_failed;Курьер;Челябинск;26790;0;0;26790
705113;201831;5073813;2024-08-04 11:55:13;payment_failed;СДЭК;Челябинск;58280;149;690;58821
705114;200534;5073818;2024-08-04 20:44:10;completed;Курьер;Тюмень;22790;0;390;23180
705115;207023;5073827;2024-08-04 10:38:57;completed;Курьер;Челябинск;889;89;290;1090
705116;209737;5073841;2024-08-04 18:07:42;completed;Курьер;Сургут;6345;317;490;6518
705117;205946;5073891;2024-08-04 12:33:25;completed;Самовывоз;Челябинск;1146;0;0;1146
705118;;5073894;2024-08-04 17:44:18;completed;СДЭК;Самара;11090;776;590;10904
705119;;5073897;2024-08-04 19:16:53;completed;СДЭК;Самара;1345;0;690;2035
705120;203038;5073905;2024-08-04 18:36:36;completed;Курьер;Копейск;37490;2624;390;35256
705121;;5073922;2024-08-04 23:04:08;completed;Самовывоз;Челябинск;27990;0;0;27990
705122;205488;5073981;2024-08-04 12:42:01;completed;Самовывоз;Челябинск;105880;4254;0;101626
705123;207842;5073984;2024-08-04 18:21:43;payment_failed;Курьер;Магнитогорск;82490;4124;390;78756
705124;201921;5073987;2024-08-04 18:30:20;completed;Курьер;Курган;685;48;390;1027
705125;201116;5074048;2024-08-05 13:49:30;payment_failed;Курьер;Москва;1090;0;390;1480
705126;207067;5074082;2024-08-05 11:39:44;completed;СДЭК;Уфа;8135;160;590;8565
705127;203919;5074130;2024-08-05 09:47:00;completed;Курьер;Новосибирск;36990;2589;590;34991
705128;;5074137;2024-08-05 15:58:28;completed;Самовывоз;Миасс;42557;1150;0;41407
705129;200569;5074145;2024-08-05 14:22:52;completed;Самовывоз;Челябинск;1345;0;0;1345
705130;204225;5074179;2024-08-05 22:58:47;cancelled;СДЭК;Миасс;567;28;590;1129
705131;200368;5074204;2024-08-05 19:49:50;completed;Курьер;Челябинск;9980;0;0;9980
705132;202096;5074213;2024-08-05 19:08:04;completed;Курьер;Екатеринбург;6567;328;390;6629
705133;208739;5074214;2024-08-05 17:39:21;completed;Курьер;Челябинск;21780;125;0;21655
705134;206121;5074231;2024-08-05 21:56:47;completed;СДЭК;Челябинск;697;0;590;1287
705135;203149;5074251;2024-08-05 12:22:42;completed;Почта России;Магнитогорск;84790;4240;550;81100
705136;207849;5074259;2024-08-05 16:48:09;payment_failed;Курьер;Москва;19567;0;390;19957
705137;207966;5074300;2024-08-05 21:17:42;completed;СДЭК;Челябинск;2567;180;690;3077
705138;205727;5074313;2024-08-05 10:35:32;completed;Самовывоз;Магнитогорск;24090;723;0;23367
705139;205687;5074315;2024-08-05 18:04:38;completed;Курьер;Челябинск;26790;0;0;26790
705140;208902;5074317;2024-08-05 16:13:56;completed;Самовывоз;Самара;8790;0;0;8790
705141;209312;5074334;2024-08-05 17:49:21;completed;Самовывоз;Миасс;1790;215;0;1575
705142;200642;5074351;2024-08-05 17:02:08;completed;Почта России;Магнитогорск;36345;1817;550;35078
705143;202741;5074363;2024-08-05 20:45:20;completed;Курьер;Челябинск;42790;2140;0;40650
705144;205208;5074404;2024-08-05 20:05:29;completed;СДЭК;Казань;89225;9858;690;80057
705145;203657;5074415;2024-08-05 12:08:49;completed;СДЭК;Челябинск;17345;2081;390;15654
705146;203985;5074423;2024-08-05 21:23:15;completed;Самовывоз;Челябинск;13567;950;0;12617
705147;202122;5074424;2024-08-05 18:58:55;payment_failed;Почта России;Челябинск;1090;0;550;1640
705148;208941;5074427;2024-08-05 12:33:56;payment_failed;СДЭК;Челябинск;567;68;390;889
705149;206650;5074430;2024-08-05 14:56:12;completed;Самовывоз;Челябинск;1790;90;0;1700
705150;206202;5074435;2024-08-05 15:29:24;completed;Курьер;Челябинск;4345;0;290;4635
705151;207495;5074451;2024-08-05 10:05:56;completed;Самовывоз;Копейск;74134;5138;0;68996
705152;201183;5074472;2024-08-06 18:41:18;completed;Самовывоз;Уфа;41134;1265;0;39869
705153;200904;5074521;2024-08-06 21:21:15;completed;СДЭК;Челябинск;39490;0;690;40180
705154;203889;5074556;2024-08-06 13:54:27;completed;Почта России;Челябинск;197880;6285;450;192045
705155;205149;5074559;2024-08-06 16:22:15;payment_failed;Почта России;Челябинск;64490;7739;350;57101
705156;200952;5074577;2024-08-06 15:36:25;completed;Курьер;Челябинск;72790;0;0;72790
705157;209433;5074595;2024-08-06 11:31:53;completed;Курьер;Копейск;20790;0;390;21180
705158;206145;5074600;2024-08-06 15:58:43;completed;Самовывоз;Екатеринбург;33134;947;0;32187
705159;;5074669;2024-08-06 15:01:29;payment_failed;Курьер;Челябинск;24557;0;0;24557
705160;206468;5074697;2024-08-06 19:28:36;completed;Самовывоз;Челябинск;697;70;0;627
705161;206457;5074734;2024-08-06 13:10:24;completed;СДЭК;Челябинск;2990;299;590;3281
705162;;5074741;2024-08-06 22:39:23;completed;Курьер;Самара;1990;0;590;2580
705163;209246;5074747;2024-08-06 21:50:47;completed;Почта России;Челябинск;25567;1278;350;24639
705164;200029;5074774;2024-08-06 10:04:58;payment_failed;Курьер;Казань;19567;0;390;19957
705165;203298;5074801;2024-08-06 12:53:24;completed;Курьер;Москва;40580;3983;490;37087
705166;201638;5074802;2024-08-06 09:04:49;completed;СДЭК;Челябинск;47057;0;390;47447
705167;202326;5074832;2024-08-06 17:17:03;completed;СДЭК;Оренбург;12835;174;390;13051
705168;208332;5074850;2024-08-06 19:37:14;completed;Курьер;Магнитогорск;26490;0;590;27080
705169;209581;5074854;2024-08-06 13:43:30;completed;Курьер;Челябинск;2790;195;290;2885
705170;203430;5074863;2024-08-06 13:34:18;completed;СДЭК;Ижевск;40463;1050;390;39803
705171;;5074867;2024-08-06 15:39:33;completed;Самовывоз;Челябинск;1345;67;0;1278
705172;201672;5074875;2024-08-06 17:20:17;completed;Курьер;Пермь;2790;195;590;3185
705173;203338;5074877;2024-08-06 10:18:10;completed;Самовывоз;Санкт-Петербург;55345;5534;0;49811
705174;201064;5074879;2024-08-06 19:08:18;completed;Курьер;Самара;97647;216;390;97821
705175;;5074887;2024-08-07 12:29:02;completed;Курьер;Тюмень;27790;0;590;28380
705176;;5074889;2024-08-07 19:30:58;completed;Курьер;Челябинск;28912;978;0;27934
705177;207941;5074928;2024-08-07 15:20:51;completed;СДЭК;Челябинск;15180;0;390;15570
705178;206534;5074929;2024-08-07 18:06:25;completed;СДЭК;Казань;7345;220;490;7615
705179;201732;5074933;2024-08-07 16:25:27;completed;СДЭК;Уфа;21990;2199;590;20381
705180;202702;5074935;2024-08-07 15:57:30;completed;Курьер;Тюмень;56490;5649;390;51231
705181;202173;5074986;2024-08-07 18:11:05;completed;СДЭК;Магнитогорск;35790;1074;490;35206
705182;200593;5075018;2024-08-07 21:12:49;completed;Самовывоз;Копейск;3990;0;0;3990
705183;208886;5075042;2024-08-07 17:13:46;completed;Самовывоз;Магнитогорск;17912;794;0;17118
705184;202922;5075087;2024-08-07 17:32:59;completed;Курьер;Магнитогорск;35480;899;590;35171
705185;207874;5075090;2024-08-07 16:00:03;completed;Курьер;Копейск;25567;1790;390;24167
705186;200777;5075108;2024-08-07 22:01:19;completed;Самовывоз;Копейск;32090;0;0;32090
705187;202242;5075122;2024-08-07 12:53:56;completed;Курьер;Курган;64490;0;390;64880
705188;205030;5075127;2024-08-07 15:22:36;payment_failed;СДЭК;Пермь;34490;0;590;35080
705189;204949;5075163;2024-08-07 21:11:49;completed;Самовывоз;Екатеринбург;25345;0;0;25345
705190;200352;5075169;2024-08-07 13:09:24;completed;СДЭК;Челябинск;147080;9522;590;138148
705191;204995;5075174;2024-08-07 16:48:58;completed;Курьер;Казань;782;0;590;1372
705192;208994;5075214;2024-08-07 21:24:31;completed;СДЭК;Копейск;5580;0;590;6170
705193;201919;5075217;2024-08-07 20:23:44;payment_failed;Курьер;Пермь;19567;978;590;19179
705194;209455;5075221;2024-08-07 23:01:51;completed;Курьер;Челябинск;689;48;290;931
705195;200736;5075261;2024-08-07 21:29:19;completed;Самовывоз;Курган;40687;0;0;40687
705196;203706;5075272;2024-08-07 11:34:13;completed;Самовывоз;Москва;25280;1174;0;24106
705197;208859;5075280;2024-08-08 22:31:22;completed;Самовывоз;Уфа;20557;557;0;20000
705198;203137;5075289;2024-08-08 08:39:35;completed;СДЭК;Казань;4345;0;690;5035
705199;201640;5075309;2024-08-08 12:16:15;completed;СДЭК;Челябинск;59080;5908;390;53562
705200;206923;5075320;2024-08-08 18:39:45;completed;Курьер;Москва;9567;670;390;9287
705201;207663;5075321;2024-08-08 15:30:34;payment_failed;Курьер;Челябинск;45880;496;0;45384
705202;207696;5075336;2024-08-08 12:20:28;completed;Курьер;Златоуст;90567;0;390;90957
705203;;5075354;2024-08-08 12:35:45;payment_failed;СДЭК;Москва;55490;3884;490;52096
705204;202277;5075355;2024-08-08 19:23:58;completed;Самовывоз;Копейск;100080;3003;0;97077
705205;205650;5075364;2024-08-08 18:52:49;completed;СДЭК;Челябинск;35490;4259;590;31821
705206;202652;5075371;2024-08-08 18:15:42;completed;Курьер;Челябинск;4990;0;290;5280
705207;;5075385;2024-08-08 11:26:30;completed;Курьер;Нижневартовск;24790;2479;390;22701
705208;201828;5075404;2024-08-08 22:22:42;completed;Курьер;Самара;19567;0;390;19957
705209;204581;5075435;2024-08-08 14:47:12;completed;Почта России;Екатеринбург;82136;0;350;82486
705210;;5075447;2024-08-08 13:54:46;completed;Курьер;Екатеринбург;82345;4117;590;78818
705211;;5075460;2024-08-08 14:16:42;completed;СДЭК;Тюмень;24990;0;490;25480
705212;205936;5075462;2024-08-08 21:00:00;completed;Курьер;Курган;5790;174;590;6206
705213;207475;5075474;2024-08-08 15:45:13;completed;Курьер;Пермь;688;48;490;1130
705214;201254;5075480;2024-08-08 09:22:46;completed;Курьер;Челябинск;19990;0;0;19990
705215;200991;5075486;2024-08-08 15:56:23;completed;Самовывоз;Копейск;73790;0;0;73790
705216;208766;5075525;2024-08-08 20:48:17;payment_failed;Почта России;Челябинск;7090;0;450;7540
705217;;5075555;2024-08-08 09:18:48;completed;Курьер;Пермь;37490;1874;490;36106
705218;201690;5075591;2024-08-08 18:59:16;completed;Почта России;Нижневартовск;21090;0;450;21540
705219;200398;5075614;2024-08-08 16:01:46;completed;Самовывоз;Магнитогорск;693;0;0;693
705220;208932;5075654;2024-08-08 22:05:06;payment_failed;Курьер;Челябинск;42790;0;0;42790
705221;209189;5075683;2024-08-08 15:02:22;completed;СДЭК;Челябинск;565;40;590;1115
705222;;5075686;2024-08-08 18:20:21;completed;Самовывоз;Челябинск;26990;0;0;26990
705223;201429;5075691;2024-08-08 23:37:02;completed;Самовывоз;Санкт-Петербург;43567;3050;0;40517
705224;205228;5075698;2024-08-08 12:55:07;completed;Самовывоз;Златоуст;37490;1874;0;35616
705225;201860;5075699;2024-08-08 10:10:23;completed;Курьер;Челябинск;29345;1467;0;27878
705226;;5075724;2024-08-09 16:48:21;completed;СДЭК;Челябинск;3090;0;490;3580
705227;209232;5075729;2024-08-09 09:37:56;completed;СДЭК;Курган;38657;137;690;39210
705228;;5075739;2024-08-09 18:28:01;payment_failed;Курьер;Москва;17490;0;590;18080
705229;201295;5075805;2024-08-09 19:02:57;completed;Самовывоз;Челябинск;37835;75;0;37760
705230;206248;5075821;2024-08-09 21:07:49;completed;Самовывоз;Челябинск;2990;0;0;2990
705231;;5075825;2024-08-09 14:32:23;completed;Самовывоз;Самара;26090;0;0;26090
705232;203171;5075826;2024-08-09 19:01:48;completed;Почта России;Нижневартовск;1090;76;550;1564
705233;202321;5075830;2024-08-09 20:58:47;completed;Почта России;Златоуст;55990;0;350;56340
705234;203824;5075837;2024-08-09 17:32:31;completed;СДЭК;Екатеринбург;7490;524;390;7356
705235;203557;5075842;2024-08-09 17:00:31;payment_failed;Самовывоз;Челябинск;37490;2624;0;34866
705236;208642;5075893;2024-08-09 18:45:37;completed;Курьер;Новосибирск;49567;2478;390;47479
705237;204437;5075919;2024-08-09 23:49:51;completed;Почта России;Екатеринбург;18345;0;350;18695
705238;201005;5075980;2024-08-09 21:32:44;completed;Самовывоз;Екатеринбург;44480;2283;0;42197
705239;208902;5076017;2024-08-09 15:50:18;cancelled;Самовывоз;Самара;108280;5040;0;103240
705240;;5076031;2024-08-09 19:56:17;completed;СДЭК;Тюмень;131480;3855;590;128215
705241;;5076053;2024-08-09 11:47:34;completed;СДЭК;Оренбург;69990;8399;390;61981
705242;204013;5076068;2024-08-09 15:36:07;completed;СДЭК;Казань;35790;1074;390;35106
705243;206713;5076092;2024-08-09 18:40:48;completed;Самовывоз;Магнитогорск;1990;0;0;1990
705244;202443;5076167;2024-08-10 20:52:50;completed;Курьер;Курган;2980;149;490;3321
705245;205685;5076175;2024-08-10 11:20:21;completed;Самовывоз;Уфа;22557;2556;0;20001
705246;201368;5076184;2024-08-10 17:47:08;completed;Самовывоз;Москва;2990;150;0;2840
705247;201868;5076186;2024-08-10 15:05:17;payment_failed;Курьер;Челябинск;39345;0;0;39345
705248;200352;5076199;2024-08-10 15:35:40;completed;Курьер;Челябинск;7790;390;0;7400
705249;;5076210;2024-08-10 14:01:13;payment_failed;Самовывоз;Магнитогорск;36835;1154;0;35681
705250;205059;5076274;2024-08-10 12:11:07;completed;Курьер;Магнитогорск;3567;0;590;4157
705251;204977;5076280;2024-08-10 14:49:38;completed;Курьер;Копейск;11567;0;590;12157
705252;203199;5076328;2024-08-10 19:05:42;payment_failed;Курьер;Челябинск;84690;8468;0;76222
705253;202465;5076341;2024-08-10 11:59:18;completed;Курьер;Екатеринбург;24345;0;390;24735
705254;202760;5076351;2024-08-10 14:33:42;completed;СДЭК;Оренбург;52490;2624;590;50456
705255;207027;5076362;2024-08-10 16:11:59;completed;Самовывоз;Тюмень;27567;0;0;27567
705256;201919;5076374;2024-08-10 17:40:35;completed;Самовывоз;Пермь;84567;4228;0;80339
705257;209342;5076420;2024-08-10 21:55:04;completed;Курьер;Сургут;3790;0;490;4280
705258;208171;5076430;2024-08-10 19:12:48;completed;Самовывоз;Москва;19090;0;0;19090
705259;204977;5076452;2024-08-10 16:16:13;payment_failed;Курьер;Копейск;798;0;590;1388
705260;200773;5076470;2024-08-10 19:50:06;returned;Самовывоз;Самара;89125;0;0;89125
705261;207069;5076477;2024-08-10 18:38:50;completed;Курьер;Челябинск;20557;0;0;20557
705262;205710;5076500;2024-08-10 14:49:00;completed;Самовывоз;Челябинск;26006;116;0;25890
705263;208538;5076530;2024-08-11 13:12:38;completed;Почта России;Тюмень;34345;0;450;34795
705264;208983;5076577;2024-08-11 16:50:31;completed;Самовывоз;Челябинск;36134;1084;0;35050
705265;206069;5076580;2024-08-11 09:32:36;payment_failed;СДЭК;Пермь;3567;107;490;3950
705266;203870;5076587;2024-08-11 15:09:40;completed;Курьер;Нижневартовск;7567;0;590;8157
705267;208262;5076601;2024-08-11 21:00:35;completed;Самовывоз;Екатеринбург;1567;0;0;1567
705268;206967;5076616;2024-08-11 17:11:12;payment_failed;Курьер;Магнитогорск;21480;1503;390;20367
705269;204136;5076622;2024-08-11 12:15:45;completed;Самовывоз;Москва;3090;0;0;3090
705270;209571;5076627;2024-08-11 17:58:26;completed;Самовывоз;Нижневартовск;38567;0;0;38567
705271;206089;5076638;2024-08-11 18:02:40;completed;Самовывоз;Курган;40990;0;0;40990
705272;209590;5076647;2024-08-11 20:22:28;completed;Курьер;Екатеринбург;95580;8879;590;87291
705273;206393;5076673;2024-08-11 18:06:02;completed;СДЭК;Челябинск;7345;0;590;7935
705274;204154;5076683;2024-08-11 17:38:37;payment_failed;Самовывоз;Самара;12567;880;0;11687
705275;204577;5076687;2024-08-11 19:34:58;completed;Самовывоз;Челябинск;1124;34;0;1090
705276;207430;5076692;2024-08-11 11:18:52;completed;Почта России;Челябинск;59357;0;450;59807
705277;200507;5076711;2024-08-11 15:43:48;completed;Курьер;Челябинск;567;0;290;857
705278;202005;5076727;2024-08-11 19:56:20;completed;Курьер;Москва;3990;279;490;4201
705279;207598;5076737;2024-08-11 13:53:51;completed;СДЭК;Уфа;56990;2850;690;54830
705280;206434;5076740;2024-08-11 17:22:54;completed;Самовывоз;Челябинск;36090;1083;0;35007
705281;;5076765;2024-08-11 14:05:31;completed;Курьер;Пермь;106780;2340;590;105030
705282;;5076779;2024-08-11 16:33:19;completed;Самовывоз;Челябинск;50147;2224;0;47923
705283;206242;5076786;2024-08-11 12:10:22;completed;Курьер;Уфа;5248;228;590;5610
705284;209719;5076794;2024-08-11 13:46:12;completed;Курьер;Магнитогорск;3790;0;390;4180
705285;;5076796;2024-08-11 18:48:14;completed;Курьер;Магнитогорск;7490;524;390;7356
705286;;5076798;2024-08-11 11:48:00;completed;Почта России;Казань;1490;74;350;1766
705287;200797;5076799;2024-08-11 21:38:35;completed;Самовывоз;Челябинск;64447;154;0;64293
705288;;5076820;2024-08-11 08:30:49;completed;СДЭК;Златоуст;2090;0;390;2480
705289;;5076842;2024-08-11 12:50:28;completed;Курьер;Челябинск;2490;0;290;2780
705290;201759;5076867;2024-08-11 21:59:42;completed;Курьер;Миасс;3980;279;590;4291
705291;207251;5076871;2024-08-11 08:29:21;cancelled;Курьер;Магнитогорск;35180;3463;490;32207
705292;201406;5076903;2024-08-11 13:32:02;completed;СДЭК;Челябинск;12345;0;390;12735
705293;200276;5076917;2024-08-11 17:47:25;returned;СДЭК;Челябинск;690;21;490;1159
705294;205101;5076918;2024-08-11 19:59:38;payment_failed;СДЭК;Челябинск;56345;0;690;57035
705295;206697;5076921;2024-08-12 15:35:57;completed;Курьер;Копейск;25490;0;590;26080
705296;203076;5076937;2024-08-12 18:03:14;completed;Самовывоз;Курган;43345;0;0;43345
705297;203174;5076949;2024-08-12 18:51:48;completed;СДЭК;Екатеринбург;2790;0;490;3280
705298;;5076990;2024-08-12 19:01:28;completed;Самовывоз;Тюмень;903;63;0;840
705299;209270;5077071;2024-08-12 23:01:11;cancelled;Курьер;Пермь;4090;204;590;4476
705300;207998;5077092;2024-08-12 16:29:31;completed;СДЭК;Пермь;1990;199;490;2281
705301;202753;5077132;2024-08-12 19:13:29;payment_failed;Курьер;Челябинск;2789;125;290;2954
705302;201317;5077138;2024-08-12 16:57:11;completed;Самовывоз;Копейск;11090;333;0;10757
705303;;5077150;2024-08-12 17:17:55;completed;Самовывоз;Миасс;11490;345;0;11145
705304;208427;5077191;2024-08-12 23:35:06;completed;СДЭК;Челябинск;20345;0;590;20935
705305;;5077207;2024-08-12 21:31:34;completed;Курьер;Екатеринбург;1790;0;590;2380
705306;205406;5077266;2024-08-12 20:27:00;completed;Курьер;Челябинск;55790;2790;0;53000
705307;200540;5077274;2024-08-12 20:40:00;completed;СДЭК;Екатеринбург;36687;1101;590;36176
705308;207540;5077285;2024-08-12 13:18:40;returned;Курьер;Златоуст;2774;60;590;3304
705309;203251;5077299;2024-08-12 16:39:59;completed;Самовывоз;Челябинск;30557;767;0;29790
705310;205750;5077325;2024-08-13 13:13:04;returned;СДЭК;Тюмень;9357;227;590;9720
705311;200401;5077330;2024-08-13 17:43:35;completed;Почта России;Челябинск;65090;0;350;65440
705312;;5077390;2024-08-13 16:31:43;completed;Курьер;Челябинск;27480;0;0;27480
705313;204600;5077433;2024-08-13 19:42:00;completed;Курьер;Челябинск;6090;0;0;6090
705314;204428;5077452;2024-08-13 18:54:14;completed;Самовывоз;Миасс;4790;335;0;4455
705315;201405;5077500;2024-08-13 12:26:57;completed;Самовывоз;Казань;98780;9104;0;89676
705316;200869;5077538;2024-08-13 13:51:42;completed;Самовывоз;Челябинск;28990;3479;0;25511
705317;207511;5077553;2024-08-13 12:33:10;completed;Самовывоз;Челябинск;1567;157;0;1410
705318;202779;5077668;2024-08-13 11:58:40;completed;Курьер;Москва;83790;2514;590;81866
705319;204526;5077680;2024-08-13 19:02:11;completed;Курьер;Миасс;42990;5159;390;38221
705320;203326;5077682;2024-08-13 22:21:16;payment_failed;Курьер;Челябинск;125490;3765;0;121725
705321;;5077706;2024-08-13 23:35:35;completed;Курьер;Челябинск;19345;967;0;18378
705322;201335;5077719;2024-08-13 20:09:02;completed;Курьер;Челябинск;8790;264;0;8526
705323;208099;5077720;2024-08-13 13:17:40;completed;Курьер;Тюмень;27990;1400;590;27180
705324;200860;5077732;2024-08-14 16:42:10;completed;СДЭК;Магнитогорск;32090;0;490;32580
705325;207835;5077745;2024-08-14 16:20:48;completed;Курьер;Тюмень;47557;0;590;48147
705326;;5077749;2024-08-14 18:32:39;completed;Курьер;Миасс;6490;454;590;6626
705327;206242;5077772;2024-08-14 13:10:10;completed;Почта России;Уфа;3090;0;350;3440
705328;200991;5077790;2024-08-14 13:50:55;payment_failed;Самовывоз;Копейск;2690;81;0;2609
705329;;5077795;2024-08-14 18:37:59;payment_failed;Курьер;Магнитогорск;20490;0;390;20880
705330;201561;5077814;2024-08-14 18:56:44;completed;Самовывоз;Копейск;7790;935;0;6855
705331;206400;5077825;2024-08-14 10:12:35;completed;Самовывоз;Москва;1490;0;0;1490
705332;;5077833;2024-08-14 23:39:36;completed;Почта России;Миасс;56990;3989;450;53451
705333;206028;5077856;2024-08-14 19:58:51;completed;Самовывоз;Челябинск;34990;1050;0;33940
705334;203579;5077900;2024-08-14 17:45:28;completed;Почта России;Пермь;118447;1904;550;117093
705335;205558;5077906;2024-08-14 17:00:53;completed;Курьер;Магнитогорск;89567;10748;390;79209
705336;207482;5077913;2024-08-14 11:04:08;completed;Самовывоз;Сургут;99990;3000;0;96990
705337;203443;5077919;2024-08-14 20:19:31;completed;СДЭК;Тюмень;66480;1185;690;65985
705338;205014;5077922;2024-08-14 12:56:26;completed;Курьер;Копейск;696;0;390;1086
705339;207102;5077934;2024-08-14 20:19:32;payment_failed;Курьер;Екатеринбург;115357;5040;590;110907
705340;202334;5077955;2024-08-14 14:33:27;completed;Курьер;Миасс;7990;0;590;8580
705341;203039;5077978;2024-08-14 15:15:10;completed;Курьер;Екатеринбург;8990;0;590;9580
705342;205427;5077993;2024-08-14 12:49:50;completed;Курьер;Пермь;4790;0;390;5180
705343;;5078002;2024-08-14 13:59:26;completed;Курьер;Копейск;85557;278;390;85669
705344;205781;5078008;2024-08-14 16:45:07;completed;Курьер;Тюмень;7090;213;590;7467
705345;201158;5078023;2024-08-14 12:46:58;completed;Курьер;Москва;24567;1228;390;23729
705346;208016;5078072;2024-08-14 13:57:30;completed;СДЭК;Златоуст;7090;354;390;7126
705347;;5078099;2024-08-14 17:11:40;completed;Курьер;Казань;44990;0;490;45480
705348;209575;5078104;2024-08-14 12:15:00;completed;Курьер;Челябинск;3790;114;290;3966
705349;207668;5078106;2024-08-14 15:23:50;payment_failed;СДЭК;Екатеринбург;25790;0;490;26280
705350;;5078113;2024-08-15 12:33:01;completed;Курьер;Курган;71880;8431;490;63939
705351;204879;5078119;2024-08-15 13:00:01;completed;Самовывоз;Челябинск;3090;0;0;3090
705352;;5078139;2024-08-15 19:58:53;completed;СДЭК;Тюмень;11872;1132;490;11230
705353;201598;5078142;2024-08-15 10:23:16;completed;СДЭК;Челябинск;27990;0;490;28480
705354;200556;5078163;2024-08-15 17:47:14;completed;Самовывоз;Челябинск;38737;1909;0;36828
705355;208307;5078178;2024-08-15 10:26:51;completed;Самовывоз;Челябинск;23567;707;0;22860
705356;209797;5078184;2024-08-15 18:58:29;payment_failed;Самовывоз;Санкт-Петербург;688;34;0;654
705357;204821;5078202;2024-08-15 16:41:38;completed;СДЭК;Челябинск;113790;5690;490;108590
705358;;5078204;2024-08-15 20:17:57;payment_failed;СДЭК;Магнитогорск;114563;57;590;115096
705359;;5078236;2024-08-15 16:53:05;returned;СДЭК;Челябинск;73912;5107;490;69295
705360;205867;5078239;2024-08-15 15:09:05;payment_failed;СДЭК;Златоуст;38657;0;490;39147
705361;208691;5078245;2024-08-15 19:45:36;payment_failed;СДЭК;Тюмень;1490;0;690;2180
705362;209133;5078258;2024-08-15 12:37:03;completed;Почта России;Миасс;112585;0;550;113135
705363;208655;5078260;2024-08-15 11:05:05;completed;Самовывоз;Самара;4990;349;0;4641
705364;203089;5078270;2024-08-15 18:59:30;completed;Курьер;Копейск;4990;499;390;4881
705365;201370;5078276;2024-08-15 10:46:39;returned;Курьер;Челябинск;65090;6509;0;58581
705366;207888;5078278;2024-08-15 16:48:45;completed;Самовывоз;Самара;57452;5719;0;51733
705367;;5078311;2024-08-15 23:21:25;payment_failed;Самовывоз;Самара;45567;1367;0;44200
705368;203703;5078324;2024-08-15 15:12:31;completed;Почта России;Екатеринбург;25790;1290;350;24850
705369;204406;5078330;2024-08-15 11:27:19;completed;Самовывоз;Уфа;64990;4549;0;60441
705370;201767;5078335;2024-08-15 12:16:21;completed;СДЭК;Самара;28490;0;690;29180
705371;203573;5078369;2024-08-15 19:04:48;payment_failed;Самовывоз;Челябинск;1490;0;0;1490
705372;207764;5078372;2024-08-15 12:36:00;payment_failed;Самовывоз;Челябинск;6990;0;0;6990
705373;;5078387;2024-08-15 14:49:47;completed;Почта России;Екатеринбург;61547;3823;450;58174
705374;202277;5078390;2024-08-15 11:45:33;completed;Курьер;Копейск;1490;0;390;1880
705375;207226;5078415;2024-08-15 11:04:09;completed;СДЭК;Екатеринбург;18790;0;490;19280
705376;;5078417;2024-08-15 13:04:35;completed;Курьер;Екатеринбург;43345;3034;590;40901
705377;207612;5078443;2024-08-15 17:16:45;completed;Курьер;Тюмень;694;21;390;1063
705378;202432;5078483;2024-08-16 17:10:04;payment_failed;Курьер;Уфа;72090;0;390;72480
705379;207028;5078486;2024-08-16 10:18:00;completed;СДЭК;Москва;11490;574;690;11606
705380;200715;5078507;2024-08-16 15:04:58;completed;Курьер;Копейск;39335;1600;590;38325
705381;;5078530;2024-08-16 17:48:39;completed;СДЭК;Челябинск;19567;1370;590;18787
705382;207952;5078536;2024-08-16 21:14:09;completed;Самовывоз;Магнитогорск;7567;0;0;7567
705383;209845;5078541;2024-08-16 22:04:19;payment_failed;Курьер;Уфа;9345;0;490;9835
705384;204819;5078546;2024-08-16 12:17:46;completed;Курьер;Челябинск;99567;9957;0;89610
705385;202921;5078557;2024-08-16 13:37:40;returned;СДЭК;Сургут;42567;0;590;43157
705386;209777;5078563;2024-08-16 12:45:33;payment_failed;Почта России;Курган;693;0;550;1243
705387;202656;5078589;2024-08-16 09:26:45;completed;СДЭК;Челябинск;7929;27;590;8492
705388;204252;5078592;2024-08-16 15:13:55;completed;Самовывоз;Тюмень;32090;3209;0;28881
705389;206672;5078599;2024-08-16 11:33:38;completed;Почта России;Курган;24747;0;450;25197
705390;209494;5078628;2024-08-16 13:30:21;completed;СДЭК;Казань;1790;90;690;2390
705391;206860;5078630;2024-08-16 13:51:19;completed;Самовывоз;Москва;113567;5678;0;107889
705392;209105;5078644;2024-08-16 17:17:58;completed;СДЭК;Курган;7787;545;390;7632
705393;207630;5078680;2024-08-16 20:27:07;completed;СДЭК;Самара;73345;0;390;73735
705394;207363;5078697;2024-08-16 08:12:36;completed;Самовывоз;Нижневартовск;55790;1674;0;54116
705395;202105;5078710;2024-08-16 20:01:21;completed;СДЭК;Тюмень;1090;109;390;1371
705396;204194;5078718;2024-08-16 15:00:16;completed;Курьер;Челябинск;19353;0;0;19353
705397;203207;5078749;2024-08-16 20:12:48;returned;Самовывоз;Москва;4345;304;0;4041
705398;204137;5078759;2024-08-16 15:38:03;completed;Курьер;Челябинск;882;0;290;1172
705399;206368;5078772;2024-08-16 15:12:16;payment_failed;Курьер;Копейск;70790;0;390;71180
705400;;5078777;2024-08-16 17:18:37;completed;Почта России;Челябинск;3567;107;450;3910
705401;202049;5078778;2024-08-16 18:44:05;completed;СДЭК;Курган;5345;0;490;5835
705402;;5078787;2024-08-16 20:09:11;completed;Почта России;Копейск;99090;0;450;99540
705403;201416;5078792;2024-08-16 16:50:38;payment_failed;СДЭК;Копейск;25790;0;390;26180
705404;203877;5078846;2024-08-16 17:16:13;completed;Курьер;Копейск;900;27;490;1363
705405;208509;5078853;2024-08-16 09:20:01;completed;Самовывоз;Челябинск;1490;104;0;1386
705406;;5078860;2024-08-16 14:33:44;completed;Самовывоз;Челябинск;786;0;0;786
705407;;5078871;2024-08-16 17:38:23;completed;Самовывоз;Челябинск;28490;0;0;28490
705408;205333;5078877;2024-08-16 18:52:52;completed;Самовывоз;Уфа;19567;978;0;18589
705409;208330;5078881;2024-08-17 14:22:43;completed;СДЭК;Копейск;17490;1224;390;16656
705410;200917;5078891;2024-08-17 20:57:42;completed;Почта России;Челябинск;69490;0;450;69940
705411;205842;5078895;2024-08-17 16:05:23;payment_failed;Курьер;Копейск;11567;0;490;12057
705412;202136;5078923;2024-08-17 21:57:12;completed;Самовывоз;Челябинск;67357;3084;0;64273
705413;205216;5078930;2024-08-17 16:47:22;completed;Самовывоз;Челябинск;14780;1279;0;13501
705414;202108;5078936;2024-08-17 17:30:16;completed;СДЭК;Копейск;1384;0;690;2074
705415;204285;5078939;2024-08-17 17:20:17;completed;Курьер;Казань;39345;1967;490;37868
705416;200667;5078955;2024-08-17 11:27:46;completed;Почта России;Челябинск;1790;90;550;2250
705417;;5078963;2024-08-17 17:07:57;completed;СДЭК;Екатеринбург;127557;7110;390;120837
705418;201907;5078967;2024-08-17 11:19:51;completed;СДЭК;Екатеринбург;11990;1199;690;11481
705419;208732;5078969;2024-08-17 18:10:20;completed;Самовывоз;Ижевск;34790;0;0;34790
705420;202601;5078995;2024-08-17 17:17:47;payment_failed;СДЭК;Челябинск;12090;0;690;12780
705421;205674;5079000;2024-08-17 20:27:10;payment_failed;СДЭК;Самара;693;49;490;1134
705422;208543;5079023;2024-08-17 23:36:09;completed;Курьер;Ижевск;13345;0;590;13935
705423;201564;5079046;2024-08-17 14:06:02;completed;СДЭК;Челябинск;18490;0;590;19080
705424;208101;5079061;2024-08-17 19:15:49;completed;Самовывоз;Копейск;1345;0;0;1345
705425;207262;5079066;2024-08-17 16:58:52;completed;Самовывоз;Уфа;4090;286;0;3804
705426;207256;5079089;2024-08-17 22:04:37;completed;Курьер;Уфа;43990;0;590;44580
705427;205346;5079102;2024-08-17 19:08:05;completed;СДЭК;Уфа;3790;379;690;4101
705428;206416;5079103;2024-08-17 22:53:09;completed;Самовывоз;Санкт-Петербург;25990;1300;0;24690
705429;207192;5079114;2024-08-17 16:15:34;completed;Курьер;Курган;3090;0;490;3580
705430;;5079119;2024-08-17 10:12:47;returned;Почта России;Челябинск;11090;333;550;11307
705431;208423;5079136;2024-08-17 17:53:37;completed;Курьер;Челябинск;56345;5634;0;50711
705432;;5079138;2024-08-17 16:19:31;completed;СДЭК;Челябинск;23990;0;390;24380
705433;200882;5079148;2024-08-17 19:55:32;completed;Самовывоз;Магнитогорск;4567;457;0;4110
705434;208923;5079151;2024-08-17 17:58:38;payment_failed;Курьер;Челябинск;113080;7915;0;105165
705435;207661;5079152;2024-08-17 21:36:01;completed;Курьер;Екатеринбург;111790;0;490;112280
705436;207094;5079154;2024-08-17 19:21:29;completed;Самовывоз;Златоуст;2490;174;0;2316
705437;202659;5079185;2024-08-17 15:44:29;completed;Самовывоз;Уфа;32990;0;0;32990
705438;209120;5079188;2024-08-17 17:57:50;payment_failed;СДЭК;Челябинск;2090;104;590;2576
705439;205160;5079214;2024-08-17 19:31:22;cancelled;Курьер;Екатеринбург;66970;2399;590;65161
705440;206077;5079217;2024-08-17 17:04:45;completed;Курьер;Тюмень;115570;13535;590;102625
705441;200315;5079256;2024-08-17 23:30:45;completed;СДЭК;Челябинск;37072;33;690;37729
705442;203879;5079294;2024-08-17 22:35:33;completed;Самовывоз;Тюмень;4567;320;0;4247
705443;203691;5079306;2024-08-17 19:46:31;completed;СДЭК;Челябинск;43567;0;690;44257
705444;202696;5079318;2024-08-18 09:03:14;completed;Курьер;Челябинск;691;48;290;933
705445;205840;5079337;2024-08-18 09:04:20;completed;Курьер;Нижневартовск;1345;0;390;1735
705446;;5079353;2024-08-18 14:27:17;completed;Самовывоз;Челябинск;18790;0;0;18790
705447;207998;5079406;2024-08-18 12:59:16;completed;Самовывоз;Пермь;1567;157;0;1410
705448;;5079413;2024-08-18 17:16:57;payment_failed;Самовывоз;Копейск;788;55;0;733
705449;200985;5079434;2024-08-18 20:19:26;completed;Почта России;Копейск;22090;0;450;22540
705450;;5079460;2024-08-18 14:28:05;payment_failed;Самовывоз;Ижевск;6567;460;0;6107
705451;209468;5079489;2024-08-18 11:37:44;completed;Почта России;Златоуст;35990;0;450;36440
705452;203141;5079504;2024-08-18 16:01:23;completed;Самовывоз;Челябинск;12345;0;0;12345
705453;204236;5079510;2024-08-18 15:14:12;completed;Курьер;Челябинск;4692;265;290;4717
705454;208631;5079519;2024-08-18 21:26:47;payment_failed;СДЭК;Копейск;43490;1305;390;42575
705455;202278;5079540;2024-08-18 12:45:47;payment_failed;СДЭК;Челябинск;19790;0;690;20480
705456;208960;5079574;2024-08-18 09:04:52;returned;Почта России;Челябинск;4567;0;550;5117
705457;204810;5079576;2024-08-18 14:08:59;completed;СДЭК;Челябинск;882;0;690;1572
705458;207210;5079613;2024-08-18 22:14:58;cancelled;Самовывоз;Ижевск;124880;4783;0;120097
705459;;5079649;2024-08-18 18:49:31;completed;СДЭК;Миасс;27567;0;390;27957
705460;206933;5079653;2024-08-18 16:06:51;completed;Курьер;Тюмень;12567;0;590;13157
705461;203563;5079661;2024-08-18 20:15:18;cancelled;СДЭК;Уфа;12567;880;590;12277
705462;210000;5079674;2024-08-18 15:09:31;completed;Почта России;Миасс;572;0;350;922
705463;205703;5079676;2024-08-18 13:01:01;completed;Самовывоз;Челябинск;9980;0;0;9980
705464;204732;5079685;2024-08-18 10:52:38;completed;Курьер;Челябинск;33490;0;0;33490
705465;;5079707;2024-08-18 21:45:36;completed;Самовывоз;Челябинск;72490;0;0;72490
705466;204373;5079710;2024-08-18 21:51:20;completed;Самовывоз;Копейск;78345;0;0;78345
705467;207361;5079738;2024-08-19 15:27:17;completed;Курьер;Магнитогорск;3345;100;390;3635
705468;;5079739;2024-08-19 11:21:17;payment_failed;Самовывоз;Курган;32790;3935;0;28855
705469;207581;5079750;2024-08-19 10:32:59;completed;Почта России;Челябинск;3490;0;450;3940
705470;209002;5079759;2024-08-19 13:39:55;payment_failed;Курьер;Челябинск;64357;2840;0;61517
705471;205138;5079760;2024-08-19 16:26:16;completed;Самовывоз;Челябинск;692;0;0;692
705472;206597;5079769;2024-08-19 19:01:03;completed;СДЭК;Челябинск;87180;216;690;87654
705473;204900;5079781;2024-08-19 19:39:18;completed;СДЭК;Ижевск;28480;104;590;28966
705474;;5079783;2024-08-19 13:11:40;payment_failed;СДЭК;Казань;10345;0;390;10735
705475;208697;5079796;2024-08-19 09:49:31;completed;Самовывоз;Копейск;2990;150;0;2840
705476;203056;5079801;2024-08-19 17:51:23;completed;Самовывоз;Челябинск;51090;0;0;51090
705477;;5079806;2024-08-19 17:46:58;completed;СДЭК;Магнитогорск;34790;1044;690;34436
705478;205000;5079808;2024-08-19 17:15:44;completed;СДЭК;Курган;28345;850;390;27885
705479;203447;5079851;2024-08-19 20:55:58;returned;СДЭК;Уфа;19790;0;390;20180
705480;202039;5079855;2024-08-19 20:38:15;completed;Самовывоз;Тюмень;108567;0;0;108567
705481;202596;5079885;2024-08-19 11:19:52;payment_failed;Самовывоз;Копейск;1990;100;0;1890
705482;200601;5079898;2024-08-19 20:44:16;completed;СДЭК;Златоуст;8090;809;390;7671
705483;;5079914;2024-08-19 09:26:49;completed;СДЭК;Оренбург;19990;1399;390;18981
705484;;5079915;2024-08-19 15:08:53;completed;Курьер;Челябинск;13090;393;0;12697
705485;200855;5079920;2024-08-19 09:06:25;payment_failed;Самовывоз;Оренбург;6567;0;0;6567
705486;208992;5079931;2024-08-19 15:13:24;payment_failed;Курьер;Курган;36090;0;590;36680
705487;204849;5079959;2024-08-19 14:42:21;cancelled;Самовывоз;Екатеринбург;111057;78;0;110979
705488;;5079970;2024-08-19 22:27:34;completed;Курьер;Ижевск;8790;615;590;8765
705489;207876;5079982;2024-08-19 17:06:47;completed;Курьер;Уфа;34567;0;390;34957
705490;;5079989;2024-08-19 12:35:40;payment_failed;Курьер;Челябинск;21490;0;0;21490
705491;206142;5080009;2024-08-19 13:46:19;completed;Курьер;Екатеринбург;33345;1667;390;32068
705492;;5080020;2024-08-19 19:21:17;payment_failed;СДЭК;Пермь;44135;0;690;44825
705493;206701;5080048;2024-08-19 15:04:14;completed;СДЭК;Челябинск;78702;2297;490;76895
705494;206821;5080054;2024-08-19 20:21:27;completed;СДЭК;Магнитогорск;183616;3663;490;180443
705495;208416;5080060;2024-08-19 12:34:32;completed;Курьер;Нижневартовск;151880;5560;390;146710
705496;200071;5080076;2024-08-19 09:57:04;payment_failed;СДЭК;Тюмень;35567;0;590;36157
705497;208722;5080077;2024-08-19 12:25:51;payment_failed;Самовывоз;Курган;7990;0;0;7990
705498;206106;5080149;2024-08-20 08:50:27;completed;Курьер;Магнитогорск;7990;240;490;8240
705499;201219;5080196;2024-08-20 11:31:10;completed;Курьер;Екатеринбург;4567;0;590;5157
705500;200376;5080204;2024-08-20 20:51:40;completed;Почта России;Москва;4391;412;450;4429
705501;205258;5080205;2024-08-20 13:31:33;payment_failed;Самовывоз;Казань;111790;0;0;111790
705502;203979;5080214;2024-08-20 16:19:55;completed;Самовывоз;Нижневартовск;36990;0;0;36990
705503;201676;5080215;2024-08-20 18:10:06;completed;Самовывоз;Тюмень;885;27;0;858
705504;;5080220;2024-08-20 10:15:00;payment_failed;Самовывоз;Челябинск;82460;3027;0;79433
705505;;5080234;2024-08-20 15:12:21;completed;Самовывоз;Пермь;2090;146;0;1944
705506;;5080271;2024-08-20 17:04:30;payment_failed;Самовывоз;Магнитогорск;40567;1217;0;39350
705507;208292;5080273;2024-08-20 14:13:23;completed;Самовывоз;Миасс;8135;240;0;7895
705508;208489;5080295;2024-08-20 17:11:25;payment_failed;СДЭК;Копейск;6345;0;390;6735
705509;205572;5080296;2024-08-20 19:08:10;completed;Самовывоз;Миасс;6790;0;0;6790
705510;205288;5080331;2024-08-20 14:40:47;payment_failed;Курьер;Копейск;63347;228;590;63709
705511;200186;5080338;2024-08-20 16:22:17;completed;СДЭК;Курган;27990;2799;690;25881
705512;205182;5080369;2024-08-20 18:19:06;completed;Курьер;Копейск;24990;0;390;25380
705513;;5080394;2024-08-20 15:50:42;completed;Почта России;Москва;18345;0;550;18895
705514;203702;5080435;2024-08-20 19:02:16;payment_failed;Самовывоз;Златоуст;127490;6374;0;121116
705515;201482;5080464;2024-08-20 15:12:58;completed;Курьер;Миасс;10490;734;590;10346
705516;205160;5080469;2024-08-20 16:28:15;completed;Курьер;Екатеринбург;37345;0;590;37935
705517;209931;5080471;2024-08-20 16:38:24;completed;СДЭК;Челябинск;88912;0;590;89502
705518;204250;5080477;2024-08-20 18:37:22;payment_failed;Почта России;Екатеринбург;8090;0;350;8440
705519;202824;5080495;2024-08-20 20:13:12;completed;Курьер;Челябинск;22790;684;0;22106
705520;204012;5080504;2024-08-20 08:28:18;completed;Курьер;Казань;38990;0;390;39380
705521;200844;5080507;2024-08-20 20:33:28;completed;СДЭК;Миасс;21657;587;390;21460
705522;202429;5080529;2024-08-21 21:46:45;completed;Самовывоз;Казань;10490;315;0;10175
705523;209402;5080535;2024-08-21 17:04:29;payment_failed;Курьер;Магнитогорск;39090;3909;590;35771
705524;204233;5080544;2024-08-21 15:47:47;payment_failed;Курьер;Уфа;11490;1149;590;10931
705525;206364;5080556;2024-08-21 23:47:33;completed;Курьер;Челябинск;11345;0;0;11345
705526;201463;5080570;2024-08-21 11:34:02;completed;Курьер;Магнитогорск;7790;390;390;7790
705527;203890;5080591;2024-08-21 20:47:44;completed;Курьер;Миасс;798;80;590;1308
705528;207118;5080595;2024-08-21 20:52:19;completed;Курьер;Челябинск;34345;1030;0;33315
705529;203308;5080599;2024-08-21 11:33:57;payment_failed;Почта России;Санкт-Петербург;15480;390;450;15540
705530;209740;5080660;2024-08-21 15:51:00;completed;Почта России;Москва;795;0;550;1345
705531;206009;5080700;2024-08-21 11:41:14;completed;СДЭК;Миасс;15180;104;490;15566
705532;206427;5080746;2024-08-21 13:34:28;completed;СДЭК;Челябинск;20490;0;690;21180
705533;208453;5080753;2024-08-21 09:01:30;payment_failed;СДЭК;Самара;14090;704;390;13776
705534;201530;5080754;2024-08-21 16:33:53;completed;СДЭК;Челябинск;3567;0;490;4057
705535;205779;5080810;2024-08-21 17:38:32;returned;Курьер;Миасс;34345;3434;590;31501
705536;205421;5080831;2024-08-21 19:36:02;cancelled;Самовывоз;Миасс;3790;0;0;3790
705537;204614;5080832;2024-08-21 13:07:52;completed;СДЭК;Сургут;11345;0;490;11835
705538;205129;5080840;2024-08-21 17:31:25;completed;СДЭК;Казань;73345;2200;590;71735
705539;201545;5080841;2024-08-21 22:25:29;payment_failed;Самовывоз;Екатеринбург;12990;0;0;12990
705540;206059;5080857;2024-08-21 17:07:00;completed;Курьер;Челябинск;2490;299;290;2481
705541;207012;5080871;2024-08-21 12:11:27;completed;Почта России;Магнитогорск;7790;0;350;8140
705542;206414;5080890;2024-08-21 21:55:32;completed;Курьер;Миасс;100345;5017;490;95818
705543;200486;5080922;2024-08-21 17:16:23;payment_failed;Самовывоз;Челябинск;2567;0;0;2567
705544;206044;5080928;2024-08-21 11:54:16;completed;Почта России;Москва;6664;0;350;7014
705545;;5080930;2024-08-21 10:51:24;completed;Курьер;Челябинск;11567;0;0;11567
705546;201547;5080947;2024-08-21 15:08:07;cancelled;Самовывоз;Курган;43990;2200;0;41790
705547;205126;5080958;2024-08-22 17:15:40;completed;Самовывоз;Ижевск;21490;1504;0;19986
705548;207161;5080965;2024-08-22 19:10:54;payment_failed;Курьер;Сургут;51090;5109;590;46571
705549;207519;5080977;2024-08-22 16:34:02;payment_failed;Курьер;Пермь;27780;140;490;28130
705550;206696;5080992;2024-08-22 12:28:44;completed;Самовывоз;Копейск;35490;0;0;35490
705551;207716;5081000;2024-08-22 18:40:36;completed;Самовывоз;Челябинск;32790;0;0;32790
705552;207568;5081037;2024-08-22 15:05:41;completed;СДЭК;Челябинск;110090;13211;490;97369
705553;202910;5081043;2024-08-22 16:20:14;completed;Самовывоз;Челябинск;103164;0;0;103164
705554;206882;5081054;2024-08-22 17:25:22;completed;СДЭК;Москва;18567;0;690;19257
705555;207377;5081058;2024-08-22 11:21:15;completed;Самовывоз;Копейск;42567;0;0;42567
705556;205616;5081067;2024-08-22 18:02:11;cancelled;СДЭК;Челябинск;100090;5004;390;95476
705557;205656;5081071;2024-08-22 15:39:21;completed;Самовывоз;Пермь;133057;10049;0;123008
705558;201864;5081076;2024-08-22 17:02:31;completed;Курьер;Екатеринбург;1345;0;490;1835
705559;208375;5081085;2024-08-22 11:41:09;payment_failed;СДЭК;Новосибирск;27490;0;490;27980
705560;208610;5081111;2024-08-22 19:27:28;completed;Самовывоз;Челябинск;559;0;0;559
705561;202355;5081125;2024-08-22 18:19:19;completed;Курьер;Магнитогорск;6567;197;590;6960
705562;;5081138;2024-08-22 21:14:06;completed;СДЭК;Курган;888;44;390;1234
705563;201298;5081185;2024-08-22 17:34:29;completed;Курьер;Курган;1990;139;390;2241
705564;;5081211;2024-08-22 10:55:48;completed;Курьер;Копейск;42490;0;390;42880
705565;206819;5081216;2024-08-22 17:34:42;completed;Самовывоз;Копейск;36567;2560;0;34007
705566;208132;5081241;2024-08-22 13:50:17;completed;Курьер;Челябинск;697;0;290;987
705567;208072;5081256;2024-08-22 18:20:50;completed;Почта России;Челябинск;83790;5865;550;78475
705568;200841;5081273;2024-08-22 10:52:53;completed;Самовывоз;Челябинск;25057;677;0;24380
705569;200281;5081297;2024-08-22 15:49:03;completed;Самовывоз;Челябинск;4790;0;0;4790
705570;;5081351;2024-08-22 20:00:26;completed;Самовывоз;Челябинск;8090;243;0;7847
705571;209767;5081361;2024-08-23 21:24:09;completed;Почта России;Магнитогорск;1490;0;550;2040
705572;202401;5081364;2024-08-23 18:13:20;completed;Самовывоз;Курган;35790;0;0;35790
705573;203106;5081365;2024-08-23 17:12:30;completed;Самовывоз;Копейск;3567;0;0;3567
705574;201607;5081368;2024-08-23 18:07:46;completed;Курьер;Тюмень;56790;1704;490;55576
705575;;5081386;2024-08-23 20:48:28;payment_failed;СДЭК;Тюмень;67490;4724;690;63456
705576;201920;5081400;2024-08-23 16:50:27;completed;Самовывоз;Златоуст;4090;0;0;4090
705577;;5081442;2024-08-23 20:18:09;completed;Курьер;Ижевск;1567;78;390;1879
705578;203949;5081450;2024-08-23 20:48:05;completed;Самовывоз;Челябинск;6880;114;0;6766
705579;200157;5081453;2024-08-23 20:18:38;completed;Курьер;Магнитогорск;127490;0;490;127980
705580;;5081465;2024-08-23 19:19:55;completed;СДЭК;Челябинск;18345;917;690;18118
705581;;5081502;2024-08-23 20:00:07;payment_failed;СДЭК;Уфа;40132;0;590;40722
705582;209060;5081526;2024-08-23 21:26:30;completed;СДЭК;Пермь;13090;0;690;13780
705583;201325;5081539;2024-08-23 10:58:24;completed;Самовывоз;Златоуст;90490;0;0;90490
705584;200139;5081545;2024-08-23 12:42:41;completed;Самовывоз;Копейск;1490;149;0;1341
705585;202171;5081561;2024-08-23 10:13:15;completed;Почта России;Челябинск;23090;1154;550;22486
705586;207328;5081606;2024-08-23 15:16:45;completed;Курьер;Курган;1990;0;390;2380
705587;204913;5081612;2024-08-23 15:14:12;completed;Почта России;Курган;34790;0;350;35140
705588;202389;5081647;2024-08-23 22:53:03;completed;Курьер;Копейск;84990;0;490;85480
705589;203094;5081649;2024-08-23 19:12:52;completed;Самовывоз;Казань;8990;1079;0;7911
705590;201884;5081651;2024-08-23 12:09:42;payment_failed;Курьер;Магнитогорск;902;0;390;1292
705591;201869;5081652;2024-08-23 12:06:54;completed;Почта России;Челябинск;77090;0;450;77540
705592;;5081662;2024-08-23 11:30:03;payment_failed;Курьер;Златоуст;125090;0;590;125680
705593;204446;5081710;2024-08-23 12:24:29;payment_failed;Самовывоз;Санкт-Петербург;42567;0;0;42567
705594;205536;5081719;2024-08-23 15:59:29;completed;СДЭК;Санкт-Петербург;2481;90;690;3081
705595;;5081774;2024-08-24 10:31:10;completed;СДЭК;Уфа;82090;8209;590;74471
705596;208612;5081794;2024-08-24 19:52:15;payment_failed;Курьер;Миасс;12790;384;490;12896
705597;204710;5081834;2024-08-24 21:40:54;completed;Курьер;Магнитогорск;49090;0;590;49680
705598;;5081840;2024-08-24 18:58:32;completed;Самовывоз;Тюмень;65490;0;0;65490
705599;202582;5081879;2024-08-24 17:15:12;payment_failed;Почта России;Челябинск;25345;1774;450;24021
705600;207177;5081885;2024-08-24 08:41:38;completed;Курьер;Екатеринбург;571;0;590;1161
705601;201243;5081892;2024-08-24 21:17:27;completed;Курьер;Челябинск;690;0;290;980
705602;201254;5081898;2024-08-24 18:04:54;completed;Самовывоз;Челябинск;9990;0;0;9990
705603;205726;5081910;2024-08-24 16:41:04;completed;СДЭК;Магнитогорск;47832;1531;390;46691
705604;202651;5081911;2024-08-24 18:46:52;completed;Почта России;Казань;38280;1065;550;37765
705605;202790;5081913;2024-08-24 21:56:14;completed;Самовывоз;Екатеринбург;86980;2550;0;84430
705606;203659;5081931;2024-08-24 12:07:08;payment_failed;Курьер;Екатеринбург;7090;709;490;6871
705607;208442;5081941;2024-08-24 16:07:47;completed;Самовывоз;Москва;71990;0;0;71990
705608;203122;5081943;2024-08-24 16:07:04;completed;Курьер;Челябинск;18490;924;0;17566
705609;;5081975;2024-08-24 15:51:02;completed;Курьер;Уфа;6345;0;590;6935
705610;;5082010;2024-08-24 18:37:14;completed;Самовывоз;Екатеринбург;2790;195;0;2595
705611;205700;5082017;2024-08-24 16:36:06;completed;Самовывоз;Копейск;43345;3034;0;40311
705612;207449;5082020;2024-08-24 17:12:35;completed;Самовывоз;Челябинск;32990;1650;0;31340
705613;203343;5082046;2024-08-24 09:37:26;payment_failed;Курьер;Челябинск;42490;2974;0;39516
705614;200366;5082059;2024-08-24 13:16:32;completed;Курьер;Челябинск;28345;1417;0;26928
705615;202038;5082062;2024-08-24 16:29:43;completed;Самовывоз;Челябинск;64490;3224;0;61266
705616;200926;5082076;2024-08-24 16:11:47;completed;Почта России;Челябинск;903;0;350;1253
705617;209221;5082082;2024-08-24 11:24:53;completed;СДЭК;Екатеринбург;3090;0;690;3780
705618;202107;5082085;2024-08-24 15:28:09;completed;Курьер;Копейск;111490;0;390;111880
705619;207803;5082103;2024-08-24 13:36:18;completed;СДЭК;Челябинск;20567;0;390;20957
705620;202180;5082117;2024-08-24 11:00:06;completed;Курьер;Ижевск;68002;3426;390;64966
705621;209249;5082129;2024-08-24 18:05:48;payment_failed;Самовывоз;Самара;110490;3315;0;107175
705622;200490;5082167;2024-08-25 13:36:16;completed;Курьер;Челябинск;8790;0;0;8790
705623;201686;5082173;2024-08-25 16:00:28;completed;Самовывоз;Екатеринбург;15880;123;0;15757
705624;;5082180;2024-08-25 21:26:03;completed;СДЭК;Челябинск;108490;0;390;108880
705625;208384;5082195;2024-08-25 16:25:03;completed;СДЭК;Копейск;99345;0;690;100035
705626;208190;5082210;2024-08-25 08:52:08;completed;Курьер;Челябинск;49490;0;0;49490
705627;209884;5082211;2024-08-25 15:42:57;completed;Курьер;Москва;2567;0;590;3157
705628;;5082214;2024-08-25 16:06:12;completed;Курьер;Миасс;2567;0;490;3057
705629;209367;5082245;2024-08-25 16:50:42;completed;Почта России;Екатеринбург;44835;1924;350;43261
705630;202021;5082248;2024-08-25 14:50:24;completed;Курьер;Копейск;84835;0;390;85225
705631;205046;5082252;2024-08-25 15:54:32;completed;Самовывоз;Челябинск;65345;0;0;65345
705632;203773;5082263;2024-08-25 16:20:21;payment_failed;Самовывоз;Миасс;115780;8518;0;107262
705633;;5082344;2024-08-25 18:16:33;completed;Самовывоз;Пермь;6490;454;0;6036
705634;206019;5082345;2024-08-25 18:18:59;payment_failed;СДЭК;Челябинск;127567;0;390;127957
705635;201590;5082361;2024-08-25 16:54:05;completed;Курьер;Тюмень;1386;166;490;1710
705636;201985;5082416;2024-08-25 21:15:02;payment_failed;Почта России;Челябинск;8690;608;550;8632
705637;202717;5082419;2024-08-25 18:39:12;completed;Самовывоз;Курган;69090;0;0;69090
705638;205371;5082432;2024-08-25 16:45:37;completed;Самовывоз;Челябинск;3567;0;0;3567
705639;206940;5082451;2024-08-25 23:56:59;completed;Самовывоз;Магнитогорск;5980;598;0;5382
705640;207071;5082457;2024-08-25 08:39:56;payment_failed;Курьер;Миасс;18345;0;590;18935
705641;207078;5082460;2024-08-25 20:35:20;completed;Курьер;Тюмень;13790;0;390;14180
705642;202100;5082469;2024-08-25 18:25:25;completed;Почта России;Магнитогорск;85153;0;450;85603
705643;204999;5082485;2024-08-25 09:43:29;completed;Курьер;Тюмень;1090;0;390;1480
705644;200670;5082488;2024-08-25 15:58:38;payment_failed;СДЭК;Челябинск;2345;234;490;2601
705645;202776;5082489;2024-08-25 22:04:00;completed;СДЭК;Копейск;29345;0;590;29935
705646;202381;5082492;2024-08-25 16:14:21;completed;Курьер;Самара;35567;2490;390;33467
705647;202618;5082505;2024-08-25 15:17:45;completed;Почта России;Уфа;33740;1790;450;32400
705648;206928;5082523;2024-08-25 20:13:49;payment_failed;Самовывоз;Челябинск;11090;0;0;11090
705649;206997;5082528;2024-08-25 20:50:35;completed;СДЭК;Казань;55650;2754;590;53486
705650;;5082545;2024-08-25 16:43:07;completed;Курьер;Екатеринбург;4567;0;590;5157
705651;209335;5082575;2024-08-26 18:27:04;completed;СДЭК;Челябинск;18990;0;390;19380
705652;202851;5082577;2024-08-26 23:49:42;completed;Самовывоз;Златоуст;109567;0;0;109567
705653;208326;5082597;2024-08-26 12:10:35;completed;Самовывоз;Челябинск;45567;1367;0;44200
705654;203930;5082605;2024-08-26 17:40:23;completed;Курьер;Челябинск;68990;2070;0;66920
705655;;5082615;2024-08-26 18:57:01;completed;Самовывоз;Магнитогорск;60057;1215;0;58842
705656;209767;5082632;2024-08-26 18:37:31;completed;Курьер;Магнитогорск;35180;1960;390;33610
705657;202606;5082637;2024-08-26 20:17:21;completed;Почта России;Магнитогорск;3490;0;450;3940
705658;203743;5082638;2024-08-26 14:08:01;completed;СДЭК;Златоуст;34490;3449;590;31631
705659;201162;5082649;2024-08-26 15:13:48;completed;Самовывоз;Курган;43490;0;0;43490
705660;;5082677;2024-08-26 13:44:17;completed;Курьер;Уфа;111990;0;490;112480
705661;203587;5082679;2024-08-26 16:39:49;completed;Самовывоз;Миасс;73790;0;0;73790
705662;206953;5082732;2024-08-26 15:11:09;completed;Самовывоз;Санкт-Петербург;3790;190;0;3600
705663;204317;5082733;2024-08-26 16:34:33;payment_failed;Самовывоз;Челябинск;1345;40;0;1305
705664;202263;5082749;2024-08-26 12:37:14;completed;Самовывоз;Пермь;28790;2879;0;25911
705665;203173;5082754;2024-08-26 21:43:56;completed;Почта России;Казань;50990;6119;450;45321
705666;205612;5082770;2024-08-26 18:05:39;completed;Курьер;Миасс;18345;1834;390;16901
705667;203672;5082790;2024-08-26 15:53:21;completed;Самовывоз;Пермь;4090;0;0;4090
705668;201051;5082806;2024-08-26 16:45:58;returned;Курьер;Уфа;20090;2009;490;18571
705669;;5082809;2024-08-26 13:47:06;completed;Курьер;Челябинск;35490;0;0;35490
705670;209243;5082822;2024-08-26 08:36:48;payment_failed;Самовывоз;Магнитогорск;4090;0;0;4090
705671;203900;5082829;2024-08-26 21:52:50;completed;СДЭК;Копейск;1490;0;690;2180
705672;204582;5082833;2024-08-26 20:48:42;payment_failed;Курьер;Казань;18567;928;390;18029
705673;203951;5082838;2024-08-26 19:18:32;completed;Почта России;Миасс;112925;104;350;113171
705674;207523;5082858;2024-08-26 14:28:30;completed;Курьер;Уфа;20090;1406;390;19074
705675;203008;5082863;2024-08-26 08:10:27;completed;Самовывоз;Копейск;6567;328;0;6239
705676;208793;5082875;2024-08-26 18:17:14;payment_failed;СДЭК;Челябинск;45480;3183;590;42887
705677;204034;5082876;2024-08-26 19:37:46;payment_failed;Самовывоз;Копейск;32090;1604;0;30486
705678;204307;5082892;2024-08-26 18:58:28;completed;Самовывоз;Челябинск;568;40;0;528
705679;200488;5082909;2024-08-26 21:02:20;returned;Самовывоз;Челябинск;32990;1650;0;31340
705680;208206;5082917;2024-08-26 18:42:05;completed;Курьер;Челябинск;22872;704;0;22168
705681;205364;5082956;2024-08-26 09:28:04;completed;Курьер;Казань;1790;0;490;2280
705682;209813;5082971;2024-08-27 19:51:22;completed;Курьер;Челябинск;2345;117;290;2518
705683;;5082982;2024-08-27 19:37:31;payment_failed;Самовывоз;Курган;38990;1950;0;37040
705684;202881;5083007;2024-08-27 13:53:18;cancelled;Самовывоз;Магнитогорск;19490;1364;0;18126
705685;202453;5083023;2024-08-27 18:05:11;completed;Самовывоз;Златоуст;20435;1021;0;19414
705686;209529;5083028;2024-08-27 10:40:13;completed;Курьер;Ижевск;793;0;590;1383
705687;204813;5083039;2024-08-27 17:47:11;completed;Курьер;Пермь;7090;354;390;7126
705688;203654;5083041;2024-08-27 13:17:34;completed;Самовывоз;Челябинск;2090;104;0;1986
705689;202452;5083047;2024-08-27 10:02:36;cancelled;Самовывоз;Москва;7490;0;0;7490
705690;208927;5083068;2024-08-27 21:49:51;completed;Курьер;Челябинск;5580;391;0;5189
705691;208185;5083097;2024-08-27 10:22:17;completed;Самовывоз;Уфа;11790;590;0;11200
705692;206188;5083125;2024-08-27 11:07:54;completed;Курьер;Миасс;44345;2217;590;42718
705693;209762;5083200;2024-08-27 21:02:02;completed;Курьер;Челябинск;7490;374;0;7116
705694;208893;5083221;2024-08-27 13:13:04;completed;Самовывоз;Челябинск;35790;0;0;35790
705695;201551;5083223;2024-08-27 14:34:54;completed;Курьер;Тюмень;35059;0;490;35549
705696;206310;5083260;2024-08-27 19:31:19;payment_failed;Курьер;Миасс;21490;1074;490;20906
705697;206238;5083265;2024-08-27 20:02:20;completed;Самовывоз;Копейск;23490;0;0;23490
705698;206067;5083272;2024-08-27 12:31:03;completed;СДЭК;Челябинск;45657;3957;690;42390
705699;203137;5083278;2024-08-27 16:56:14;cancelled;Курьер;Казань;21790;0;590;22380
705700;205678;5083305;2024-08-27 11:28:43;completed;Курьер;Челябинск;21490;0;0;21490
705701;204836;5083311;2024-08-27 09:50:44;completed;Почта России;Тюмень;18672;2159;550;17063
705702;209862;5083321;2024-08-27 15:39:57;completed;Курьер;Казань;19090;0;390;19480
705703;;5083325;2024-08-27 21:11:33;completed;СДЭК;Челябинск;36345;0;390;36735
705704;208262;5083347;2024-08-28 12:16:34;completed;Курьер;Екатеринбург;22245;2482;390;20153
705705;202005;5083355;2024-08-28 17:44:16;completed;СДЭК;Москва;21490;0;490;21980
705706;206365;5083361;2024-08-28 20:53:24;payment_failed;Самовывоз;Уфа;39983;2763;0;37220
705707;200719;5083385;2024-08-28 16:02:04;completed;Самовывоз;Челябинск;1490;74;0;1416
705708;207350;5083404;2024-08-28 10:22:07;completed;Самовывоз;Челябинск;788;79;0;709
705709;203333;5083407;2024-08-28 13:52:24;returned;Курьер;Челябинск;113790;0;0;113790
705710;;5083422;2024-08-28 19:52:23;completed;Курьер;Златоуст;34780;959;390;34211
705711;208309;5083442;2024-08-28 17:41:19;payment_failed;Курьер;Миасс;19790;990;390;19190
705712;207402;5083499;2024-08-28 16:10:00;completed;Самовывоз;Копейск;83270;3288;0;79982
705713;205072;5083526;2024-08-28 14:29:26;completed;Самовывоз;Уфа;2567;0;0;2567
705714;;5083530;2024-08-28 12:44:30;completed;Курьер;Екатеринбург;21567;1510;590;20647
705715;205332;5083531;2024-08-28 20:19:01;completed;СДЭК;Казань;23990;0;390;24380
705716;207026;5083551;2024-08-28 09:19:24;payment_failed;Самовывоз;Сургут;1345;0;0;1345
705717;;5083562;2024-08-28 18:04:44;completed;СДЭК;Копейск;800;56;390;1134
705718;202040;5083585;2024-08-28 18:11:35;completed;Курьер;Москва;25090;3011;390;22469
705719;201071;5083590;2024-08-28 18:49:47;payment_failed;Курьер;Челябинск;801;96;290;995
705720;206548;5083620;2024-08-28 22:56:48;completed;Самовывоз;Казань;43790;1314;0;42476
705721;;5083659;2024-08-28 18:09:05;completed;СДЭК;Уфа;1345;0;690;2035
705722;208021;5083663;2024-08-28 11:16:45;payment_failed;Курьер;Казань;1090;54;490;1526
705723;203454;5083664;2024-08-28 10:37:48;completed;Курьер;Копейск;7567;0;390;7957
705724;202257;5083671;2024-08-28 09:52:06;completed;Почта России;Магнитогорск;56490;3954;550;53086
705725;205382;5083686;2024-08-28 17:31:57;payment_failed;Курьер;Сургут;73345;0;490;73835
705726;200342;5083692;2024-08-28 12:11:57;completed;СДЭК;Магнитогорск;28567;2000;490;27057
705727;206485;5083694;2024-08-28 11:32:51;completed;Почта России;Миасс;2567;128;350;2789
705728;203877;5083696;2024-08-28 21:26:33;completed;Самовывоз;Копейск;18567;1300;0;17267
705729;;5083704;2024-08-28 12:30:18;completed;Самовывоз;Уфа;45990;1380;0;44610
705730;203844;5083718;2024-08-28 12:44:22;payment_failed;Почта России;Копейск;115980;224;550;116306
705731;201300;5083730;2024-08-28 13:29:49;completed;Самовывоз;Челябинск;20090;0;0;20090
705732;202653;5083733;2024-08-28 11:04:05;completed;Курьер;Пермь;70480;615;590;70455
705733;201849;5083737;2024-08-28 18:45:57;payment_failed;СДЭК;Магнитогорск;22490;0;690;23180
705734;200293;5083760;2024-08-28 18:42:32;completed;Курьер;Миасс;700;35;390;1055
705735;200147;5083762;2024-08-29 11:27:56;completed;Самовывоз;Оренбург;6567;0;0;6567
705736;;5083766;2024-08-29 18:20:56;payment_failed;Самовывоз;Тюмень;13090;393;0;12697
705737;;5083825;2024-08-29 18:25:25;payment_failed;Курьер;Екатеринбург;31090;0;390;31480
705738;200550;5083840;2024-08-29 13:24:20;returned;СДЭК;Москва;7180;204;490;7466
705739;206072;5083841;2024-08-29 22:56:46;completed;СДЭК;Златоуст;35135;0;590;35725
705740;209361;5083847;2024-08-29 08:35:35;completed;Самовывоз;Пермь;779;78;0;701
705741;209162;5083853;2024-08-29 11:21:54;completed;Курьер;Копейск;80480;4373;590;76697
705742;208769;5083859;2024-08-29 21:28:19;payment_failed;Курьер;Челябинск;20371;1031;0;19340
705743;207259;5083870;2024-08-29 18:54:01;completed;Самовывоз;Магнитогорск;34177;34;0;34143
705744;;5083872;2024-08-29 19:50:16;completed;Самовывоз;Уфа;57090;0;0;57090
705745;207040;5083882;2024-08-29 16:51:49;completed;СДЭК;Тюмень;15847;299;490;16038
705746;207647;5083916;2024-08-29 10:18:37;payment_failed;Самовывоз;Уфа;18567;0;0;18567
705747;202803;5083919;2024-08-29 10:09:58;payment_failed;Курьер;Златоуст;36034;2474;590;34150
705748;;5083937;2024-08-29 16:40:04;completed;СДЭК;Челябинск;40567;0;390;40957
705749;209263;5083943;2024-08-29 13:34:14;payment_failed;Курьер;Курган;26357;234;490;26613
705750;202474;5083997;2024-08-29 14:40:19;payment_failed;Курьер;Магнитогорск;7345;367;390;7368
705751;203219;5084000;2024-08-29 20:27:09;completed;СДЭК;Нижневартовск;1345;0;690;2035
705752;203556;5084018;2024-08-29 10:22:27;completed;Курьер;Уфа;21990;0;490;22480
705753;203859;5084022;2024-08-29 08:17:23;completed;Самовывоз;Уфа;18990;1329;0;17661
705754;;5084026;2024-08-29 17:17:53;completed;Почта России;Екатеринбург;68090;8171;450;60369
705755;203466;5084046;2024-08-29 11:08:26;cancelled;СДЭК;Миасс;1567;157;390;1800
705756;201126;5084054;2024-08-29 21:24:43;payment_failed;Курьер;Новосибирск;25567;3068;390;22889
705757;209731;5084059;2024-08-29 21:46:12;payment_failed;СДЭК;Челябинск;5490;549;490;5431
705758;209344;5084068;2024-08-29 20:20:32;completed;СДЭК;Екатеринбург;6090;426;390;6054
705759;200326;5084076;2024-08-29 16:19:56;completed;Курьер;Копейск;696;0;590;1286
705760;206732;5084089;2024-08-29 15:21:34;completed;Почта России;Копейск;54180;0;450;54630
705761;;5084101;2024-08-29 17:20:45;completed;СДЭК;Екатеринбург;40835;1974;590;39451
705762;204053;5084106;2024-08-29 20:23:01;completed;Самовывоз;Екатеринбург;11345;794;0;10551
705763;208064;5084139;2024-08-29 12:49:54;completed;Самовывоз;Челябинск;30912;2874;0;28038
705764;201890;5084175;2024-08-30 11:29:57;completed;Курьер;Уфа;43090;0;490;43580
705765;209791;5084185;2024-08-30 16:52:04;completed;Самовывоз;Златоуст;792;24;0;768
705766;209139;5084225;2024-08-30 16:23:57;completed;Самовывоз;Челябинск;4780;449;0;4331
705767;209946;5084236;2024-08-30 18:41:52;completed;Курьер;Челябинск;1990;0;290;2280
705768;203446;5084242;2024-08-30 18:20:39;completed;СДЭК;Москва;894;0;490;1384
705769;204957;5084262;2024-08-30 19:10:37;payment_failed;СДЭК;Челябинск;79345;0;690;80035
705770;200896;5084275;2024-08-30 17:56:31;payment_failed;Самовывоз;Копейск;2990;209;0;2781
705771;;5084283;2024-08-30 14:51:03;completed;Курьер;Казань;26057;1677;590;24970
705772;200107;5084329;2024-08-30 16:35:04;completed;Курьер;Копейск;148057;3407;490;145140
705773;201089;5084354;2024-08-30 19:37:08;completed;Курьер;Челябинск;20490;0;0;20490
705774;204500;5084370;2024-08-30 13:27:25;completed;Курьер;Челябинск;25126;250;0;24876
705775;;5084375;2024-08-30 23:51:56;completed;Курьер;Миасс;62135;2231;490;60394
705776;;5084378;2024-08-30 16:03:16;completed;Курьер;Миасс;1567;0;590;2157
705777;207823;5084402;2024-08-30 11:12:37;completed;Курьер;Казань;49090;3436;490;46144
705778;206671;5084417;2024-08-30 17:29:46;completed;Самовывоз;Копейск;65367;0;0;65367
705779;206639;5084428;2024-08-30 17:52:37;payment_failed;Курьер;Челябинск;74790;5235;0;69555
705780;206383;5084436;2024-08-30 16:21:09;completed;Почта России;Челябинск;6990;210;350;7130
705781;208503;5084447;2024-08-30 19:02:09;completed;Курьер;Екатеринбург;2345;0;590;2935
705782;;5084473;2024-08-30 10:55:03;completed;Самовывоз;Копейск;82990;0;0;82990
705783;208685;5084488;2024-08-30 21:50:11;returned;Курьер;Челябинск;1090;0;290;1380
705784;;5084541;2024-08-31 23:58:17;completed;Курьер;Самара;80090;4004;390;76476
705785;205698;5084554;2024-08-31 16:32:41;completed;Почта России;Пермь;1567;188;350;1729
705786;209304;5084560;2024-08-31 10:04:37;completed;Курьер;Челябинск;39920;1967;0;37953
705787;204346;5084574;2024-08-31 12:27:46;completed;Самовывоз;Челябинск;791;55;0;736
705788;;5084598;2024-08-31 22:25:45;payment_failed;Самовывоз;Миасс;18567;1300;0;17267
705789;;5084603;2024-08-31 14:03:31;completed;Самовывоз;Челябинск;7090;354;0;6736
705790;;5084627;2024-08-31 15:26:04;completed;СДЭК;Магнитогорск;24090;1204;490;23376
705791;204246;5084628;2024-08-31 15:53:05;completed;Самовывоз;Екатеринбург;25567;1790;0;23777
705792;205698;5084651;2024-08-31 21:56:17;completed;Курьер;Пермь;8090;0;390;8480
705793;;5084652;2024-08-31 18:26:46;payment_failed;СДЭК;Челябинск;7567;227;690;8030
705794;204545;5084670;2024-08-31 12:14:57;completed;Курьер;Миасс;26080;2575;490;23995
705795;206322;5084717;2024-08-31 20:28:28;completed;Самовывоз;Челябинск;64790;0;0;64790
705796;204840;5084768;2024-08-31 18:06:20;completed;Курьер;Екатеринбург;2490;0;390;2880
705797;208342;5084782;2024-08-31 21:40:50;completed;Самовывоз;Сургут;42345;0;0;42345
705798;204945;5084819;2024-08-31 21:45:32;completed;СДЭК;Уфа;27345;0;490;27835
705799;200078;5084853;2024-08-31 09:01:52;completed;Курьер;Челябинск;15547;626;0;14921
705800;207287;5084869;2024-08-31 08:19:21;completed;Курьер;Казань;14490;0;490;14980
705801;207924;5084872;2024-08-31 13:00:17;completed;Самовывоз;Челябинск;3345;234;0;3111
705802;209286;5084889;2024-08-31 23:43:15;completed;Курьер;Казань;20031;0;390;20421
705803;204266;5084915;2024-08-31 23:48:07;completed;СДЭК;Уфа;34912;1745;490;33657
