payment_id;order_id;payment_datetime;payment_method;payment_status;failure_reason;amount
1100001;700001;2024-01-01 16:08:03;СБП;successful;;38935
1100002;700002;2024-01-01 15:57:39;СБП;successful;;36726
1100003;700003;2024-01-01 21:22:15;Банковская карта;successful;;4929
1100004;700004;2024-01-01 18:42:03;Банковская карта;successful;;23956
1100005;700005;2024-01-01 10:55:55;СБП;successful;;7245
1100006;700006;2024-01-01 23:57:39;Рассрочка;failed;Недостаточно средств;33257
1100007;700007;2024-01-01 15:17:03;ЮMoney;successful;;10090
1100008;700008;2024-01-01 22:02:41;Банковская карта;failed;Пользователь отменил оплату;43790
1100009;700009;2024-01-01 22:45:03;СБП;successful;;1449
1100010;700010;2024-01-01 15:41:31;Банковская карта;successful;;1388
1100011;700011;2024-01-01 19:22:51;СБП;successful;;1930
1100012;700012;2024-01-01 14:10:54;СБП;successful;;70617
1100013;700013;2024-01-01 22:47:56;Наличными при получении;successful;;39135
1100014;700014;2024-01-01 17:08:23;СБП;successful;;103262
1100015;700015;2024-01-01 19:50:50;СБП;failed;Ошибка платёжного шлюза;3850
1100016;700016;2024-01-01 21:49:29;Рассрочка;successful;;6370
1100017;700017;2024-01-01 16:54:32;СБП;successful;;2706
1100018;700018;2024-01-01 12:40:18;СБП;refunded;;64551
1100019;700019;2024-01-01 10:27:39;Банковская карта;successful;;39430
1100020;700020;2024-01-01 22:50:46;Банковская карта;successful;;48570
1100021;700021;2024-01-01 21:01:30;Банковская карта;successful;;17901
1100022;700022;2024-01-01 20:58:15;СБП;successful;;18235
1100023;700023;2024-01-01 13:25:55;Банковская карта;refunded;Заказ отменён клиентом после оплаты;32830
1100024;700024;2024-01-01 13:01:59;Банковская карта;successful;;2481
1100025;700025;2024-01-01 23:27:42;Банковская карта;refunded;Заказ отменён клиентом после оплаты;39534
1100026;700026;2024-01-01 23:12:42;СБП;successful;;68680
1100027;700027;2024-01-01 15:17:48;СБП;successful;;4551
1100028;700028;2024-01-02 13:57:17;СБП;successful;;3990
1100029;700029;2024-01-02 16:28:13;Банковская карта;successful;;56990
1100030;700030;2024-01-02 18:13:11;Рассрочка;successful;;7671
1100031;700031;2024-01-02 15:22:48;СБП;successful;;8117
1100032;700032;2024-01-02 16:24:08;Банковская карта;successful;;29480
1100033;700033;2024-01-02 19:56:55;Наличными при получении;successful;;24780
1100034;700034;2024-01-02 13:41:40;Наличными при получении;refunded;;5180
1100035;700035;2024-01-02 16:55:06;Банковская карта;successful;;22300
1100036;700036;2024-01-02 16:47:33;Банковская карта;successful;;7005
1100037;700037;2024-01-02 15:38:33;ЮMoney;successful;;50267
1100038;700038;2024-01-02 14:24:21;Банковская карта;successful;;128257
1100039;700039;2024-01-02 23:11:14;Банковская карта;successful;;26380
1100040;700040;2024-01-02 09:29:00;Банковская карта;successful;;13340
1100041;700041;2024-01-02 15:08:03;Банковская карта;successful;;4266
1100042;700042;2024-01-02 10:15:56;Банковская карта;successful;;35330
1100043;700043;2024-01-02 23:38:29;СБП;successful;;45903
1100044;700044;2024-01-02 20:43:44;Наличными при получении;successful;;5779
1100045;700045;2024-01-02 17:48:59;Банковская карта;successful;;11975
1100046;700046;2024-01-03 11:56:53;СБП;successful;;24090
1100047;700047;2024-01-03 17:28:16;Банковская карта;successful;;11790
1100048;700048;2024-01-03 20:40:30;Рассрочка;successful;;934
1100049;700049;2024-01-03 12:37:09;СБП;successful;;1493
1100050;700050;2024-01-03 17:07:36;СБП;successful;;1240
1100051;700051;2024-01-03 19:04:57;Банковская карта;refunded;;42567
1100052;700052;2024-01-03 15:31:41;Банковская карта;successful;;116920
1100053;700053;2024-01-03 17:57:16;Банковская карта;successful;;17025
1100054;700054;2024-01-03 11:54:56;Банковская карта;successful;;6254
1100055;700055;2024-01-03 14:20:02;СБП;successful;;127480
1100056;700056;2024-01-03 17:43:30;ЮMoney;successful;;1167
1100057;700057;2024-01-03 16:29:50;Банковская карта;successful;;47586
1100058;700058;2024-01-03 16:08:36;СБП;successful;;8991
1100059;700059;2024-01-03 15:45:50;Банковская карта;successful;;115245
1100060;700060;2024-01-03 19:29:31;Банковская карта;successful;;12880
1100061;700061;2024-01-03 23:34:57;СБП;successful;;19580
1100062;700062;2024-01-03 20:41:22;Банковская карта;successful;;2179
1100063;700063;2024-01-03 18:30:02;Банковская карта;successful;;33218
1100064;700064;2024-01-03 18:29:52;Рассрочка;successful;;38096
1100065;700065;2024-01-03 16:09:59;Банковская карта;successful;;81724
1100066;700066;2024-01-03 14:41:13;Рассрочка;successful;;149180
1100067;700067;2024-01-04 10:09:32;ЮMoney;successful;;22964
1100068;700068;2024-01-04 17:23:03;Рассрочка;successful;;67722
1100069;700069;2024-01-04 18:14:25;Наличными при получении;refunded;;7540
1100070;700070;2024-01-04 13:37:45;СБП;successful;;91410
1100071;700071;2024-01-04 17:59:16;Наличными при получении;successful;;16334
1100072;700072;2024-01-04 19:57:46;Банковская карта;successful;;31480
1100073;700073;2024-01-04 11:45:36;Банковская карта;successful;;2135
1100074;700074;2024-01-04 16:23:34;Банковская карта;successful;;17151
1100075;700075;2024-01-04 21:22:02;Наличными при получении;successful;;18980
1100076;700076;2024-01-04 17:09:06;Наличными при получении;successful;;36848
1100077;700077;2024-01-04 11:18:14;Банковская карта;successful;;3316
1100078;700078;2024-01-04 15:58:42;Банковская карта;successful;;20416
1100079;700079;2024-01-04 11:05:28;ЮMoney;successful;;34590
1100080;700080;2024-01-04 17:27:24;Рассрочка;successful;;37747
1100081;700081;2024-01-04 14:20:02;СБП;successful;;25345
1100082;700082;2024-01-04 10:59:50;СБП;successful;;18935
1100083;700083;2024-01-04 09:58:45;Банковская карта;successful;;17585
1100084;700084;2024-01-04 12:17:28;Рассрочка;successful;;38695
1100085;700085;2024-01-04 17:22:49;СБП;refunded;Заказ отменён клиентом после оплаты;7980
1100086;700086;2024-01-04 17:36:42;ЮMoney;successful;;106200
1100087;700087;2024-01-05 15:51:02;Банковская карта;successful;;35350
1100088;700088;2024-01-05 17:21:11;Наличными при получении;successful;;13090
1100089;700089;2024-01-05 21:10:57;Банковская карта;successful;;99000
1100090;700090;2024-01-05 12:21:19;Банковская карта;successful;;78480
1100091;700091;2024-01-05 09:44:55;Банковская карта;failed;Отклонено банком;1595
1100092;700092;2024-01-05 13:53:57;Банковская карта;successful;;73090
1100093;700093;2024-01-05 23:28:27;Банковская карта;successful;;25567
1100094;700094;2024-01-05 20:04:30;Рассрочка;successful;;37381
1100095;700095;2024-01-05 22:29:12;Банковская карта;successful;;27480
1100096;700096;2024-01-05 14:49:01;СБП;successful;;27680
1100097;700097;2024-01-05 16:37:08;Банковская карта;successful;;2480
1100098;700098;2024-01-05 08:46:42;СБП;successful;;15431
1100099;700099;2024-01-05 18:44:58;Рассрочка;failed;Пользователь отменил оплату;25281
1100100;700100;2024-01-05 17:25:36;Банковская карта;successful;;44990
1100101;700101;2024-01-05 18:17:14;Банковская карта;successful;;39011
1100102;700102;2024-01-05 14:55:33;Банковская карта;successful;;45711
1100103;700103;2024-01-05 17:42:15;Банковская карта;successful;;67990
1100104;700104;2024-01-05 19:28:15;СБП;successful;;21380
1100105;700105;2024-01-06 13:54:19;СБП;successful;;7435
1100106;700106;2024-01-06 21:33:28;Банковская карта;failed;Пользователь отменил оплату;2380
1100107;700107;2024-01-06 19:05:28;СБП;successful;;7556
1100108;700108;2024-01-06 18:59:38;Банковская карта;successful;;31375
1100109;700109;2024-01-06 16:36:24;Банковская карта;successful;;19990
1100110;700110;2024-01-06 09:50:17;Банковская карта;successful;;26521
1100111;700111;2024-01-06 20:34:53;Банковская карта;successful;;1526
1100112;700112;2024-01-06 16:49:38;Банковская карта;successful;;84490
1100113;700113;2024-01-06 15:09:19;Банковская карта;successful;;101544
1100114;700114;2024-01-06 17:41:45;Банковская карта;successful;;106146
1100115;700115;2024-01-06 16:22:30;Наличными при получении;successful;;5480
1100116;700116;2024-01-06 22:02:58;Наличными при получении;successful;;77480
1100117;700117;2024-01-06 12:53:43;Рассрочка;refunded;;1090
1100118;700118;2024-01-06 17:34:10;Банковская карта;successful;;4745
1100119;700119;2024-01-06 16:43:48;СБП;successful;;6736
1100120;700120;2024-01-06 22:44:50;Банковская карта;successful;;19800
1100121;700121;2024-01-06 11:02:21;СБП;successful;;60357
1100122;700122;2024-01-06 17:18:51;СБП;successful;;61011
1100123;700123;2024-01-06 12:31:15;Наличными при получении;successful;;75180
1100124;700124;2024-01-06 19:06:46;Наличными при получении;successful;;31885
1100125;700125;2024-01-06 17:24:04;СБП;failed;Пользователь отменил оплату;26134
1100126;700126;2024-01-07 08:36:55;СБП;successful;;1139
1100127;700127;2024-01-07 17:14:45;Банковская карта;successful;;1168
1100128;700128;2024-01-07 09:52:36;Банковская карта;successful;;23050
1100129;700129;2024-01-07 19:10:41;СБП;successful;;19567
1100130;700130;2024-01-07 11:36:16;ЮMoney;failed;Отклонено банком;569
1100131;700131;2024-01-07 18:51:58;Банковская карта;successful;;1501
1100132;700132;2024-01-07 18:36:35;Рассрочка;successful;;2055
1100133;700133;2024-01-07 20:47:10;Банковская карта;successful;;35801
1100134;700134;2024-01-07 20:42:32;ЮMoney;successful;;39840
1100135;700135;2024-01-07 08:32:09;Банковская карта;successful;;21725
1100136;700136;2024-01-07 17:43:06;Банковская карта;successful;;13380
1100137;700137;2024-01-07 22:23:29;СБП;successful;;108490
1100138;700138;2024-01-07 20:43:05;СБП;successful;;68177
1100139;700139;2024-01-07 18:56:22;ЮMoney;successful;;23480
1100140;700140;2024-01-07 17:23:41;Наличными при получении;successful;;19880
1100141;700141;2024-01-07 18:43:23;Банковская карта;successful;;25790
1100142;700142;2024-01-07 18:39:26;ЮMoney;successful;;19735
1100143;700143;2024-01-07 23:04:48;Наличными при получении;failed;Пользователь отменил оплату;40035
1100144;700144;2024-01-07 13:54:30;Банковская карта;successful;;9157
1100145;700145;2024-01-07 12:30:15;ЮMoney;successful;;1547
1100146;700146;2024-01-07 15:41:19;Банковская карта;successful;;20440
1100147;700147;2024-01-07 21:10:01;Банковская карта;successful;;27480
1100148;700148;2024-01-07 20:24:42;Банковская карта;successful;;28990
1100149;700149;2024-01-07 19:31:53;Банковская карта;refunded;Заказ отменён клиентом после оплаты;28680
1100150;700150;2024-01-07 13:54:32;Банковская карта;refunded;;17655
1100151;700151;2024-01-07 21:02:16;Наличными при получении;successful;;2635
1100152;700152;2024-01-07 14:30:14;Банковская карта;successful;;22243
1100153;700153;2024-01-08 15:48:50;Наличными при получении;successful;;90157
1100154;700154;2024-01-08 15:29:50;Наличными при получении;successful;;711
1100155;700155;2024-01-08 10:30:43;СБП;successful;;49567
1100156;700156;2024-01-08 15:37:44;СБП;successful;;76620
1100157;700157;2024-01-08 20:39:17;Банковская карта;successful;;97299
1100158;700158;2024-01-08 18:48:55;Наличными при получении;successful;;1480
1100159;700159;2024-01-08 17:36:51;СБП;successful;;28917
1100160;700160;2024-01-08 15:46:35;Рассрочка;refunded;Заказ отменён клиентом после оплаты;8107
1100161;700161;2024-01-08 17:05:59;СБП;successful;;30170
1100162;700162;2024-01-08 19:04:02;Рассрочка;successful;;2126
1100163;700163;2024-01-08 19:46:59;Банковская карта;successful;;7568
1100164;700164;2024-01-08 12:29:37;СБП;successful;;50790
1100165;700165;2024-01-08 21:09:19;Наличными при получении;successful;;111790
1100166;700166;2024-01-08 18:19:43;Банковская карта;successful;;67330
1100167;700167;2024-01-08 19:29:55;Наличными при получении;failed;Ошибка платёжного шлюза;35826
1100168;700168;2024-01-08 19:42:39;Рассрочка;refunded;Заказ отменён клиентом после оплаты;27345
1100169;700169;2024-01-08 19:53:24;СБП;refunded;;9205
1100170;700170;2024-01-08 18:32:26;Банковская карта;successful;;53739
1100171;700171;2024-01-08 17:58:31;СБП;successful;;38480
1100172;700172;2024-01-09 17:26:55;Наличными при получении;successful;;25180
1100173;700173;2024-01-09 17:54:32;Наличными при получении;successful;;23339
1100174;700174;2024-01-09 16:20:08;Рассрочка;successful;;82567
1100175;700175;2024-01-09 14:31:13;Банковская карта;successful;;3990
1100176;700176;2024-01-09 11:49:28;СБП;successful;;91890
1100177;700177;2024-01-09 16:32:06;Наличными при получении;successful;;60085
1100178;700178;2024-01-09 16:07:20;Наличными при получении;successful;;44180
1100179;700179;2024-01-09 23:05:13;Рассрочка;successful;;37980
1100180;700180;2024-01-09 16:12:14;Банковская карта;refunded;;99880
1100181;700181;2024-01-09 11:36:01;СБП;successful;;2800
1100182;700182;2024-01-09 15:22:03;Банковская карта;successful;;36657
1100183;700183;2024-01-09 18:54:38;Банковская карта;failed;Недостаточно средств;2567
1100184;700184;2024-01-09 13:41:01;Банковская карта;failed;Ошибка платёжного шлюза;123166
1100185;700185;2024-01-09 11:30:28;СБП;successful;;1155
1100186;700186;2024-01-09 21:03:09;СБП;successful;;17186
1100187;700187;2024-01-09 15:23:44;Банковская карта;successful;;64762
1100188;700188;2024-01-09 16:30:30;Банковская карта;successful;;1345
1100189;700189;2024-01-09 18:14:22;СБП;successful;;109090
1100190;700190;2024-01-09 16:19:26;СБП;successful;;35490
1100191;700191;2024-01-09 20:01:34;Банковская карта;successful;;21035
1100192;700192;2024-01-10 09:50:23;СБП;successful;;45451
1100193;700193;2024-01-10 19:18:04;Рассрочка;successful;;67345
1100194;700194;2024-01-10 22:18:25;СБП;successful;;10090
1100195;700195;2024-01-10 13:24:58;Банковская карта;successful;;18197
1100196;700196;2024-01-10 15:42:53;Банковская карта;successful;;22776
1100197;700197;2024-01-10 20:15:49;СБП;successful;;107035
1100198;700198;2024-01-10 09:45:08;Наличными при получении;successful;;20781
1100199;700199;2024-01-10 08:03:59;Банковская карта;successful;;1269
1100200;700200;2024-01-10 15:02:00;Банковская карта;successful;;17031
1100201;700201;2024-01-10 20:02:23;Банковская карта;successful;;1780
1100202;700202;2024-01-10 19:57:18;СБП;successful;;97575
1100203;700203;2024-01-10 23:16:46;Банковская карта;successful;;36696
1100204;700204;2024-01-10 08:20:37;Банковская карта;successful;;1661
1100205;700205;2024-01-10 16:40:20;Наличными при получении;successful;;991
1100206;700206;2024-01-10 15:32:58;СБП;successful;;61060
1100207;700207;2024-01-10 23:12:48;СБП;successful;;47361
1100208;700208;2024-01-10 16:56:23;СБП;successful;;67490
1100209;700209;2024-01-11 14:41:39;СБП;successful;;74680
1100210;700210;2024-01-11 09:23:26;СБП;successful;;8969
1100211;700211;2024-01-11 16:19:25;СБП;successful;;24291
1100212;700212;2024-01-11 20:48:29;СБП;successful;;73135
1100213;700213;2024-01-11 17:36:47;Наличными при получении;successful;;848
1100214;700214;2024-01-11 19:27:04;СБП;successful;;34399
1100215;700215;2024-01-11 16:59:51;Банковская карта;successful;;4157
1100216;700216;2024-01-11 22:49:32;Банковская карта;refunded;;1572
1100217;700217;2024-01-11 20:38:51;Банковская карта;successful;;7567
1100218;700218;2024-01-11 22:00:31;Банковская карта;successful;;48595
1100219;700219;2024-01-11 11:47:04;СБП;successful;;21490
1100220;700220;2024-01-11 15:34:21;Банковская карта;successful;;29989
1100221;700221;2024-01-11 10:12:09;СБП;successful;;17189
1100222;700222;2024-01-11 16:01:18;Банковская карта;successful;;13240
1100223;700223;2024-01-11 15:57:31;СБП;successful;;4101
1100224;700224;2024-01-11 15:53:42;СБП;successful;;21880
1100225;700225;2024-01-12 09:42:21;Рассрочка;successful;;23835
1100226;700226;2024-01-12 22:45:57;Банковская карта;refunded;Заказ отменён клиентом после оплаты;43478
1100227;700227;2024-01-12 23:45:12;Банковская карта;refunded;;13015
1100228;700228;2024-01-12 18:00:36;СБП;successful;;8438
1100229;700229;2024-01-12 17:02:36;Банковская карта;successful;;6480
1100230;700230;2024-01-12 19:45:23;Банковская карта;successful;;3836
1100231;700231;2024-01-12 21:27:24;СБП;successful;;1580
1100232;700232;2024-01-12 22:05:36;Банковская карта;successful;;697
1100233;700233;2024-01-12 15:33:52;Банковская карта;successful;;543
1100234;700234;2024-01-12 15:56:06;СБП;successful;;2518
1100235;700235;2024-01-12 12:51:43;Банковская карта;failed;Отклонено банком;6166
1100236;700236;2024-01-12 16:12:56;СБП;successful;;2970
1100237;700237;2024-01-12 16:06:24;Банковская карта;successful;;27680
1100238;700238;2024-01-12 14:04:23;Рассрочка;successful;;39280
1100239;700239;2024-01-12 14:28:46;СБП;successful;;70175
1100240;700240;2024-01-12 21:17:54;Банковская карта;successful;;6884
1100241;700241;2024-01-12 17:31:12;СБП;successful;;25490
1100242;700242;2024-01-12 17:47:29;СБП;failed;Отклонено банком;8057
1100243;700243;2024-01-12 22:51:16;Банковская карта;successful;;69256
1100244;700244;2024-01-12 22:05:38;СБП;successful;;25480
1100245;700245;2024-01-13 15:50:02;Банковская карта;successful;;73951
1100246;700246;2024-01-13 16:34:50;СБП;successful;;4201
1100247;700247;2024-01-13 14:14:47;СБП;successful;;14346
1100248;700248;2024-01-13 20:50:55;Банковская карта;refunded;Заказ отменён клиентом после оплаты;35790
1100249;700249;2024-01-13 15:42:17;Банковская карта;refunded;;9661
1100250;700250;2024-01-13 21:37:07;Банковская карта;successful;;96906
1100251;700251;2024-01-13 13:33:21;Банковская карта;successful;;99790
1100252;700252;2024-01-13 23:37:43;Наличными при получении;failed;Ошибка платёжного шлюза;877
1100253;700253;2024-01-13 17:11:18;Банковская карта;successful;;85695
1100254;700254;2024-01-13 20:47:31;Банковская карта;successful;;105250
1100255;700255;2024-01-13 21:02:05;СБП;successful;;39289
1100256;700256;2024-01-13 16:38:38;Банковская карта;successful;;1457
1100257;700257;2024-01-13 11:17:13;Наличными при получении;successful;;111790
1100258;700258;2024-01-13 16:32:01;СБП;failed;Отклонено банком;34500
1100259;700259;2024-01-13 09:49:02;Банковская карта;refunded;Заказ отменён клиентом после оплаты;3801
1100260;700260;2024-01-13 20:15:44;Банковская карта;failed;Пользователь отменил оплату;4460
1100261;700261;2024-01-13 21:43:35;Банковская карта;successful;;27990
1100262;700262;2024-01-13 15:15:57;Рассрочка;successful;;44811
1100263;700263;2024-01-13 15:20:53;Банковская карта;successful;;7301
1100264;700264;2024-01-13 20:13:18;Банковская карта;successful;;9400
1100265;700265;2024-01-13 15:09:10;СБП;successful;;23335
1100266;700266;2024-01-13 20:45:15;Банковская карта;successful;;18895
1100267;700267;2024-01-13 15:10:55;Банковская карта;successful;;18990
1100268;700268;2024-01-13 21:13:14;СБП;successful;;25490
1100269;700269;2024-01-13 11:20:53;Банковская карта;successful;;4735
1100270;700270;2024-01-13 21:11:13;Банковская карта;successful;;40505
1100271;700271;2024-01-14 18:37:08;Банковская карта;successful;;853
1100272;700272;2024-01-14 18:00:40;Банковская карта;successful;;9157
1100273;700273;2024-01-14 19:33:10;Рассрочка;successful;;24289
1100274;700274;2024-01-14 21:56:16;Банковская карта;successful;;50957
1100275;700275;2024-01-14 12:45:53;СБП;successful;;108826
1100276;700276;2024-01-14 16:59:24;Банковская карта;successful;;10090
1100277;700277;2024-01-14 11:56:20;Банковская карта;successful;;25191
1100278;700278;2024-01-14 19:35:11;Банковская карта;successful;;32820
1100279;700279;2024-01-14 18:10:42;Наличными при получении;successful;;26107
1100280;700280;2024-01-14 17:04:23;СБП;successful;;8790
1100281;700281;2024-01-14 19:53:17;Банковская карта;failed;Недостаточно средств;25736
1100282;700282;2024-01-14 14:18:52;СБП;successful;;68357
1100283;700283;2024-01-14 13:55:14;СБП;successful;;26506
1100284;700284;2024-01-14 21:58:24;Банковская карта;successful;;49957
1100285;700285;2024-01-14 17:12:19;Банковская карта;successful;;29525
1100286;700286;2024-01-14 16:34:53;Банковская карта;successful;;23345
1100287;700287;2024-01-14 19:17:30;Наличными при получении;failed;Недостаточно средств;3601
1100288;700288;2024-01-14 17:01:30;Банковская карта;successful;;33024
1100289;700289;2024-01-14 15:23:31;Рассрочка;successful;;41177
1100290;700290;2024-01-15 19:16:22;Наличными при получении;successful;;10305
1100291;700291;2024-01-15 15:57:27;Рассрочка;refunded;Заказ отменён клиентом после оплаты;76580
1100292;700292;2024-01-15 12:15:14;Банковская карта;successful;;36351
1100293;700293;2024-01-15 15:46:43;Рассрочка;successful;;38340
1100294;700294;2024-01-15 16:20:06;Банковская карта;successful;;22964
1100295;700295;2024-01-15 10:05:35;Наличными при получении;successful;;1014
1100296;700296;2024-01-15 14:57:59;ЮMoney;successful;;3600
1100297;700297;2024-01-15 15:13:04;Банковская карта;successful;;19090
1100298;700298;2024-01-15 13:53:00;Банковская карта;successful;;662
1100299;700299;2024-01-15 15:56:25;Наличными при получении;successful;;35695
1100300;700300;2024-01-15 16:10:40;Банковская карта;successful;;62470
1100301;700301;2024-01-15 15:36:00;Банковская карта;successful;;4986
1100302;700302;2024-01-15 22:10:35;СБП;failed;Пользователь отменил оплату;700
1100303;700303;2024-01-15 13:45:47;Наличными при получении;successful;;28340
1100304;700304;2024-01-15 16:07:22;Банковская карта;successful;;52790
1100305;700305;2024-01-15 15:35:29;Банковская карта;successful;;17428
1100306;700306;2024-01-15 21:31:44;Наличными при получении;successful;;65580
1100307;700307;2024-01-16 11:15:43;Банковская карта;successful;;17091
1100308;700308;2024-01-16 17:40:09;Рассрочка;successful;;56235
1100309;700309;2024-01-16 17:53:52;Банковская карта;successful;;79570
1100310;700310;2024-01-16 16:27:55;Банковская карта;successful;;67091
1100311;700311;2024-01-16 21:40:29;СБП;successful;;41480
1100312;700312;2024-01-16 20:16:49;Банковская карта;successful;;42345
1100313;700313;2024-01-16 09:48:52;Банковская карта;successful;;4981
1100314;700314;2024-01-16 16:38:12;Наличными при получении;successful;;4176
1100315;700315;2024-01-16 18:42:02;СБП;successful;;58767
1100316;700316;2024-01-16 15:12:02;Банковская карта;successful;;4657
1100317;700317;2024-01-16 19:02:52;Наличными при получении;successful;;18980
1100318;700318;2024-01-16 17:01:38;Рассрочка;failed;Отклонено банком;16131
1100319;700319;2024-01-16 12:32:08;Банковская карта;successful;;4756
1100320;700320;2024-01-16 15:14:32;Рассрочка;failed;Ошибка платёжного шлюза;12567
1100321;700321;2024-01-16 15:30:19;СБП;successful;;37980
1100322;700322;2024-01-16 18:59:58;Рассрочка;successful;;17790
1100323;700323;2024-01-16 18:11:55;СБП;successful;;51292
1100324;700324;2024-01-16 11:25:10;Наличными при получении;successful;;116570
1100325;700325;2024-01-16 21:56:26;Банковская карта;failed;Пользователь отменил оплату;19790
1100326;700326;2024-01-17 17:05:33;Наличными при получении;successful;;65580
1100327;700327;2024-01-17 13:49:44;СБП;failed;Недостаточно средств;4190
1100328;700328;2024-01-17 16:55:56;Банковская карта;successful;;54655
1100329;700329;2024-01-17 15:31:08;ЮMoney;successful;;780
1100330;700330;2024-01-17 13:45:57;СБП;successful;;33269
1100331;700331;2024-01-17 18:18:51;Банковская карта;successful;;17428
1100332;700332;2024-01-17 09:39:09;Рассрочка;failed;Ошибка платёжного шлюза;89521
1100333;700333;2024-01-17 12:44:50;СБП;successful;;31842
1100334;700334;2024-01-17 16:40:15;Банковская карта;successful;;2377
1100335;700335;2024-01-17 20:03:37;Банковская карта;successful;;46519
1100336;700336;2024-01-17 19:08:50;Банковская карта;successful;;11880
1100337;700337;2024-01-17 15:43:11;Банковская карта;successful;;3935
1100338;700338;2024-01-17 17:59:55;СБП;successful;;42490
1100339;700339;2024-01-17 19:11:50;Банковская карта;successful;;1790
1100340;700340;2024-01-17 11:09:33;СБП;successful;;4394
1100341;700341;2024-01-17 16:54:04;Рассрочка;failed;Недостаточно средств;136804
1100342;700342;2024-01-17 15:15:59;Рассрочка;successful;;2990
1100343;700343;2024-01-17 09:55:45;Наличными при получении;successful;;6166
1100344;700344;2024-01-17 20:25:43;СБП;successful;;1680
1100345;700345;2024-01-17 19:20:57;СБП;successful;;36566
1100346;700346;2024-01-18 13:45:27;Банковская карта;successful;;1325
1100347;700347;2024-01-18 20:28:17;Наличными при получении;successful;;80789
1100348;700348;2024-01-18 10:48:38;Наличными при получении;successful;;9380
1100349;700349;2024-01-18 11:42:46;Банковская карта;successful;;12940
1100350;700350;2024-01-18 19:26:58;Банковская карта;successful;;2181
1100351;700351;2024-01-18 15:17:41;ЮMoney;successful;;6629
1100352;700352;2024-01-18 21:31:56;СБП;successful;;32090
1100353;700353;2024-01-18 20:09:46;Банковская карта;successful;;28016
1100354;700354;2024-01-18 14:15:08;Банковская карта;successful;;111522
1100355;700355;2024-01-18 20:31:37;Наличными при получении;successful;;18040
1100356;700356;2024-01-18 19:13:43;СБП;failed;Отклонено банком;35796
1100357;700357;2024-01-18 18:22:05;Банковская карта;successful;;35090
1100358;700358;2024-01-18 21:10:19;СБП;successful;;4491
1100359;700359;2024-01-18 20:11:11;СБП;successful;;36300
1100360;700360;2024-01-19 00:00:12;Наличными при получении;successful;;8857
1100361;700361;2024-01-18 18:14:03;Рассрочка;refunded;;2490
1100362;700362;2024-01-18 16:08:12;СБП;successful;;16721
1100363;700363;2024-01-18 12:27:50;Банковская карта;successful;;3970
1100364;700364;2024-01-18 16:38:36;СБП;failed;Отклонено банком;8340
1100365;700365;2024-01-18 16:51:15;Банковская карта;successful;;19790
1100366;700366;2024-01-19 16:55:39;Банковская карта;successful;;6531
1100367;700367;2024-01-19 17:13:32;СБП;successful;;3879
1100368;700368;2024-01-19 22:13:10;Банковская карта;successful;;1118
1100369;700369;2024-01-19 18:14:41;ЮMoney;successful;;11345
1100370;700370;2024-01-19 18:53:35;Рассрочка;successful;;96516
1100371;700371;2024-01-19 13:35:39;Рассрочка;successful;;25957
1100372;700372;2024-01-19 22:13:29;Наличными при получении;successful;;99794
1100373;700373;2024-01-19 23:07:01;СБП;successful;;96791
1100374;700374;2024-01-19 16:45:30;Банковская карта;successful;;18935
1100375;700375;2024-01-19 17:47:18;СБП;successful;;100381
1100376;700376;2024-01-19 22:46:45;Рассрочка;failed;Недостаточно средств;32942
1100377;700377;2024-01-19 17:38:01;Рассрочка;successful;;20034
1100378;700378;2024-01-19 17:58:36;СБП;successful;;30681
1100379;700379;2024-01-19 20:50:21;СБП;successful;;67855
1100380;700380;2024-01-19 15:35:03;Банковская карта;successful;;1567
1100381;700381;2024-01-19 20:25:47;Банковская карта;successful;;33578
1100382;700382;2024-01-19 15:48:35;Банковская карта;successful;;36924
1100383;700383;2024-01-20 11:19:55;Наличными при получении;successful;;14360
1100384;700384;2024-01-20 21:13:29;Банковская карта;successful;;7470
1100385;700385;2024-01-20 21:48:53;Рассрочка;successful;;73777
1100386;700386;2024-01-20 13:00:52;СБП;successful;;29840
1100387;700387;2024-01-20 17:52:48;Рассрочка;successful;;75277
1100388;700388;2024-01-20 17:43:26;Банковская карта;successful;;36286
1100389;700389;2024-01-20 19:19:24;СБП;refunded;;3401
1100390;700390;2024-01-20 11:02:25;Банковская карта;successful;;106200
1100391;700391;2024-01-20 09:37:39;СБП;failed;Недостаточно средств;24480
1100392;700392;2024-01-20 13:30:09;Банковская карта;successful;;1283
1100393;700393;2024-01-20 09:12:47;Банковская карта;successful;;64211
1100394;700394;2024-01-20 22:47:47;СБП;successful;;86080
1100395;700395;2024-01-20 22:12:46;Рассрочка;successful;;72988
1100396;700396;2024-01-20 13:16:48;Наличными при получении;refunded;Заказ отменён клиентом после оплаты;78380
1100397;700397;2024-01-20 14:56:58;СБП;successful;;17661
1100398;700398;2024-01-20 13:39:59;Банковская карта;failed;Недостаточно средств;84430
1100399;700399;2024-01-20 20:20:16;Банковская карта;successful;;4665
1100400;700400;2024-01-20 17:59:49;Рассрочка;successful;;41912
1100401;700401;2024-01-20 20:30:12;СБП;successful;;46165
1100402;700402;2024-01-20 16:14:04;СБП;refunded;Заказ отменён клиентом после оплаты;3935
1100403;700403;2024-01-20 11:23:41;СБП;successful;;6745
1100404;700404;2024-01-20 10:40:45;Рассрочка;successful;;27567
1100405;700405;2024-01-20 17:47:41;СБП;successful;;81480
1100406;700406;2024-01-20 19:10:55;СБП;successful;;39157
1100407;700407;2024-01-20 16:48:20;Банковская карта;successful;;44362
1100408;700408;2024-01-20 18:56:52;СБП;successful;;17061
1100409;700409;2024-01-20 21:05:33;СБП;successful;;45380
1100410;700410;2024-01-21 18:42:26;Рассрочка;failed;Недостаточно средств;36164
1100411;700411;2024-01-21 19:04:23;Рассрочка;successful;;1735
1100412;700412;2024-01-21 21:34:20;Банковская карта;successful;;40366
1100413;700413;2024-01-21 15:48:09;СБП;successful;;73082
1100414;700414;2024-01-21 14:40:28;Банковская карта;failed;Недостаточно средств;7981
1100415;700415;2024-01-21 10:07:53;Банковская карта;successful;;51990
1100416;700416;2024-01-21 16:19:53;Банковская карта;failed;Отклонено банком;39480
1100417;700417;2024-01-21 19:37:45;Банковская карта;successful;;10090
1100418;700418;2024-01-21 12:40:11;ЮMoney;successful;;3364
1100419;700419;2024-01-21 17:45:56;Банковская карта;refunded;;5856
1100420;700420;2024-01-21 17:04:56;Банковская карта;successful;;691
1100421;700421;2024-01-21 14:16:28;СБП;successful;;54056
1100422;700422;2024-01-21 16:24:10;Наличными при получении;successful;;1141
1100423;700423;2024-01-21 09:06:08;Банковская карта;failed;Пользователь отменил оплату;67490
1100424;700424;2024-01-21 18:52:50;Банковская карта;successful;;3390
1100425;700425;2024-01-21 11:27:00;Банковская карта;successful;;76431
1100426;700426;2024-01-21 17:05:26;СБП;successful;;143855
1100427;700427;2024-01-22 17:25:46;СБП;successful;;115270
1100428;700428;2024-01-22 14:09:23;Банковская карта;successful;;139574
1100429;700429;2024-01-22 18:29:00;Банковская карта;successful;;12090
1100430;700430;2024-01-22 12:37:18;СБП;refunded;Заказ отменён клиентом после оплаты;65480
1100431;700431;2024-01-22 17:54:52;Рассрочка;successful;;54201
1100432;700432;2024-01-22 14:19:14;Банковская карта;successful;;3568
1100433;700433;2024-01-22 13:55:53;Банковская карта;successful;;66770
1100434;700434;2024-01-22 13:50:47;СБП;successful;;546
1100435;700435;2024-01-22 18:43:49;Наличными при получении;successful;;12190
1100436;700436;2024-01-22 21:50:47;Банковская карта;failed;Отклонено банком;19889
1100437;700437;2024-01-22 15:07:43;СБП;successful;;20371
1100438;700438;2024-01-22 11:05:16;Банковская карта;refunded;;34876
1100439;700439;2024-01-22 16:28:40;Банковская карта;successful;;17778
1100440;700440;2024-01-22 13:52:22;ЮMoney;successful;;3990
1100441;700441;2024-01-22 19:49:39;ЮMoney;successful;;20080
1100442;700442;2024-01-22 14:24:12;Рассрочка;failed;Пользователь отменил оплату;18381
1100443;700443;2024-01-22 13:41:25;СБП;successful;;54289
1100444;700444;2024-01-23 18:12:09;Банковская карта;successful;;64014
1100445;700445;2024-01-23 12:54:26;Рассрочка;failed;Пользователь отменил оплату;2284
1100446;700446;2024-01-23 20:46:06;Банковская карта;successful;;17786
1100447;700447;2024-01-23 18:02:21;СБП;successful;;71572
1100448;700448;2024-01-23 17:48:43;Банковская карта;successful;;9640
1100449;700449;2024-01-23 21:43:04;Банковская карта;successful;;23725
1100450;700450;2024-01-23 22:34:09;СБП;successful;;80300
1100451;700451;2024-01-23 20:44:07;Наличными при получении;successful;;2271
1100452;700452;2024-01-23 21:35:20;Банковская карта;failed;Ошибка платёжного шлюза;85480
1100453;700453;2024-01-23 12:58:21;Банковская карта;successful;;26057
1100454;700454;2024-01-23 11:01:09;СБП;successful;;7980
1100455;700455;2024-01-23 12:38:13;Банковская карта;successful;;26157
1100456;700456;2024-01-23 16:54:04;Банковская карта;successful;;81866
1100457;700457;2024-01-23 17:58:05;Наличными при получении;successful;;46256
1100458;700458;2024-01-24 14:21:28;Банковская карта;successful;;83880
1100459;700459;2024-01-24 20:22:32;Наличными при получении;refunded;Заказ отменён клиентом после оплаты;29601
1100460;700460;2024-01-24 14:27:27;Наличными при получении;successful;;11790
1100461;700461;2024-01-24 20:32:16;Банковская карта;successful;;7326
1100462;700462;2024-01-24 13:22:06;Банковская карта;successful;;5096
1100463;700463;2024-01-24 15:20:52;Наличными при получении;successful;;50787
1100464;700464;2024-01-24 18:27:51;Банковская карта;successful;;70580
1100465;700465;2024-01-24 15:37:06;СБП;successful;;997
1100466;700466;2024-01-24 16:04:42;Рассрочка;successful;;33345
1100467;700467;2024-01-24 15:12:07;Рассрочка;failed;Пользователь отменил оплату;22480
1100468;700468;2024-01-24 15:49:45;Наличными при получении;failed;Ошибка платёжного шлюза;4345
1100469;700469;2024-01-24 18:36:44;ЮMoney;successful;;37695
1100470;700470;2024-01-24 16:22:47;ЮMoney;failed;Пользователь отменил оплату;9381
1100471;700471;2024-01-24 23:10:32;Наличными при получении;successful;;793
1100472;700472;2024-01-24 20:44:15;Наличными при получении;successful;;35345
1100473;700473;2024-01-24 13:40:25;ЮMoney;successful;;23993
1100474;700474;2024-01-24 19:48:07;СБП;successful;;2336
1100475;700475;2024-01-24 08:58:25;СБП;failed;Ошибка платёжного шлюза;12117
1100476;700476;2024-01-24 21:00:29;СБП;successful;;2100
1100477;700477;2024-01-24 19:51:07;Банковская карта;successful;;59841
1100478;700478;2024-01-24 09:58:17;СБП;successful;;6476
1100479;700479;2024-01-25 22:12:31;Рассрочка;successful;;77295
1100480;700480;2024-01-25 18:20:47;Рассрочка;successful;;6990
1100481;700481;2024-01-25 19:14:32;Рассрочка;successful;;4990
1100482;700482;2024-01-25 14:39:41;Банковская карта;successful;;41215
1100483;700483;2024-01-25 16:42:47;Банковская карта;successful;;3850
1100484;700484;2024-01-25 18:10:11;СБП;successful;;72990
1100485;700485;2024-01-25 17:52:01;Банковская карта;successful;;16484
1100486;700486;2024-01-25 22:24:41;Наличными при получении;successful;;36168
1100487;700487;2024-01-25 09:42:00;Наличными при получении;failed;Недостаточно средств;3635
1100488;700488;2024-01-25 11:33:33;Рассрочка;refunded;Заказ отменён клиентом после оплаты;2567
1100489;700489;2024-01-25 12:05:44;СБП;successful;;46480
1100490;700490;2024-01-25 16:09:39;Банковская карта;refunded;;34735
1100491;700491;2024-01-25 11:13:40;Банковская карта;failed;Недостаточно средств;35835
1100492;700492;2024-01-25 21:06:34;Банковская карта;refunded;;12256
1100493;700493;2024-01-25 23:25:00;Рассрочка;successful;;43525
1100494;700494;2024-01-25 16:43:03;Банковская карта;successful;;18735
1100495;700495;2024-01-25 21:54:36;СБП;successful;;524
1100496;700496;2024-01-25 18:47:23;Банковская карта;successful;;16535
1100497;700497;2024-01-25 15:33:45;СБП;successful;;27090
1100498;700498;2024-01-25 16:17:58;СБП;successful;;3511
1100499;700499;2024-01-25 08:52:24;Банковская карта;failed;Недостаточно средств;23869
1100500;700500;2024-01-26 22:18:02;СБП;successful;;110790
1100501;700501;2024-01-26 21:25:38;Наличными при получении;refunded;;70606
1100502;700502;2024-01-26 15:32:44;Банковская карта;successful;;99935
1100503;700503;2024-01-26 11:09:07;Банковская карта;successful;;8380
1100504;700504;2024-01-26 22:12:15;Банковская карта;successful;;682
1100505;700505;2024-01-26 12:14:24;Банковская карта;successful;;37874
1100506;700506;2024-01-26 17:59:52;Банковская карта;successful;;80610
1100507;700507;2024-01-26 16:18:39;Банковская карта;successful;;91229
1100508;700508;2024-01-26 08:59:58;Рассрочка;successful;;46036
1100509;700509;2024-01-26 23:11:44;Банковская карта;successful;;36805
1100510;700510;2024-01-26 15:52:33;СБП;successful;;99912
1100511;700511;2024-01-26 19:00:12;СБП;successful;;27480
1100512;700512;2024-01-26 18:00:10;СБП;successful;;22618
1100513;700513;2024-01-26 15:25:12;СБП;successful;;23875
1100514;700514;2024-01-26 14:28:17;Банковская карта;successful;;5180
1100515;700515;2024-01-26 18:56:56;СБП;successful;;1231
1100516;700516;2024-01-26 13:15:12;СБП;successful;;5280
1100517;700517;2024-01-27 17:21:46;Наличными при получении;successful;;17261
1100518;700518;2024-01-27 22:32:24;Банковская карта;successful;;32345
1100519;700519;2024-01-27 17:05:30;Банковская карта;successful;;20484
1100520;700520;2024-01-27 18:30:30;Банковская карта;successful;;66470
1100521;700521;2024-01-27 20:50:56;СБП;successful;;33945
1100522;700522;2024-01-27 18:14:25;ЮMoney;successful;;133867
1100523;700523;2024-01-27 12:15:40;Банковская карта;failed;Отклонено банком;100581
1100524;700524;2024-01-27 18:12:17;СБП;successful;;36080
1100525;700525;2024-01-27 13:01:24;СБП;successful;;33790
1100526;700526;2024-01-27 17:56:40;Банковская карта;successful;;29619
1100527;700527;2024-01-27 20:04:30;Банковская карта;successful;;12157
1100528;700528;2024-01-27 13:33:19;Банковская карта;successful;;1057
1100529;700529;2024-01-27 16:23:11;Наличными при получении;refunded;;32147
1100530;700530;2024-01-27 19:41:56;Банковская карта;refunded;;39345
1100531;700531;2024-01-27 16:16:45;Банковская карта;successful;;22512
1100532;700532;2024-01-27 19:35:58;Рассрочка;successful;;13490
1100533;700533;2024-01-27 12:02:05;СБП;failed;Недостаточно средств;24580
1100534;700534;2024-01-28 21:01:19;Банковская карта;successful;;53892
1100535;700535;2024-01-28 17:36:22;СБП;successful;;40765
1100536;700536;2024-01-28 18:53:41;СБП;successful;;4880
1100537;700537;2024-01-28 18:14:32;СБП;successful;;1426
1100538;700538;2024-01-28 10:21:17;СБП;failed;Отклонено банком;96995
1100539;700539;2024-01-28 20:48:10;СБП;refunded;;2780
1100540;700540;2024-01-28 22:48:34;Наличными при получении;successful;;34756
1100541;700541;2024-01-28 15:26:36;Банковская карта;failed;Пользователь отменил оплату;34007
1100542;700542;2024-01-28 12:52:53;Рассрочка;refunded;Заказ отменён клиентом после оплаты;4857
1100543;700543;2024-01-28 08:15:45;СБП;successful;;68404
1100544;700544;2024-01-28 18:59:11;Банковская карта;refunded;Заказ отменён клиентом после оплаты;7580
1100545;700545;2024-01-28 17:03:37;Банковская карта;successful;;1309
1100546;700546;2024-01-28 21:43:34;Рассрочка;successful;;3635
1100547;700547;2024-01-28 13:18:58;Банковская карта;successful;;27790
1100548;700548;2024-01-28 21:46:19;Наличными при получении;successful;;7345
1100549;700549;2024-01-28 13:43:12;СБП;successful;;28694
1100550;700550;2024-01-28 17:57:55;СБП;failed;Недостаточно средств;1251
1100551;700551;2024-01-28 19:28:01;СБП;successful;;194211
1100552;700552;2024-01-28 17:13:55;Банковская карта;successful;;7180
1100553;700553;2024-01-28 16:57:17;Банковская карта;successful;;42670
1100554;700554;2024-01-28 13:31:50;Банковская карта;successful;;31735
1100555;700555;2024-01-28 21:07:58;Наличными при получении;successful;;2040
1100556;700556;2024-01-28 21:33:23;Рассрочка;failed;Недостаточно средств;11090
1100557;700557;2024-01-28 13:46:49;СБП;successful;;5971
1100558;700558;2024-01-28 16:49:57;Наличными при получении;successful;;27772
1100559;700559;2024-01-29 17:37:23;СБП;successful;;35790
1100560;700560;2024-01-29 17:34:56;СБП;successful;;21580
1100561;700561;2024-01-29 10:27:05;Банковская карта;successful;;27710
1100562;700562;2024-01-29 15:59:58;Банковская карта;refunded;Заказ отменён клиентом после оплаты;2929
1100563;700563;2024-01-29 10:10:50;Банковская карта;successful;;782
1100564;700564;2024-01-29 23:33:37;СБП;successful;;32957
1100565;700565;2024-01-29 11:38:48;Рассрочка;successful;;19090
1100566;700566;2024-01-29 20:18:28;Банковская карта;successful;;34142
1100567;700567;2024-01-29 18:32:58;Наличными при получении;successful;;28476
1100568;700568;2024-01-29 22:54:41;Банковская карта;refunded;;23531
1100569;700569;2024-01-29 16:47:14;Банковская карта;successful;;26101
1100570;700570;2024-01-29 15:18:11;Рассрочка;successful;;36537
1100571;700571;2024-01-29 12:53:37;СБП;successful;;65790
1100572;700572;2024-01-29 18:53:17;СБП;successful;;30470
1100573;700573;2024-01-29 17:55:31;Наличными при получении;successful;;97087
1100574;700574;2024-01-29 16:39:09;Наличными при получении;successful;;141537
1100575;700575;2024-01-30 15:07:50;СБП;failed;Ошибка платёжного шлюза;67316
1100576;700576;2024-01-30 13:02:52;Банковская карта;successful;;18490
1100577;700577;2024-01-30 14:40:12;Банковская карта;failed;Ошибка платёжного шлюза;35790
1100578;700578;2024-01-30 16:19:49;Банковская карта;successful;;4600
1100579;700579;2024-01-30 18:36:52;Банковская карта;successful;;7957
1100580;700580;2024-01-30 16:21:51;Банковская карта;successful;;27446
1100581;700581;2024-01-30 14:40:41;Наличными при получении;successful;;1780
1100582;700582;2024-01-30 14:21:47;Наличными при получении;successful;;39714
1100583;700583;2024-01-30 09:58:35;Банковская карта;successful;;43545
1100584;700584;2024-01-30 16:01:23;СБП;successful;;7680
1100585;700585;2024-01-30 20:28:34;Банковская карта;successful;;2735
1100586;700586;2024-01-30 21:35:01;Банковская карта;successful;;12190
1100587;700587;2024-01-30 16:47:17;Банковская карта;successful;;7090
1100588;700588;2024-01-30 17:41:05;Банковская карта;refunded;;4935
1100589;700589;2024-01-30 15:42:48;ЮMoney;successful;;8542
1100590;700590;2024-01-30 19:49:27;Наличными при получении;successful;;29345
1100591;700591;2024-01-30 19:33:13;ЮMoney;successful;;20430
1100592;700592;2024-01-30 21:54:43;Наличными при получении;successful;;22180
1100593;700593;2024-01-30 18:56:31;Рассрочка;failed;Ошибка платёжного шлюза;32426
1100594;700594;2024-01-30 18:33:13;Банковская карта;successful;;22847
1100595;700595;2024-01-30 16:51:14;Рассрочка;successful;;1400
1100596;700596;2024-01-31 12:24:31;Рассрочка;failed;Недостаточно средств;4280
1100597;700597;2024-01-31 17:32:23;Банковская карта;successful;;83345
1100598;700598;2024-01-31 16:37:26;СБП;successful;;46825
1100599;700599;2024-01-31 13:41:20;Наличными при получении;successful;;31790
1100600;700600;2024-01-31 22:08:05;Банковская карта;successful;;31311
1100601;700601;2024-01-31 12:00:51;СБП;successful;;5091
1100602;700602;2024-01-31 18:19:27;Наличными при получении;successful;;1735
1100603;700603;2024-01-31 12:56:24;Наличными при получении;successful;;28957
1100604;700604;2024-01-31 20:27:11;Банковская карта;successful;;25345
1100605;700605;2024-01-31 16:31:01;СБП;refunded;;28293
1100606;700606;2024-01-31 18:43:58;СБП;successful;;2880
1100607;700607;2024-01-31 17:26:18;Банковская карта;successful;;20770
1100608;700608;2024-01-31 10:12:01;Банковская карта;successful;;11111
1100609;700609;2024-01-31 18:47:37;СБП;failed;Пользователь отменил оплату;56144
1100610;700610;2024-01-31 15:47:28;ЮMoney;successful;;16824
1100611;700611;2024-01-31 20:52:41;Банковская карта;refunded;;103276
1100612;700612;2024-01-31 18:19:58;Банковская карта;successful;;111516
1100613;700613;2024-01-31 19:55:11;Банковская карта;refunded;Заказ отменён клиентом после оплаты;18917
1100614;700614;2024-01-31 14:05:53;ЮMoney;successful;;21980
1100615;700615;2024-01-31 17:07:59;Рассрочка;successful;;26480
1100616;700616;2024-01-31 13:23:21;Наличными при получении;successful;;44470
1100617;700617;2024-01-31 12:42:19;СБП;successful;;28280
1100618;700618;2024-01-31 21:40:21;Банковская карта;successful;;53440
1100619;700619;2024-01-31 20:39:20;Банковская карта;successful;;44580
1100620;700620;2024-01-31 17:16:26;Наличными при получении;successful;;64626
1100621;700621;2024-01-31 19:58:57;Банковская карта;successful;;33931
1100622;700622;2024-02-01 21:00:15;Банковская карта;successful;;19127
1100623;700623;2024-02-01 16:13:08;Рассрочка;failed;Отклонено банком;36270
1100624;700624;2024-02-01 16:28:09;Банковская карта;successful;;1957
1100625;700625;2024-02-01 14:40:25;Банковская карта;successful;;15810
1100626;700626;2024-02-01 21:52:34;Банковская карта;successful;;2737
1100627;700627;2024-02-01 13:30:48;Рассрочка;successful;;34430
1100628;700628;2024-02-01 19:56:08;Банковская карта;successful;;1391
1100629;700629;2024-02-01 22:57:15;Банковская карта;successful;;35895
1100630;700630;2024-02-01 20:08:17;Банковская карта;successful;;79600
1100631;700631;2024-02-01 19:37:12;Наличными при получении;successful;;19090
1100632;700632;2024-02-01 20:46:48;Рассрочка;successful;;44380
1100633;700633;2024-02-01 19:42:22;Банковская карта;successful;;1930
1100634;700634;2024-02-01 18:05:20;Банковская карта;successful;;21380
1100635;700635;2024-02-01 20:58:23;Банковская карта;successful;;32974
1100636;700636;2024-02-01 12:08:20;Банковская карта;refunded;;22140
1100637;700637;2024-02-01 18:56:00;Наличными при получении;successful;;18001
1100638;700638;2024-02-01 20:05:00;СБП;successful;;88469
1100639;700639;2024-02-01 17:30:41;СБП;successful;;22001
1100640;700640;2024-02-01 16:18:22;СБП;successful;;140614
1100641;700641;2024-02-01 16:42:03;СБП;successful;;2180
1100642;700642;2024-02-01 11:28:31;Наличными при получении;successful;;43130
1100643;700643;2024-02-01 20:38:29;СБП;successful;;20581
1100644;700644;2024-02-01 17:34:04;Банковская карта;successful;;20303
1100645;700645;2024-02-01 12:45:01;Наличными при получении;successful;;17990
1100646;700646;2024-02-02 22:57:38;СБП;successful;;20841
1100647;700647;2024-02-02 17:44:34;Банковская карта;successful;;124270
1100648;700648;2024-02-02 18:37:43;ЮMoney;successful;;7368
1100649;700649;2024-02-02 16:32:58;СБП;successful;;66380
1100650;700650;2024-02-02 21:14:14;СБП;successful;;2320
1100651;700651;2024-02-02 14:10:57;Банковская карта;successful;;85880
1100652;700652;2024-02-02 13:52:46;СБП;successful;;1890
1100653;700653;2024-02-02 17:39:48;Банковская карта;successful;;40916
1100654;700654;2024-02-02 15:11:53;Рассрочка;successful;;3005
1100655;700655;2024-02-02 13:45:04;Рассрочка;successful;;7368
1100656;700656;2024-02-02 12:56:42;СБП;successful;;19057
1100657;700657;2024-02-02 14:47:21;Банковская карта;successful;;41590
1100658;700658;2024-02-02 21:28:26;СБП;successful;;13090
1100659;700659;2024-02-02 19:34:54;СБП;successful;;1735
1100660;700660;2024-02-02 10:30:28;СБП;successful;;1941
1100661;700661;2024-02-02 15:13:22;ЮMoney;successful;;23580
1100662;700662;2024-02-03 21:25:11;СБП;successful;;66047
1100663;700663;2024-02-03 13:55:17;Рассрочка;successful;;34068
1100664;700664;2024-02-03 22:38:55;Банковская карта;successful;;13680
1100665;700665;2024-02-03 19:45:16;Банковская карта;successful;;4215
1100666;700666;2024-02-03 12:33:30;СБП;successful;;10345
1100667;700667;2024-02-03 10:44:54;СБП;successful;;17757
1100668;700668;2024-02-03 13:10:22;СБП;successful;;67557
1100669;700669;2024-02-03 22:35:50;Банковская карта;successful;;93592
1100670;700670;2024-02-03 19:25:16;Банковская карта;successful;;32669
1100671;700671;2024-02-03 23:04:17;Банковская карта;successful;;110990
1100672;700672;2024-02-03 13:17:58;Наличными при получении;successful;;44435
1100673;700673;2024-02-03 16:40:36;Банковская карта;successful;;7928
1100674;700674;2024-02-03 15:22:39;СБП;successful;;2835
1100675;700675;2024-02-03 22:50:00;СБП;successful;;64551
1100676;700676;2024-02-03 22:24:57;Банковская карта;successful;;21957
1100677;700677;2024-02-03 17:15:32;Банковская карта;successful;;52680
1100678;700678;2024-02-03 16:24:12;СБП;successful;;63881
1100679;700679;2024-02-03 14:11:59;СБП;successful;;84485
1100680;700680;2024-02-03 13:46:01;Банковская карта;successful;;2480
1100681;700681;2024-02-03 22:04:27;СБП;refunded;Заказ отменён клиентом после оплаты;31340
1100682;700682;2024-02-03 17:07:08;Банковская карта;successful;;20446
1100683;700683;2024-02-03 11:49:55;Банковская карта;successful;;58631
1100684;700684;2024-02-03 18:41:13;Банковская карта;failed;Недостаточно средств;10686
1100685;700685;2024-02-03 21:07:00;Банковская карта;successful;;6701
1100686;700686;2024-02-04 20:44:36;Рассрочка;successful;;103314
1100687;700687;2024-02-04 14:23:44;Банковская карта;successful;;13121
1100688;700688;2024-02-04 13:10:14;СБП;successful;;27023
1100689;700689;2024-02-04 21:35:59;Рассрочка;successful;;6640
1100690;700690;2024-02-04 17:50:09;СБП;refunded;;39780
1100691;700691;2024-02-04 18:43:37;СБП;successful;;3680
1100692;700692;2024-02-04 14:10:32;СБП;successful;;1930
1100693;700693;2024-02-04 18:43:33;Банковская карта;successful;;29501
1100694;700694;2024-02-04 12:39:56;Банковская карта;successful;;33567
1100695;700695;2024-02-04 14:57:18;Банковская карта;successful;;18990
1100696;700696;2024-02-04 16:19:53;СБП;successful;;23241
1100697;700697;2024-02-04 13:43:05;СБП;successful;;2780
1100698;700698;2024-02-04 22:50:41;СБП;successful;;79430
1100699;700699;2024-02-04 18:47:11;СБП;successful;;7345
1100700;700700;2024-02-04 15:13:19;СБП;successful;;79336
1100701;700701;2024-02-04 11:58:06;СБП;successful;;42790
1100702;700702;2024-02-04 11:34:48;Наличными при получении;successful;;70105
1100703;700703;2024-02-04 12:14:05;СБП;successful;;59086
1100704;700704;2024-02-04 16:22:25;Банковская карта;successful;;17541
1100705;700705;2024-02-05 18:06:28;СБП;failed;Пользователь отменил оплату;21345
1100706;700706;2024-02-05 16:23:17;Банковская карта;successful;;5236
1100707;700707;2024-02-05 17:55:01;Наличными при получении;successful;;27470
1100708;700708;2024-02-05 14:42:36;ЮMoney;failed;Недостаточно средств;23345
1100709;700709;2024-02-05 17:40:52;СБП;successful;;38781
1100710;700710;2024-02-05 16:42:25;Банковская карта;successful;;4861
1100711;700711;2024-02-05 10:31:40;Банковская карта;successful;;1111
1100712;700712;2024-02-05 20:03:23;Банковская карта;successful;;38580
1100713;700713;2024-02-05 18:48:33;ЮMoney;refunded;Заказ отменён клиентом после оплаты;2857
1100714;700714;2024-02-05 20:46:00;СБП;successful;;56566
1100715;700715;2024-02-05 18:11:46;СБП;successful;;1569
1100716;700716;2024-02-05 14:59:23;СБП;successful;;17610
1100717;700717;2024-02-05 08:32:43;СБП;failed;Отклонено банком;26345
1100718;700718;2024-02-05 23:29:02;Наличными при получении;successful;;22280
1100719;700719;2024-02-05 12:27:11;Банковская карта;successful;;1380
1100720;700720;2024-02-05 17:13:41;Банковская карта;successful;;22580
1100721;700721;2024-02-05 17:58:32;Банковская карта;refunded;;108635
1100722;700722;2024-02-05 10:35:52;СБП;successful;;4680
1100723;700723;2024-02-05 11:35:48;СБП;successful;;45345
1100724;700724;2024-02-05 17:39:00;Наличными при получении;successful;;37505
1100725;700725;2024-02-05 09:16:42;СБП;successful;;1282
1100726;700726;2024-02-05 21:25:55;Рассрочка;successful;;3385
1100727;700727;2024-02-05 16:57:21;Банковская карта;successful;;110790
1100728;700728;2024-02-05 19:04:02;Банковская карта;successful;;40345
1100729;700729;2024-02-05 12:09:40;Банковская карта;successful;;1031
1100730;700730;2024-02-05 17:14:45;Банковская карта;successful;;56606
1100731;700731;2024-02-05 18:23:12;СБП;successful;;20380
1100732;700732;2024-02-05 20:06:51;Банковская карта;successful;;4905
1100733;700733;2024-02-05 15:16:06;СБП;failed;Отклонено банком;11111
1100734;700734;2024-02-05 17:17:56;СБП;successful;;79567
1100735;700735;2024-02-06 11:39:28;Банковская карта;successful;;3886
1100736;700736;2024-02-06 13:42:14;Банковская карта;successful;;86676
1100737;700737;2024-02-06 17:50:07;СБП;successful;;4790
1100738;700738;2024-02-06 22:41:20;Рассрочка;failed;Пользователь отменил оплату;7847
1100739;700739;2024-02-06 11:49:26;Банковская карта;successful;;85596
1100740;700740;2024-02-06 11:41:14;СБП;successful;;23940
1100741;700741;2024-02-06 16:29:07;Банковская карта;successful;;72790
1100742;700742;2024-02-06 17:17:53;Банковская карта;successful;;28781
1100743;700743;2024-02-06 18:48:10;Банковская карта;successful;;1288
1100744;700744;2024-02-06 11:40:21;Банковская карта;successful;;36490
1100745;700745;2024-02-06 22:10:48;СБП;successful;;7921
1100746;700746;2024-02-06 19:45:34;Банковская карта;successful;;39092
1100747;700747;2024-02-06 16:45:50;СБП;successful;;11957
1100748;700748;2024-02-06 23:34:49;Банковская карта;successful;;50335
1100749;700749;2024-02-06 13:58:48;Банковская карта;successful;;17151
1100750;700750;2024-02-06 22:55:10;Банковская карта;successful;;27346
1100751;700751;2024-02-06 19:12:40;Рассрочка;successful;;128789
1100752;700752;2024-02-06 09:43:45;Банковская карта;successful;;56345
1100753;700753;2024-02-06 20:49:15;Банковская карта;failed;Отклонено банком;25580
1100754;700754;2024-02-06 19:22:42;Банковская карта;successful;;20668
1100755;700755;2024-02-06 19:52:10;СБП;failed;Недостаточно средств;28746
1100756;700756;2024-02-06 13:50:12;Рассрочка;successful;;32660
1100757;700757;2024-02-06 22:41:31;СБП;successful;;9104
1100758;700758;2024-02-07 21:03:44;СБП;successful;;10990
1100759;700759;2024-02-07 17:22:24;СБП;successful;;617
1100760;700760;2024-02-07 18:44:59;СБП;successful;;23279
1100761;700761;2024-02-07 08:53:49;СБП;successful;;26126
1100762;700762;2024-02-07 11:18:17;СБП;successful;;27066
1100763;700763;2024-02-07 10:04:53;Банковская карта;successful;;187629
1100764;700764;2024-02-07 18:09:00;СБП;successful;;38345
1100765;700765;2024-02-07 19:07:54;СБП;failed;Отклонено банком;3706
1100766;700766;2024-02-07 18:08:24;Банковская карта;successful;;18790
1100767;700767;2024-02-07 15:17:59;Банковская карта;successful;;35490
1100768;700768;2024-02-07 21:41:34;Банковская карта;successful;;5117
1100769;700769;2024-02-07 18:47:24;Наличными при получении;successful;;34054
1100770;700770;2024-02-07 11:50:09;Рассрочка;successful;;64361
1100771;700771;2024-02-07 12:50:24;Банковская карта;successful;;4050
1100772;700772;2024-02-07 23:26:25;Наличными при получении;successful;;28567
1100773;700773;2024-02-07 18:44:08;СБП;successful;;52090
1100774;700774;2024-02-07 15:39:51;СБП;successful;;35180
1100775;700775;2024-02-07 21:59:19;Наличными при получении;refunded;Заказ отменён клиентом после оплаты;65243
1100776;700776;2024-02-07 23:03:48;Банковская карта;successful;;20768
1100777;700777;2024-02-07 21:24:18;СБП;successful;;19980
1100778;700778;2024-02-08 18:13:50;Банковская карта;successful;;86157
1100779;700779;2024-02-08 17:56:45;СБП;successful;;1123
1100780;700780;2024-02-08 23:50:57;СБП;successful;;4180
1100781;700781;2024-02-08 13:13:00;СБП;successful;;53561
1100782;700782;2024-02-08 17:53:54;Банковская карта;refunded;Заказ отменён клиентом после оплаты;81226
1100783;700783;2024-02-08 11:55:19;СБП;successful;;35710
1100784;700784;2024-02-08 17:33:19;Наличными при получении;successful;;6567
1100785;700785;2024-02-08 22:16:41;СБП;successful;;26567
1100786;700786;2024-02-08 15:17:39;Банковская карта;successful;;4180
1100787;700787;2024-02-08 20:36:40;Банковская карта;successful;;114606
1100788;700788;2024-02-08 12:17:07;Банковская карта;successful;;11480
1100789;700789;2024-02-08 21:33:58;Рассрочка;successful;;1583
1100790;700790;2024-02-08 17:10:01;Рассрочка;successful;;2380
1100791;700791;2024-02-08 16:15:01;ЮMoney;successful;;52348
1100792;700792;2024-02-08 21:50:06;Банковская карта;successful;;9567
1100793;700793;2024-02-08 22:58:31;Наличными при получении;successful;;65184
1100794;700794;2024-02-08 12:24:39;Банковская карта;successful;;126380
1100795;700795;2024-02-08 22:46:17;СБП;successful;;55498
1100796;700796;2024-02-08 17:33:14;Банковская карта;successful;;2656
1100797;700797;2024-02-08 15:46:48;Банковская карта;successful;;2080
1100798;700798;2024-02-08 21:17:55;СБП;successful;;23407
1100799;700799;2024-02-08 23:13:43;ЮMoney;successful;;90345
1100800;700800;2024-02-09 18:06:51;СБП;successful;;44094
1100801;700801;2024-02-09 23:25:21;СБП;successful;;22079
1100802;700802;2024-02-09 13:32:00;СБП;successful;;26775
1100803;700803;2024-02-09 18:06:58;Банковская карта;successful;;83567
1100804;700804;2024-02-09 13:14:15;СБП;successful;;33480
1100805;700805;2024-02-09 21:56:37;Банковская карта;successful;;107660
1100806;700806;2024-02-09 15:56:21;СБП;successful;;38490
1100807;700807;2024-02-09 14:24:18;Рассрочка;successful;;3857
1100808;700808;2024-02-09 08:59:09;Банковская карта;successful;;57790
1100809;700809;2024-02-09 20:18:28;Банковская карта;successful;;1795
1100810;700810;2024-02-09 13:47:26;ЮMoney;refunded;;21179
1100811;700811;2024-02-09 16:57:20;Банковская карта;refunded;;1143
1100812;700812;2024-02-09 19:01:27;Банковская карта;successful;;18980
1100813;700813;2024-02-09 15:15:59;Банковская карта;successful;;8567
1100814;700814;2024-02-09 15:05:03;Наличными при получении;successful;;66357
1100815;700815;2024-02-09 16:08:38;Банковская карта;successful;;58766
1100816;700816;2024-02-09 16:18:30;Банковская карта;successful;;2515
1100817;700817;2024-02-09 10:11:49;Банковская карта;failed;Недостаточно средств;4041
1100818;700818;2024-02-10 17:15:45;Банковская карта;successful;;39580
1100819;700819;2024-02-10 15:26:22;СБП;successful;;29546
1100820;700820;2024-02-10 18:46:04;СБП;successful;;56090
1100821;700821;2024-02-10 15:35:44;ЮMoney;successful;;110066
1100822;700822;2024-02-10 18:29:23;ЮMoney;successful;;564
1100823;700823;2024-02-10 16:15:18;Банковская карта;successful;;57480
1100824;700824;2024-02-10 12:36:55;Банковская карта;successful;;34015
1100825;700825;2024-02-10 16:31:29;Банковская карта;successful;;1881
1100826;700826;2024-02-10 23:17:51;СБП;successful;;80140
1100827;700827;2024-02-10 18:35:56;Банковская карта;successful;;47235
1100828;700828;2024-02-10 15:42:24;СБП;successful;;81680
1100829;700829;2024-02-10 19:36:41;Банковская карта;successful;;23777
1100830;700830;2024-02-10 11:15:07;Банковская карта;successful;;8117
1100831;700831;2024-02-10 18:25:49;Наличными при получении;successful;;79178
1100832;700832;2024-02-10 17:37:36;Банковская карта;successful;;3380
1100833;700833;2024-02-10 23:52:38;Банковская карта;successful;;74889
1100834;700834;2024-02-10 16:54:41;Наличными при получении;successful;;25035
1100835;700835;2024-02-10 19:26:58;Банковская карта;successful;;11790
1100836;700836;2024-02-10 18:36:05;СБП;successful;;8182
1100837;700837;2024-02-10 18:25:07;Банковская карта;refunded;;2280
1100838;700838;2024-02-11 14:39:47;СБП;successful;;92270
1100839;700839;2024-02-11 22:04:19;Наличными при получении;successful;;2840
1100840;700840;2024-02-11 16:25:08;СБП;successful;;787
1100841;700841;2024-02-11 16:05:11;СБП;successful;;69985
1100842;700842;2024-02-11 17:43:45;Наличными при получении;successful;;9300
1100843;700843;2024-02-11 11:21:17;СБП;failed;Отклонено банком;18790
1100844;700844;2024-02-11 22:50:21;СБП;failed;Отклонено банком;8769
1100845;700845;2024-02-11 16:16:45;Банковская карта;successful;;84780
1100846;700846;2024-02-11 10:12:49;СБП;successful;;41100
1100847;700847;2024-02-11 19:55:33;СБП;successful;;7567
1100848;700848;2024-02-11 19:54:03;Банковская карта;successful;;102961
1100849;700849;2024-02-11 16:49:15;Наличными при получении;successful;;101806
1100850;700850;2024-02-11 19:59:52;СБП;successful;;43157
1100851;700851;2024-02-11 14:58:55;СБП;successful;;2580
1100852;700852;2024-02-11 19:15:34;Банковская карта;successful;;36106
1100853;700853;2024-02-11 11:09:49;Банковская карта;successful;;4680
1100854;700854;2024-02-11 17:57:57;Рассрочка;successful;;18057
1100855;700855;2024-02-11 22:26:55;СБП;successful;;4695
1100856;700856;2024-02-11 18:34:01;Банковская карта;successful;;23601
1100857;700857;2024-02-11 13:12:47;Банковская карта;successful;;25790
1100858;700858;2024-02-12 20:23:45;СБП;successful;;25706
1100859;700859;2024-02-12 19:17:02;Наличными при получении;successful;;690
1100860;700860;2024-02-12 15:07:28;Банковская карта;successful;;29480
1100861;700861;2024-02-12 18:56:28;СБП;successful;;90535
1100862;700862;2024-02-12 16:06:15;СБП;successful;;2090
1100863;700863;2024-02-12 14:34:52;Банковская карта;successful;;3685
1100864;700864;2024-02-12 22:58:30;СБП;successful;;667
1100865;700865;2024-02-12 23:27:21;Рассрочка;successful;;3210
1100866;700866;2024-02-12 18:50:47;Банковская карта;successful;;37897
1100867;700867;2024-02-12 15:57:21;СБП;successful;;3911
1100868;700868;2024-02-12 19:06:37;Банковская карта;successful;;19517
1100869;700869;2024-02-12 09:14:09;Банковская карта;successful;;4360
1100870;700870;2024-02-12 11:21:54;СБП;successful;;2316
1100871;700871;2024-02-12 17:42:08;Наличными при получении;successful;;23570
1100872;700872;2024-02-12 15:53:53;Банковская карта;refunded;;3835
1100873;700873;2024-02-12 21:52:15;ЮMoney;successful;;2178
1100874;700874;2024-02-12 15:06:27;СБП;successful;;38186
1100875;700875;2024-02-12 15:28:17;СБП;successful;;59629
1100876;700876;2024-02-12 11:16:36;СБП;successful;;81690
1100877;700877;2024-02-12 17:05:05;Наличными при получении;successful;;126090
1100878;700878;2024-02-13 23:08:16;СБП;successful;;7245
1100879;700879;2024-02-13 18:07:42;Банковская карта;successful;;7580
1100880;700880;2024-02-13 20:52:59;Наличными при получении;failed;Ошибка платёжного шлюза;66016
1100881;700881;2024-02-13 13:34:17;Наличными при получении;successful;;43045
1100882;700882;2024-02-13 19:05:12;Банковская карта;successful;;64790
1100883;700883;2024-02-13 14:57:13;СБП;successful;;3071
1100884;700884;2024-02-13 17:48:58;Банковская карта;failed;Недостаточно средств;17490
1100885;700885;2024-02-13 08:03:55;СБП;successful;;3967
1100886;700886;2024-02-13 11:45:11;СБП;successful;;3480
1100887;700887;2024-02-13 19:15:54;Банковская карта;successful;;1586
1100888;700888;2024-02-13 22:01:20;СБП;refunded;;3380
1100889;700889;2024-02-13 16:36:41;Банковская карта;successful;;57580
1100890;700890;2024-02-13 17:29:27;Банковская карта;successful;;50371
1100891;700891;2024-02-13 18:26:40;Банковская карта;successful;;3280
1100892;700892;2024-02-13 16:35:31;Банковская карта;successful;;34190
1100893;700893;2024-02-13 20:20:10;Банковская карта;successful;;38179
1100894;700894;2024-02-14 17:08:17;Наличными при получении;successful;;8300
1100895;700895;2024-02-14 17:02:34;Банковская карта;successful;;1735
1100896;700896;2024-02-14 22:08:51;Банковская карта;successful;;2140
1100897;700897;2024-02-14 14:28:42;СБП;successful;;78790
1100898;700898;2024-02-14 22:43:15;СБП;successful;;37216
1100899;700899;2024-02-14 15:58:09;Наличными при получении;successful;;65280
1100900;700900;2024-02-14 16:44:32;Наличными при получении;successful;;6531
1100901;700901;2024-02-14 23:17:50;СБП;successful;;8187
1100902;700902;2024-02-14 19:56:15;СБП;successful;;64790
1100903;700903;2024-02-14 22:14:38;СБП;successful;;26170
1100904;700904;2024-02-14 20:34:56;Рассрочка;successful;;1790
1100905;700905;2024-02-15 12:31:28;ЮMoney;refunded;;1791
1100906;700906;2024-02-15 22:00:55;Банковская карта;successful;;33990
1100907;700907;2024-02-15 18:10:57;Наличными при получении;successful;;35180
1100908;700908;2024-02-15 11:15:52;СБП;refunded;Заказ отменён клиентом после оплаты;79240
1100909;700909;2024-02-15 17:00:37;Банковская карта;successful;;1381
1100910;700910;2024-02-15 14:52:31;СБП;successful;;26580
1100911;700911;2024-02-15 10:10:38;СБП;successful;;26957
1100912;700912;2024-02-15 20:28:09;Наличными при получении;successful;;27480
1100913;700913;2024-02-15 14:35:55;Наличными при получении;successful;;13595
1100914;700914;2024-02-15 13:42:27;СБП;successful;;33471
1100915;700915;2024-02-15 17:48:46;Наличными при получении;successful;;640
1100916;700916;2024-02-15 19:10:01;Рассрочка;successful;;3780
1100917;700917;2024-02-15 13:23:34;Банковская карта;successful;;14057
1100918;700918;2024-02-15 23:28:27;Банковская карта;successful;;51480
1100919;700919;2024-02-16 22:45:00;Банковская карта;failed;Отклонено банком;1676
1100920;700920;2024-02-16 18:21:59;Наличными при получении;refunded;;3081
1100921;700921;2024-02-16 17:28:12;СБП;failed;Ошибка платёжного шлюза;71156
1100922;700922;2024-02-16 15:37:25;Банковская карта;successful;;27490
1100923;700923;2024-02-16 18:48:47;Банковская карта;successful;;19567
1100924;700924;2024-02-16 20:17:43;Наличными при получении;successful;;7345
1100925;700925;2024-02-16 19:32:48;Рассрочка;refunded;;57490
1100926;700926;2024-02-16 19:47:55;Наличными при получении;successful;;4176
1100927;700927;2024-02-16 14:32:04;Наличными при получении;successful;;77718
1100928;700928;2024-02-16 23:02:42;СБП;successful;;18080
1100929;700929;2024-02-16 17:55:21;Банковская карта;successful;;32490
1100930;700930;2024-02-16 19:34:30;Банковская карта;successful;;151172
1100931;700931;2024-02-16 21:41:41;СБП;successful;;18887
1100932;700932;2024-02-16 21:01:47;Банковская карта;successful;;1284
1100933;700933;2024-02-16 11:11:21;СБП;successful;;20380
1100934;700934;2024-02-16 20:40:40;ЮMoney;successful;;1022
1100935;700935;2024-02-16 20:07:50;Банковская карта;successful;;2635
1100936;700936;2024-02-17 22:00:37;Рассрочка;failed;Ошибка платёжного шлюза;66990
1100937;700937;2024-02-17 15:19:06;ЮMoney;successful;;34397
1100938;700938;2024-02-17 15:46:16;ЮMoney;successful;;90680
1100939;700939;2024-02-17 13:56:07;Банковская карта;successful;;3280
1100940;700940;2024-02-17 21:55:38;Наличными при получении;refunded;;28185
1100941;700941;2024-02-17 15:31:40;Наличными при получении;successful;;28239
1100942;700942;2024-02-17 16:46:37;Банковская карта;successful;;35490
1100943;700943;2024-02-17 10:09:49;Наличными при получении;successful;;1025
1100944;700944;2024-02-17 13:22:55;Банковская карта;successful;;9606
1100945;700945;2024-02-17 18:37:42;Банковская карта;failed;Недостаточно средств;42732
1100946;700946;2024-02-17 09:55:34;Банковская карта;successful;;11735
1100947;700947;2024-02-17 08:23:55;Банковская карта;failed;Отклонено банком;2371
1100948;700948;2024-02-18 23:33:43;Наличными при получении;successful;;64990
1100949;700949;2024-02-18 13:02:58;Банковская карта;successful;;22231
1100950;700950;2024-02-18 11:26:40;ЮMoney;successful;;1110
1100951;700951;2024-02-18 14:20:58;Банковская карта;refunded;;2567
1100952;700952;2024-02-18 23:59:54;СБП;successful;;7940
1100953;700953;2024-02-18 20:44:45;СБП;successful;;41540
1100954;700954;2024-02-18 13:24:04;Банковская карта;successful;;14280
1100955;700955;2024-02-18 16:38:04;СБП;successful;;18378
1100956;700956;2024-02-18 18:14:15;Наличными при получении;successful;;119468
1100957;700957;2024-02-18 12:44:39;Наличными при получении;successful;;7616
1100958;700958;2024-02-18 16:40:56;СБП;successful;;38895
1100959;700959;2024-02-18 09:36:54;Банковская карта;successful;;2556
1100960;700960;2024-02-18 18:25:38;Наличными при получении;successful;;28345
1100961;700961;2024-02-18 19:07:09;Банковская карта;successful;;8919
1100962;700962;2024-02-19 10:31:43;Банковская карта;failed;Отклонено банком;25990
1100963;700963;2024-02-19 16:20:03;Банковская карта;successful;;58668
1100964;700964;2024-02-19 18:38:36;СБП;successful;;47708
1100965;700965;2024-02-19 16:50:32;Банковская карта;successful;;19470
1100966;700966;2024-02-19 18:32:56;Банковская карта;failed;Отклонено банком;1548
1100967;700967;2024-02-19 10:23:06;Банковская карта;successful;;47163
1100968;700968;2024-02-19 16:39:15;Наличными при получении;successful;;37674
1100969;700969;2024-02-19 11:29:07;СБП;refunded;Заказ отменён клиентом после оплаты;28469
1100970;700970;2024-02-19 09:46:16;Наличными при получении;successful;;22682
1100971;700971;2024-02-19 19:01:58;Наличными при получении;successful;;25545
1100972;700972;2024-02-19 09:56:42;Рассрочка;successful;;21427
1100973;700973;2024-02-19 22:55:38;Банковская карта;successful;;27090
1100974;700974;2024-02-19 19:24:16;Банковская карта;successful;;65985
1100975;700975;2024-02-19 13:46:35;СБП;successful;;64580
1100976;700976;2024-02-19 19:30:17;СБП;successful;;74068
1100977;700977;2024-02-19 14:11:15;СБП;successful;;36567
1100978;700978;2024-02-19 23:48:09;ЮMoney;successful;;75726
1100979;700979;2024-02-19 11:25:01;Банковская карта;successful;;8380
1100980;700980;2024-02-19 13:20:24;СБП;successful;;4790
1100981;700981;2024-02-19 15:03:25;СБП;successful;;105930
1100982;700982;2024-02-19 13:45:10;Банковская карта;failed;Недостаточно средств;41380
1100983;700983;2024-02-19 18:22:03;Банковская карта;successful;;60940
1100984;700984;2024-02-19 18:38:46;Наличными при получении;successful;;19580
1100985;700985;2024-02-19 16:46:07;СБП;successful;;40345
1100986;700986;2024-02-20 14:56:53;Банковская карта;successful;;12220
1100987;700987;2024-02-20 10:39:10;Банковская карта;refunded;Заказ отменён клиентом после оплаты;4457
1100988;700988;2024-02-20 13:13:35;Банковская карта;successful;;25835
1100989;700989;2024-02-20 11:09:52;Рассрочка;successful;;66109
1100990;700990;2024-02-20 16:09:22;Банковская карта;failed;Отклонено банком;83201
1100991;700991;2024-02-20 15:55:39;Наличными при получении;refunded;;18490
1100992;700992;2024-02-20 19:47:48;СБП;successful;;34329
1100993;700993;2024-02-20 14:34:26;Банковская карта;successful;;35914
1100994;700994;2024-02-20 17:07:29;Банковская карта;successful;;80280
1100995;700995;2024-02-20 22:16:29;Наличными при получении;successful;;32225
1100996;700996;2024-02-20 11:28:49;Наличными при получении;successful;;24990
1100997;700997;2024-02-20 13:45:07;Банковская карта;successful;;1352
1100998;700998;2024-02-20 21:09:12;Банковская карта;successful;;64345
1100999;700999;2024-02-20 16:00:16;Банковская карта;successful;;22308
1101000;701000;2024-02-20 16:07:44;СБП;failed;Недостаточно средств;68616
1101001;701001;2024-02-20 22:53:30;Банковская карта;successful;;1288
1101002;701002;2024-02-20 15:55:37;ЮMoney;successful;;3340
1101003;701003;2024-02-20 14:11:46;Банковская карта;successful;;7556
1101004;701004;2024-02-20 18:36:52;Рассрочка;failed;Ошибка платёжного шлюза;4740
1101005;701005;2024-02-21 20:19:04;Банковская карта;successful;;35895
1101006;701006;2024-02-21 21:01:22;Банковская карта;successful;;17566
1101007;701007;2024-02-21 20:35:55;Банковская карта;successful;;6397
1101008;701008;2024-02-21 21:24:16;Рассрочка;successful;;4479
1101009;701009;2024-02-21 18:03:43;Банковская карта;successful;;1427
1101010;701010;2024-02-21 16:56:03;Банковская карта;successful;;35567
1101011;701011;2024-02-21 10:11:34;Банковская карта;successful;;70680
1101012;701012;2024-02-21 13:28:59;СБП;successful;;4140
1101013;701013;2024-02-21 22:13:58;Банковская карта;successful;;34935
1101014;701014;2024-02-21 19:27:43;Банковская карта;successful;;40480
1101015;701015;2024-02-21 20:14:58;Банковская карта;successful;;48310
1101016;701016;2024-02-21 11:55:49;Банковская карта;successful;;109180
1101017;701017;2024-02-21 12:52:20;Банковская карта;successful;;83997
1101018;701018;2024-02-21 20:54:19;СБП;refunded;;1780
1101019;701019;2024-02-21 20:33:01;Рассрочка;successful;;28035
1101020;701020;2024-02-21 17:27:01;СБП;successful;;17776
1101021;701021;2024-02-21 15:57:28;Наличными при получении;successful;;6490
1101022;701022;2024-02-21 10:44:07;СБП;successful;;7735
1101023;701023;2024-02-21 20:08:22;Рассрочка;successful;;12480
1101024;701024;2024-02-21 12:31:48;Банковская карта;successful;;23180
1101025;701025;2024-02-21 15:32:05;Банковская карта;successful;;27345
1101026;701026;2024-02-21 18:56:31;Банковская карта;failed;Недостаточно средств;18790
1101027;701027;2024-02-21 16:41:13;Банковская карта;successful;;4101
1101028;701028;2024-02-21 12:10:57;Банковская карта;successful;;8735
1101029;701029;2024-02-21 20:52:05;Банковская карта;successful;;14980
1101030;701030;2024-02-21 12:08:55;ЮMoney;successful;;25710
1101031;701031;2024-02-22 14:00:59;СБП;successful;;35090
1101032;701032;2024-02-22 11:11:18;Банковская карта;successful;;27695
1101033;701033;2024-02-22 23:34:36;СБП;successful;;42980
1101034;701034;2024-02-22 14:12:55;Банковская карта;successful;;1345
1101035;701035;2024-02-22 18:46:14;ЮMoney;successful;;42490
1101036;701036;2024-02-22 13:41:23;Банковская карта;successful;;3020
1101037;701037;2024-02-22 22:12:11;СБП;successful;;6014
1101038;701038;2024-02-22 21:45:59;Банковская карта;successful;;8440
1101039;701039;2024-02-22 16:12:23;Банковская карта;successful;;2241
1101040;701040;2024-02-22 13:30:18;Банковская карта;successful;;569
1101041;701041;2024-02-22 11:57:52;Банковская карта;failed;Отклонено банком;30912
1101042;701042;2024-02-22 17:43:24;Банковская карта;successful;;20705
1101043;701043;2024-02-22 22:37:39;Банковская карта;successful;;25480
1101044;701044;2024-02-22 23:23:03;Банковская карта;successful;;1801
1101045;701045;2024-02-22 21:06:38;Банковская карта;failed;Пользователь отменил оплату;38357
1101046;701046;2024-02-22 18:08:40;СБП;refunded;Заказ отменён клиентом после оплаты;26567
1101047;701047;2024-02-22 14:24:28;Банковская карта;successful;;98230
1101048;701048;2024-02-22 16:13:07;СБП;successful;;32391
1101049;701049;2024-02-22 19:30:16;СБП;successful;;3686
1101050;701050;2024-02-23 09:37:32;Наличными при получении;refunded;;18990
1101051;701051;2024-02-23 17:49:26;ЮMoney;successful;;1380
1101052;701052;2024-02-23 14:59:28;СБП;successful;;9990
1101053;701053;2024-02-23 11:43:36;Наличными при получении;successful;;6500
1101054;701054;2024-02-23 13:59:18;Банковская карта;successful;;5080
1101055;701055;2024-02-23 19:10:28;СБП;successful;;38340
1101056;701056;2024-02-23 14:18:31;СБП;successful;;31611
1101057;701057;2024-02-23 15:34:21;Банковская карта;successful;;1292
1101058;701058;2024-02-23 14:14:22;Наличными при получении;successful;;2541
1101059;701059;2024-02-23 17:04:05;Банковская карта;refunded;;33677
1101060;701060;2024-02-23 20:40:26;СБП;successful;;7284
1101061;701061;2024-02-23 14:17:17;СБП;successful;;29730
1101062;701062;2024-02-23 18:01:42;Банковская карта;successful;;56080
1101063;701063;2024-02-23 19:00:02;СБП;successful;;5080
1101064;701064;2024-02-23 12:54:10;Банковская карта;successful;;55625
1101065;701065;2024-02-23 14:13:50;СБП;successful;;26080
1101066;701066;2024-02-23 23:08:46;Банковская карта;successful;;1795
1101067;701067;2024-02-23 17:15:06;Банковская карта;successful;;57834
1101068;701068;2024-02-24 22:14:52;Банковская карта;successful;;110090
1101069;701069;2024-02-24 15:32:10;Банковская карта;successful;;12675
1101070;701070;2024-02-24 12:33:21;Рассрочка;successful;;11869
1101071;701071;2024-02-24 13:47:30;Наличными при получении;successful;;1345
1101072;701072;2024-02-24 14:23:41;Наличными при получении;successful;;53097
1101073;701073;2024-02-24 10:06:20;Банковская карта;successful;;3235
1101074;701074;2024-02-24 15:29:01;ЮMoney;successful;;32386
1101075;701075;2024-02-24 14:31:14;Банковская карта;successful;;6895
1101076;701076;2024-02-24 15:30:22;СБП;successful;;77687
1101077;701077;2024-02-24 13:41:10;Банковская карта;successful;;128090
1101078;701078;2024-02-24 13:37:06;Рассрочка;successful;;76680
1101079;701079;2024-02-24 23:32:52;СБП;successful;;39530
1101080;701080;2024-02-24 17:11:24;Банковская карта;refunded;Заказ отменён клиентом после оплаты;23567
1101081;701081;2024-02-24 16:39:03;СБП;successful;;2320
1101082;701082;2024-02-24 09:38:24;СБП;successful;;3040
1101083;701083;2024-02-24 22:07:30;Банковская карта;successful;;34345
1101084;701084;2024-02-24 22:27:57;ЮMoney;successful;;4441
1101085;701085;2024-02-24 11:14:59;СБП;successful;;34911
1101086;701086;2024-02-24 23:52:57;Банковская карта;successful;;7790
1101087;701087;2024-02-24 12:35:48;Банковская карта;successful;;6594
1101088;701088;2024-02-24 13:57:10;Банковская карта;successful;;149906
1101089;701089;2024-02-24 22:29:43;Банковская карта;successful;;33759
1101090;701090;2024-02-24 15:23:14;Наличными при получении;successful;;26736
1101091;701091;2024-02-24 15:11:34;Наличными при получении;successful;;19929
1101092;701092;2024-02-25 17:35:37;Банковская карта;successful;;7990
1101093;701093;2024-02-25 13:28:42;Банковская карта;successful;;41380
1101094;701094;2024-02-25 16:03:20;СБП;successful;;7282
1101095;701095;2024-02-25 15:03:22;СБП;successful;;19490
1101096;701096;2024-02-25 19:34:09;Банковская карта;successful;;60555
1101097;701097;2024-02-25 16:55:34;СБП;successful;;27180
1101098;701098;2024-02-25 18:16:53;Банковская карта;successful;;2380
1101099;701099;2024-02-25 15:08:37;Банковская карта;refunded;Заказ отменён клиентом после оплаты;663
1101100;701100;2024-02-25 18:28:23;СБП;successful;;2086
1101101;701101;2024-02-25 12:42:39;Банковская карта;successful;;79480
1101102;701102;2024-02-25 16:27:50;Банковская карта;successful;;38755
1101103;701103;2024-02-25 09:48:11;Банковская карта;successful;;3280
1101104;701104;2024-02-25 15:46:03;Банковская карта;successful;;28611
1101105;701105;2024-02-25 17:06:43;ЮMoney;successful;;79570
1101106;701106;2024-02-25 15:39:07;Рассрочка;successful;;1806
1101107;701107;2024-02-25 13:39:51;СБП;successful;;66856
1101108;701108;2024-02-25 14:59:26;Рассрочка;successful;;10927
1101109;701109;2024-02-26 16:18:50;Банковская карта;failed;Пользователь отменил оплату;53000
1101110;701110;2024-02-26 13:57:42;Банковская карта;successful;;2439
1101111;701111;2024-02-26 15:28:54;Банковская карта;successful;;51157
1101112;701112;2024-02-26 22:59:33;СБП;successful;;78602
1101113;701113;2024-02-26 18:26:39;СБП;successful;;67405
1101114;701114;2024-02-26 12:25:15;Наличными при получении;successful;;19567
1101115;701115;2024-02-26 22:17:25;Банковская карта;failed;Недостаточно средств;2280
1101116;701116;2024-02-26 13:33:20;СБП;successful;;2917
1101117;701117;2024-02-26 19:51:51;Банковская карта;successful;;22838
1101118;701118;2024-02-26 19:13:45;Наличными при получении;successful;;22886
1101119;701119;2024-02-26 15:03:38;СБП;successful;;29296
1101120;701120;2024-02-27 00:02:52;Банковская карта;successful;;1457
1101121;701121;2024-02-26 19:19:47;Рассрочка;successful;;20630
1101122;701122;2024-02-26 19:18:45;СБП;successful;;18990
1101123;701123;2024-02-26 17:30:34;СБП;refunded;;1022
1101124;701124;2024-02-26 14:53:56;Наличными при получении;successful;;3345
1101125;701125;2024-02-27 20:09:09;Банковская карта;successful;;35491
1101126;701126;2024-02-27 17:43:50;СБП;successful;;156825
1101127;701127;2024-02-27 17:56:41;СБП;successful;;78185
1101128;701128;2024-02-27 11:24:13;Банковская карта;successful;;13180
1101129;701129;2024-02-27 12:08:17;Банковская карта;successful;;98071
1101130;701130;2024-02-27 18:26:35;Банковская карта;successful;;3990
1101131;701131;2024-02-27 11:39:39;Рассрочка;successful;;97946
1101132;701132;2024-02-27 08:19:12;Банковская карта;successful;;12280
1101133;701133;2024-02-27 14:29:53;Рассрочка;successful;;60645
1101134;701134;2024-02-27 17:11:12;Рассрочка;successful;;24612
1101135;701135;2024-02-27 12:21:48;Банковская карта;successful;;1380
1101136;701136;2024-02-27 18:01:36;Банковская карта;failed;Отклонено банком;4057
1101137;701137;2024-02-27 16:11:29;Рассрочка;successful;;31941
1101138;701138;2024-02-27 14:07:25;ЮMoney;successful;;24105
1101139;701139;2024-02-27 14:26:55;ЮMoney;successful;;9090
1101140;701140;2024-02-27 16:44:39;СБП;successful;;7911
1101141;701141;2024-02-27 21:09:03;СБП;successful;;11541
1101142;701142;2024-02-27 12:20:14;Наличными при получении;successful;;6490
1101143;701143;2024-02-27 23:50:30;Банковская карта;successful;;7547
1101144;701144;2024-02-27 15:10:24;Банковская карта;successful;;3695
1101145;701145;2024-02-27 22:46:06;Банковская карта;successful;;68240
1101146;701146;2024-02-28 18:07:36;СБП;successful;;10090
1101147;701147;2024-02-28 20:26:23;ЮMoney;refunded;Заказ отменён клиентом после оплаты;1780
1101148;701148;2024-02-28 17:24:03;Наличными при получении;successful;;25345
1101149;701149;2024-02-28 20:22:59;Банковская карта;successful;;3980
1101150;701150;2024-02-28 17:03:43;Банковская карта;successful;;49735
1101151;701151;2024-02-28 19:00:43;Банковская карта;successful;;45480
1101152;701152;2024-02-28 17:14:23;Банковская карта;successful;;3490
1101153;701153;2024-02-28 17:19:59;Наличными при получении;successful;;147719
1101154;701154;2024-02-28 12:14:57;Банковская карта;refunded;;16131
1101155;701155;2024-02-28 19:03:45;СБП;successful;;39080
1101156;701156;2024-02-28 18:44:32;Банковская карта;successful;;1321
1101157;701157;2024-02-28 16:42:12;СБП;successful;;12431
1101158;701158;2024-02-28 23:58:25;СБП;successful;;16131
1101159;701159;2024-02-28 13:36:47;Банковская карта;successful;;10680
1101160;701160;2024-02-28 19:58:31;Банковская карта;successful;;18935
1101161;701161;2024-02-28 19:57:00;Рассрочка;successful;;2980
1101162;701162;2024-02-28 16:08:07;ЮMoney;successful;;1640
1101163;701163;2024-02-28 18:11:13;Рассрочка;failed;Отклонено банком;13480
1101164;701164;2024-02-28 09:06:48;Банковская карта;successful;;19990
1101165;701165;2024-02-28 15:51:40;Банковская карта;failed;Отклонено банком;71530
1101166;701166;2024-02-28 09:26:17;Рассрочка;successful;;1090
1101167;701167;2024-02-28 11:04:06;Наличными при получении;successful;;17428
1101168;701168;2024-02-28 13:52:47;Наличными при получении;successful;;21998
1101169;701169;2024-02-28 18:04:24;Рассрочка;successful;;61047
1101170;701170;2024-02-29 15:16:08;Банковская карта;successful;;3121
1101171;701171;2024-02-29 22:54:14;Банковская карта;successful;;22106
1101172;701172;2024-02-29 22:17:32;Банковская карта;failed;Недостаточно средств;101301
1101173;701173;2024-02-29 19:04:34;СБП;successful;;23090
1101174;701174;2024-02-29 13:43:26;СБП;refunded;;37374
1101175;701175;2024-02-29 14:36:48;ЮMoney;successful;;34910
1101176;701176;2024-02-29 14:22:37;Банковская карта;successful;;10778
1101177;701177;2024-02-29 17:41:36;Рассрочка;failed;Пользователь отменил оплату;56735
1101178;701178;2024-02-29 14:29:40;СБП;successful;;113247
1101179;701179;2024-02-29 09:53:08;Банковская карта;successful;;81981
1101180;701180;2024-02-29 18:42:59;Банковская карта;successful;;6735
1101181;701181;2024-02-29 14:51:34;Наличными при получении;failed;Недостаточно средств;61189
1101182;701182;2024-02-29 15:43:31;Банковская карта;successful;;101017
1101183;701183;2024-02-29 16:58:51;Банковская карта;successful;;5185
1101184;701184;2024-02-29 10:19:21;Банковская карта;successful;;30580
1101185;701185;2024-02-29 11:25:17;Банковская карта;successful;;1980
1101186;701186;2024-02-29 16:50:17;Банковская карта;successful;;49030
1101187;701187;2024-02-29 17:16:13;Банковская карта;successful;;1790
1101188;701188;2024-02-29 17:49:11;СБП;successful;;7957
1101189;701189;2024-02-29 14:38:28;СБП;successful;;73136
1101190;701190;2024-02-29 18:50:48;Банковская карта;successful;;6810
1101191;701191;2024-02-29 13:27:04;Банковская карта;successful;;3580
1101192;701192;2024-02-29 16:30:03;Наличными при получении;failed;Ошибка платёжного шлюза;85735
1101193;701193;2024-02-29 14:27:21;СБП;successful;;84885
1101194;701194;2024-02-29 17:29:37;Наличными при получении;successful;;22141
1101195;701195;2024-02-29 21:20:15;СБП;successful;;68567
1101196;701196;2024-02-29 21:23:00;Банковская карта;successful;;26985
1101197;701197;2024-02-29 19:46:54;Банковская карта;successful;;4935
1101198;701198;2024-02-29 14:56:31;Наличными при получении;successful;;52004
1101199;701199;2024-02-29 17:54:56;СБП;successful;;36252
1101200;701200;2024-03-01 13:37:37;СБП;successful;;36180
1101201;701201;2024-03-01 18:47:45;СБП;refunded;;5962
1101202;701202;2024-03-01 10:21:07;СБП;refunded;Заказ отменён клиентом после оплаты;19990
1101203;701203;2024-03-01 21:56:54;Банковская карта;successful;;21780
1101204;701204;2024-03-01 11:15:06;ЮMoney;successful;;74006
1101205;701205;2024-03-01 14:57:48;Банковская карта;successful;;25345
1101206;701206;2024-03-01 11:11:32;Банковская карта;failed;Ошибка платёжного шлюза;8452
1101207;701207;2024-03-01 18:49:26;Банковская карта;successful;;42980
1101208;701208;2024-03-01 09:21:21;Банковская карта;successful;;1935
1101209;701209;2024-03-01 16:12:14;Банковская карта;successful;;26928
1101210;701210;2024-03-01 21:47:02;СБП;successful;;25157
1101211;701211;2024-03-01 20:55:10;Наличными при получении;successful;;17957
1101212;701212;2024-03-01 18:43:28;СБП;failed;Отклонено банком;27490
1101213;701213;2024-03-01 21:36:07;СБП;successful;;14567
1101214;701214;2024-03-01 16:03:01;СБП;failed;Недостаточно средств;47647
1101215;701215;2024-03-01 14:05:15;Банковская карта;successful;;2092
1101216;701216;2024-03-01 20:17:23;Рассрочка;successful;;29901
1101217;701217;2024-03-01 17:00:35;СБП;successful;;32166
1101218;701218;2024-03-01 21:05:01;Банковская карта;successful;;108790
1101219;701219;2024-03-01 18:56:04;Банковская карта;successful;;8902
1101220;701220;2024-03-01 17:03:46;Банковская карта;successful;;1910
1101221;701221;2024-03-02 17:09:24;Банковская карта;successful;;39301
1101222;701222;2024-03-02 09:51:24;Наличными при получении;successful;;86530
1101223;701223;2024-03-02 14:27:46;Банковская карта;successful;;26091
1101224;701224;2024-03-02 17:46:08;Банковская карта;successful;;18885
1101225;701225;2024-03-02 18:38:49;СБП;successful;;2039
1101226;701226;2024-03-02 12:53:04;Наличными при получении;refunded;;889
1101227;701227;2024-03-02 20:52:55;Банковская карта;successful;;43457
1101228;701228;2024-03-02 15:28:14;ЮMoney;successful;;3380
1101229;701229;2024-03-02 08:11:00;Банковская карта;refunded;Заказ отменён клиентом после оплаты;1768
1101230;701230;2024-03-02 22:15:05;СБП;successful;;4266
1101231;701231;2024-03-02 11:30:33;СБП;successful;;3487
1101232;701232;2024-03-02 21:11:12;Банковская карта;refunded;;26580
1101233;701233;2024-03-02 18:17:55;Наличными при получении;successful;;2480
1101234;701234;2024-03-02 15:30:09;Банковская карта;successful;;1278
1101235;701235;2024-03-02 13:40:31;Банковская карта;failed;Отклонено банком;89580
1101236;701236;2024-03-02 19:28:28;Банковская карта;successful;;13280
1101237;701237;2024-03-02 21:18:59;Рассрочка;failed;Пользователь отменил оплату;2090
1101238;701238;2024-03-02 20:56:35;Банковская карта;successful;;19490
1101239;701239;2024-03-02 19:33:02;Банковская карта;successful;;35735
1101240;701240;2024-03-02 19:27:21;СБП;failed;Пользователь отменил оплату;18080
1101241;701241;2024-03-02 19:18:45;СБП;successful;;22090
1101242;701242;2024-03-02 19:50:51;Банковская карта;failed;Ошибка платёжного шлюза;60421
1101243;701243;2024-03-02 10:36:11;СБП;successful;;96796
1101244;701244;2024-03-03 17:54:17;СБП;successful;;38691
1101245;701245;2024-03-03 22:37:22;Банковская карта;successful;;23185
1101246;701246;2024-03-04 00:04:24;Банковская карта;successful;;24649
1101247;701247;2024-03-03 16:15:30;Наличными при получении;successful;;26567
1101248;701248;2024-03-03 11:39:15;Банковская карта;successful;;32090
1101249;701249;2024-03-03 13:13:04;Банковская карта;successful;;35257
1101250;701250;2024-03-03 10:35:11;ЮMoney;successful;;12856
1101251;701251;2024-03-03 18:00:56;Рассрочка;successful;;22854
1101252;701252;2024-03-03 21:45:04;Банковская карта;successful;;44180
1101253;701253;2024-03-03 17:31:06;Банковская карта;successful;;1318
1101254;701254;2024-03-03 15:12:39;Рассрочка;successful;;52360
1101255;701255;2024-03-03 17:55:41;Рассрочка;successful;;2837
1101256;701256;2024-03-03 16:44:45;Рассрочка;successful;;7401
1101257;701257;2024-03-03 18:38:15;СБП;successful;;27755
1101258;701258;2024-03-03 16:07:57;СБП;successful;;71157
1101259;701259;2024-03-03 18:55:27;Банковская карта;successful;;3045
1101260;701260;2024-03-03 19:06:18;Рассрочка;failed;Пользователь отменил оплату;72527
1101261;701261;2024-03-03 23:02:27;Рассрочка;successful;;29335
1101262;701262;2024-03-03 16:27:36;Банковская карта;successful;;35480
1101263;701263;2024-03-03 08:12:43;Банковская карта;refunded;;1895
1101264;701264;2024-03-03 15:13:50;Банковская карта;successful;;5841
1101265;701265;2024-03-03 16:22:32;Банковская карта;successful;;32835
1101266;701266;2024-03-03 23:57:20;Рассрочка;failed;Ошибка платёжного шлюза;19680
1101267;701267;2024-03-03 17:54:15;СБП;successful;;27790
1101268;701268;2024-03-03 12:46:15;СБП;successful;;10801
1101269;701269;2024-03-03 10:40:35;Рассрочка;successful;;3735
1101270;701270;2024-03-03 17:40:29;ЮMoney;refunded;Заказ отменён клиентом после оплаты;5480
1101271;701271;2024-03-03 15:37:28;СБП;successful;;38625
1101272;701272;2024-03-03 10:34:07;СБП;refunded;Заказ отменён клиентом после оплаты;1087
1101273;701273;2024-03-04 14:19:24;СБП;refunded;;678
1101274;701274;2024-03-04 16:52:56;Банковская карта;successful;;852
1101275;701275;2024-03-04 16:40:19;Банковская карта;successful;;33557
1101276;701276;2024-03-04 16:27:08;Банковская карта;successful;;43790
1101277;701277;2024-03-04 17:44:50;Банковская карта;successful;;31700
1101278;701278;2024-03-04 17:35:00;Банковская карта;successful;;6951
1101279;701279;2024-03-04 14:00:41;Наличными при получении;successful;;43730
1101280;701280;2024-03-04 14:00:26;СБП;successful;;1640
1101281;701281;2024-03-04 12:46:21;СБП;successful;;49850
1101282;701282;2024-03-04 23:02:08;ЮMoney;successful;;1890
1101283;701283;2024-03-04 21:43:34;СБП;successful;;58593
1101284;701284;2024-03-04 21:47:05;СБП;successful;;18968
1101285;701285;2024-03-04 20:23:08;ЮMoney;successful;;6518
1101286;701286;2024-03-04 19:26:11;СБП;successful;;3570
1101287;701287;2024-03-04 11:18:22;Банковская карта;successful;;23840
1101288;701288;2024-03-04 08:53:01;СБП;successful;;25689
1101289;701289;2024-03-04 18:44:10;Банковская карта;successful;;3915
1101290;701290;2024-03-04 16:54:08;Наличными при получении;successful;;23211
1101291;701291;2024-03-04 18:28:02;СБП;successful;;16971
1101292;701292;2024-03-04 22:19:28;Банковская карта;successful;;7908
1101293;701293;2024-03-04 15:44:04;Банковская карта;successful;;24171
1101294;701294;2024-03-04 22:37:37;ЮMoney;refunded;Заказ отменён клиентом после оплаты;8980
1101295;701295;2024-03-04 13:54:39;Банковская карта;successful;;26991
1101296;701296;2024-03-04 19:36:26;СБП;successful;;1901
1101297;701297;2024-03-04 20:24:18;СБП;failed;Недостаточно средств;128315
1101298;701298;2024-03-04 17:18:28;Банковская карта;successful;;33077
1101299;701299;2024-03-05 23:49:15;Банковская карта;successful;;75643
1101300;701300;2024-03-05 19:09:52;ЮMoney;successful;;3935
1101301;701301;2024-03-05 12:43:23;СБП;successful;;5607
1101302;701302;2024-03-05 18:07:23;СБП;failed;Пользователь отменил оплату;11111
1101303;701303;2024-03-05 16:54:35;СБП;successful;;94430
1101304;701304;2024-03-05 20:20:16;Банковская карта;successful;;23846
1101305;701305;2024-03-05 17:30:25;Наличными при получении;successful;;28345
1101306;701306;2024-03-05 18:31:17;СБП;successful;;38935
1101307;701307;2024-03-05 17:24:09;Наличными при получении;successful;;31596
1101308;701308;2024-03-05 10:37:56;Банковская карта;successful;;36915
1101309;701309;2024-03-05 19:06:46;Банковская карта;successful;;27481
1101310;701310;2024-03-05 21:04:23;СБП;successful;;7267
1101311;701311;2024-03-05 15:23:16;Банковская карта;successful;;69695
1101312;701312;2024-03-05 21:50:40;Банковская карта;successful;;49069
1101313;701313;2024-03-05 21:25:09;Банковская карта;successful;;37050
1101314;701314;2024-03-05 18:48:35;Банковская карта;successful;;7580
1101315;701315;2024-03-05 20:56:56;Банковская карта;successful;;16478
1101316;701316;2024-03-05 13:02:53;СБП;successful;;24845
1101317;701317;2024-03-05 12:53:05;ЮMoney;successful;;56345
1101318;701318;2024-03-06 17:40:07;Банковская карта;successful;;7345
1101319;701319;2024-03-06 18:01:50;Банковская карта;successful;;34395
1101320;701320;2024-03-06 20:46:26;Банковская карта;successful;;61901
1101321;701321;2024-03-06 18:27:38;СБП;successful;;45787
1101322;701322;2024-03-06 19:36:53;Рассрочка;failed;Недостаточно средств;4280
1101323;701323;2024-03-06 22:10:52;СБП;successful;;19031
1101324;701324;2024-03-06 13:23:02;Банковская карта;refunded;;69835
1101325;701325;2024-03-06 16:58:43;Банковская карта;successful;;790
1101326;701326;2024-03-06 20:08:22;Наличными при получении;successful;;81480
1101327;701327;2024-03-06 11:42:31;Банковская карта;successful;;40642
1101328;701328;2024-03-06 17:08:20;СБП;successful;;99860
1101329;701329;2024-03-06 18:08:19;Банковская карта;successful;;2940
1101330;701330;2024-03-06 13:46:13;Наличными при получении;successful;;62289
1101331;701331;2024-03-07 17:04:18;Банковская карта;successful;;6036
1101332;701332;2024-03-07 12:48:24;Банковская карта;successful;;7400
1101333;701333;2024-03-07 22:55:27;Банковская карта;successful;;14080
1101334;701334;2024-03-07 13:07:55;Рассрочка;successful;;3966
1101335;701335;2024-03-07 16:44:51;ЮMoney;successful;;4978
1101336;701336;2024-03-07 15:36:20;СБП;successful;;9580
1101337;701337;2024-03-07 21:36:22;Банковская карта;failed;Недостаточно средств;59601
1101338;701338;2024-03-07 16:48:21;Банковская карта;successful;;4805
1101339;701339;2024-03-07 19:56:35;Наличными при получении;successful;;1104
1101340;701340;2024-03-07 19:07:58;Банковская карта;successful;;59362
1101341;701341;2024-03-07 17:45:47;СБП;successful;;4001
1101342;701342;2024-03-07 18:13:59;СБП;successful;;3681
1101343;701343;2024-03-07 16:12:03;СБП;successful;;107250
1101344;701344;2024-03-07 17:13:28;СБП;failed;Пользователь отменил оплату;72345
1101345;701345;2024-03-08 16:54:49;СБП;successful;;51345
1101346;701346;2024-03-08 08:18:35;Наличными при получении;successful;;49790
1101347;701347;2024-03-08 16:00:49;Банковская карта;successful;;31865
1101348;701348;2024-03-08 14:52:37;Банковская карта;successful;;68866
1101349;701349;2024-03-08 21:36:38;СБП;refunded;;54815
1101350;701350;2024-03-08 15:32:44;СБП;successful;;89801
1101351;701351;2024-03-08 12:40:32;ЮMoney;successful;;7245
1101352;701352;2024-03-09 00:01:06;СБП;successful;;2110
1101353;701353;2024-03-08 17:04:55;Наличными при получении;successful;;55758
1101354;701354;2024-03-08 17:06:50;СБП;failed;Отклонено банком;19925
1101355;701355;2024-03-08 15:11:52;Банковская карта;failed;Ошибка платёжного шлюза;109620
1101356;701356;2024-03-08 19:55:57;Банковская карта;successful;;24520
1101357;701357;2024-03-08 22:37:51;Банковская карта;successful;;1680
1101358;701358;2024-03-08 17:20:46;СБП;successful;;18010
1101359;701359;2024-03-08 15:14:16;Банковская карта;successful;;44567
1101360;701360;2024-03-08 15:29:20;ЮMoney;successful;;75056
1101361;701361;2024-03-08 08:45:53;Банковская карта;successful;;1695
1101362;701362;2024-03-08 20:58:05;Банковская карта;successful;;27035
1101363;701363;2024-03-08 18:57:23;СБП;failed;Отклонено банком;31567
1101364;701364;2024-03-08 14:10:13;Банковская карта;successful;;28211
1101365;701365;2024-03-08 17:59:00;Банковская карта;successful;;27252
1101366;701366;2024-03-09 18:13:59;Наличными при получении;failed;Отклонено банком;14145
1101367;701367;2024-03-09 17:19:06;Банковская карта;successful;;5180
1101368;701368;2024-03-09 20:16:18;Банковская карта;successful;;97580
1101369;701369;2024-03-09 13:21:24;СБП;failed;Ошибка платёжного шлюза;38380
1101370;701370;2024-03-09 11:01:04;Наличными при получении;successful;;51090
1101371;701371;2024-03-09 13:40:59;СБП;successful;;81470
1101372;701372;2024-03-09 19:32:01;Рассрочка;successful;;2690
1101373;701373;2024-03-09 19:26:32;Банковская карта;successful;;21790
1101374;701374;2024-03-09 12:33:00;Банковская карта;successful;;7735
1101375;701375;2024-03-09 17:03:06;СБП;successful;;94589
1101376;701376;2024-03-09 20:39:52;Банковская карта;successful;;29180
1101377;701377;2024-03-09 17:57:32;Банковская карта;successful;;32839
1101378;701378;2024-03-10 00:00:22;СБП;successful;;12090
1101379;701379;2024-03-09 13:07:09;Банковская карта;successful;;34462
1101380;701380;2024-03-09 16:32:41;Банковская карта;successful;;74721
1101381;701381;2024-03-09 20:50:04;Банковская карта;successful;;36000
1101382;701382;2024-03-09 14:16:25;Рассрочка;failed;Недостаточно средств;7257
1101383;701383;2024-03-09 14:48:38;СБП;refunded;;46580
1101384;701384;2024-03-09 17:02:57;СБП;successful;;18700
1101385;701385;2024-03-09 17:29:31;СБП;successful;;23881
1101386;701386;2024-03-09 16:24:39;Банковская карта;failed;Отклонено банком;27957
1101387;701387;2024-03-09 17:47:00;Банковская карта;successful;;7431
1101388;701388;2024-03-09 15:54:46;Банковская карта;successful;;19580
1101389;701389;2024-03-10 19:51:02;Рассрочка;successful;;1990
1101390;701390;2024-03-10 18:36:08;СБП;successful;;50481
1101391;701391;2024-03-10 19:21:08;СБП;failed;Недостаточно средств;22071
1101392;701392;2024-03-10 17:06:43;Банковская карта;successful;;21746
1101393;701393;2024-03-10 16:12:00;Рассрочка;successful;;9090
1101394;701394;2024-03-10 17:42:26;Банковская карта;successful;;2141
1101395;701395;2024-03-10 19:35:21;СБП;successful;;3980
1101396;701396;2024-03-10 15:08:45;СБП;successful;;70567
1101397;701397;2024-03-10 14:20:59;Банковская карта;failed;Недостаточно средств;10466
1101398;701398;2024-03-10 19:18:29;Банковская карта;successful;;2180
1101399;701399;2024-03-10 12:09:45;Банковская карта;successful;;3580
1101400;701400;2024-03-10 18:30:23;Наличными при получении;successful;;16671
1101401;701401;2024-03-10 17:09:14;Рассрочка;failed;Пользователь отменил оплату;14935
1101402;701402;2024-03-10 12:27:47;Рассрочка;successful;;64440
1101403;701403;2024-03-10 10:40:38;ЮMoney;failed;Недостаточно средств;46380
1101404;701404;2024-03-10 21:45:06;СБП;successful;;44835
1101405;701405;2024-03-10 16:15:42;СБП;successful;;9602
1101406;701406;2024-03-10 14:49:19;ЮMoney;successful;;51567
1101407;701407;2024-03-11 22:55:11;СБП;successful;;62583
1101408;701408;2024-03-11 14:22:49;Наличными при получении;successful;;1174
1101409;701409;2024-03-11 21:47:21;Банковская карта;successful;;6736
1101410;701410;2024-03-11 18:10:59;СБП;successful;;21880
1101411;701411;2024-03-11 12:24:50;Наличными при получении;successful;;2345
1101412;701412;2024-03-11 19:18:38;Наличными при получении;successful;;44680
1101413;701413;2024-03-11 14:09:52;Банковская карта;successful;;19250
1101414;701414;2024-03-11 19:03:44;Банковская карта;successful;;43825
1101415;701415;2024-03-11 20:50:47;СБП;successful;;62580
1101416;701416;2024-03-11 23:53:14;Банковская карта;successful;;136335
1101417;701417;2024-03-11 14:29:30;Наличными при получении;successful;;39171
1101418;701418;2024-03-11 12:58:36;Банковская карта;successful;;27001
1101419;701419;2024-03-11 16:16:20;Банковская карта;failed;Пользователь отменил оплату;22389
1101420;701420;2024-03-11 16:50:46;Рассрочка;failed;Ошибка платёжного шлюза;35580
1101421;701421;2024-03-11 19:30:45;Банковская карта;successful;;32355
1101422;701422;2024-03-11 10:53:20;Банковская карта;successful;;2090
1101423;701423;2024-03-11 18:30:15;Банковская карта;successful;;36567
1101424;701424;2024-03-11 23:00:57;Наличными при получении;successful;;30419
1101425;701425;2024-03-11 15:07:56;Банковская карта;successful;;3580
1101426;701426;2024-03-11 15:03:36;Банковская карта;successful;;73430
1101427;701427;2024-03-11 13:43:41;Банковская карта;successful;;108490
1101428;701428;2024-03-11 22:45:49;СБП;refunded;Заказ отменён клиентом после оплаты;8460
1101429;701429;2024-03-11 08:29:41;Банковская карта;successful;;13567
1101430;701430;2024-03-11 16:34:10;СБП;successful;;1260
1101431;701431;2024-03-11 19:31:25;Банковская карта;successful;;63080
1101432;701432;2024-03-11 13:52:31;Банковская карта;successful;;831
1101433;701433;2024-03-12 00:05:32;СБП;successful;;68180
1101434;701434;2024-03-12 15:25:23;Рассрочка;failed;Пользователь отменил оплату;7412
1101435;701435;2024-03-12 20:12:24;Наличными при получении;successful;;3380
1101436;701436;2024-03-12 16:43:23;СБП;successful;;57657
1101437;701437;2024-03-12 15:14:21;СБП;successful;;4380
1101438;701438;2024-03-12 09:04:50;СБП;successful;;12057
1101439;701439;2024-03-12 21:56:55;СБП;failed;Недостаточно средств;1106
1101440;701440;2024-03-12 12:14:47;СБП;successful;;33180
1101441;701441;2024-03-12 18:50:38;Банковская карта;successful;;81957
1101442;701442;2024-03-12 17:03:11;Банковская карта;successful;;78180
1101443;701443;2024-03-12 21:25:30;СБП;successful;;1990
1101444;701444;2024-03-12 15:44:20;СБП;refunded;;98181
1101445;701445;2024-03-12 20:41:55;Банковская карта;successful;;27176
1101446;701446;2024-03-12 14:07:20;СБП;successful;;7421
1101447;701447;2024-03-12 11:26:01;СБП;successful;;23275
1101448;701448;2024-03-12 19:00:55;Банковская карта;successful;;81725
1101449;701449;2024-03-12 21:38:15;Банковская карта;successful;;72306
1101450;701450;2024-03-12 20:57:12;Банковская карта;successful;;46878
1101451;701451;2024-03-12 15:18:32;Банковская карта;refunded;;18790
1101452;701452;2024-03-12 09:28:38;Наличными при получении;successful;;107060
1101453;701453;2024-03-13 15:20:23;Рассрочка;successful;;11711
1101454;701454;2024-03-13 23:29:13;Рассрочка;failed;Недостаточно средств;4550
1101455;701455;2024-03-13 11:24:42;Наличными при получении;successful;;27935
1101456;701456;2024-03-13 19:56:58;Банковская карта;successful;;33716
1101457;701457;2024-03-13 14:15:45;Банковская карта;successful;;2480
1101458;701458;2024-03-13 23:40:11;СБП;successful;;1129
1101459;701459;2024-03-13 13:38:36;Банковская карта;successful;;2290
1101460;701460;2024-03-13 17:15:57;Банковская карта;successful;;25290
1101461;701461;2024-03-13 15:19:48;Банковская карта;successful;;34935
1101462;701462;2024-03-13 13:57:39;СБП;successful;;6381
1101463;701463;2024-03-13 17:04:11;Банковская карта;successful;;33746
1101464;701464;2024-03-13 09:39:15;СБП;successful;;3316
1101465;701465;2024-03-13 08:39:56;Наличными при получении;failed;Отклонено банком;21815
1101466;701466;2024-03-13 20:38:40;Банковская карта;failed;Недостаточно средств;100895
1101467;701467;2024-03-13 14:33:46;Банковская карта;successful;;38266
1101468;701468;2024-03-13 21:00:54;Наличными при получении;successful;;835
1101469;701469;2024-03-13 14:57:08;СБП;successful;;110755
1101470;701470;2024-03-13 19:37:13;Банковская карта;successful;;9345
1101471;701471;2024-03-13 18:27:05;СБП;refunded;;37216
1101472;701472;2024-03-13 16:00:19;Наличными при получении;successful;;24935
1101473;701473;2024-03-13 22:12:55;Банковская карта;refunded;;3781
1101474;701474;2024-03-13 08:37:55;Банковская карта;successful;;8181
1101475;701475;2024-03-14 19:44:42;Банковская карта;successful;;11841
1101476;701476;2024-03-14 17:05:21;Банковская карта;successful;;74380
1101477;701477;2024-03-14 22:54:11;СБП;successful;;43230
1101478;701478;2024-03-14 13:00:03;Банковская карта;successful;;18990
1101479;701479;2024-03-14 15:34:50;Наличными при получении;successful;;21452
1101480;701480;2024-03-14 12:50:40;Банковская карта;successful;;6831
1101481;701481;2024-03-14 17:53:46;СБП;successful;;2080
1101482;701482;2024-03-14 18:36:47;Наличными при получении;successful;;11567
1101483;701483;2024-03-14 20:21:55;Банковская карта;successful;;2765
1101484;701484;2024-03-14 15:25:07;СБП;successful;;2310
1101485;701485;2024-03-14 10:18:02;Наличными при получении;successful;;32010
1101486;701486;2024-03-14 18:04:48;СБП;successful;;28618
1101487;701487;2024-03-14 10:51:32;Банковская карта;successful;;6090
1101488;701488;2024-03-14 21:24:22;Банковская карта;successful;;75567
1101489;701489;2024-03-14 13:11:16;СБП;successful;;37835
1101490;701490;2024-03-14 20:22:16;СБП;successful;;111880
1101491;701491;2024-03-14 17:34:40;ЮMoney;successful;;20310
1101492;701492;2024-03-14 12:28:09;Банковская карта;successful;;38056
1101493;701493;2024-03-14 21:48:46;Банковская карта;successful;;78136
1101494;701494;2024-03-15 21:22:15;Банковская карта;successful;;77567
1101495;701495;2024-03-15 13:46:37;Банковская карта;successful;;89670
1101496;701496;2024-03-15 15:32:50;Банковская карта;successful;;11990
1101497;701497;2024-03-15 12:34:26;Банковская карта;successful;;1481
1101498;701498;2024-03-15 19:59:04;Банковская карта;successful;;34935
1101499;701499;2024-03-15 22:25:28;СБП;successful;;20280
1101500;701500;2024-03-15 13:48:28;Наличными при получении;successful;;5380
1101501;701501;2024-03-15 11:24:58;Банковская карта;successful;;79480
1101502;701502;2024-03-15 14:34:30;Банковская карта;successful;;52519
1101503;701503;2024-03-15 17:34:56;СБП;successful;;30866
1101504;701504;2024-03-15 13:26:56;СБП;successful;;183477
1101505;701505;2024-03-15 20:26:25;Банковская карта;failed;Ошибка платёжного шлюза;19580
1101506;701506;2024-03-15 12:42:00;СБП;successful;;4920
1101507;701507;2024-03-15 20:09:56;Рассрочка;successful;;90280
1101508;701508;2024-03-15 16:53:39;Банковская карта;successful;;19180
1101509;701509;2024-03-15 18:32:13;СБП;successful;;2280
1101510;701510;2024-03-15 17:56:36;Банковская карта;successful;;11148
1101511;701511;2024-03-15 17:54:27;Банковская карта;successful;;1104
1101512;701512;2024-03-15 21:57:29;Банковская карта;successful;;94659
1101513;701513;2024-03-15 19:31:57;Наличными при получении;successful;;20480
1101514;701514;2024-03-15 12:08:50;СБП;successful;;37370
1101515;701515;2024-03-15 21:02:24;СБП;successful;;23128
1101516;701516;2024-03-15 23:06:21;Банковская карта;successful;;1635
1101517;701517;2024-03-15 23:10:39;Банковская карта;failed;Отклонено банком;41525
1101518;701518;2024-03-15 12:34:11;Наличными при получении;refunded;;700
1101519;701519;2024-03-15 11:44:29;Банковская карта;successful;;15280
1101520;701520;2024-03-15 18:36:58;СБП;successful;;37567
1101521;701521;2024-03-16 17:49:07;Банковская карта;successful;;35490
1101522;701522;2024-03-16 17:54:36;СБП;successful;;35345
1101523;701523;2024-03-16 14:44:59;Наличными при получении;refunded;;9085
1101524;701524;2024-03-16 19:19:57;Банковская карта;successful;;2620
1101525;701525;2024-03-16 20:45:21;Банковская карта;successful;;31181
1101526;701526;2024-03-16 14:43:02;ЮMoney;successful;;75725
1101527;701527;2024-03-16 10:11:27;СБП;successful;;1349
1101528;701528;2024-03-16 09:22:37;Банковская карта;successful;;18340
1101529;701529;2024-03-16 15:21:08;Банковская карта;successful;;50917
1101530;701530;2024-03-16 11:26:57;Банковская карта;successful;;12525
1101531;701531;2024-03-16 11:12:22;СБП;successful;;42990
1101532;701532;2024-03-16 17:07:29;Наличными при получении;successful;;3035
1101533;701533;2024-03-16 14:36:27;СБП;refunded;;9301
1101534;701534;2024-03-16 14:46:39;СБП;successful;;110990
1101535;701535;2024-03-16 14:59:56;СБП;successful;;7957
1101536;701536;2024-03-16 15:21:14;Банковская карта;successful;;25835
1101537;701537;2024-03-16 15:19:17;Наличными при получении;successful;;22380
1101538;701538;2024-03-16 16:30:52;СБП;successful;;66791
1101539;701539;2024-03-16 16:33:23;СБП;successful;;10007
1101540;701540;2024-03-17 15:29:58;Банковская карта;successful;;10341
1101541;701541;2024-03-17 18:09:27;Банковская карта;successful;;29301
1101542;701542;2024-03-17 21:56:02;Банковская карта;successful;;37900
1101543;701543;2024-03-17 19:19:04;СБП;successful;;743
1101544;701544;2024-03-17 12:19:06;Банковская карта;successful;;7090
1101545;701545;2024-03-17 23:30:02;Наличными при получении;successful;;8080
1101546;701546;2024-03-17 17:46:37;ЮMoney;successful;;72507
1101547;701547;2024-03-17 19:50:41;СБП;successful;;18329
1101548;701548;2024-03-17 11:37:55;Банковская карта;failed;Отклонено банком;11247
1101549;701549;2024-03-17 14:00:30;Банковская карта;successful;;129380
1101550;701550;2024-03-17 19:06:21;Банковская карта;failed;Пользователь отменил оплату;8017
1101551;701551;2024-03-17 15:57:37;Наличными при получении;successful;;2800
1101552;701552;2024-03-17 18:58:52;Наличными при получении;successful;;2840
1101553;701553;2024-03-17 19:16:11;Банковская карта;successful;;41867
1101554;701554;2024-03-17 14:03:29;СБП;successful;;7116
1101555;701555;2024-03-17 22:24:49;СБП;successful;;86783
1101556;701556;2024-03-17 19:31:00;ЮMoney;successful;;20955
1101557;701557;2024-03-17 16:44:01;Банковская карта;successful;;78718
1101558;701558;2024-03-17 18:36:03;Банковская карта;refunded;Заказ отменён клиентом после оплаты;681
1101559;701559;2024-03-17 23:34:09;Банковская карта;successful;;3917
1101560;701560;2024-03-17 16:52:51;Банковская карта;successful;;2340
1101561;701561;2024-03-17 20:09:40;Банковская карта;failed;Ошибка платёжного шлюза;2680
1101562;701562;2024-03-17 15:35:49;Банковская карта;successful;;4430
1101563;701563;2024-03-17 14:18:05;Банковская карта;successful;;2115
1101564;701564;2024-03-17 11:11:19;Наличными при получении;successful;;36090
1101565;701565;2024-03-17 17:48:18;Банковская карта;successful;;1857
1101566;701566;2024-03-18 15:17:12;СБП;successful;;53556
1101567;701567;2024-03-18 22:27:05;Банковская карта;successful;;25589
1101568;701568;2024-03-18 14:30:47;ЮMoney;successful;;25300
1101569;701569;2024-03-18 16:48:42;СБП;successful;;615
1101570;701570;2024-03-18 23:01:53;Банковская карта;successful;;19466
1101571;701571;2024-03-18 14:04:55;ЮMoney;successful;;85345
1101572;701572;2024-03-18 17:09:46;ЮMoney;successful;;70790
1101573;701573;2024-03-18 08:43:27;Банковская карта;failed;Пользователь отменил оплату;83990
1101574;701574;2024-03-18 15:32:59;СБП;failed;Отклонено банком;81281
1101575;701575;2024-03-18 19:02:10;Банковская карта;successful;;110680
1101576;701576;2024-03-18 21:45:06;Наличными при получении;successful;;7090
1101577;701577;2024-03-18 15:06:34;СБП;successful;;7835
1101578;701578;2024-03-18 12:27:49;Банковская карта;successful;;781
1101579;701579;2024-03-18 14:19:13;Банковская карта;successful;;4870
1101580;701580;2024-03-18 23:37:22;Банковская карта;refunded;;95885
1101581;701581;2024-03-18 19:00:33;Наличными при получении;successful;;3675
1101582;701582;2024-03-18 11:43:52;СБП;successful;;6036
1101583;701583;2024-03-18 16:35:55;СБП;successful;;29480
1101584;701584;2024-03-18 10:14:45;Банковская карта;refunded;Заказ отменён клиентом после оплаты;121189
1101585;701585;2024-03-18 16:26:59;СБП;refunded;;2155
1101586;701586;2024-03-18 18:45:22;СБП;successful;;42771
1101587;701587;2024-03-18 13:10:33;Банковская карта;successful;;11691
1101588;701588;2024-03-18 14:23:42;Банковская карта;successful;;66001
1101589;701589;2024-03-18 15:32:53;Банковская карта;successful;;7245
1101590;701590;2024-03-18 16:52:09;Банковская карта;successful;;2229
1101591;701591;2024-03-18 15:35:15;СБП;failed;Недостаточно средств;43985
1101592;701592;2024-03-18 21:12:41;Банковская карта;successful;;42567
1101593;701593;2024-03-18 20:45:39;Рассрочка;successful;;20626
1101594;701594;2024-03-18 21:15:16;СБП;failed;Отклонено банком;49495
1101595;701595;2024-03-18 17:01:00;Наличными при получении;failed;Ошибка платёжного шлюза;10639
1101596;701596;2024-03-18 08:18:35;Наличными при получении;successful;;25729
1101597;701597;2024-03-19 08:15:33;ЮMoney;successful;;1935
1101598;701598;2024-03-19 16:04:41;Банковская карта;successful;;20941
1101599;701599;2024-03-19 19:07:08;СБП;successful;;12345
1101600;701600;2024-03-19 16:26:00;СБП;successful;;4580
1101601;701601;2024-03-19 18:00:32;Банковская карта;successful;;27681
1101602;701602;2024-03-19 13:46:27;СБП;successful;;56506
1101603;701603;2024-03-19 13:43:57;Рассрочка;successful;;4790
1101604;701604;2024-03-19 20:56:26;СБП;successful;;23090
1101605;701605;2024-03-19 13:18:36;СБП;successful;;65440
1101606;701606;2024-03-19 14:55:25;Рассрочка;successful;;29630
1101607;701607;2024-03-19 22:09:28;Банковская карта;successful;;863
1101608;701608;2024-03-19 22:15:32;СБП;successful;;1706
1101609;701609;2024-03-19 22:23:21;СБП;successful;;27980
1101610;701610;2024-03-19 21:33:59;СБП;successful;;1208
1101611;701611;2024-03-19 21:50:49;СБП;successful;;105218
1101612;701612;2024-03-19 14:50:24;Банковская карта;refunded;Заказ отменён клиентом после оплаты;11490
1101613;701613;2024-03-19 18:35:11;СБП;refunded;;11816
1101614;701614;2024-03-19 21:47:21;Банковская карта;successful;;18790
1101615;701615;2024-03-19 16:07:48;СБП;successful;;7480
1101616;701616;2024-03-19 16:10:38;Банковская карта;successful;;32848
1101617;701617;2024-03-19 16:04:40;Банковская карта;successful;;41780
1101618;701618;2024-03-19 14:00:20;СБП;successful;;21567
1101619;701619;2024-03-19 22:17:37;СБП;refunded;Заказ отменён клиентом после оплаты;9891
1101620;701620;2024-03-20 16:04:53;Банковская карта;successful;;61861
1101621;701621;2024-03-20 20:51:46;Банковская карта;successful;;71685
1101622;701622;2024-03-20 20:47:03;Наличными при получении;successful;;46967
1101623;701623;2024-03-20 14:10:02;Банковская карта;refunded;;13180
1101624;701624;2024-03-20 21:10:50;СБП;failed;Пользователь отменил оплату;2735
1101625;701625;2024-03-20 18:20:10;Наличными при получении;successful;;2668
1101626;701626;2024-03-20 14:56:39;Рассрочка;successful;;86990
1101627;701627;2024-03-20 19:46:40;Банковская карта;successful;;4380
1101628;701628;2024-03-20 14:21:57;Банковская карта;successful;;43825
1101629;701629;2024-03-20 19:25:54;Банковская карта;successful;;19117
1101630;701630;2024-03-20 15:26:01;Банковская карта;successful;;18990
1101631;701631;2024-03-20 12:33:47;Банковская карта;successful;;12571
1101632;701632;2024-03-20 15:59:08;Банковская карта;successful;;40730
1101633;701633;2024-03-20 18:14:51;Наличными при получении;failed;Недостаточно средств;3880
1101634;701634;2024-03-20 20:40:58;СБП;successful;;31490
1101635;701635;2024-03-20 18:05:10;СБП;successful;;43690
1101636;701636;2024-03-20 21:15:36;Банковская карта;failed;Недостаточно средств;84657
1101637;701637;2024-03-20 15:51:23;СБП;successful;;83790
1101638;701638;2024-03-20 13:42:24;Банковская карта;successful;;797
1101639;701639;2024-03-20 16:26:31;Наличными при получении;successful;;21387
1101640;701640;2024-03-20 20:26:27;Банковская карта;failed;Пользователь отменил оплату;27674
1101641;701641;2024-03-20 17:39:27;Банковская карта;refunded;;10410
1101642;701642;2024-03-20 14:41:35;СБП;successful;;25045
1101643;701643;2024-03-20 16:52:42;Банковская карта;successful;;53835
1101644;701644;2024-03-20 14:42:27;Банковская карта;successful;;45301
1101645;701645;2024-03-20 17:33:11;Банковская карта;successful;;17567
1101646;701646;2024-03-20 14:21:13;Банковская карта;successful;;74582
1101647;701647;2024-03-20 20:06:37;Наличными при получении;successful;;19140
1101648;701648;2024-03-20 16:14:28;Рассрочка;successful;;7997
1101649;701649;2024-03-20 18:59:51;СБП;successful;;41056
1101650;701650;2024-03-20 14:45:36;СБП;successful;;11790
1101651;701651;2024-03-20 15:29:57;Банковская карта;successful;;114257
1101652;701652;2024-03-20 18:12:30;Рассрочка;failed;Ошибка платёжного шлюза;3345
1101653;701653;2024-03-20 17:15:30;Банковская карта;successful;;19680
1101654;701654;2024-03-21 12:42:56;Наличными при получении;successful;;12490
1101655;701655;2024-03-21 18:04:32;Банковская карта;successful;;7590
1101656;701656;2024-03-21 18:15:38;Наличными при получении;successful;;71238
1101657;701657;2024-03-21 17:14:43;СБП;successful;;69090
1101658;701658;2024-03-21 20:42:55;Банковская карта;successful;;34895
1101659;701659;2024-03-21 16:13:41;Рассрочка;failed;Пользователь отменил оплату;9480
1101660;701660;2024-03-21 23:56:56;ЮMoney;successful;;175280
1101661;701661;2024-03-21 17:51:41;Наличными при получении;successful;;106740
1101662;701662;2024-03-21 20:50:41;СБП;successful;;4680
1101663;701663;2024-03-21 15:56:38;Наличными при получении;successful;;30480
1101664;701664;2024-03-21 21:57:49;Банковская карта;successful;;19790
1101665;701665;2024-03-21 18:03:38;СБП;successful;;39790
1101666;701666;2024-03-21 15:17:32;СБП;successful;;32540
1101667;701667;2024-03-21 20:02:02;СБП;successful;;51635
1101668;701668;2024-03-21 12:43:33;Наличными при получении;successful;;18144
1101669;701669;2024-03-21 14:45:45;Банковская карта;successful;;10957
1101670;701670;2024-03-21 16:06:50;Банковская карта;successful;;4090
1101671;701671;2024-03-21 21:46:16;СБП;successful;;10917
1101672;701672;2024-03-21 19:51:56;Банковская карта;refunded;Заказ отменён клиентом после оплаты;8674
1101673;701673;2024-03-22 10:33:49;СБП;successful;;51801
1101674;701674;2024-03-22 15:56:30;СБП;successful;;8980
1101675;701675;2024-03-22 17:06:41;ЮMoney;successful;;90735
1101676;701676;2024-03-22 19:00:17;Наличными при получении;successful;;108790
1101677;701677;2024-03-22 16:35:49;Банковская карта;successful;;7134
1101678;701678;2024-03-22 19:32:39;Банковская карта;successful;;29080
1101679;701679;2024-03-22 21:05:21;Банковская карта;successful;;35345
1101680;701680;2024-03-22 13:45:31;Банковская карта;successful;;12025
1101681;701681;2024-03-22 11:00:24;Банковская карта;successful;;29731
1101682;701682;2024-03-22 11:29:35;Банковская карта;failed;Отклонено банком;33741
1101683;701683;2024-03-22 13:50:59;СБП;successful;;37129
1101684;701684;2024-03-22 23:04:53;СБП;successful;;49939
1101685;701685;2024-03-22 22:01:28;СБП;successful;;57015
1101686;701686;2024-03-22 18:56:37;СБП;successful;;900
1101687;701687;2024-03-22 21:33:14;СБП;successful;;46132
1101688;701688;2024-03-22 23:50:49;СБП;successful;;17610
1101689;701689;2024-03-22 22:50:09;Банковская карта;successful;;31429
1101690;701690;2024-03-22 14:41:24;Рассрочка;successful;;34285
1101691;701691;2024-03-22 11:48:35;Рассрочка;successful;;77567
1101692;701692;2024-03-23 16:08:23;Банковская карта;refunded;;19980
1101693;701693;2024-03-23 12:11:22;Банковская карта;successful;;25922
1101694;701694;2024-03-23 21:11:46;Банковская карта;successful;;41591
1101695;701695;2024-03-23 21:57:18;Банковская карта;successful;;88305
1101696;701696;2024-03-23 23:01:08;Банковская карта;refunded;Заказ отменён клиентом после оплаты;104300
1101697;701697;2024-03-23 12:32:31;Банковская карта;failed;Недостаточно средств;5380
1101698;701698;2024-03-23 17:44:50;Банковская карта;successful;;101201
1101699;701699;2024-03-23 10:12:14;Наличными при получении;successful;;40567
1101700;701700;2024-03-23 21:17:08;Банковская карта;successful;;70795
1101701;701701;2024-03-23 14:28:50;ЮMoney;successful;;32090
1101702;701702;2024-03-23 22:53:05;Банковская карта;successful;;39866
1101703;701703;2024-03-23 16:39:50;Рассрочка;successful;;30482
1101704;701704;2024-03-23 15:23:28;Банковская карта;successful;;82537
1101705;701705;2024-03-23 09:43:28;Банковская карта;successful;;46341
1101706;701706;2024-03-23 08:09:17;Банковская карта;failed;Недостаточно средств;2310
1101707;701707;2024-03-23 10:41:54;Банковская карта;successful;;89480
1101708;701708;2024-03-23 15:36:06;СБП;successful;;41153
1101709;701709;2024-03-23 14:45:51;СБП;successful;;1611
1101710;701710;2024-03-23 14:45:40;ЮMoney;successful;;3264
1101711;701711;2024-03-23 15:50:54;Наличными при получении;successful;;68680
1101712;701712;2024-03-24 18:11:02;СБП;successful;;7990
1101713;701713;2024-03-24 11:00:51;СБП;failed;Недостаточно средств;7506
1101714;701714;2024-03-24 15:49:57;СБП;refunded;Заказ отменён клиентом после оплаты;35835
1101715;701715;2024-03-24 17:40:36;СБП;successful;;32294
1101716;701716;2024-03-24 14:20:30;Банковская карта;successful;;37790
1101717;701717;2024-03-24 14:31:07;Банковская карта;successful;;18935
1101718;701718;2024-03-24 18:29:59;Банковская карта;successful;;32875
1101719;701719;2024-03-24 18:56:08;СБП;successful;;1635
1101720;701720;2024-03-24 18:18:30;Банковская карта;successful;;1835
1101721;701721;2024-03-24 16:17:58;СБП;successful;;68990
1101722;701722;2024-03-24 09:05:56;СБП;successful;;34490
1101723;701723;2024-03-24 10:33:38;Банковская карта;successful;;126074
1101724;701724;2024-03-24 21:23:17;СБП;failed;Ошибка платёжного шлюза;114180
1101725;701725;2024-03-24 16:04:52;Банковская карта;successful;;72935
1101726;701726;2024-03-24 13:31:49;СБП;failed;Недостаточно средств;1831
1101727;701727;2024-03-24 15:24:56;Рассрочка;successful;;14567
1101728;701728;2024-03-24 13:40:32;Наличными при получении;refunded;Заказ отменён клиентом после оплаты;40452
1101729;701729;2024-03-24 13:35:09;Рассрочка;refunded;;33790
1101730;701730;2024-03-24 13:12:48;Банковская карта;successful;;1990
1101731;701731;2024-03-24 15:30:05;СБП;successful;;20157
1101732;701732;2024-03-24 19:15:39;Банковская карта;successful;;1731
1101733;701733;2024-03-24 23:22:36;Рассрочка;successful;;66280
1101734;701734;2024-03-24 20:58:55;ЮMoney;successful;;53680
1101735;701735;2024-03-24 20:25:30;СБП;successful;;65380
1101736;701736;2024-03-24 09:53:40;Банковская карта;successful;;25194
1101737;701737;2024-03-26 00:02:03;СБП;successful;;25580
1101738;701738;2024-03-25 16:46:53;Рассрочка;failed;Недостаточно средств;26956
1101739;701739;2024-03-25 18:28:03;Банковская карта;successful;;3157
1101740;701740;2024-03-25 20:45:48;Банковская карта;successful;;13279
1101741;701741;2024-03-25 17:06:38;Рассрочка;successful;;6345
1101742;701742;2024-03-25 17:03:27;СБП;successful;;78790
1101743;701743;2024-03-25 20:54:21;Наличными при получении;successful;;6745
1101744;701744;2024-03-25 08:46:52;Банковская карта;successful;;8091
1101745;701745;2024-03-25 18:41:14;СБП;successful;;55468
1101746;701746;2024-03-25 22:08:27;Наличными при получении;successful;;33789
1101747;701747;2024-03-25 12:35:52;Банковская карта;successful;;42969
1101748;701748;2024-03-25 22:24:49;Банковская карта;successful;;8380
1101749;701749;2024-03-25 14:09:47;Рассрочка;successful;;20920
1101750;701750;2024-03-25 20:10:11;Банковская карта;successful;;1154
1101751;701751;2024-03-25 11:25:11;Рассрочка;successful;;696
1101752;701752;2024-03-25 16:27:13;ЮMoney;successful;;36390
1101753;701753;2024-03-25 19:45:22;СБП;successful;;4080
1101754;701754;2024-03-25 21:52:28;Банковская карта;successful;;7480
1101755;701755;2024-03-25 12:56:30;СБП;successful;;35691
1101756;701756;2024-03-25 16:21:35;ЮMoney;successful;;17135
1101757;701757;2024-03-25 12:09:34;Наличными при получении;successful;;1595
1101758;701758;2024-03-25 21:59:31;Банковская карта;successful;;113280
1101759;701759;2024-03-25 21:15:29;ЮMoney;successful;;7360
1101760;701760;2024-03-25 18:54:51;СБП;successful;;105431
1101761;701761;2024-03-25 16:20:24;Банковская карта;failed;Ошибка платёжного шлюза;7037
1101762;701762;2024-03-25 15:27:43;Рассрочка;failed;Пользователь отменил оплату;4857
1101763;701763;2024-03-25 19:47:47;Банковская карта;successful;;11680
1101764;701764;2024-03-25 17:04:57;Банковская карта;successful;;5330
1101765;701765;2024-03-25 18:25:32;Банковская карта;successful;;40517
1101766;701766;2024-03-25 10:06:48;Рассрочка;successful;;18680
1101767;701767;2024-03-26 18:52:28;Банковская карта;successful;;17795
1101768;701768;2024-03-26 12:52:31;СБП;failed;Ошибка платёжного шлюза;11381
1101769;701769;2024-03-26 17:47:14;СБП;successful;;40345
1101770;701770;2024-03-26 20:52:51;Банковская карта;successful;;4570
1101771;701771;2024-03-26 13:32:05;Банковская карта;successful;;67185
1101772;701772;2024-03-26 17:10:50;Банковская карта;successful;;13340
1101773;701773;2024-03-26 18:55:18;Банковская карта;successful;;506
1101774;701774;2024-03-26 14:46:53;Банковская карта;failed;Недостаточно средств;2900
1101775;701775;2024-03-26 21:39:55;СБП;successful;;115224
1101776;701776;2024-03-26 20:06:13;СБП;successful;;1145
1101777;701777;2024-03-26 14:41:56;СБП;successful;;20980
1101778;701778;2024-03-26 14:20:23;СБП;successful;;2134
1101779;701779;2024-03-26 11:15:11;Банковская карта;successful;;31001
1101780;701780;2024-03-26 20:31:44;Банковская карта;successful;;18516
1101781;701781;2024-03-26 21:29:51;ЮMoney;successful;;38170
1101782;701782;2024-03-26 20:40:56;Банковская карта;successful;;1727
1101783;701783;2024-03-26 22:26:54;Банковская карта;successful;;100067
1101784;701784;2024-03-26 22:23:36;СБП;successful;;156580
1101785;701785;2024-03-26 16:02:59;ЮMoney;successful;;84490
1101786;701786;2024-03-26 21:06:20;Банковская карта;successful;;7125
1101787;701787;2024-03-26 10:30:57;Банковская карта;successful;;2345
1101788;701788;2024-03-26 10:24:43;Банковская карта;failed;Отклонено банком;64090
1101789;701789;2024-03-26 12:47:21;СБП;failed;Пользователь отменил оплату;44990
1101790;701790;2024-03-26 23:01:58;Банковская карта;successful;;19539
1101791;701791;2024-03-26 20:02:50;Банковская карта;successful;;35241
1101792;701792;2024-03-27 17:10:58;Банковская карта;failed;Ошибка платёжного шлюза;25895
1101793;701793;2024-03-27 16:26:57;Рассрочка;failed;Отклонено банком;93491
1101794;701794;2024-03-27 11:41:35;ЮMoney;successful;;65147
1101795;701795;2024-03-27 14:14:54;Банковская карта;successful;;55708
1101796;701796;2024-03-27 16:12:27;СБП;successful;;47679
1101797;701797;2024-03-27 11:29:53;Банковская карта;successful;;46637
1101798;701798;2024-03-27 16:44:39;ЮMoney;successful;;1183
1101799;701799;2024-03-27 09:56:01;Рассрочка;failed;Отклонено банком;560
1101800;701800;2024-03-27 15:43:08;СБП;successful;;66280
1101801;701801;2024-03-27 15:28:59;Банковская карта;successful;;69871
1101802;701802;2024-03-27 21:55:02;СБП;successful;;10341
1101803;701803;2024-03-27 21:25:51;Банковская карта;successful;;36670
1101804;701804;2024-03-27 10:25:50;СБП;refunded;Заказ отменён клиентом после оплаты;7480
1101805;701805;2024-03-27 09:44:26;Банковская карта;successful;;92464
1101806;701806;2024-03-27 15:02:46;Рассрочка;successful;;5480
1101807;701807;2024-03-27 21:18:01;Банковская карта;failed;Ошибка платёжного шлюза;39040
1101808;701808;2024-03-27 20:00:41;Банковская карта;successful;;24391
1101809;701809;2024-03-27 16:26:20;Банковская карта;refunded;Заказ отменён клиентом после оплаты;4480
1101810;701810;2024-03-27 22:15:53;Рассрочка;successful;;57201
1101811;701811;2024-03-28 22:35:57;Банковская карта;successful;;11990
1101812;701812;2024-03-28 13:26:01;Банковская карта;successful;;36580
1101813;701813;2024-03-28 15:07:39;Банковская карта;successful;;101780
1101814;701814;2024-03-28 10:51:59;СБП;refunded;Заказ отменён клиентом после оплаты;4531
1101815;701815;2024-03-28 22:42:15;СБП;failed;Недостаточно средств;66180
1101816;701816;2024-03-28 13:36:21;Банковская карта;successful;;1993
1101817;701817;2024-03-28 13:15:07;Банковская карта;successful;;69141
1101818;701818;2024-03-28 14:02:09;СБП;successful;;41565
1101819;701819;2024-03-28 22:25:47;Рассрочка;successful;;58600
1101820;701820;2024-03-28 18:24:04;Банковская карта;successful;;1490
1101821;701821;2024-03-28 17:46:24;Банковская карта;successful;;1416
1101822;701822;2024-03-28 14:18:40;СБП;successful;;1489
1101823;701823;2024-03-28 22:33:10;СБП;refunded;;2511
1101824;701824;2024-03-28 10:19:13;Наличными при получении;successful;;7990
1101825;701825;2024-03-28 14:06:41;СБП;successful;;65077
1101826;701826;2024-03-28 10:01:35;ЮMoney;successful;;566
1101827;701827;2024-03-28 09:16:37;Банковская карта;successful;;42345
1101828;701828;2024-03-29 00:08:26;ЮMoney;successful;;29993
1101829;701829;2024-03-28 14:39:51;Банковская карта;successful;;24289
1101830;701830;2024-03-28 12:45:48;СБП;successful;;45980
1101831;701831;2024-03-28 14:29:32;СБП;successful;;12825
1101832;701832;2024-03-28 11:07:18;Банковская карта;successful;;40511
1101833;701833;2024-03-29 15:34:32;Рассрочка;successful;;14480
1101834;701834;2024-03-29 14:18:17;Банковская карта;successful;;57239
1101835;701835;2024-03-29 12:54:55;Наличными при получении;successful;;11145
1101836;701836;2024-03-29 19:12:59;Банковская карта;successful;;9089
1101837;701837;2024-03-29 18:20:01;Рассрочка;successful;;84057
1101838;701838;2024-03-29 13:38:34;Банковская карта;successful;;2690
1101839;701839;2024-03-29 18:31:19;СБП;successful;;1191
1101840;701840;2024-03-29 17:54:58;СБП;successful;;2345
1101841;701841;2024-03-29 10:36:53;СБП;successful;;7686
1101842;701842;2024-03-29 15:36:41;Наличными при получении;successful;;13330
1101843;701843;2024-03-29 11:15:06;Наличными при получении;successful;;6780
1101844;701844;2024-03-29 17:11:43;Банковская карта;successful;;34780
1101845;701845;2024-03-29 21:01:43;СБП;successful;;7456
1101846;701846;2024-03-29 09:18:27;Банковская карта;successful;;34640
1101847;701847;2024-03-29 15:42:44;Банковская карта;successful;;42567
1101848;701848;2024-03-29 15:16:14;Банковская карта;successful;;2480
1101849;701849;2024-03-29 11:27:11;Банковская карта;successful;;31030
1101850;701850;2024-03-29 15:19:02;Рассрочка;successful;;15380
1101851;701851;2024-03-29 21:12:34;Наличными при получении;successful;;109166
1101852;701852;2024-03-29 15:48:52;СБП;successful;;62457
1101853;701853;2024-03-29 16:21:06;СБП;successful;;1302
1101854;701854;2024-03-30 22:51:57;Банковская карта;successful;;34179
1101855;701855;2024-03-30 15:20:50;Банковская карта;successful;;47511
1101856;701856;2024-03-30 15:40:04;СБП;successful;;35402
1101857;701857;2024-03-30 17:32:12;СБП;successful;;46627
1101858;701858;2024-03-30 13:07:42;Банковская карта;successful;;16689
1101859;701859;2024-03-30 19:02:04;СБП;successful;;12356
1101860;701860;2024-03-30 13:38:08;Банковская карта;successful;;107665
1101861;701861;2024-03-30 17:42:00;Банковская карта;successful;;2054
1101862;701862;2024-03-30 11:55:47;Наличными при получении;successful;;798
1101863;701863;2024-03-30 12:17:14;СБП;refunded;;2735
1101864;701864;2024-03-30 16:22:19;Рассрочка;successful;;24810
1101865;701865;2024-03-30 10:12:22;Банковская карта;successful;;127990
1101866;701866;2024-03-30 14:30:20;Рассрочка;failed;Ошибка платёжного шлюза;20480
1101867;701867;2024-03-30 11:55:41;Банковская карта;successful;;3330
1101868;701868;2024-03-30 22:35:56;Банковская карта;successful;;102756
1101869;701869;2024-03-30 14:59:07;СБП;successful;;1127
1101870;701870;2024-03-30 15:51:20;Рассрочка;successful;;1574
1101871;701871;2024-03-30 21:22:50;Банковская карта;failed;Пользователь отменил оплату;8021
1101872;701872;2024-03-30 14:44:14;Наличными при получении;successful;;78128
1101873;701873;2024-03-30 19:59:07;СБП;successful;;85567
1101874;701874;2024-03-30 15:16:35;СБП;successful;;65900
1101875;701875;2024-03-30 17:22:40;СБП;successful;;18689
1101876;701876;2024-03-30 15:38:47;ЮMoney;successful;;3330
1101877;701877;2024-03-31 16:10:01;СБП;successful;;89540
1101878;701878;2024-03-31 16:53:05;Банковская карта;successful;;2654
1101879;701879;2024-03-31 16:27:31;Банковская карта;successful;;37191
1101880;701880;2024-03-31 21:28:57;Банковская карта;successful;;17300
1101881;701881;2024-03-31 13:53:36;СБП;successful;;114550
1101882;701882;2024-03-31 14:27:27;Банковская карта;successful;;8206
1101883;701883;2024-03-31 17:51:39;СБП;successful;;73567
1101884;701884;2024-03-31 13:54:56;Банковская карта;successful;;7090
1101885;701885;2024-03-31 11:38:32;Банковская карта;successful;;3780
1101886;701886;2024-03-31 21:07:54;Банковская карта;successful;;104247
1101887;701887;2024-03-31 20:00:29;Наличными при получении;successful;;25735
1101888;701888;2024-03-31 15:55:10;СБП;successful;;26506
1101889;701889;2024-03-31 21:54:29;Наличными при получении;refunded;Заказ отменён клиентом после оплаты;7830
1101890;701890;2024-03-31 17:00:16;СБП;successful;;12057
1101891;701891;2024-03-31 21:38:24;Рассрочка;successful;;5580
1101892;701892;2024-03-31 08:50:48;СБП;successful;;28229
1101893;701893;2024-03-31 19:58:54;Банковская карта;successful;;32580
1101894;701894;2024-03-31 19:45:45;Банковская карта;successful;;7356
1101895;701895;2024-03-31 14:18:08;Банковская карта;refunded;;41217
1101896;701896;2024-03-31 14:33:08;СБП;successful;;42090
1101897;701897;2024-03-31 19:57:17;Банковская карта;successful;;18735
1101898;701898;2024-03-31 16:30:28;Наличными при получении;successful;;114057
1101899;701899;2024-03-31 14:28:22;Банковская карта;successful;;32611
1101900;701900;2024-03-31 19:12:30;Банковская карта;successful;;57080
1101901;701901;2024-03-31 18:44:10;Рассрочка;successful;;19107
1101902;701902;2024-04-01 19:32:20;Банковская карта;successful;;67040
1101903;701903;2024-04-01 20:20:44;СБП;successful;;989
1101904;701904;2024-04-01 17:02:57;Банковская карта;successful;;33401
1101905;701905;2024-04-01 20:25:42;СБП;successful;;26468
1101906;701906;2024-04-01 21:17:00;Наличными при получении;successful;;5080
1101907;701907;2024-04-01 18:18:42;Банковская карта;refunded;Заказ отменён клиентом после оплаты;18325
1101908;701908;2024-04-01 10:09:17;СБП;successful;;69990
1101909;701909;2024-04-01 12:53:54;Банковская карта;successful;;7490
1101910;701910;2024-04-01 14:32:45;Банковская карта;successful;;25028
1101911;701911;2024-04-01 18:36:51;СБП;successful;;7735
1101912;701912;2024-04-01 21:03:41;Банковская карта;successful;;35880
1101913;701913;2024-04-01 12:16:12;СБП;successful;;33926
1101914;701914;2024-04-01 13:30:18;Банковская карта;successful;;4339
1101915;701915;2024-04-01 10:30:14;Банковская карта;successful;;12081
1101916;701916;2024-04-01 12:37:37;СБП;successful;;41345
1101917;701917;2024-04-01 19:18:56;Банковская карта;successful;;51404
1101918;701918;2024-04-01 15:40:46;Банковская карта;successful;;113157
1101919;701919;2024-04-01 12:48:10;СБП;successful;;25924
1101920;701920;2024-04-01 15:24:59;СБП;successful;;140370
1101921;701921;2024-04-01 21:46:26;ЮMoney;successful;;86825
1101922;701922;2024-04-01 14:41:43;СБП;successful;;1695
1101923;701923;2024-04-01 18:59:04;Наличными при получении;successful;;29895
1101924;701924;2024-04-01 13:00:45;СБП;successful;;28880
1101925;701925;2024-04-01 23:51:31;СБП;successful;;10101
1101926;701926;2024-04-01 17:04:32;Банковская карта;successful;;90280
1101927;701927;2024-04-01 09:12:57;СБП;successful;;26240
1101928;701928;2024-04-01 19:36:44;СБП;successful;;7345
1101929;701929;2024-04-02 18:56:44;Рассрочка;failed;Недостаточно средств;73835
1101930;701930;2024-04-02 16:49:45;СБП;successful;;26361
1101931;701931;2024-04-02 09:36:23;СБП;successful;;30480
1101932;701932;2024-04-02 19:32:57;Наличными при получении;successful;;40366
1101933;701933;2024-04-02 22:45:15;ЮMoney;successful;;16824
1101934;701934;2024-04-02 15:50:05;Банковская карта;successful;;19651
1101935;701935;2024-04-02 21:11:04;Банковская карта;successful;;4580
1101936;701936;2024-04-02 17:04:19;ЮMoney;successful;;50481
1101937;701937;2024-04-02 19:25:16;Банковская карта;successful;;6657
1101938;701938;2024-04-02 20:35:55;Банковская карта;successful;;19611
1101939;701939;2024-04-02 17:28:06;СБП;successful;;46636
1101940;701940;2024-04-02 21:45:43;Банковская карта;successful;;69541
1101941;701941;2024-04-02 20:15:42;СБП;successful;;34731
1101942;701942;2024-04-02 09:06:36;Банковская карта;successful;;2421
1101943;701943;2024-04-02 19:38:03;Наличными при получении;successful;;27480
1101944;701944;2024-04-02 19:17:27;СБП;successful;;23601
1101945;701945;2024-04-02 11:05:44;Банковская карта;successful;;125090
1101946;701946;2024-04-02 13:26:16;ЮMoney;successful;;39090
1101947;701947;2024-04-02 19:43:19;СБП;successful;;11770
1101948;701948;2024-04-02 20:00:04;СБП;successful;;1251
1101949;701949;2024-04-02 18:06:17;Наличными при получении;successful;;39547
1101950;701950;2024-04-02 19:06:47;Банковская карта;successful;;63256
1101951;701951;2024-04-02 13:10:08;СБП;successful;;10791
1101952;701952;2024-04-02 15:31:16;Банковская карта;successful;;77345
1101953;701953;2024-04-02 18:10:05;Банковская карта;successful;;2220
1101954;701954;2024-04-03 20:14:01;Банковская карта;successful;;2580
1101955;701955;2024-04-03 15:27:49;СБП;successful;;11700
1101956;701956;2024-04-03 19:12:14;СБП;successful;;7040
1101957;701957;2024-04-03 13:19:20;СБП;refunded;Заказ отменён клиентом после оплаты;94189
1101958;701958;2024-04-03 12:02:56;Банковская карта;successful;;33315
1101959;701959;2024-04-03 16:31:17;Банковская карта;successful;;562
1101960;701960;2024-04-03 16:08:34;СБП;successful;;25159
1101961;701961;2024-04-03 17:15:42;Банковская карта;successful;;57080
1101962;701962;2024-04-03 14:05:08;Банковская карта;refunded;;129266
1101963;701963;2024-04-03 22:20:33;Банковская карта;successful;;2679
1101964;701964;2024-04-03 18:38:56;Банковская карта;failed;Пользователь отменил оплату;8080
1101965;701965;2024-04-03 09:58:36;Банковская карта;successful;;23615
1101966;701966;2024-04-03 18:10:18;СБП;successful;;1146
1101967;701967;2024-04-03 17:30:14;Банковская карта;successful;;2380
1101968;701968;2024-04-03 11:53:38;ЮMoney;successful;;1283
1101969;701969;2024-04-03 10:12:27;СБП;successful;;6370
1101970;701970;2024-04-03 20:11:26;Банковская карта;successful;;33567
1101971;701971;2024-04-03 19:20:49;Банковская карта;successful;;18716
1101972;701972;2024-04-03 21:23:12;ЮMoney;successful;;11701
1101973;701973;2024-04-03 11:54:54;Банковская карта;successful;;71731
1101974;701974;2024-04-03 15:36:58;СБП;successful;;66200
1101975;701975;2024-04-03 19:08:26;СБП;successful;;26181
1101976;701976;2024-04-03 22:52:30;СБП;failed;Недостаточно средств;1078
1101977;701977;2024-04-03 19:38:40;Рассрочка;successful;;19106
1101978;701978;2024-04-03 15:33:46;СБП;successful;;34045
1101979;701979;2024-04-03 17:44:36;Банковская карта;successful;;68360
1101980;701980;2024-04-03 13:18:21;Банковская карта;successful;;70606
1101981;701981;2024-04-03 16:21:58;СБП;successful;;27695
1101982;701982;2024-04-03 23:25:39;Банковская карта;successful;;35595
1101983;701983;2024-04-04 18:41:43;Банковская карта;successful;;20852
1101984;701984;2024-04-04 15:22:05;Рассрочка;successful;;38270
1101985;701985;2024-04-04 08:44:49;ЮMoney;successful;;87920
1101986;701986;2024-04-04 11:52:56;Банковская карта;successful;;7345
1101987;701987;2024-04-04 11:20:10;Рассрочка;successful;;65680
1101988;701988;2024-04-04 15:12:10;СБП;successful;;39986
1101989;701989;2024-04-04 09:22:09;СБП;refunded;;12989
1101990;701990;2024-04-04 10:50:39;СБП;successful;;21190
1101991;701991;2024-04-04 16:14:04;Банковская карта;successful;;8057
1101992;701992;2024-04-04 18:51:18;Банковская карта;successful;;25231
1101993;701993;2024-04-04 21:14:23;Наличными при получении;refunded;;2371
1101994;701994;2024-04-04 13:23:46;Банковская карта;successful;;4480
1101995;701995;2024-04-04 08:31:58;СБП;successful;;10057
1101996;701996;2024-04-04 16:49:14;СБП;successful;;66030
1101997;701997;2024-04-04 16:08:53;Банковская карта;successful;;36131
1101998;701998;2024-04-04 17:43:12;Банковская карта;successful;;55925
1101999;701999;2024-04-04 13:34:19;Банковская карта;successful;;25935
1102000;702000;2024-04-04 13:25:15;СБП;successful;;17935
1102001;702001;2024-04-04 16:42:00;Банковская карта;successful;;7990
1102002;702002;2024-04-04 12:46:54;Рассрочка;failed;Недостаточно средств;27208
1102003;702003;2024-04-04 13:00:02;Рассрочка;successful;;18440
1102004;702004;2024-04-04 13:28:54;СБП;successful;;38490
1102005;702005;2024-04-04 09:28:02;Банковская карта;successful;;16731
1102006;702006;2024-04-04 16:11:37;Банковская карта;successful;;53580
1102007;702007;2024-04-04 23:46:58;СБП;successful;;19057
1102008;702008;2024-04-04 11:30:17;Рассрочка;successful;;976
1102009;702009;2024-04-04 15:15:46;СБП;successful;;35580
1102010;702010;2024-04-05 08:53:50;Банковская карта;successful;;72980
1102011;702011;2024-04-05 23:56:46;Банковская карта;successful;;3490
1102012;702012;2024-04-05 13:18:41;Банковская карта;successful;;5880
1102013;702013;2024-04-05 13:43:09;СБП;successful;;27937
1102014;702014;2024-04-05 17:28:18;Банковская карта;refunded;Заказ отменён клиентом после оплаты;1383
1102015;702015;2024-04-05 22:20:22;СБП;successful;;114271
1102016;702016;2024-04-05 14:47:48;Наличными при получении;successful;;5116
1102017;702017;2024-04-05 22:26:55;Банковская карта;successful;;6497
1102018;702018;2024-04-05 22:55:17;Банковская карта;successful;;21929
1102019;702019;2024-04-05 20:13:31;СБП;successful;;19490
1102020;702020;2024-04-05 16:14:35;Банковская карта;successful;;43345
1102021;702021;2024-04-05 15:07:44;Банковская карта;successful;;11910
1102022;702022;2024-04-05 21:26:27;ЮMoney;successful;;24479
1102023;702023;2024-04-05 17:29:04;Банковская карта;successful;;7031
1102024;702024;2024-04-05 17:39:27;СБП;refunded;;4980
1102025;702025;2024-04-05 15:03:23;СБП;successful;;28089
1102026;702026;2024-04-06 15:40:53;Рассрочка;successful;;493
1102027;702027;2024-04-06 09:37:14;Банковская карта;successful;;4231
1102028;702028;2024-04-06 09:41:02;ЮMoney;successful;;99261
1102029;702029;2024-04-06 12:07:04;Банковская карта;successful;;26606
1102030;702030;2024-04-06 13:28:06;Наличными при получении;successful;;31421
1102031;702031;2024-04-06 15:11:09;СБП;successful;;57089
1102032;702032;2024-04-06 11:57:37;СБП;successful;;43117
1102033;702033;2024-04-06 08:32:39;СБП;successful;;68345
1102034;702034;2024-04-06 23:02:30;Банковская карта;successful;;65835
1102035;702035;2024-04-06 15:17:42;СБП;successful;;12057
1102036;702036;2024-04-06 22:38:35;Банковская карта;successful;;43990
1102037;702037;2024-04-06 16:59:41;Наличными при получении;successful;;26961
1102038;702038;2024-04-06 18:50:34;Банковская карта;successful;;20540
1102039;702039;2024-04-06 14:59:01;Банковская карта;successful;;35425
1102040;702040;2024-04-06 15:32:10;Рассрочка;failed;Недостаточно средств;39885
1102041;702041;2024-04-06 12:33:35;Банковская карта;successful;;28345
1102042;702042;2024-04-06 18:47:34;Наличными при получении;successful;;903
1102043;702043;2024-04-06 12:40:48;СБП;successful;;30066
1102044;702044;2024-04-06 19:13:30;СБП;successful;;29135
1102045;702045;2024-04-06 11:22:05;СБП;successful;;1567
1102046;702046;2024-04-06 18:32:28;Банковская карта;successful;;1036
1102047;702047;2024-04-06 08:01:56;СБП;successful;;2380
1102048;702048;2024-04-06 22:33:02;Наличными при получении;successful;;7692
1102049;702049;2024-04-06 14:01:00;Банковская карта;successful;;22326
1102050;702050;2024-04-06 20:14:36;Банковская карта;successful;;26080
1102051;702051;2024-04-07 12:47:22;Банковская карта;successful;;18345
1102052;702052;2024-04-07 12:50:19;Банковская карта;successful;;21880
1102053;702053;2024-04-07 14:19:40;Банковская карта;refunded;;4380
1102054;702054;2024-04-07 12:39:33;Банковская карта;successful;;22980
1102055;702055;2024-04-07 12:36:24;СБП;successful;;34491
1102056;702056;2024-04-07 09:40:56;Банковская карта;successful;;46581
1102057;702057;2024-04-07 17:28:42;Банковская карта;successful;;40074
1102058;702058;2024-04-07 16:06:30;Наличными при получении;refunded;;32209
1102059;702059;2024-04-07 22:11:51;СБП;successful;;64880
1102060;702060;2024-04-07 17:46:43;Банковская карта;successful;;839
1102061;702061;2024-04-07 22:06:52;СБП;successful;;8080
1102062;702062;2024-04-07 18:45:24;СБП;successful;;2990
1102063;702063;2024-04-07 08:27:09;Банковская карта;successful;;7200
1102064;702064;2024-04-07 13:51:19;СБП;failed;Недостаточно средств;2420
1102065;702065;2024-04-07 13:05:14;Банковская карта;successful;;22480
1102066;702066;2024-04-07 13:21:14;Банковская карта;successful;;1003
1102067;702067;2024-04-07 17:26:05;Банковская карта;successful;;817
1102068;702068;2024-04-07 19:00:51;Банковская карта;successful;;64161
1102069;702069;2024-04-07 23:28:03;ЮMoney;successful;;2567
1102070;702070;2024-04-07 18:17:56;Банковская карта;refunded;;7957
1102071;702071;2024-04-07 21:12:32;Банковская карта;refunded;;79431
1102072;702072;2024-04-07 15:21:13;Банковская карта;successful;;1345
1102073;702073;2024-04-07 16:44:32;Рассрочка;failed;Отклонено банком;91835
1102074;702074;2024-04-07 15:26:32;ЮMoney;successful;;41790
1102075;702075;2024-04-07 17:46:26;Банковская карта;successful;;4090
1102076;702076;2024-04-07 19:55:49;Рассрочка;successful;;41316
1102077;702077;2024-04-07 18:30:31;Банковская карта;successful;;35084
1102078;702078;2024-04-07 17:50:13;Банковская карта;successful;;6526
1102079;702079;2024-04-07 12:31:33;СБП;successful;;45157
1102080;702080;2024-04-07 16:24:47;СБП;successful;;24661
1102081;702081;2024-04-07 17:30:01;СБП;successful;;19480
1102082;702082;2024-04-08 11:51:00;Наличными при получении;successful;;30080
1102083;702083;2024-04-08 18:06:50;СБП;successful;;16535
1102084;702084;2024-04-08 19:40:05;Банковская карта;successful;;1995
1102085;702085;2024-04-08 23:10:54;Банковская карта;successful;;48686
1102086;702086;2024-04-08 12:18:13;Банковская карта;refunded;;27935
1102087;702087;2024-04-08 09:44:35;СБП;failed;Ошибка платёжного шлюза;21840
1102088;702088;2024-04-08 10:34:52;ЮMoney;failed;Недостаточно средств;4040
1102089;702089;2024-04-08 21:52:07;СБП;failed;Недостаточно средств;2319
1102090;702090;2024-04-08 23:39:05;Банковская карта;successful;;23010
1102091;702091;2024-04-08 18:25:21;Банковская карта;successful;;20090
1102092;702092;2024-04-08 21:41:34;Рассрочка;successful;;110345
1102093;702093;2024-04-08 17:11:53;Банковская карта;successful;;9937
1102094;702094;2024-04-08 22:17:39;ЮMoney;refunded;;28217
1102095;702095;2024-04-08 18:08:39;СБП;successful;;88345
1102096;702096;2024-04-08 11:36:50;СБП;successful;;37589
1102097;702097;2024-04-08 18:06:46;СБП;successful;;33789
1102098;702098;2024-04-08 18:15:04;Банковская карта;successful;;19357
1102099;702099;2024-04-08 08:54:28;СБП;successful;;21451
1102100;702100;2024-04-08 15:54:17;Банковская карта;failed;Недостаточно средств;22041
1102101;702101;2024-04-08 11:53:56;Банковская карта;successful;;22966
1102102;702102;2024-04-08 11:10:36;Банковская карта;refunded;Заказ отменён клиентом после оплаты;2634
1102103;702103;2024-04-08 16:46:50;Банковская карта;successful;;33240
1102104;702104;2024-04-08 21:33:08;СБП;successful;;31935
1102105;702105;2024-04-08 17:36:30;СБП;successful;;1480
1102106;702106;2024-04-08 18:21:18;Банковская карта;successful;;33530
1102107;702107;2024-04-08 18:54:26;Банковская карта;successful;;64680
1102108;702108;2024-04-08 14:28:19;Банковская карта;successful;;1601
1102109;702109;2024-04-08 17:05:01;СБП;successful;;34990
1102110;702110;2024-04-08 21:38:56;Банковская карта;successful;;20080
1102111;702111;2024-04-08 18:45:36;СБП;successful;;1676
1102112;702112;2024-04-08 20:25:00;Банковская карта;successful;;50990
1102113;702113;2024-04-09 22:45:12;Наличными при получении;successful;;19636
1102114;702114;2024-04-09 17:30:02;Банковская карта;successful;;17795
1102115;702115;2024-04-09 15:20:53;СБП;failed;Отклонено банком;7170
1102116;702116;2024-04-09 14:06:05;СБП;failed;Отклонено банком;28033
1102117;702117;2024-04-09 19:17:12;ЮMoney;failed;Пользователь отменил оплату;23910
1102118;702118;2024-04-09 17:33:08;Банковская карта;successful;;1134
1102119;702119;2024-04-09 19:13:21;Банковская карта;successful;;905
1102120;702120;2024-04-09 21:36:43;Банковская карта;successful;;13095
1102121;702121;2024-04-09 20:39:13;Банковская карта;failed;Недостаточно средств;31567
1102122;702122;2024-04-09 17:08:04;Банковская карта;successful;;37341
1102123;702123;2024-04-09 12:24:43;СБП;successful;;1380
1102124;702124;2024-04-09 14:41:07;Банковская карта;successful;;4900
1102125;702125;2024-04-09 12:07:32;Рассрочка;successful;;117621
1102126;702126;2024-04-09 14:11:53;СБП;successful;;35300
1102127;702127;2024-04-09 18:38:24;Банковская карта;failed;Недостаточно средств;7380
1102128;702128;2024-04-09 13:41:05;СБП;successful;;41565
1102129;702129;2024-04-09 08:44:33;Банковская карта;successful;;29010
1102130;702130;2024-04-10 19:21:01;Рассрочка;successful;;800
1102131;702131;2024-04-10 19:36:02;СБП;successful;;565
1102132;702132;2024-04-10 10:05:39;Банковская карта;failed;Ошибка платёжного шлюза;23718
1102133;702133;2024-04-10 12:32:44;СБП;successful;;42359
1102134;702134;2024-04-10 13:02:43;СБП;successful;;2090
1102135;702135;2024-04-10 17:01:21;Банковская карта;successful;;1370
1102136;702136;2024-04-10 12:00:43;Наличными при получении;successful;;29990
1102137;702137;2024-04-10 20:24:37;Банковская карта;successful;;24860
1102138;702138;2024-04-10 19:38:47;Банковская карта;successful;;31811
1102139;702139;2024-04-10 10:57:10;СБП;successful;;56388
1102140;702140;2024-04-10 09:03:58;Банковская карта;successful;;44029
1102141;702141;2024-04-10 15:05:05;Банковская карта;successful;;11479
1102142;702142;2024-04-10 11:19:21;Рассрочка;successful;;9226
1102143;702143;2024-04-10 14:25:18;Банковская карта;successful;;6222
1102144;702144;2024-04-10 09:35:07;Банковская карта;successful;;9002
1102145;702145;2024-04-10 22:20:44;Наличными при получении;refunded;Заказ отменён клиентом после оплаты;3234
1102146;702146;2024-04-10 15:51:50;СБП;successful;;73791
1102147;702147;2024-04-10 22:58:15;СБП;successful;;18917
1102148;702148;2024-04-10 10:42:46;Банковская карта;successful;;13271
1102149;702149;2024-04-10 15:40:27;СБП;refunded;;77790
1102150;702150;2024-04-10 17:02:17;Наличными при получении;successful;;3981
1102151;702151;2024-04-10 20:38:53;Наличными при получении;successful;;14240
1102152;702152;2024-04-10 16:22:54;СБП;successful;;46885
1102153;702153;2024-04-10 23:54:48;Наличными при получении;successful;;67142
1102154;702154;2024-04-11 16:44:48;Банковская карта;successful;;50841
1102155;702155;2024-04-11 21:54:45;Наличными при получении;successful;;111567
1102156;702156;2024-04-11 16:57:46;Банковская карта;successful;;118194
1102157;702157;2024-04-11 08:17:56;СБП;successful;;38735
1102158;702158;2024-04-11 15:52:28;Банковская карта;successful;;84567
1102159;702159;2024-04-11 12:51:43;СБП;successful;;67901
1102160;702160;2024-04-11 23:45:58;Банковская карта;successful;;27721
1102161;702161;2024-04-11 20:28:25;Рассрочка;successful;;2329
1102162;702162;2024-04-11 18:05:19;Рассрочка;successful;;35680
1102163;702163;2024-04-11 17:38:01;СБП;failed;Ошибка платёжного шлюза;2415
1102164;702164;2024-04-11 19:47:06;Банковская карта;successful;;105989
1102165;702165;2024-04-11 18:02:34;Банковская карта;refunded;Заказ отменён клиентом после оплаты;35835
1102166;702166;2024-04-11 19:28:10;СБП;successful;;68380
1102167;702167;2024-04-11 11:00:34;СБП;successful;;1494
1102168;702168;2024-04-11 13:20:49;Банковская карта;successful;;100090
1102169;702169;2024-04-11 20:24:10;СБП;successful;;91080
1102170;702170;2024-04-11 18:32:13;Банковская карта;successful;;18995
1102171;702171;2024-04-11 23:13:04;Банковская карта;successful;;75567
1102172;702172;2024-04-11 21:59:15;Наличными при получении;successful;;4790
1102173;702173;2024-04-12 16:30:13;СБП;successful;;127490
1102174;702174;2024-04-12 12:12:53;Банковская карта;successful;;3580
1102175;702175;2024-04-12 17:00:51;Банковская карта;successful;;18906
1102176;702176;2024-04-12 17:43:57;Рассрочка;successful;;122695
1102177;702177;2024-04-12 13:57:18;СБП;successful;;12567
1102178;702178;2024-04-12 16:11:55;СБП;successful;;1345
1102179;702179;2024-04-12 17:21:22;Банковская карта;successful;;19240
1102180;702180;2024-04-12 13:08:40;Рассрочка;successful;;82280
1102181;702181;2024-04-12 11:11:03;СБП;successful;;1184
1102182;702182;2024-04-12 12:37:38;Банковская карта;successful;;9291
1102183;702183;2024-04-12 15:11:27;Банковская карта;refunded;Заказ отменён клиентом после оплаты;75057
1102184;702184;2024-04-12 14:24:22;СБП;successful;;34632
1102185;702185;2024-04-12 10:07:03;Рассрочка;successful;;42417
1102186;702186;2024-04-12 18:40:35;Банковская карта;failed;Недостаточно средств;14090
1102187;702187;2024-04-12 19:51:47;СБП;successful;;8157
1102188;702188;2024-04-12 18:09:18;СБП;successful;;106670
1102189;702189;2024-04-12 16:31:02;Наличными при получении;successful;;37040
1102190;702190;2024-04-12 10:10:37;Банковская карта;successful;;1271
1102191;702191;2024-04-12 17:27:19;Банковская карта;refunded;Заказ отменён клиентом после оплаты;7157
1102192;702192;2024-04-12 14:16:16;СБП;refunded;;106795
1102193;702193;2024-04-12 21:10:42;СБП;successful;;37480
1102194;702194;2024-04-12 13:14:38;Банковская карта;successful;;25480
1102195;702195;2024-04-13 17:23:35;СБП;successful;;1375
1102196;702196;2024-04-13 17:18:16;Наличными при получении;successful;;892
1102197;702197;2024-04-13 16:18:34;Банковская карта;successful;;5380
1102198;702198;2024-04-13 21:25:15;Банковская карта;successful;;52387
1102199;702199;2024-04-13 19:22:18;Банковская карта;successful;;4051
1102200;702200;2024-04-13 19:10:06;ЮMoney;refunded;Заказ отменён клиентом после оплаты;35957
1102201;702201;2024-04-13 12:11:51;Банковская карта;successful;;150370
1102202;702202;2024-04-13 19:07:26;Банковская карта;successful;;40681
1102203;702203;2024-04-13 19:57:39;Банковская карта;successful;;1626
1102204;702204;2024-04-13 11:38:37;Банковская карта;refunded;Заказ отменён клиентом после оплаты;21790
1102205;702205;2024-04-13 13:33:55;Банковская карта;successful;;27380
1102206;702206;2024-04-13 08:54:24;Банковская карта;successful;;11486
1102207;702207;2024-04-13 18:34:40;Банковская карта;successful;;8580
1102208;702208;2024-04-13 14:24:23;Банковская карта;successful;;16271
1102209;702209;2024-04-13 16:54:41;Банковская карта;successful;;38660
1102210;702210;2024-04-13 14:13:49;Банковская карта;successful;;7421
1102211;702211;2024-04-13 17:30:40;ЮMoney;successful;;30606
1102212;702212;2024-04-13 15:08:00;Банковская карта;successful;;42490
1102213;702213;2024-04-13 20:35:45;Наличными при получении;successful;;20000
1102214;702214;2024-04-13 22:02:44;Банковская карта;successful;;84157
1102215;702215;2024-04-13 16:14:38;Банковская карта;successful;;34590
1102216;702216;2024-04-13 12:32:15;СБП;successful;;43480
1102217;702217;2024-04-13 23:40:48;Банковская карта;successful;;2877
1102218;702218;2024-04-13 09:45:34;Наличными при получении;successful;;16511
1102219;702219;2024-04-13 18:10:42;СБП;successful;;68990
1102220;702220;2024-04-13 22:59:49;Банковская карта;failed;Отклонено банком;32634
1102221;702221;2024-04-13 14:05:43;Банковская карта;successful;;4705
1102222;702222;2024-04-13 18:09:36;СБП;successful;;14240
1102223;702223;2024-04-13 14:19:55;Банковская карта;successful;;1090
1102224;702224;2024-04-13 18:20:32;Банковская карта;successful;;67440
1102225;702225;2024-04-13 10:35:27;Банковская карта;successful;;29108
1102226;702226;2024-04-13 19:25:15;Банковская карта;successful;;33790
1102227;702227;2024-04-13 19:53:31;СБП;successful;;16641
1102228;702228;2024-04-13 21:33:12;Банковская карта;successful;;64935
1102229;702229;2024-04-14 15:33:01;Банковская карта;successful;;13780
1102230;702230;2024-04-14 19:57:01;Банковская карта;successful;;32386
1102231;702231;2024-04-14 11:26:35;Банковская карта;successful;;33805
1102232;702232;2024-04-14 20:25:01;Банковская карта;successful;;56735
1102233;702233;2024-04-14 14:27:30;Банковская карта;successful;;49490
1102234;702234;2024-04-14 12:17:43;Банковская карта;successful;;36850
1102235;702235;2024-04-14 10:37:29;Банковская карта;failed;Недостаточно средств;35880
1102236;702236;2024-04-14 15:45:44;Рассрочка;successful;;41563
1102237;702237;2024-04-14 17:41:01;Банковская карта;successful;;20138
1102238;702238;2024-04-14 18:22:48;ЮMoney;successful;;19990
1102239;702239;2024-04-14 22:43:16;Банковская карта;successful;;41551
1102240;702240;2024-04-14 16:21:16;Банковская карта;successful;;21935
1102241;702241;2024-04-14 15:19:27;СБП;successful;;73070
1102242;702242;2024-04-14 14:03:32;Банковская карта;successful;;42567
1102243;702243;2024-04-14 18:00:01;Наличными при получении;refunded;Заказ отменён клиентом после оплаты;3591
1102244;702244;2024-04-14 17:43:24;Банковская карта;successful;;44071
1102245;702245;2024-04-14 14:54:44;Банковская карта;successful;;16032
1102246;702246;2024-04-14 22:36:08;Банковская карта;refunded;;108345
1102247;702247;2024-04-14 12:14:53;Банковская карта;successful;;27725
1102248;702248;2024-04-14 15:47:23;Банковская карта;successful;;1935
1102249;702249;2024-04-14 12:01:11;СБП;successful;;3790
1102250;702250;2024-04-15 15:52:35;Банковская карта;successful;;64935
1102251;702251;2024-04-15 09:12:12;Банковская карта;successful;;17817
1102252;702252;2024-04-15 18:38:41;Наличными при получении;successful;;44959
1102253;702253;2024-04-15 11:27:36;СБП;successful;;100490
1102254;702254;2024-04-15 20:58:43;СБП;successful;;128980
1102255;702255;2024-04-15 20:28:20;Банковская карта;successful;;17935
1102256;702256;2024-04-15 18:00:23;СБП;successful;;37702
1102257;702257;2024-04-15 19:47:32;СБП;successful;;35062
1102258;702258;2024-04-15 19:46:39;СБП;failed;Недостаточно средств;83895
1102259;702259;2024-04-15 17:09:10;Банковская карта;successful;;10200
1102260;702260;2024-04-15 19:16:42;Банковская карта;successful;;5380
1102261;702261;2024-04-15 11:44:40;Банковская карта;successful;;33691
1102262;702262;2024-04-15 16:43:41;СБП;successful;;66497
1102263;702263;2024-04-15 13:04:16;СБП;refunded;;20935
1102264;702264;2024-04-15 19:41:45;СБП;successful;;2394
1102265;702265;2024-04-15 08:51:26;Банковская карта;refunded;;2440
1102266;702266;2024-04-15 13:38:12;Банковская карта;successful;;2905
1102267;702267;2024-04-15 11:25:21;ЮMoney;successful;;64835
1102268;702268;2024-04-15 15:55:25;Банковская карта;failed;Недостаточно средств;57650
1102269;702269;2024-04-15 16:19:50;Банковская карта;successful;;11744
1102270;702270;2024-04-15 19:00:17;Наличными при получении;successful;;2126
1102271;702271;2024-04-15 19:10:42;Банковская карта;successful;;21991
1102272;702272;2024-04-15 13:16:15;Банковская карта;successful;;68879
1102273;702273;2024-04-15 16:49:27;ЮMoney;successful;;93084
1102274;702274;2024-04-15 22:44:05;Банковская карта;successful;;18345
1102275;702275;2024-04-15 18:01:19;СБП;successful;;43156
1102276;702276;2024-04-16 23:00:38;Рассрочка;failed;Недостаточно средств;1567
1102277;702277;2024-04-16 10:52:59;СБП;refunded;;50881
1102278;702278;2024-04-16 21:06:15;Наличными при получении;successful;;41040
1102279;702279;2024-04-16 09:19:23;СБП;successful;;1600
1102280;702280;2024-04-16 18:36:57;СБП;successful;;82790
1102281;702281;2024-04-16 19:57:02;Наличными при получении;successful;;12895
1102282;702282;2024-04-16 13:47:35;Наличными при получении;successful;;1780
1102283;702283;2024-04-16 10:06:49;СБП;failed;Ошибка платёжного шлюза;23481
1102284;702284;2024-04-16 17:58:38;Банковская карта;successful;;1541
1102285;702285;2024-04-16 14:11:16;СБП;successful;;16236
1102286;702286;2024-04-16 22:52:24;Наличными при получении;successful;;18440
1102287;702287;2024-04-16 17:38:52;Наличными при получении;successful;;31150
1102288;702288;2024-04-16 14:54:21;СБП;successful;;57917
1102289;702289;2024-04-16 16:56:45;Банковская карта;successful;;33831
1102290;702290;2024-04-16 13:24:57;Банковская карта;successful;;19695
1102291;702291;2024-04-16 19:36:03;Наличными при получении;successful;;28980
1102292;702292;2024-04-16 13:34:06;Банковская карта;successful;;5239
1102293;702293;2024-04-16 17:01:17;Банковская карта;successful;;71567
1102294;702294;2024-04-16 13:28:29;Наличными при получении;failed;Ошибка платёжного шлюза;7539
1102295;702295;2024-04-16 21:21:58;СБП;successful;;15247
1102296;702296;2024-04-16 13:33:44;Банковская карта;successful;;113990
1102297;702297;2024-04-16 22:46:04;Банковская карта;successful;;66146
1102298;702298;2024-04-17 21:33:23;Банковская карта;successful;;65345
1102299;702299;2024-04-17 23:16:13;Банковская карта;successful;;1935
1102300;702300;2024-04-17 20:04:03;СБП;successful;;2511
1102301;702301;2024-04-17 17:05:25;Наличными при получении;successful;;9280
1102302;702302;2024-04-17 09:41:43;Банковская карта;successful;;27980
1102303;702303;2024-04-17 14:44:00;ЮMoney;failed;Пользователь отменил оплату;6990
1102304;702304;2024-04-17 12:38:54;Банковская карта;failed;Отклонено банком;26771
1102305;702305;2024-04-17 12:10:15;Банковская карта;successful;;26361
1102306;702306;2024-04-17 20:41:33;Банковская карта;successful;;65733
1102307;702307;2024-04-17 09:11:00;Банковская карта;successful;;23674
1102308;702308;2024-04-17 10:17:13;Банковская карта;successful;;86085
1102309;702309;2024-04-17 11:20:13;СБП;successful;;33224
1102310;702310;2024-04-17 16:43:34;Банковская карта;successful;;1930
1102311;702311;2024-04-17 12:47:41;Банковская карта;successful;;15810
1102312;702312;2024-04-17 14:43:52;Банковская карта;successful;;12961
1102313;702313;2024-04-17 10:52:25;ЮMoney;successful;;1229
1102314;702314;2024-04-17 18:51:30;Банковская карта;successful;;13840
1102315;702315;2024-04-17 22:13:04;Банковская карта;successful;;2290
1102316;702316;2024-04-17 16:51:20;Банковская карта;successful;;21257
1102317;702317;2024-04-17 16:08:58;СБП;successful;;2957
1102318;702318;2024-04-17 18:31:19;СБП;successful;;9680
1102319;702319;2024-04-17 12:17:24;ЮMoney;successful;;11370
1102320;702320;2024-04-17 13:29:37;Банковская карта;successful;;62555
1102321;702321;2024-04-18 18:45:08;СБП;failed;Ошибка платёжного шлюза;181642
1102322;702322;2024-04-18 18:19:19;Банковская карта;successful;;11840
1102323;702323;2024-04-18 09:59:33;Банковская карта;successful;;4870
1102324;702324;2024-04-18 14:02:13;Банковская карта;successful;;2010
1102325;702325;2024-04-18 21:24:36;Банковская карта;successful;;71480
1102326;702326;2024-04-18 09:57:56;Рассрочка;successful;;6276
1102327;702327;2024-04-18 11:21:58;ЮMoney;successful;;51696
1102328;702328;2024-04-18 21:42:02;Банковская карта;successful;;9980
1102329;702329;2024-04-18 15:12:15;ЮMoney;successful;;41320
1102330;702330;2024-04-18 17:17:20;Банковская карта;successful;;26496
1102331;702331;2024-04-18 20:59:44;СБП;successful;;33741
1102332;702332;2024-04-18 17:50:13;Банковская карта;successful;;34090
1102333;702333;2024-04-18 20:11:02;Банковская карта;successful;;49050
1102334;702334;2024-04-18 12:52:12;СБП;successful;;6880
1102335;702335;2024-04-18 22:48:45;СБП;refunded;Заказ отменён клиентом после оплаты;1138
1102336;702336;2024-04-18 13:23:47;Банковская карта;successful;;19547
1102337;702337;2024-04-18 11:47:21;СБП;successful;;2380
1102338;702338;2024-04-18 13:03:42;ЮMoney;successful;;97511
1102339;702339;2024-04-18 16:31:46;ЮMoney;successful;;1995
1102340;702340;2024-04-18 22:52:51;Наличными при получении;successful;;15157
1102341;702341;2024-04-18 18:04:08;Банковская карта;successful;;26951
1102342;702342;2024-04-18 08:08:42;Банковская карта;successful;;36579
1102343;702343;2024-04-18 15:30:07;Наличными при получении;successful;;1635
1102344;702344;2024-04-18 19:07:17;Наличными при получении;successful;;2880
1102345;702345;2024-04-19 13:00:00;СБП;successful;;79577
1102346;702346;2024-04-19 18:51:49;СБП;successful;;42091
1102347;702347;2024-04-19 09:25:48;Банковская карта;failed;Пользователь отменил оплату;53780
1102348;702348;2024-04-19 14:54:51;Рассрочка;successful;;12240
1102349;702349;2024-04-19 15:18:27;СБП;successful;;1131
1102350;702350;2024-04-19 22:27:08;СБП;successful;;58491
1102351;702351;2024-04-19 20:06:49;СБП;successful;;1187
1102352;702352;2024-04-19 15:35:12;Банковская карта;successful;;19079
1102353;702353;2024-04-19 12:05:20;Наличными при получении;successful;;44657
1102354;702354;2024-04-19 15:22:47;СБП;successful;;40220
1102355;702355;2024-04-19 20:27:52;СБП;refunded;Заказ отменён клиентом после оплаты;12585
1102356;702356;2024-04-19 14:37:16;СБП;successful;;33318
1102357;702357;2024-04-19 16:15:02;СБП;successful;;30671
1102358;702358;2024-04-19 08:09:10;Наличными при получении;failed;Отклонено банком;37790
1102359;702359;2024-04-19 19:46:24;Рассрочка;successful;;68939
1102360;702360;2024-04-19 15:51:13;Наличными при получении;successful;;28980
1102361;702361;2024-04-19 15:52:57;Рассрочка;successful;;65090
1102362;702362;2024-04-19 13:46:40;Наличными при получении;successful;;40480
1102363;702363;2024-04-19 19:24:45;Банковская карта;successful;;39795
1102364;702364;2024-04-19 13:59:56;СБП;successful;;4442
1102365;702365;2024-04-19 15:00:06;Банковская карта;successful;;62590
1102366;702366;2024-04-19 21:28:19;СБП;successful;;112657
1102367;702367;2024-04-19 13:21:38;Банковская карта;successful;;41797
1102368;702368;2024-04-19 14:13:17;Банковская карта;successful;;1735
1102369;702369;2024-04-19 16:49:16;СБП;successful;;10345
1102370;702370;2024-04-19 10:58:38;Банковская карта;successful;;36345
1102371;702371;2024-04-20 17:03:28;Банковская карта;successful;;42345
1102372;702372;2024-04-20 20:43:34;Банковская карта;successful;;49681
1102373;702373;2024-04-20 18:26:52;Банковская карта;successful;;25026
1102374;702374;2024-04-20 16:54:21;Банковская карта;failed;Отклонено банком;1073
1102375;702375;2024-04-20 17:32:30;СБП;successful;;25139
1102376;702376;2024-04-20 21:50:19;СБП;successful;;61710
1102377;702377;2024-04-20 18:24:34;СБП;successful;;57580
1102378;702378;2024-04-20 16:07:22;Банковская карта;successful;;85816
1102379;702379;2024-04-20 16:59:30;Банковская карта;successful;;8093
1102380;702380;2024-04-20 13:38:36;Рассрочка;failed;Недостаточно средств;65080
1102381;702381;2024-04-20 10:16:44;Банковская карта;successful;;16281
1102382;702382;2024-04-20 14:56:49;СБП;successful;;19880
1102383;702383;2024-04-20 14:12:21;Банковская карта;successful;;3890
1102384;702384;2024-04-20 22:40:59;СБП;successful;;30510
1102385;702385;2024-04-20 13:06:45;Рассрочка;successful;;18794
1102386;702386;2024-04-20 18:12:33;Банковская карта;successful;;7579
1102387;702387;2024-04-20 21:47:29;Банковская карта;successful;;6771
1102388;702388;2024-04-20 14:45:05;СБП;refunded;Заказ отменён клиентом после оплаты;38580
1102389;702389;2024-04-20 17:09:45;СБП;successful;;24806
1102390;702390;2024-04-20 14:45:56;СБП;successful;;20090
1102391;702391;2024-04-20 15:38:45;Банковская карта;successful;;26345
1102392;702392;2024-04-20 18:30:33;СБП;successful;;10370
1102393;702393;2024-04-20 19:58:43;СБП;successful;;1779
1102394;702394;2024-04-20 17:34:19;Банковская карта;successful;;18910
1102395;702395;2024-04-20 16:40:15;СБП;successful;;21591
1102396;702396;2024-04-20 10:37:19;Банковская карта;successful;;1277
1102397;702397;2024-04-20 16:34:56;СБП;successful;;125456
1102398;702398;2024-04-21 20:21:14;СБП;successful;;69567
1102399;702399;2024-04-21 14:34:06;Рассрочка;successful;;66653
1102400;702400;2024-04-21 13:03:47;СБП;failed;Ошибка платёжного шлюза;54236
1102401;702401;2024-04-21 11:53:25;Банковская карта;successful;;11595
1102402;702402;2024-04-21 08:08:36;Банковская карта;successful;;1626
1102403;702403;2024-04-21 19:11:07;Рассрочка;successful;;34680
1102404;702404;2024-04-21 20:53:33;Банковская карта;successful;;9755
1102405;702405;2024-04-21 18:42:09;СБП;successful;;37990
1102406;702406;2024-04-21 22:51:09;Банковская карта;successful;;9280
1102407;702407;2024-04-21 16:53:36;Банковская карта;successful;;27680
1102408;702408;2024-04-21 10:27:51;СБП;successful;;18490
1102409;702409;2024-04-21 09:41:05;Рассрочка;successful;;46440
1102410;702410;2024-04-21 20:59:21;Банковская карта;successful;;6036
1102411;702411;2024-04-21 14:25:46;СБП;successful;;40615
1102412;702412;2024-04-21 20:57:35;Рассрочка;successful;;73701
1102413;702413;2024-04-21 13:38:11;ЮMoney;successful;;6978
1102414;702414;2024-04-21 10:46:08;Банковская карта;successful;;38490
1102415;702415;2024-04-21 22:03:35;Наличными при получении;successful;;25418
1102416;702416;2024-04-21 10:37:12;Банковская карта;refunded;;5834
1102417;702417;2024-04-21 19:37:43;Банковская карта;successful;;64880
1102418;702418;2024-04-21 10:13:04;СБП;successful;;16717
1102419;702419;2024-04-21 09:32:52;Банковская карта;successful;;3090
1102420;702420;2024-04-21 16:30:02;Наличными при получении;failed;Ошибка платёжного шлюза;57090
1102421;702421;2024-04-21 16:33:40;Банковская карта;successful;;94920
1102422;702422;2024-04-21 22:19:13;Банковская карта;successful;;25791
1102423;702423;2024-04-21 18:49:48;Рассрочка;successful;;2275
1102424;702424;2024-04-21 15:13:55;СБП;successful;;7157
1102425;702425;2024-04-21 16:09:21;СБП;successful;;36361
1102426;702426;2024-04-21 15:38:23;Банковская карта;refunded;;18490
1102427;702427;2024-04-21 23:46:34;СБП;successful;;7681
1102428;702428;2024-04-22 20:38:46;ЮMoney;successful;;21157
1102429;702429;2024-04-22 18:57:00;Рассрочка;successful;;3477
1102430;702430;2024-04-22 22:00:49;Банковская карта;refunded;;34507
1102431;702431;2024-04-22 11:23:31;Банковская карта;successful;;19174
1102432;702432;2024-04-22 13:17:19;ЮMoney;successful;;72861
1102433;702433;2024-04-22 22:32:15;Наличными при получении;successful;;1237
1102434;702434;2024-04-22 14:51:29;СБП;successful;;28380
1102435;702435;2024-04-22 15:23:50;ЮMoney;successful;;42156
1102436;702436;2024-04-22 22:09:24;Банковская карта;successful;;24949
1102437;702437;2024-04-22 12:38:46;СБП;successful;;1126
1102438;702438;2024-04-22 18:02:42;Наличными при получении;successful;;24078
1102439;702439;2024-04-22 09:07:01;СБП;successful;;102950
1102440;702440;2024-04-22 16:01:58;Наличными при получении;successful;;100611
1102441;702441;2024-04-22 22:41:34;СБП;refunded;;4656
1102442;702442;2024-04-22 22:48:00;Банковская карта;successful;;7090
1102443;702443;2024-04-22 17:35:56;Наличными при получении;failed;Отклонено банком;89776
1102444;702444;2024-04-22 14:23:02;СБП;successful;;18957
1102445;702445;2024-04-22 20:21:13;Рассрочка;failed;Ошибка платёжного шлюза;23718
1102446;702446;2024-04-22 21:00:48;Банковская карта;successful;;3600
1102447;702447;2024-04-22 18:05:20;Рассрочка;successful;;26740
1102448;702448;2024-04-22 21:03:46;Наличными при получении;successful;;27870
1102449;702449;2024-04-22 19:04:25;СБП;successful;;125795
1102450;702450;2024-04-22 22:17:31;Банковская карта;successful;;55990
1102451;702451;2024-04-22 17:15:34;СБП;failed;Недостаточно средств;86053
1102452;702452;2024-04-22 18:04:48;Банковская карта;successful;;88735
1102453;702453;2024-04-22 16:54:22;Рассрочка;successful;;38917
1102454;702454;2024-04-22 16:44:56;Наличными при получении;successful;;39345
1102455;702455;2024-04-22 10:32:27;СБП;successful;;4170
1102456;702456;2024-04-23 14:37:39;Банковская карта;successful;;12680
1102457;702457;2024-04-23 10:48:21;Наличными при получении;successful;;52051
1102458;702458;2024-04-23 17:19:04;Банковская карта;successful;;25756
1102459;702459;2024-04-23 22:12:54;Банковская карта;successful;;41175
1102460;702460;2024-04-23 14:19:05;Банковская карта;failed;Пользователь отменил оплату;2140
1102461;702461;2024-04-23 16:33:12;Банковская карта;successful;;2290
1102462;702462;2024-04-23 14:41:35;СБП;successful;;21711
1102463;702463;2024-04-23 17:20:21;Наличными при получении;successful;;16821
1102464;702464;2024-04-23 16:36:58;Банковская карта;successful;;32356
1102465;702465;2024-04-23 23:43:34;СБП;successful;;3426
1102466;702466;2024-04-23 21:17:45;СБП;successful;;70766
1102467;702467;2024-04-23 15:42:29;Банковская карта;successful;;8091
1102468;702468;2024-04-23 10:14:44;Банковская карта;refunded;Заказ отменён клиентом после оплаты;38790
1102469;702469;2024-04-23 10:05:24;СБП;successful;;56280
1102470;702470;2024-04-23 17:04:37;СБП;successful;;798
1102471;702471;2024-04-23 21:00:37;СБП;successful;;79790
1102472;702472;2024-04-23 16:43:32;СБП;successful;;55086
1102473;702473;2024-04-23 18:18:42;Банковская карта;successful;;76580
1102474;702474;2024-04-23 17:08:19;СБП;successful;;27066
1102475;702475;2024-04-23 19:59:10;Банковская карта;successful;;58729
1102476;702476;2024-04-23 15:18:58;Рассрочка;successful;;42290
1102477;702477;2024-04-23 16:16:25;Банковская карта;successful;;38080
1102478;702478;2024-04-23 20:41:35;Рассрочка;successful;;58208
1102479;702479;2024-04-23 21:40:44;СБП;successful;;39201
1102480;702480;2024-04-23 12:48:46;Рассрочка;failed;Пользователь отменил оплату;12150
1102481;702481;2024-04-23 22:09:01;СБП;successful;;2220
1102482;702482;2024-04-23 09:21:13;Банковская карта;failed;Отклонено банком;37785
1102483;702483;2024-04-24 18:04:50;Банковская карта;successful;;51257
1102484;702484;2024-04-24 21:38:06;Банковская карта;successful;;104366
1102485;702485;2024-04-24 23:40:56;Наличными при получении;failed;Недостаточно средств;3214
1102486;702486;2024-04-24 22:34:15;Банковская карта;failed;Недостаточно средств;41257
1102487;702487;2024-04-24 15:47:18;Рассрочка;successful;;26421
1102488;702488;2024-04-24 14:38:28;СБП;successful;;3679
1102489;702489;2024-04-24 19:53:27;Наличными при получении;refunded;;147573
1102490;702490;2024-04-24 13:13:47;Банковская карта;successful;;64790
1102491;702491;2024-04-24 13:03:37;СБП;successful;;38970
1102492;702492;2024-04-24 15:30:18;Банковская карта;refunded;Заказ отменён клиентом после оплаты;39345
1102493;702493;2024-04-24 12:57:17;СБП;successful;;7735
1102494;702494;2024-04-24 18:38:32;Наличными при получении;failed;Отклонено банком;38180
1102495;702495;2024-04-24 16:23:24;Банковская карта;successful;;1371
1102496;702496;2024-04-24 11:38:04;Банковская карта;successful;;76981
1102497;702497;2024-04-24 13:21:05;Банковская карта;successful;;44880
1102498;702498;2024-04-24 10:12:46;Рассрочка;successful;;2680
1102499;702499;2024-04-24 22:52:50;Наличными при получении;failed;Ошибка платёжного шлюза;105521
1102500;702500;2024-04-24 10:46:22;Наличными при получении;successful;;90641
1102501;702501;2024-04-24 13:51:42;Рассрочка;failed;Отклонено банком;79990
1102502;702502;2024-04-24 23:03:21;Банковская карта;successful;;43480
1102503;702503;2024-04-25 12:14:48;Банковская карта;successful;;35500
1102504;702504;2024-04-25 09:40:42;Банковская карта;successful;;558
1102505;702505;2024-04-25 11:57:42;СБП;successful;;43790
1102506;702506;2024-04-25 18:38:56;ЮMoney;successful;;45196
1102507;702507;2024-04-25 11:02:29;СБП;failed;Пользователь отменил оплату;1980
1102508;702508;2024-04-25 15:57:03;Банковская карта;successful;;717
1102509;702509;2024-04-25 20:35:49;Банковская карта;successful;;2580
1102510;702510;2024-04-25 16:24:16;СБП;successful;;38935
1102511;702511;2024-04-25 15:10:19;Банковская карта;successful;;2090
1102512;702512;2024-04-25 20:29:20;СБП;successful;;2376
1102513;702513;2024-04-25 15:27:48;Рассрочка;refunded;;40490
1102514;702514;2024-04-25 11:16:58;Наличными при получении;failed;Отклонено банком;77980
1102515;702515;2024-04-25 22:05:17;Банковская карта;successful;;39087
1102516;702516;2024-04-25 20:07:29;Банковская карта;successful;;1880
1102517;702517;2024-04-25 19:47:39;Рассрочка;successful;;23476
1102518;702518;2024-04-25 12:15:07;СБП;successful;;42272
1102519;702519;2024-04-25 17:49:30;СБП;successful;;2567
1102520;702520;2024-04-25 15:08:24;Рассрочка;successful;;1416
1102521;702521;2024-04-25 16:36:42;Наличными при получении;successful;;42688
1102522;702522;2024-04-25 14:26:38;Банковская карта;successful;;6017
1102523;702523;2024-04-25 13:43:57;Банковская карта;successful;;1930
1102524;702524;2024-04-25 12:12:46;Рассрочка;successful;;5041
1102525;702525;2024-04-25 12:30:44;Наличными при получении;refunded;Заказ отменён клиентом после оплаты;41640
1102526;702526;2024-04-25 16:38:11;Рассрочка;successful;;660
1102527;702527;2024-04-26 13:38:55;СБП;successful;;72490
1102528;702528;2024-04-26 18:31:55;ЮMoney;successful;;1248
1102529;702529;2024-04-26 09:35:56;СБП;successful;;42870
1102530;702530;2024-04-26 14:56:21;Банковская карта;successful;;2141
1102531;702531;2024-04-26 15:13:56;Банковская карта;successful;;24480
1102532;702532;2024-04-26 20:09:41;СБП;successful;;35256
1102533;702533;2024-04-26 15:05:23;Наличными при получении;successful;;1955
1102534;702534;2024-04-26 10:54:10;СБП;successful;;1076
1102535;702535;2024-04-26 20:30:22;Банковская карта;successful;;78490
1102536;702536;2024-04-26 16:10:06;ЮMoney;refunded;;67318
1102537;702537;2024-04-26 21:51:16;СБП;successful;;65465
1102538;702538;2024-04-26 09:39:13;СБП;successful;;7567
1102539;702539;2024-04-26 10:56:18;Банковская карта;successful;;1093
1102540;702540;2024-04-26 10:57:53;Рассрочка;successful;;1274
1102541;702541;2024-04-26 20:22:21;Банковская карта;successful;;13240
1102542;702542;2024-04-26 23:13:20;Банковская карта;successful;;32790
1102543;702543;2024-04-26 19:44:36;СБП;successful;;14145
1102544;702544;2024-04-26 19:52:07;Наличными при получении;successful;;14980
1102545;702545;2024-04-26 21:41:51;СБП;successful;;80017
1102546;702546;2024-04-26 15:03:56;Наличными при получении;successful;;69702
1102547;702547;2024-04-26 17:32:01;Банковская карта;successful;;12640
1102548;702548;2024-04-26 16:23:10;Рассрочка;successful;;27926
1102549;702549;2024-04-27 14:14:32;Рассрочка;successful;;806
1102550;702550;2024-04-27 21:57:25;Банковская карта;failed;Пользователь отменил оплату;1314
1102551;702551;2024-04-27 19:21:21;Банковская карта;failed;Недостаточно средств;2480
1102552;702552;2024-04-27 20:00:46;Банковская карта;successful;;56567
1102553;702553;2024-04-27 23:29:06;СБП;successful;;1790
1102554;702554;2024-04-27 18:12:39;Рассрочка;successful;;85860
1102555;702555;2024-04-27 18:41:20;СБП;successful;;19480
1102556;702556;2024-04-27 17:24:24;Банковская карта;successful;;3790
1102557;702557;2024-04-27 17:28:52;Банковская карта;successful;;73090
1102558;702558;2024-04-27 19:43:55;СБП;successful;;2345
1102559;702559;2024-04-27 21:15:34;Наличными при получении;failed;Отклонено банком;34580
1102560;702560;2024-04-27 17:15:32;СБП;refunded;;27489
1102561;702561;2024-04-27 23:03:03;Банковская карта;successful;;1810
1102562;702562;2024-04-27 17:00:17;СБП;successful;;36585
1102563;702563;2024-04-27 18:48:30;СБП;failed;Ошибка платёжного шлюза;40117
1102564;702564;2024-04-27 11:01:27;Банковская карта;successful;;19090
1102565;702565;2024-04-27 17:47:17;Рассрочка;successful;;105916
1102566;702566;2024-04-27 15:09:04;СБП;successful;;49030
1102567;702567;2024-04-27 23:09:53;Наличными при получении;successful;;103139
1102568;702568;2024-04-27 17:46:59;Банковская карта;successful;;27465
1102569;702569;2024-04-27 19:07:45;Банковская карта;successful;;21680
1102570;702570;2024-04-27 18:41:07;СБП;successful;;5180
1102571;702571;2024-04-27 14:37:28;Банковская карта;successful;;64090
1102572;702572;2024-04-27 21:46:34;СБП;successful;;78668
1102573;702573;2024-04-27 14:42:22;Банковская карта;successful;;104415
1102574;702574;2024-04-27 11:30:50;СБП;successful;;569
1102575;702575;2024-04-27 12:27:48;Банковская карта;successful;;10425
1102576;702576;2024-04-27 15:59:41;Наличными при получении;successful;;23880
1102577;702577;2024-04-27 11:58:36;СБП;refunded;;25580
1102578;702578;2024-04-27 12:08:02;Наличными при получении;successful;;18420
1102579;702579;2024-04-27 21:31:26;ЮMoney;successful;;16710
1102580;702580;2024-04-27 19:50:42;Банковская карта;successful;;1258
1102581;702581;2024-04-28 11:40:26;ЮMoney;successful;;1366
1102582;702582;2024-04-28 21:46:48;Банковская карта;successful;;1735
1102583;702583;2024-04-28 19:40:45;ЮMoney;successful;;26705
1102584;702584;2024-04-28 17:25:04;Рассрочка;successful;;1567
1102585;702585;2024-04-28 22:59:01;Банковская карта;successful;;27990
1102586;702586;2024-04-28 15:00:30;Банковская карта;successful;;34260
1102587;702587;2024-04-28 19:46:48;СБП;failed;Отклонено банком;1225
1102588;702588;2024-04-28 15:55:41;Наличными при получении;successful;;24790
1102589;702589;2024-04-28 12:40:14;Наличными при получении;refunded;Заказ отменён клиентом после оплаты;65990
1102590;702590;2024-04-28 14:36:31;Банковская карта;refunded;Заказ отменён клиентом после оплаты;17801
1102591;702591;2024-04-28 20:28:36;Банковская карта;successful;;3907
1102592;702592;2024-04-28 23:01:27;ЮMoney;successful;;46695
1102593;702593;2024-04-28 09:44:59;СБП;successful;;34901
1102594;702594;2024-04-28 18:35:00;СБП;successful;;31490
1102595;702595;2024-04-28 15:41:43;Банковская карта;successful;;7380
1102596;702596;2024-04-28 18:51:53;СБП;failed;Пользователь отменил оплату;2835
1102597;702597;2024-04-28 20:52:14;Банковская карта;successful;;16785
1102598;702598;2024-04-28 13:50:01;Банковская карта;successful;;76524
1102599;702599;2024-04-28 15:27:34;Банковская карта;successful;;3380
1102600;702600;2024-04-28 17:22:15;ЮMoney;failed;Ошибка платёжного шлюза;18935
1102601;702601;2024-04-28 20:29:47;Банковская карта;successful;;18280
1102602;702602;2024-04-28 15:49:01;СБП;successful;;1680
1102603;702603;2024-04-28 15:46:19;СБП;successful;;19580
1102604;702604;2024-04-29 15:15:49;СБП;failed;Недостаточно средств;85345
1102605;702605;2024-04-29 14:58:45;Банковская карта;successful;;36970
1102606;702606;2024-04-29 13:21:30;Банковская карта;failed;Недостаточно средств;35380
1102607;702607;2024-04-29 22:10:57;СБП;successful;;78345
1102608;702608;2024-04-29 14:44:32;Наличными при получении;successful;;70168
1102609;702609;2024-04-29 17:48:35;Рассрочка;failed;Отклонено банком;35429
1102610;702610;2024-04-29 14:21:32;СБП;refunded;;4857
1102611;702611;2024-04-29 14:46:07;СБП;successful;;42723
1102612;702612;2024-04-29 20:35:14;Банковская карта;successful;;49390
1102613;702613;2024-04-29 20:40:00;СБП;successful;;20868
1102614;702614;2024-04-29 17:58:01;Банковская карта;failed;Ошибка платёжного шлюза;1680
1102615;702615;2024-04-29 23:14:43;СБП;successful;;38782
1102616;702616;2024-04-29 09:07:08;Банковская карта;successful;;16686
1102617;702617;2024-04-29 19:06:14;Банковская карта;successful;;82680
1102618;702618;2024-04-29 17:21:16;Рассрочка;successful;;29155
1102619;702619;2024-04-29 14:39:10;Банковская карта;successful;;69648
1102620;702620;2024-04-29 10:55:07;СБП;successful;;9345
1102621;702621;2024-04-30 20:22:05;Рассрочка;failed;Отклонено банком;692
1102622;702622;2024-04-30 18:53:58;Банковская карта;successful;;39090
1102623;702623;2024-04-30 17:38:37;Банковская карта;successful;;46698
1102624;702624;2024-04-30 09:18:01;СБП;successful;;80480
1102625;702625;2024-04-30 20:41:47;СБП;successful;;32601
1102626;702626;2024-04-30 18:23:32;Банковская карта;successful;;5096
1102627;702627;2024-04-30 18:17:36;СБП;successful;;66893
1102628;702628;2024-04-30 16:20:39;Банковская карта;failed;Недостаточно средств;3157
1102629;702629;2024-04-30 17:16:24;Рассрочка;refunded;Заказ отменён клиентом после оплаты;12525
1102630;702630;2024-04-30 17:27:18;ЮMoney;successful;;92546
1102631;702631;2024-04-30 22:09:23;Банковская карта;successful;;78101
1102632;702632;2024-04-30 13:04:26;СБП;successful;;52215
1102633;702633;2024-04-30 09:46:37;Банковская карта;successful;;73481
1102634;702634;2024-04-30 19:44:47;СБП;successful;;56178
1102635;702635;2024-04-30 18:41:44;Банковская карта;successful;;77385
1102636;702636;2024-04-30 23:43:10;ЮMoney;successful;;7401
1102637;702637;2024-04-30 21:15:58;Банковская карта;successful;;1211
1102638;702638;2024-05-01 18:28:21;Наличными при получении;successful;;11345
1102639;702639;2024-05-01 15:20:17;СБП;successful;;25180
1102640;702640;2024-05-01 17:36:41;СБП;failed;Недостаточно средств;40001
1102641;702641;2024-05-01 09:23:36;Банковская карта;successful;;4280
1102642;702642;2024-05-01 21:35:04;Наличными при получении;successful;;8800
1102643;702643;2024-05-01 18:39:32;СБП;successful;;40480
1102644;702644;2024-05-01 21:15:57;Наличными при получении;successful;;32156
1102645;702645;2024-05-01 15:39:05;Банковская карта;successful;;2234
1102646;702646;2024-05-01 14:49:27;Банковская карта;successful;;12740
1102647;702647;2024-05-01 16:49:28;Банковская карта;successful;;21920
1102648;702648;2024-05-01 11:25:51;Рассрочка;successful;;17986
1102649;702649;2024-05-01 16:12:19;Рассрочка;successful;;67345
1102650;702650;2024-05-01 16:57:46;Банковская карта;successful;;844
1102651;702651;2024-05-01 16:37:08;Банковская карта;successful;;2936
1102652;702652;2024-05-01 22:46:12;Банковская карта;successful;;74627
1102653;702653;2024-05-01 20:49:21;СБП;failed;Ошибка платёжного шлюза;19790
1102654;702654;2024-05-01 12:42:56;СБП;successful;;62242
1102655;702655;2024-05-01 18:55:54;Наличными при получении;successful;;68575
1102656;702656;2024-05-01 18:00:30;СБП;successful;;7116
1102657;702657;2024-05-01 20:28:38;СБП;successful;;41490
1102658;702658;2024-05-01 10:10:38;Наличными при получении;failed;Отклонено банком;25117
1102659;702659;2024-05-01 21:27:26;Наличными при получении;successful;;17151
1102660;702660;2024-05-01 23:10:07;СБП;successful;;35835
1102661;702661;2024-05-01 09:57:17;Банковская карта;successful;;33861
1102662;702662;2024-05-01 18:05:04;Банковская карта;successful;;17061
1102663;702663;2024-05-01 15:43:27;СБП;failed;Недостаточно средств;38035
1102664;702664;2024-05-01 14:14:10;Банковская карта;successful;;35735
1102665;702665;2024-05-01 23:19:36;СБП;successful;;6557
1102666;702666;2024-05-01 14:08:40;Банковская карта;successful;;6835
1102667;702667;2024-05-01 15:41:35;СБП;successful;;8237
1102668;702668;2024-05-02 22:01:18;Банковская карта;successful;;1240
1102669;702669;2024-05-02 09:45:44;Банковская карта;successful;;26240
1102670;702670;2024-05-02 13:04:24;Банковская карта;successful;;56402
1102671;702671;2024-05-02 18:41:12;Банковская карта;successful;;8157
1102672;702672;2024-05-02 14:53:46;ЮMoney;successful;;101897
1102673;702673;2024-05-02 13:07:18;СБП;failed;Ошибка платёжного шлюза;16621
1102674;702674;2024-05-02 10:35:17;Банковская карта;successful;;34935
1102675;702675;2024-05-02 22:21:58;Банковская карта;successful;;21090
1102676;702676;2024-05-02 17:47:24;СБП;successful;;12790
1102677;702677;2024-05-02 20:46:55;Банковская карта;successful;;1795
1102678;702678;2024-05-02 20:32:46;Наличными при получении;successful;;41526
1102679;702679;2024-05-02 20:18:56;СБП;successful;;51790
1102680;702680;2024-05-02 15:11:21;СБП;successful;;10490
1102681;702681;2024-05-02 12:36:46;Банковская карта;failed;Отклонено банком;23301
1102682;702682;2024-05-02 12:45:11;Банковская карта;successful;;43057
1102683;702683;2024-05-02 10:06:59;Рассрочка;successful;;69687
1102684;702684;2024-05-02 12:29:46;Банковская карта;successful;;71823
1102685;702685;2024-05-02 12:46:19;Банковская карта;successful;;44318
1102686;702686;2024-05-03 22:15:20;Банковская карта;successful;;32839
1102687;702687;2024-05-03 12:23:30;СБП;successful;;45526
1102688;702688;2024-05-03 15:07:31;Банковская карта;successful;;11090
1102689;702689;2024-05-03 15:23:46;СБП;failed;Ошибка платёжного шлюза;1901
1102690;702690;2024-05-03 15:25:13;Банковская карта;successful;;34175
1102691;702691;2024-05-03 22:46:57;СБП;successful;;108347
1102692;702692;2024-05-03 15:38:46;Рассрочка;successful;;106555
1102693;702693;2024-05-03 16:23:45;Банковская карта;successful;;28257
1102694;702694;2024-05-03 11:14:55;СБП;failed;Пользователь отменил оплату;22336
1102695;702695;2024-05-03 14:18:33;Банковская карта;successful;;70135
1102696;702696;2024-05-03 15:16:47;СБП;successful;;13386
1102697;702697;2024-05-03 18:05:20;СБП;successful;;7880
1102698;702698;2024-05-03 15:24:17;Банковская карта;successful;;30526
1102699;702699;2024-05-03 12:23:35;СБП;successful;;83521
1102700;702700;2024-05-03 14:15:35;СБП;successful;;60980
1102701;702701;2024-05-03 12:23:00;ЮMoney;successful;;20345
1102702;702702;2024-05-03 21:59:40;СБП;successful;;2026
1102703;702703;2024-05-03 17:30:15;Рассрочка;successful;;4631
1102704;702704;2024-05-03 11:46:45;СБП;successful;;4040
1102705;702705;2024-05-04 20:48:13;Наличными при получении;successful;;109980
1102706;702706;2024-05-04 18:52:52;Банковская карта;successful;;99180
1102707;702707;2024-05-04 16:44:23;СБП;successful;;3724
1102708;702708;2024-05-04 22:12:02;Банковская карта;successful;;9081
1102709;702709;2024-05-04 14:19:03;Банковская карта;successful;;70957
1102710;702710;2024-05-04 19:48:52;Банковская карта;successful;;20909
1102711;702711;2024-05-04 17:55:24;СБП;successful;;39857
1102712;702712;2024-05-04 13:26:49;СБП;successful;;1695
1102713;702713;2024-05-04 15:35:14;СБП;successful;;26961
1102714;702714;2024-05-04 11:13:04;Банковская карта;successful;;10031
1102715;702715;2024-05-04 14:38:04;СБП;successful;;695
1102716;702716;2024-05-04 19:02:41;СБП;successful;;69156
1102717;702717;2024-05-04 15:03:55;Банковская карта;successful;;36467
1102718;702718;2024-05-04 09:56:34;СБП;successful;;19790
1102719;702719;2024-05-04 18:59:56;Банковская карта;successful;;949
1102720;702720;2024-05-04 16:27:29;Банковская карта;successful;;2048
1102721;702721;2024-05-04 08:36:13;Банковская карта;failed;Отклонено банком;35980
1102722;702722;2024-05-04 14:18:44;СБП;refunded;;90735
1102723;702723;2024-05-04 18:42:28;СБП;successful;;2158
1102724;702724;2024-05-04 11:21:51;ЮMoney;successful;;15501
1102725;702725;2024-05-04 10:43:27;Рассрочка;successful;;65567
1102726;702726;2024-05-04 21:10:06;СБП;successful;;49811
1102727;702727;2024-05-04 14:41:48;Банковская карта;failed;Недостаточно средств;62845
1102728;702728;2024-05-04 16:35:11;Банковская карта;successful;;25129
1102729;702729;2024-05-04 15:25:36;ЮMoney;successful;;28080
1102730;702730;2024-05-04 16:27:02;Наличными при получении;successful;;41180
1102731;702731;2024-05-04 14:12:50;СБП;successful;;35580
1102732;702732;2024-05-04 17:57:43;Банковская карта;successful;;34090
1102733;702733;2024-05-04 20:33:16;Банковская карта;successful;;11431
1102734;702734;2024-05-04 18:33:37;Банковская карта;successful;;3249
1102735;702735;2024-05-04 11:09:19;Рассрочка;successful;;36441
1102736;702736;2024-05-04 17:18:56;Банковская карта;successful;;109220
1102737;702737;2024-05-05 17:25:02;Банковская карта;successful;;61131
1102738;702738;2024-05-05 13:07:33;Банковская карта;successful;;39896
1102739;702739;2024-05-05 21:49:41;СБП;successful;;50047
1102740;702740;2024-05-05 17:12:13;Банковская карта;successful;;80120
1102741;702741;2024-05-05 13:55:48;Банковская карта;successful;;96426
1102742;702742;2024-05-05 13:54:04;Рассрочка;successful;;51256
1102743;702743;2024-05-05 16:57:56;СБП;successful;;1668
1102744;702744;2024-05-05 19:13:55;Наличными при получении;failed;Отклонено банком;13057
1102745;702745;2024-05-05 16:15:02;Банковская карта;successful;;25340
1102746;702746;2024-05-05 16:17:11;СБП;successful;;20567
1102747;702747;2024-05-05 16:52:07;Банковская карта;successful;;7871
1102748;702748;2024-05-05 19:14:59;ЮMoney;successful;;80993
1102749;702749;2024-05-05 17:36:28;СБП;successful;;32431
1102750;702750;2024-05-05 11:27:05;Банковская карта;successful;;23391
1102751;702751;2024-05-05 09:47:25;ЮMoney;successful;;1261
1102752;702752;2024-05-05 20:07:00;СБП;successful;;6880
1102753;702753;2024-05-05 15:45:14;Наличными при получении;successful;;1070
1102754;702754;2024-05-05 20:07:54;Банковская карта;successful;;4835
1102755;702755;2024-05-05 20:08:06;Банковская карта;successful;;22775
1102756;702756;2024-05-05 08:37:24;Наличными при получении;successful;;28356
1102757;702757;2024-05-05 09:08:45;Банковская карта;refunded;Заказ отменён клиентом после оплаты;27580
1102758;702758;2024-05-05 21:34:17;Банковская карта;successful;;1506
1102759;702759;2024-05-05 20:07:31;СБП;successful;;2768
1102760;702760;2024-05-05 19:27:05;Банковская карта;successful;;82405
1102761;702761;2024-05-05 18:24:40;СБП;successful;;70032
1102762;702762;2024-05-05 21:27:58;СБП;successful;;21162
1102763;702763;2024-05-05 20:09:51;Банковская карта;successful;;65440
1102764;702764;2024-05-05 20:02:58;Банковская карта;successful;;1027
1102765;702765;2024-05-05 16:42:21;Банковская карта;successful;;5975
1102766;702766;2024-05-05 17:32:42;Рассрочка;refunded;Заказ отменён клиентом после оплаты;75567
1102767;702767;2024-05-05 17:01:40;Банковская карта;successful;;4540
1102768;702768;2024-05-06 17:01:00;СБП;successful;;55345
1102769;702769;2024-05-06 20:39:08;Наличными при получении;successful;;525
1102770;702770;2024-05-06 13:29:23;Рассрочка;failed;Ошибка платёжного шлюза;2079
1102771;702771;2024-05-06 15:16:35;Банковская карта;successful;;56745
1102772;702772;2024-05-06 18:56:48;Банковская карта;successful;;11380
1102773;702773;2024-05-06 16:25:49;Рассрочка;successful;;59391
1102774;702774;2024-05-06 12:57:36;СБП;successful;;12271
1102775;702775;2024-05-06 16:32:49;Банковская карта;successful;;1449
1102776;702776;2024-05-06 21:06:54;Рассрочка;refunded;;34057
1102777;702777;2024-05-06 22:04:06;СБП;successful;;9090
1102778;702778;2024-05-06 21:50:07;Банковская карта;successful;;4800
1102779;702779;2024-05-06 12:23:43;Банковская карта;successful;;68631
1102780;702780;2024-05-06 20:42:17;СБП;failed;Недостаточно средств;84925
1102781;702781;2024-05-06 20:36:00;Банковская карта;refunded;Заказ отменён клиентом после оплаты;3080
1102782;702782;2024-05-06 16:02:02;СБП;successful;;1876
1102783;702783;2024-05-06 14:04:37;Рассрочка;successful;;4940
1102784;702784;2024-05-06 11:07:48;Банковская карта;refunded;;1731
1102785;702785;2024-05-06 15:05:37;СБП;successful;;33067
1102786;702786;2024-05-06 19:40:39;Банковская карта;successful;;17743
1102787;702787;2024-05-06 15:26:02;СБП;successful;;3345
1102788;702788;2024-05-06 21:01:14;Рассрочка;successful;;42567
1102789;702789;2024-05-06 12:15:13;Банковская карта;successful;;68263
1102790;702790;2024-05-06 18:28:19;Банковская карта;successful;;4567
1102791;702791;2024-05-06 19:00:06;Банковская карта;successful;;149217
1102792;702792;2024-05-07 14:08:59;СБП;successful;;11567
1102793;702793;2024-05-07 22:43:06;Банковская карта;successful;;44070
1102794;702794;2024-05-07 16:37:49;СБП;successful;;29999
1102795;702795;2024-05-07 14:45:11;Рассрочка;successful;;41671
1102796;702796;2024-05-07 23:26:30;СБП;successful;;1059
1102797;702797;2024-05-07 15:35:33;Банковская карта;successful;;25660
1102798;702798;2024-05-07 12:53:22;СБП;successful;;66368
1102799;702799;2024-05-07 16:52:18;СБП;successful;;2228
1102800;702800;2024-05-07 21:23:27;Банковская карта;successful;;7607
1102801;702801;2024-05-07 12:09:38;Банковская карта;successful;;130577
1102802;702802;2024-05-07 12:32:20;СБП;successful;;18559
1102803;702803;2024-05-07 08:22:12;Наличными при получении;refunded;Заказ отменён клиентом после оплаты;7755
1102804;702804;2024-05-07 15:31:52;Банковская карта;successful;;25291
1102805;702805;2024-05-07 22:49:26;Банковская карта;successful;;27725
1102806;702806;2024-05-07 21:27:50;Наличными при получении;failed;Пользователь отменил оплату;1353
1102807;702807;2024-05-07 21:42:55;Рассрочка;successful;;11735
1102808;702808;2024-05-07 18:03:00;Банковская карта;successful;;109227
1102809;702809;2024-05-07 19:05:42;ЮMoney;successful;;1735
1102810;702810;2024-05-07 17:14:12;Банковская карта;successful;;100061
1102811;702811;2024-05-07 16:55:55;СБП;successful;;13790
1102812;702812;2024-05-07 08:37:47;Банковская карта;successful;;28780
1102813;702813;2024-05-07 16:08:20;Банковская карта;successful;;6440
1102814;702814;2024-05-08 14:18:56;Банковская карта;successful;;12011
1102815;702815;2024-05-08 10:41:21;Банковская карта;successful;;55090
1102816;702816;2024-05-08 11:44:47;СБП;successful;;19280
1102817;702817;2024-05-08 16:54:41;ЮMoney;successful;;4180
1102818;702818;2024-05-08 22:01:30;Банковская карта;successful;;39381
1102819;702819;2024-05-08 14:47:52;СБП;successful;;1090
1102820;702820;2024-05-08 21:20:53;Банковская карта;successful;;55980
1102821;702821;2024-05-08 17:44:31;Наличными при получении;successful;;46912
1102822;702822;2024-05-08 16:54:42;Банковская карта;successful;;33519
1102823;702823;2024-05-08 21:39:23;Банковская карта;failed;Ошибка платёжного шлюза;37925
1102824;702824;2024-05-08 18:16:15;Банковская карта;successful;;19101
1102825;702825;2024-05-08 18:57:19;СБП;successful;;6476
1102826;702826;2024-05-08 21:25:32;СБП;successful;;35716
1102827;702827;2024-05-08 18:44:41;Банковская карта;successful;;563
1102828;702828;2024-05-08 17:08:31;Банковская карта;failed;Отклонено банком;1680
1102829;702829;2024-05-08 21:20:31;Банковская карта;successful;;55164
1102830;702830;2024-05-08 14:09:46;Рассрочка;successful;;122501
1102831;702831;2024-05-08 21:08:00;СБП;failed;Отклонено банком;52164
1102832;702832;2024-05-09 19:28:09;Банковская карта;successful;;81124
1102833;702833;2024-05-09 13:01:40;Банковская карта;successful;;9267
1102834;702834;2024-05-09 13:23:07;СБП;refunded;;1604
1102835;702835;2024-05-09 15:12:04;Банковская карта;successful;;40280
1102836;702836;2024-05-09 22:12:38;Банковская карта;successful;;36490
1102837;702837;2024-05-09 15:24:49;Рассрочка;successful;;37516
1102838;702838;2024-05-09 16:13:14;Наличными при получении;successful;;13372
1102839;702839;2024-05-09 19:33:02;Банковская карта;successful;;5140
1102840;702840;2024-05-09 14:08:47;СБП;successful;;42624
1102841;702841;2024-05-09 23:19:29;Банковская карта;successful;;1090
1102842;702842;2024-05-09 19:18:07;Банковская карта;successful;;72627
1102843;702843;2024-05-09 15:51:06;Банковская карта;successful;;568
1102844;702844;2024-05-09 17:10:31;СБП;successful;;24679
1102845;702845;2024-05-09 17:28:40;СБП;successful;;62770
1102846;702846;2024-05-09 11:26:25;Банковская карта;successful;;35331
1102847;702847;2024-05-09 17:16:30;СБП;successful;;34371
1102848;702848;2024-05-09 20:56:10;Банковская карта;successful;;1042
1102849;702849;2024-05-09 12:09:48;Рассрочка;successful;;53912
1102850;702850;2024-05-09 15:53:42;Банковская карта;successful;;966
1102851;702851;2024-05-09 15:55:39;СБП;successful;;18980
1102852;702852;2024-05-09 16:16:26;Банковская карта;failed;Пользователь отменил оплату;13527
1102853;702853;2024-05-09 15:31:48;СБП;successful;;34221
1102854;702854;2024-05-10 23:59:34;Банковская карта;successful;;57090
1102855;702855;2024-05-10 18:34:42;СБП;successful;;84180
1102856;702856;2024-05-10 17:44:35;СБП;failed;Ошибка платёжного шлюза;27831
1102857;702857;2024-05-10 16:07:59;Банковская карта;successful;;35500
1102858;702858;2024-05-10 14:56:24;Банковская карта;successful;;39140
1102859;702859;2024-05-10 19:28:50;СБП;successful;;33789
1102860;702860;2024-05-10 19:47:47;СБП;successful;;6656
1102861;702861;2024-05-10 14:18:59;Банковская карта;failed;Ошибка платёжного шлюза;19714
1102862;702862;2024-05-10 16:13:51;СБП;failed;Отклонено банком;94488
1102863;702863;2024-05-10 17:41:55;Рассрочка;successful;;12790
1102864;702864;2024-05-10 11:45:59;Банковская карта;successful;;14626
1102865;702865;2024-05-10 19:08:30;СБП;failed;Пользователь отменил оплату;1700
1102866;702866;2024-05-10 14:53:54;Банковская карта;successful;;1345
1102867;702867;2024-05-10 17:38:25;Банковская карта;successful;;1641
1102868;702868;2024-05-10 23:15:48;Банковская карта;successful;;25972
1102869;702869;2024-05-10 22:03:41;Банковская карта;successful;;4480
1102870;702870;2024-05-10 16:32:48;Наличными при получении;successful;;75715
1102871;702871;2024-05-10 11:12:48;Банковская карта;successful;;51715
1102872;702872;2024-05-10 16:38:53;Банковская карта;refunded;;1586
1102873;702873;2024-05-10 17:20:41;Банковская карта;successful;;19061
1102874;702874;2024-05-10 20:59:16;СБП;successful;;38990
1102875;702875;2024-05-10 15:31:13;Рассрочка;failed;Недостаточно средств;10778
1102876;702876;2024-05-10 16:37:48;СБП;successful;;34440
1102877;702877;2024-05-10 19:17:26;Банковская карта;successful;;82912
1102878;702878;2024-05-10 12:43:51;Банковская карта;successful;;50567
1102879;702879;2024-05-10 19:03:33;Банковская карта;successful;;23237
1102880;702880;2024-05-10 16:40:55;СБП;successful;;5490
1102881;702881;2024-05-10 18:40:23;СБП;successful;;35656
1102882;702882;2024-05-10 19:29:30;СБП;successful;;35828
1102883;702883;2024-05-10 19:51:29;Банковская карта;successful;;20180
1102884;702884;2024-05-10 22:57:07;Банковская карта;successful;;39932
1102885;702885;2024-05-10 13:22:00;Банковская карта;successful;;51990
1102886;702886;2024-05-10 15:50:35;Рассрочка;successful;;28480
1102887;702887;2024-05-10 16:22:03;СБП;refunded;;3880
1102888;702888;2024-05-10 11:15:49;Банковская карта;successful;;73990
1102889;702889;2024-05-10 15:38:29;Рассрочка;failed;Ошибка платёжного шлюза;3196
1102890;702890;2024-05-11 08:19:00;Рассрочка;successful;;20826
1102891;702891;2024-05-11 17:41:26;СБП;successful;;27280
1102892;702892;2024-05-11 16:27:09;Наличными при получении;successful;;20457
1102893;702893;2024-05-11 18:47:57;ЮMoney;successful;;1208
1102894;702894;2024-05-11 20:24:11;Банковская карта;successful;;1240
1102895;702895;2024-05-11 21:31:27;Наличными при получении;successful;;21290
1102896;702896;2024-05-11 14:35:30;СБП;successful;;37925
1102897;702897;2024-05-11 19:16:19;ЮMoney;successful;;2380
1102898;702898;2024-05-11 22:24:12;СБП;successful;;36057
1102899;702899;2024-05-11 12:46:14;Наличными при получении;successful;;10840
1102900;702900;2024-05-11 12:04:47;Банковская карта;successful;;20165
1102901;702901;2024-05-11 15:09:57;Банковская карта;successful;;83567
1102902;702902;2024-05-11 23:25:08;Банковская карта;refunded;;69889
1102903;702903;2024-05-11 18:53:51;СБП;successful;;24090
1102904;702904;2024-05-11 15:05:08;Банковская карта;successful;;12567
1102905;702905;2024-05-11 22:55:55;ЮMoney;failed;Отклонено банком;2771
1102906;702906;2024-05-11 21:21:08;Банковская карта;failed;Недостаточно средств;2790
1102907;702907;2024-05-11 22:26:52;Банковская карта;successful;;99501
1102908;702908;2024-05-11 21:14:36;СБП;successful;;8567
1102909;702909;2024-05-12 00:06:08;СБП;successful;;64957
1102910;702910;2024-05-11 21:19:44;Банковская карта;successful;;47439
1102911;702911;2024-05-12 17:34:08;Банковская карта;successful;;17031
1102912;702912;2024-05-12 11:12:35;СБП;successful;;120166
1102913;702913;2024-05-12 23:25:33;СБП;successful;;106497
1102914;702914;2024-05-12 15:28:47;СБП;successful;;2735
1102915;702915;2024-05-12 08:27:04;СБП;successful;;114925
1102916;702916;2024-05-12 19:46:35;Банковская карта;successful;;6877
1102917;702917;2024-05-12 15:36:23;СБП;successful;;7780
1102918;702918;2024-05-12 17:41:54;Наличными при получении;successful;;67770
1102919;702919;2024-05-12 17:18:56;Банковская карта;successful;;5280
1102920;702920;2024-05-12 11:51:27;Банковская карта;successful;;57329
1102921;702921;2024-05-12 17:13:11;Банковская карта;failed;Отклонено банком;29481
1102922;702922;2024-05-12 20:22:10;Банковская карта;successful;;27011
1102923;702923;2024-05-12 21:41:37;СБП;successful;;16131
1102924;702924;2024-05-12 15:38:56;Банковская карта;successful;;92380
1102925;702925;2024-05-12 18:49:10;Банковская карта;successful;;18835
1102926;702926;2024-05-12 18:10:32;Банковская карта;successful;;38990
1102927;702927;2024-05-12 18:03:45;СБП;successful;;34285
1102928;702928;2024-05-12 18:33:54;Банковская карта;successful;;7715
1102929;702929;2024-05-12 17:51:02;Банковская карта;successful;;4941
1102930;702930;2024-05-12 16:32:05;СБП;successful;;3680
1102931;702931;2024-05-12 08:51:49;Банковская карта;successful;;7467
1102932;702932;2024-05-12 13:30:32;Банковская карта;successful;;35345
1102933;702933;2024-05-12 11:13:22;Наличными при получении;successful;;105932
1102934;702934;2024-05-12 11:08:18;СБП;successful;;34980
1102935;702935;2024-05-12 15:49:40;СБП;successful;;65180
1102936;702936;2024-05-12 12:12:20;Банковская карта;successful;;39585
1102937;702937;2024-05-12 22:59:00;Рассрочка;failed;Недостаточно средств;55790
1102938;702938;2024-05-12 16:30:54;Наличными при получении;failed;Пользователь отменил оплату;2471
1102939;702939;2024-05-12 18:13:29;Банковская карта;successful;;57930
1102940;702940;2024-05-12 15:59:48;Рассрочка;successful;;1857
1102941;702941;2024-05-12 18:33:55;ЮMoney;successful;;1345
1102942;702942;2024-05-13 11:58:19;Банковская карта;successful;;20244
1102943;702943;2024-05-13 11:10:14;СБП;successful;;680
1102944;702944;2024-05-13 14:25:48;Банковская карта;refunded;;2480
1102945;702945;2024-05-13 23:33:41;Рассрочка;successful;;622
1102946;702946;2024-05-13 20:10:13;ЮMoney;successful;;652
1102947;702947;2024-05-13 19:43:45;Наличными при получении;successful;;4355
1102948;702948;2024-05-13 19:53:03;Банковская карта;successful;;26060
1102949;702949;2024-05-13 10:57:39;Банковская карта;successful;;114910
1102950;702950;2024-05-13 21:35:38;Банковская карта;failed;Недостаточно средств;25730
1102951;702951;2024-05-13 16:11:09;Банковская карта;successful;;75940
1102952;702952;2024-05-13 22:43:09;Банковская карта;successful;;691
1102953;702953;2024-05-13 16:19:06;Банковская карта;successful;;16799
1102954;702954;2024-05-13 16:25:34;Банковская карта;successful;;60401
1102955;702955;2024-05-13 20:15:07;Рассрочка;successful;;3653
1102956;702956;2024-05-13 19:43:24;Банковская карта;refunded;Заказ отменён клиентом после оплаты;20490
1102957;702957;2024-05-13 15:38:31;СБП;failed;Отклонено банком;39399
1102958;702958;2024-05-13 22:54:44;ЮMoney;successful;;19490
1102959;702959;2024-05-13 15:14:08;Банковская карта;successful;;901
1102960;702960;2024-05-14 15:29:34;СБП;refunded;;125796
1102961;702961;2024-05-14 12:11:15;СБП;successful;;7370
1102962;702962;2024-05-14 19:33:00;Банковская карта;successful;;63074
1102963;702963;2024-05-14 09:16:47;СБП;successful;;99957
1102964;702964;2024-05-14 19:38:49;СБП;refunded;Заказ отменён клиентом после оплаты;74990
1102965;702965;2024-05-14 15:50:32;Банковская карта;successful;;3980
1102966;702966;2024-05-14 21:06:36;Наличными при получении;failed;Пользователь отменил оплату;44157
1102967;702967;2024-05-14 13:24:48;Банковская карта;refunded;Заказ отменён клиентом после оплаты;11990
1102968;702968;2024-05-14 19:40:31;СБП;successful;;55046
1102969;702969;2024-05-14 16:23:55;ЮMoney;successful;;39490
1102970;702970;2024-05-14 19:02:43;Банковская карта;successful;;35406
1102971;702971;2024-05-14 18:56:33;Банковская карта;successful;;13339
1102972;702972;2024-05-14 09:09:39;Рассрочка;successful;;45301
1102973;702973;2024-05-14 20:09:26;Банковская карта;successful;;62528
1102974;702974;2024-05-14 17:10:35;СБП;successful;;84345
1102975;702975;2024-05-14 19:15:28;СБП;successful;;21007
1102976;702976;2024-05-14 12:27:10;СБП;successful;;89152
1102977;702977;2024-05-14 10:11:54;Наличными при получении;successful;;42895
1102978;702978;2024-05-14 21:04:13;Банковская карта;failed;Пользователь отменил оплату;30907
1102979;702979;2024-05-14 20:38:38;Банковская карта;successful;;67811
1102980;702980;2024-05-14 13:13:29;Банковская карта;successful;;35900
1102981;702981;2024-05-14 17:37:16;Банковская карта;successful;;560
1102982;702982;2024-05-14 15:55:34;Банковская карта;successful;;39836
1102983;702983;2024-05-14 17:26:01;СБП;successful;;5392
1102984;702984;2024-05-14 14:17:31;Наличными при получении;successful;;41075
1102985;702985;2024-05-14 21:03:25;СБП;successful;;37345
1102986;702986;2024-05-14 20:04:13;Банковская карта;successful;;11090
1102987;702987;2024-05-14 13:58:31;Наличными при получении;successful;;49150
1102988;702988;2024-05-15 14:11:45;Наличными при получении;successful;;13490
1102989;702989;2024-05-15 17:17:54;Банковская карта;successful;;76370
1102990;702990;2024-05-15 22:48:11;Наличными при получении;successful;;88134
1102991;702991;2024-05-15 10:40:06;Банковская карта;successful;;26781
1102992;702992;2024-05-15 15:48:23;Банковская карта;successful;;2106
1102993;702993;2024-05-15 13:53:04;СБП;successful;;40090
1102994;702994;2024-05-15 13:10:17;Банковская карта;successful;;43580
1102995;702995;2024-05-15 16:26:20;СБП;successful;;34980
1102996;702996;2024-05-15 13:11:32;СБП;successful;;60771
1102997;702997;2024-05-15 17:04:19;СБП;successful;;7272
1102998;702998;2024-05-15 17:03:28;Банковская карта;successful;;24580
1102999;702999;2024-05-15 18:07:35;Банковская карта;successful;;35567
1103000;703000;2024-05-15 23:10:29;ЮMoney;successful;;10929
1103001;703001;2024-05-15 22:31:44;Рассрочка;successful;;12090
1103002;703002;2024-05-15 13:09:15;Банковская карта;successful;;8146
1103003;703003;2024-05-15 10:39:58;ЮMoney;successful;;1285
1103004;703004;2024-05-15 12:52:00;СБП;successful;;90480
1103005;703005;2024-05-15 18:44:32;Банковская карта;successful;;8340
1103006;703006;2024-05-15 16:34:46;Банковская карта;successful;;82917
1103007;703007;2024-05-15 19:27:56;Банковская карта;successful;;84490
1103008;703008;2024-05-15 20:00:36;Банковская карта;successful;;11201
1103009;703009;2024-05-15 14:23:31;СБП;successful;;1635
1103010;703010;2024-05-15 21:20:50;Банковская карта;successful;;1075
1103011;703011;2024-05-15 20:54:48;СБП;successful;;6670
1103012;703012;2024-05-16 16:33:13;Наличными при получении;successful;;78935
1103013;703013;2024-05-16 14:18:45;СБП;successful;;69580
1103014;703014;2024-05-16 19:33:25;СБП;successful;;35781
1103015;703015;2024-05-16 09:52:47;Банковская карта;successful;;64751
1103016;703016;2024-05-16 13:02:29;Банковская карта;successful;;28325
1103017;703017;2024-05-16 16:02:12;Наличными при получении;successful;;19818
1103018;703018;2024-05-16 14:07:56;Банковская карта;successful;;17680
1103019;703019;2024-05-16 15:27:19;Рассрочка;refunded;;25011
1103020;703020;2024-05-16 11:28:05;Банковская карта;successful;;12956
1103021;703021;2024-05-16 11:24:18;Рассрочка;successful;;64980
1103022;703022;2024-05-16 13:57:07;Банковская карта;successful;;39805
1103023;703023;2024-05-17 00:01:08;Рассрочка;failed;Ошибка платёжного шлюза;42567
1103024;703024;2024-05-16 13:52:21;Банковская карта;successful;;108350
1103025;703025;2024-05-16 17:08:06;Банковская карта;successful;;4345
1103026;703026;2024-05-16 08:25:40;СБП;failed;Недостаточно средств;28567
1103027;703027;2024-05-16 12:41:41;СБП;successful;;6358
1103028;703028;2024-05-16 10:18:18;СБП;successful;;4380
1103029;703029;2024-05-16 18:17:39;Наличными при получении;successful;;6450
1103030;703030;2024-05-16 20:31:15;ЮMoney;successful;;3990
1103031;703031;2024-05-16 18:14:47;Банковская карта;successful;;8537
1103032;703032;2024-05-16 16:20:52;СБП;successful;;26991
1103033;703033;2024-05-16 22:53:25;СБП;failed;Пользователь отменил оплату;20080
1103034;703034;2024-05-17 18:56:07;Банковская карта;successful;;61361
1103035;703035;2024-05-17 20:11:34;Банковская карта;successful;;18880
1103036;703036;2024-05-17 15:14:00;Наличными при получении;successful;;4856
1103037;703037;2024-05-17 12:18:10;Наличными при получении;failed;Недостаточно средств;64980
1103038;703038;2024-05-17 14:43:12;Наличными при получении;successful;;3280
1103039;703039;2024-05-17 11:49:39;Банковская карта;successful;;1239
1103040;703040;2024-05-17 17:57:47;Банковская карта;successful;;49460
1103041;703041;2024-05-17 19:29:48;СБП;successful;;4007
1103042;703042;2024-05-17 12:40:37;СБП;successful;;30380
1103043;703043;2024-05-17 10:45:43;Банковская карта;successful;;73540
1103044;703044;2024-05-17 11:04:08;СБП;successful;;3234
1103045;703045;2024-05-17 21:50:40;Рассрочка;failed;Отклонено банком;7990
1103046;703046;2024-05-17 14:29:25;СБП;successful;;25281
1103047;703047;2024-05-17 15:46:11;Банковская карта;successful;;111562
1103048;703048;2024-05-17 13:42:15;Рассрочка;successful;;7990
1103049;703049;2024-05-17 13:57:15;ЮMoney;successful;;50968
1103050;703050;2024-05-17 17:18:55;Банковская карта;successful;;51357
1103051;703051;2024-05-17 19:25:27;СБП;successful;;31380
1103052;703052;2024-05-17 08:58:08;ЮMoney;refunded;Заказ отменён клиентом после оплаты;21846
1103053;703053;2024-05-17 19:36:38;Наличными при получении;successful;;38723
1103054;703054;2024-05-17 12:00:29;Наличными при получении;refunded;;42980
1103055;703055;2024-05-17 22:20:13;ЮMoney;successful;;89746
1103056;703056;2024-05-17 12:20:44;Банковская карта;successful;;5480
1103057;703057;2024-05-17 17:14:08;ЮMoney;successful;;13625
1103058;703058;2024-05-17 16:16:31;Банковская карта;successful;;32737
1103059;703059;2024-05-17 16:10:31;Рассрочка;successful;;34798
1103060;703060;2024-05-17 20:50:49;СБП;successful;;46961
1103061;703061;2024-05-17 12:21:53;СБП;successful;;11012
1103062;703062;2024-05-18 18:04:08;Банковская карта;successful;;36855
1103063;703063;2024-05-18 19:44:30;Банковская карта;refunded;;64686
1103064;703064;2024-05-18 17:24:19;СБП;successful;;1381
1103065;703065;2024-05-18 18:14:40;Наличными при получении;successful;;115196
1103066;703066;2024-05-18 14:20:04;Банковская карта;successful;;1252
1103067;703067;2024-05-18 16:04:39;Банковская карта;failed;Отклонено банком;65139
1103068;703068;2024-05-18 17:06:50;Банковская карта;successful;;106455
1103069;703069;2024-05-18 12:10:22;СБП;refunded;Заказ отменён клиентом после оплаты;1025
1103070;703070;2024-05-18 20:14:19;Наличными при получении;successful;;75055
1103071;703071;2024-05-18 20:24:12;СБП;successful;;6741
1103072;703072;2024-05-18 15:11:04;СБП;successful;;58764
1103073;703073;2024-05-18 16:10:40;Банковская карта;successful;;35480
1103074;703074;2024-05-18 16:00:39;Банковская карта;successful;;29480
1103075;703075;2024-05-18 14:00:39;Банковская карта;successful;;18129
1103076;703076;2024-05-18 22:38:34;СБП;successful;;1270
1103077;703077;2024-05-18 20:27:52;Рассрочка;successful;;1380
1103078;703078;2024-05-18 17:08:02;Банковская карта;successful;;69181
1103079;703079;2024-05-18 15:16:34;ЮMoney;successful;;39556
1103080;703080;2024-05-18 19:25:01;Банковская карта;refunded;Заказ отменён клиентом после оплаты;3689
1103081;703081;2024-05-18 20:42:41;СБП;refunded;;82780
1103082;703082;2024-05-18 21:13:44;Банковская карта;successful;;11976
1103083;703083;2024-05-18 16:47:16;Банковская карта;successful;;3780
1103084;703084;2024-05-19 12:32:31;Банковская карта;successful;;32485
1103085;703085;2024-05-19 16:19:25;СБП;successful;;4384
1103086;703086;2024-05-20 00:04:42;Банковская карта;successful;;4966
1103087;703087;2024-05-19 15:22:01;Рассрочка;successful;;12115
1103088;703088;2024-05-19 16:06:39;СБП;successful;;5540
1103089;703089;2024-05-19 15:06:46;Банковская карта;successful;;1107
1103090;703090;2024-05-19 14:55:57;Наличными при получении;successful;;32028
1103091;703091;2024-05-19 17:25:31;Банковская карта;refunded;Заказ отменён клиентом после оплаты;10356
1103092;703092;2024-05-19 16:48:35;СБП;successful;;43790
1103093;703093;2024-05-19 18:39:27;Банковская карта;successful;;31839
1103094;703094;2024-05-19 16:55:24;Банковская карта;successful;;28967
1103095;703095;2024-05-19 23:12:35;Банковская карта;successful;;43686
1103096;703096;2024-05-19 10:15:34;Наличными при получении;successful;;2180
1103097;703097;2024-05-19 15:10:42;Наличными при получении;successful;;41880
1103098;703098;2024-05-19 21:40:16;Банковская карта;successful;;28027
1103099;703099;2024-05-19 13:00:57;Банковская карта;successful;;1386
1103100;703100;2024-05-19 16:03:44;Рассрочка;successful;;1635
1103101;703101;2024-05-19 17:16:49;Банковская карта;successful;;93435
1103102;703102;2024-05-19 18:30:09;Банковская карта;successful;;1635
1103103;703103;2024-05-19 14:01:15;СБП;failed;Недостаточно средств;89057
1103104;703104;2024-05-19 14:43:47;Банковская карта;successful;;35780
1103105;703105;2024-05-19 17:08:36;СБП;successful;;39956
1103106;703106;2024-05-19 17:03:08;Банковская карта;failed;Недостаточно средств;1373
1103107;703107;2024-05-19 14:52:24;СБП;successful;;27735
1103108;703108;2024-05-19 15:24:22;СБП;successful;;13345
1103109;703109;2024-05-20 18:06:18;ЮMoney;successful;;85567
1103110;703110;2024-05-20 19:34:09;ЮMoney;failed;Недостаточно средств;39280
1103111;703111;2024-05-20 15:17:14;Банковская карта;successful;;1042
1103112;703112;2024-05-20 12:51:53;Банковская карта;successful;;18440
1103113;703113;2024-05-20 16:33:18;СБП;refunded;Заказ отменён клиентом после оплаты;1345
1103114;703114;2024-05-20 13:02:38;Банковская карта;successful;;33080
1103115;703115;2024-05-20 14:11:06;СБП;successful;;4080
1103116;703116;2024-05-20 13:16:02;Банковская карта;refunded;Заказ отменён клиентом после оплаты;19246
1103117;703117;2024-05-20 21:12:57;ЮMoney;successful;;19395
1103118;703118;2024-05-20 19:11:50;СБП;successful;;127180
1103119;703119;2024-05-20 22:11:07;СБП;successful;;37849
1103120;703120;2024-05-20 23:05:53;СБП;successful;;24291
1103121;703121;2024-05-20 21:36:18;Банковская карта;successful;;25115
1103122;703122;2024-05-20 22:48:11;СБП;successful;;9990
1103123;703123;2024-05-20 12:20:02;Банковская карта;refunded;;34835
1103124;703124;2024-05-20 08:36:57;Банковская карта;successful;;20325
1103125;703125;2024-05-20 11:56:38;Наличными при получении;successful;;36325
1103126;703126;2024-05-20 16:42:23;Банковская карта;successful;;2027
1103127;703127;2024-05-20 18:36:36;Банковская карта;successful;;6061
1103128;703128;2024-05-20 22:05:53;Рассрочка;successful;;2080
1103129;703129;2024-05-20 18:07:30;Банковская карта;successful;;19345
1103130;703130;2024-05-20 14:28:41;Банковская карта;successful;;94709
1103131;703131;2024-05-20 18:10:06;Банковская карта;successful;;39530
1103132;703132;2024-05-20 17:46:05;Банковская карта;successful;;45561
1103133;703133;2024-05-21 09:51:59;Банковская карта;successful;;75516
1103134;703134;2024-05-21 11:27:38;СБП;successful;;49980
1103135;703135;2024-05-21 15:48:04;Банковская карта;successful;;12640
1103136;703136;2024-05-21 10:00:52;Банковская карта;successful;;45957
1103137;703137;2024-05-21 18:37:40;Рассрочка;successful;;49990
1103138;703138;2024-05-21 11:31:00;Банковская карта;successful;;25028
1103139;703139;2024-05-21 19:23:07;Банковская карта;successful;;24850
1103140;703140;2024-05-21 20:02:32;Наличными при получении;successful;;71716
1103141;703141;2024-05-21 19:47:30;Банковская карта;successful;;31345
1103142;703142;2024-05-21 11:17:01;Банковская карта;successful;;4840
1103143;703143;2024-05-21 16:44:11;СБП;successful;;38618
1103144;703144;2024-05-21 09:38:19;Наличными при получении;failed;Недостаточно средств;38345
1103145;703145;2024-05-21 22:16:31;СБП;successful;;37580
1103146;703146;2024-05-21 22:06:20;Банковская карта;successful;;934
1103147;703147;2024-05-21 14:57:32;Банковская карта;successful;;11200
1103148;703148;2024-05-21 18:36:33;Наличными при получении;successful;;1073
1103149;703149;2024-05-21 17:54:09;ЮMoney;successful;;6135
1103150;703150;2024-05-21 18:07:08;СБП;successful;;77181
1103151;703151;2024-05-21 19:05:28;Банковская карта;successful;;27490
1103152;703152;2024-05-21 09:32:21;СБП;successful;;40140
1103153;703153;2024-05-21 17:23:07;Банковская карта;successful;;24980
1103154;703154;2024-05-21 18:54:26;СБП;refunded;;33490
1103155;703155;2024-05-21 12:17:18;Банковская карта;successful;;1700
1103156;703156;2024-05-22 16:17:02;Банковская карта;successful;;27340
1103157;703157;2024-05-22 19:57:39;СБП;failed;Недостаточно средств;33427
1103158;703158;2024-05-22 08:34:12;Наличными при получении;successful;;16271
1103159;703159;2024-05-22 12:22:34;Банковская карта;successful;;1567
1103160;703160;2024-05-22 18:55:00;Рассрочка;successful;;6166
1103161;703161;2024-05-22 16:46:43;Банковская карта;successful;;17661
1103162;703162;2024-05-22 16:35:29;Банковская карта;successful;;52257
1103163;703163;2024-05-22 19:22:50;Банковская карта;successful;;19990
1103164;703164;2024-05-22 15:18:20;Рассрочка;successful;;19567
1103165;703165;2024-05-22 14:32:34;СБП;successful;;1030
1103166;703166;2024-05-22 17:48:56;СБП;successful;;7257
1103167;703167;2024-05-22 16:30:43;Рассрочка;successful;;35661
1103168;703168;2024-05-22 17:04:08;СБП;successful;;81711
1103169;703169;2024-05-22 17:16:30;Банковская карта;successful;;25637
1103170;703170;2024-05-22 20:47:16;Банковская карта;successful;;28080
1103171;703171;2024-05-23 16:01:01;Банковская карта;successful;;20580
1103172;703172;2024-05-23 20:19:05;Наличными при получении;successful;;1835
1103173;703173;2024-05-23 20:52:39;Банковская карта;successful;;1567
1103174;703174;2024-05-23 21:18:43;Наличными при получении;successful;;77391
1103175;703175;2024-05-23 17:47:58;СБП;successful;;28990
1103176;703176;2024-05-23 20:00:01;ЮMoney;failed;Пользователь отменил оплату;2990
1103177;703177;2024-05-23 21:31:06;Наличными при получении;successful;;62471
1103178;703178;2024-05-23 17:54:13;Банковская карта;successful;;81952
1103179;703179;2024-05-23 15:33:32;Банковская карта;successful;;21176
1103180;703180;2024-05-23 15:39:17;Рассрочка;failed;Отклонено банком;5775
1103181;703181;2024-05-23 15:52:44;Рассрочка;successful;;13340
1103182;703182;2024-05-23 21:21:34;СБП;successful;;5790
1103183;703183;2024-05-23 14:11:18;Банковская карта;successful;;93134
1103184;703184;2024-05-23 13:09:34;Банковская карта;successful;;8790
1103185;703185;2024-05-23 08:18:53;СБП;successful;;69257
1103186;703186;2024-05-23 17:33:43;Банковская карта;successful;;22650
1103187;703187;2024-05-23 11:27:59;Банковская карта;successful;;1149
1103188;703188;2024-05-23 19:35:45;Банковская карта;successful;;51480
1103189;703189;2024-05-23 12:24:24;Банковская карта;failed;Недостаточно средств;47106
1103190;703190;2024-05-24 12:17:59;Наличными при получении;successful;;3526
1103191;703191;2024-05-24 15:34:34;Банковская карта;successful;;5837
1103192;703192;2024-05-24 18:26:46;Наличными при получении;successful;;51391
1103193;703193;2024-05-24 16:59:39;Банковская карта;successful;;4490
1103194;703194;2024-05-24 19:12:59;Банковская карта;successful;;3580
1103195;703195;2024-05-24 11:32:14;Банковская карта;successful;;7440
1103196;703196;2024-05-24 18:27:21;Банковская карта;failed;Ошибка платёжного шлюза;25431
1103197;703197;2024-05-24 16:29:50;СБП;successful;;57480
1103198;703198;2024-05-24 15:33:10;Банковская карта;successful;;118670
1103199;703199;2024-05-24 13:08:50;СБП;successful;;57542
1103200;703200;2024-05-24 15:04:21;Банковская карта;successful;;23313
1103201;703201;2024-05-24 12:08:25;СБП;successful;;31025
1103202;703202;2024-05-24 16:21:34;СБП;successful;;17686
1103203;703203;2024-05-24 20:35:01;СБП;successful;;25440
1103204;703204;2024-05-24 14:11:04;Банковская карта;successful;;6239
1103205;703205;2024-05-24 15:18:38;Банковская карта;successful;;23017
1103206;703206;2024-05-24 14:57:26;Банковская карта;successful;;2871
1103207;703207;2024-05-24 20:51:34;Банковская карта;refunded;;7567
1103208;703208;2024-05-24 13:10:01;Банковская карта;successful;;18517
1103209;703209;2024-05-24 11:59:30;Банковская карта;successful;;70835
1103210;703210;2024-05-25 15:10:47;Рассрочка;failed;Пользователь отменил оплату;10501
1103211;703211;2024-05-25 18:58:49;Банковская карта;successful;;61050
1103212;703212;2024-05-25 15:31:17;Банковская карта;successful;;8235
1103213;703213;2024-05-25 17:51:03;Банковская карта;successful;;10130
1103214;703214;2024-05-25 16:25:44;Наличными при получении;successful;;4157
1103215;703215;2024-05-25 18:45:10;Банковская карта;successful;;33871
1103216;703216;2024-05-25 21:57:02;Банковская карта;successful;;35490
1103217;703217;2024-05-25 21:05:12;Банковская карта;successful;;1348
1103218;703218;2024-05-25 17:14:27;Банковская карта;successful;;49445
1103219;703219;2024-05-25 15:06:59;Банковская карта;successful;;50057
1103220;703220;2024-05-25 14:34:58;Банковская карта;successful;;13290
1103221;703221;2024-05-25 17:26:37;СБП;successful;;4629
1103222;703222;2024-05-25 10:53:08;Банковская карта;successful;;34240
1103223;703223;2024-05-25 19:48:54;Банковская карта;successful;;7257
1103224;703224;2024-05-25 15:34:53;Рассрочка;failed;Ошибка платёжного шлюза;23391
1103225;703225;2024-05-25 11:37:41;Банковская карта;successful;;3915
1103226;703226;2024-05-25 13:19:45;Наличными при получении;successful;;3891
1103227;703227;2024-05-25 22:12:22;Банковская карта;successful;;6957
1103228;703228;2024-05-25 10:10:51;СБП;successful;;22019
1103229;703229;2024-05-25 12:58:13;СБП;successful;;18345
1103230;703230;2024-05-25 12:45:58;СБП;successful;;160721
1103231;703231;2024-05-25 11:46:46;Банковская карта;successful;;35090
1103232;703232;2024-05-25 21:25:32;СБП;successful;;70480
1103233;703233;2024-05-25 10:35:26;Банковская карта;successful;;52942
1103234;703234;2024-05-25 22:52:42;Банковская карта;successful;;33716
1103235;703235;2024-05-25 23:37:57;СБП;successful;;92207
1103236;703236;2024-05-25 10:32:23;СБП;successful;;18345
1103237;703237;2024-05-25 15:09:46;Банковская карта;successful;;510
1103238;703238;2024-05-25 18:06:43;Наличными при получении;successful;;44770
1103239;703239;2024-05-25 20:57:34;Рассрочка;failed;Пользователь отменил оплату;4110
1103240;703240;2024-05-25 16:53:27;СБП;successful;;1835
1103241;703241;2024-05-25 11:09:45;Рассрочка;successful;;48752
1103242;703242;2024-05-26 12:13:56;СБП;successful;;60277
1103243;703243;2024-05-26 18:57:18;Банковская карта;successful;;40380
1103244;703244;2024-05-26 19:00:06;Банковская карта;successful;;23740
1103245;703245;2024-05-26 09:56:04;Рассрочка;successful;;1090
1103246;703246;2024-05-26 22:42:51;СБП;successful;;85828
1103247;703247;2024-05-26 22:42:09;СБП;refunded;Заказ отменён клиентом после оплаты;27345
1103248;703248;2024-05-26 19:56:47;Банковская карта;successful;;39490
1103249;703249;2024-05-26 17:44:33;ЮMoney;successful;;23716
1103250;703250;2024-05-26 18:50:28;Наличными при получении;successful;;35139
1103251;703251;2024-05-26 13:21:03;Банковская карта;successful;;11760
1103252;703252;2024-05-26 20:51:43;Банковская карта;successful;;6155
1103253;703253;2024-05-26 11:17:13;Рассрочка;successful;;8720
1103254;703254;2024-05-26 20:57:36;СБП;successful;;11567
1103255;703255;2024-05-26 17:24:13;Рассрочка;failed;Ошибка платёжного шлюза;7345
1103256;703256;2024-05-26 15:40:40;Наличными при получении;failed;Недостаточно средств;87180
1103257;703257;2024-05-26 21:28:55;Банковская карта;successful;;30580
1103258;703258;2024-05-26 21:02:18;СБП;failed;Отклонено банком;4631
1103259;703259;2024-05-26 23:50:32;Банковская карта;successful;;41600
1103260;703260;2024-05-26 20:32:08;Банковская карта;successful;;29492
1103261;703261;2024-05-26 21:44:35;Банковская карта;successful;;82990
1103262;703262;2024-05-26 21:58:23;Банковская карта;successful;;21242
1103263;703263;2024-05-26 22:42:15;Банковская карта;successful;;3875
1103264;703264;2024-05-26 13:25:01;Банковская карта;successful;;1731
1103265;703265;2024-05-26 20:28:42;ЮMoney;successful;;27480
1103266;703266;2024-05-27 18:29:17;ЮMoney;successful;;25835
1103267;703267;2024-05-27 19:02:38;Банковская карта;successful;;32839
1103268;703268;2024-05-27 13:21:43;Банковская карта;successful;;43500
1103269;703269;2024-05-27 13:56:42;Банковская карта;successful;;17850
1103270;703270;2024-05-27 16:16:38;Банковская карта;refunded;;3461
1103271;703271;2024-05-27 12:48:17;Банковская карта;failed;Недостаточно средств;68450
1103272;703272;2024-05-27 16:24:52;Банковская карта;successful;;3057
1103273;703273;2024-05-27 18:00:31;СБП;refunded;;22990
1103274;703274;2024-05-27 10:20:16;Рассрочка;successful;;69931
1103275;703275;2024-05-27 11:31:02;СБП;successful;;1791
1103276;703276;2024-05-27 20:29:23;Наличными при получении;successful;;1900
1103277;703277;2024-05-27 23:06:49;Банковская карта;successful;;36345
1103278;703278;2024-05-27 17:41:26;СБП;successful;;29801
1103279;703279;2024-05-27 14:31:44;Банковская карта;successful;;1045
1103280;703280;2024-05-27 16:26:51;СБП;successful;;2790
1103281;703281;2024-05-27 12:17:01;Банковская карта;successful;;20472
1103282;703282;2024-05-27 14:42:26;ЮMoney;successful;;66280
1103283;703283;2024-05-27 10:47:53;ЮMoney;successful;;19390
1103284;703284;2024-05-27 18:52:21;Банковская карта;successful;;6425
1103285;703285;2024-05-27 21:49:36;Банковская карта;successful;;62415
1103286;703286;2024-05-27 16:16:36;СБП;successful;;6984
1103287;703287;2024-05-27 14:45:29;Банковская карта;successful;;82753
1103288;703288;2024-05-27 19:39:38;Банковская карта;successful;;63861
1103289;703289;2024-05-27 23:00:47;СБП;failed;Ошибка платёжного шлюза;34490
1103290;703290;2024-05-27 22:34:47;СБП;successful;;14380
1103291;703291;2024-05-28 00:06:47;Рассрочка;successful;;65035
1103292;703292;2024-05-27 16:22:54;Банковская карта;successful;;1735
1103293;703293;2024-05-28 15:03:27;Банковская карта;successful;;20986
1103294;703294;2024-05-28 13:45:17;СБП;successful;;35117
1103295;703295;2024-05-28 18:50:46;ЮMoney;failed;Недостаточно средств;56930
1103296;703296;2024-05-28 08:21:30;ЮMoney;successful;;17680
1103297;703297;2024-05-28 15:05:21;Банковская карта;successful;;41580
1103298;703298;2024-05-28 19:38:02;Банковская карта;successful;;62640
1103299;703299;2024-05-28 16:03:33;Банковская карта;successful;;46313
1103300;703300;2024-05-28 13:34:27;Банковская карта;successful;;7265
1103301;703301;2024-05-28 09:50:06;СБП;failed;Недостаточно средств;6803
1103302;703302;2024-05-28 13:47:29;Банковская карта;successful;;50373
1103303;703303;2024-05-28 16:19:53;Наличными при получении;successful;;22885
1103304;703304;2024-05-28 14:39:08;Банковская карта;successful;;3134
1103305;703305;2024-05-28 14:36:41;СБП;successful;;1441
1103306;703306;2024-05-28 17:25:45;СБП;successful;;36380
1103307;703307;2024-05-28 21:23:55;СБП;successful;;19157
1103308;703308;2024-05-28 16:01:15;Банковская карта;refunded;;24094
1103309;703309;2024-05-28 16:14:07;Банковская карта;successful;;953
1103310;703310;2024-05-28 16:48:50;Банковская карта;failed;Ошибка платёжного шлюза;50580
1103311;703311;2024-05-28 14:34:07;Рассрочка;failed;Отклонено банком;6940
1103312;703312;2024-05-28 08:14:57;СБП;successful;;18526
1103313;703313;2024-05-28 12:36:25;Банковская карта;successful;;12806
1103314;703314;2024-05-28 18:04:12;СБП;successful;;33578
1103315;703315;2024-05-28 15:08:58;СБП;successful;;14586
1103316;703316;2024-05-28 11:19:05;СБП;successful;;19155
1103317;703317;2024-05-28 18:13:20;Рассрочка;failed;Недостаточно средств;10580
1103318;703318;2024-05-28 15:03:59;Банковская карта;successful;;4455
1103319;703319;2024-05-28 13:46:26;СБП;successful;;23600
1103320;703320;2024-05-28 16:42:46;Банковская карта;failed;Пользователь отменил оплату;24940
1103321;703321;2024-05-28 20:03:49;Банковская карта;successful;;1053
1103322;703322;2024-05-28 19:40:37;Наличными при получении;successful;;4110
1103323;703323;2024-05-28 13:27:03;Банковская карта;successful;;50680
1103324;703324;2024-05-28 12:02:37;Банковская карта;successful;;5980
1103325;703325;2024-05-29 18:22:24;СБП;refunded;Заказ отменён клиентом после оплаты;6239
1103326;703326;2024-05-29 13:36:51;Банковская карта;successful;;50061
1103327;703327;2024-05-29 18:23:21;СБП;successful;;59280
1103328;703328;2024-05-29 18:17:05;Банковская карта;successful;;3090
1103329;703329;2024-05-29 18:32:40;Банковская карта;successful;;1381
1103330;703330;2024-05-29 16:03:45;Банковская карта;successful;;147140
1103331;703331;2024-05-29 19:46:04;ЮMoney;successful;;42240
1103332;703332;2024-05-29 12:10:36;СБП;successful;;51111
1103333;703333;2024-05-29 11:53:15;СБП;successful;;91780
1103334;703334;2024-05-29 23:41:21;Рассрочка;failed;Ошибка платёжного шлюза;21826
1103335;703335;2024-05-29 15:40:22;Банковская карта;successful;;103191
1103336;703336;2024-05-29 19:42:43;Банковская карта;successful;;2980
1103337;703337;2024-05-29 16:03:31;СБП;successful;;64990
1103338;703338;2024-05-29 15:16:31;СБП;successful;;1278
1103339;703339;2024-05-29 17:47:54;Банковская карта;successful;;76580
1103340;703340;2024-05-29 13:56:34;Наличными при получении;successful;;63495
1103341;703341;2024-05-29 08:51:49;Банковская карта;refunded;Заказ отменён клиентом после оплаты;4905
1103342;703342;2024-05-29 16:56:34;СБП;successful;;72561
1103343;703343;2024-05-29 19:14:38;Банковская карта;successful;;12957
1103344;703344;2024-05-29 23:03:01;Банковская карта;successful;;26590
1103345;703345;2024-05-29 21:26:58;Банковская карта;successful;;38187
1103346;703346;2024-05-29 22:23:45;СБП;successful;;69990
1103347;703347;2024-05-29 18:46:27;Наличными при получении;successful;;22886
1103348;703348;2024-05-29 15:01:18;Наличными при получении;failed;Отклонено банком;78345
1103349;703349;2024-05-29 19:25:48;Наличными при получении;successful;;110917
1103350;703350;2024-05-29 16:27:15;СБП;successful;;32345
1103351;703351;2024-05-30 21:01:34;СБП;successful;;1090
1103352;703352;2024-05-30 19:08:47;Наличными при получении;successful;;13628
1103353;703353;2024-05-30 10:47:24;СБП;successful;;28380
1103354;703354;2024-05-30 15:25:01;Банковская карта;successful;;7567
1103355;703355;2024-05-30 17:50:38;СБП;successful;;25990
1103356;703356;2024-05-30 15:37:25;Банковская карта;successful;;20780
1103357;703357;2024-05-30 17:52:21;Банковская карта;successful;;10510
1103358;703358;2024-05-30 14:13:19;Банковская карта;successful;;36615
1103359;703359;2024-05-30 18:19:26;Банковская карта;successful;;1861
1103360;703360;2024-05-30 17:51:33;Наличными при получении;successful;;44181
1103361;703361;2024-05-30 19:54:11;Банковская карта;successful;;1122
1103362;703362;2024-05-30 10:36:18;Банковская карта;successful;;8345
1103363;703363;2024-05-30 18:49:11;СБП;successful;;2155
1103364;703364;2024-05-30 19:37:59;Наличными при получении;successful;;41935
1103365;703365;2024-05-30 14:16:25;СБП;refunded;;8101
1103366;703366;2024-05-30 16:13:24;СБП;successful;;1030
1103367;703367;2024-05-30 10:40:50;Банковская карта;successful;;68601
1103368;703368;2024-05-30 19:09:51;Наличными при получении;successful;;6345
1103369;703369;2024-05-30 18:49:33;Банковская карта;successful;;28990
1103370;703370;2024-05-31 12:55:01;ЮMoney;successful;;7880
1103371;703371;2024-05-31 17:24:14;СБП;successful;;71399
1103372;703372;2024-05-31 10:59:14;Банковская карта;successful;;4380
1103373;703373;2024-05-31 18:46:04;Банковская карта;successful;;24975
1103374;703374;2024-05-31 18:22:12;Рассрочка;successful;;68783
1103375;703375;2024-05-31 14:53:04;ЮMoney;successful;;35052
1103376;703376;2024-05-31 17:26:31;Наличными при получении;successful;;1701
1103377;703377;2024-05-31 22:59:25;СБП;successful;;17377
1103378;703378;2024-05-31 13:04:05;Банковская карта;successful;;125045
1103379;703379;2024-05-31 17:59:09;Рассрочка;failed;Недостаточно средств;1795
1103380;703380;2024-05-31 13:53:34;Рассрочка;successful;;77700
1103381;703381;2024-05-31 13:36:57;ЮMoney;successful;;39567
1103382;703382;2024-05-31 19:02:48;ЮMoney;successful;;3081
1103383;703383;2024-05-31 11:30:46;ЮMoney;successful;;36186
1103384;703384;2024-05-31 14:53:19;Банковская карта;failed;Отклонено банком;50400
1103385;703385;2024-05-31 21:41:40;СБП;successful;;2420
1103386;703386;2024-05-31 23:34:29;Банковская карта;successful;;18800
1103387;703387;2024-05-31 10:40:32;Наличными при получении;successful;;54863
1103388;703388;2024-05-31 18:14:25;Банковская карта;failed;Отклонено банком;34751
1103389;703389;2024-05-31 18:58:39;Рассрочка;successful;;4294
1103390;703390;2024-06-01 12:47:15;Банковская карта;failed;Пользователь отменил оплату;26130
1103391;703391;2024-06-01 20:51:08;СБП;successful;;4080
1103392;703392;2024-06-01 17:12:18;Банковская карта;successful;;26481
1103393;703393;2024-06-01 20:58:38;Банковская карта;successful;;4491
1103394;703394;2024-06-01 23:04:39;ЮMoney;failed;Отклонено банком;46830
1103395;703395;2024-06-01 12:04:23;Банковская карта;successful;;40935
1103396;703396;2024-06-01 15:18:10;СБП;successful;;117071
1103397;703397;2024-06-01 15:08:39;Банковская карта;successful;;60231
1103398;703398;2024-06-01 18:51:59;Банковская карта;successful;;32970
1103399;703399;2024-06-01 13:16:29;Банковская карта;successful;;55735
1103400;703400;2024-06-01 22:35:30;Банковская карта;successful;;18081
1103401;703401;2024-06-01 19:18:52;Наличными при получении;refunded;Заказ отменён клиентом после оплаты;18181
1103402;703402;2024-06-01 13:52:00;Банковская карта;successful;;141156
1103403;703403;2024-06-01 22:38:01;Рассрочка;successful;;28840
1103404;703404;2024-06-01 16:10:33;Банковская карта;successful;;63874
1103405;703405;2024-06-01 12:32:34;СБП;successful;;1239
1103406;703406;2024-06-01 14:02:40;Наличными при получении;successful;;50157
1103407;703407;2024-06-01 18:08:41;Банковская карта;successful;;35940
1103408;703408;2024-06-01 19:24:49;Банковская карта;successful;;7371
1103409;703409;2024-06-01 16:21:13;Банковская карта;failed;Недостаточно средств;834
1103410;703410;2024-06-01 17:35:30;СБП;successful;;43047
1103411;703411;2024-06-01 13:51:44;Банковская карта;successful;;46191
1103412;703412;2024-06-01 18:51:32;Рассрочка;successful;;36955
1103413;703413;2024-06-01 19:15:42;Банковская карта;successful;;62201
1103414;703414;2024-06-01 13:34:07;СБП;successful;;12115
1103415;703415;2024-06-01 12:20:23;Банковская карта;successful;;18180
1103416;703416;2024-06-01 21:56:49;Банковская карта;successful;;33557
1103417;703417;2024-06-01 13:28:16;Наличными при получении;successful;;122136
1103418;703418;2024-06-01 23:12:08;Наличными при получении;successful;;981
1103419;703419;2024-06-01 20:43:10;СБП;successful;;5057
1103420;703420;2024-06-01 18:19:54;Банковская карта;successful;;37979
1103421;703421;2024-06-01 17:38:02;СБП;successful;;39035
1103422;703422;2024-06-02 10:48:49;Банковская карта;failed;Недостаточно средств;32761
1103423;703423;2024-06-02 11:50:40;Банковская карта;successful;;8540
1103424;703424;2024-06-03 00:07:31;Банковская карта;successful;;7647
1103425;703425;2024-06-02 17:59:59;СБП;failed;Недостаточно средств;1348
1103426;703426;2024-06-02 18:09:08;СБП;successful;;5080
1103427;703427;2024-06-02 10:05:42;Банковская карта;refunded;Заказ отменён клиентом после оплаты;66421
1103428;703428;2024-06-02 17:11:30;СБП;successful;;4276
1103429;703429;2024-06-02 14:23:46;СБП;successful;;17601
1103430;703430;2024-06-02 13:04:17;Банковская карта;successful;;64567
1103431;703431;2024-06-02 19:26:54;СБП;successful;;34175
1103432;703432;2024-06-02 11:55:37;Банковская карта;successful;;6567
1103433;703433;2024-06-02 10:17:05;СБП;successful;;40595
1103434;703434;2024-06-02 17:44:34;Банковская карта;successful;;30216
1103435;703435;2024-06-02 15:46:43;СБП;successful;;86916
1103436;703436;2024-06-02 13:27:01;Банковская карта;successful;;8280
1103437;703437;2024-06-02 20:52:35;Банковская карта;successful;;15655
1103438;703438;2024-06-02 17:09:27;Банковская карта;failed;Пользователь отменил оплату;43326
1103439;703439;2024-06-02 11:13:27;СБП;successful;;43990
1103440;703440;2024-06-02 21:14:51;СБП;successful;;18481
1103441;703441;2024-06-02 21:35:43;Банковская карта;failed;Ошибка платёжного шлюза;2781
1103442;703442;2024-06-02 13:16:41;Банковская карта;successful;;121686
1103443;703443;2024-06-02 18:59:41;СБП;successful;;129658
1103444;703444;2024-06-02 21:52:08;Банковская карта;successful;;26556
1103445;703445;2024-06-02 11:46:01;Банковская карта;successful;;126180
1103446;703446;2024-06-02 12:20:42;Рассрочка;successful;;2778
1103447;703447;2024-06-02 20:39:24;Наличными при получении;successful;;17981
1103448;703448;2024-06-02 23:40:33;Наличными при получении;successful;;111035
1103449;703449;2024-06-02 14:40:32;Наличными при получении;successful;;128490
1103450;703450;2024-06-02 15:18:26;Банковская карта;refunded;;2019
1103451;703451;2024-06-02 23:50:17;Банковская карта;successful;;70030
1103452;703452;2024-06-02 10:24:26;Банковская карта;successful;;11005
1103453;703453;2024-06-02 09:19:55;СБП;successful;;47414
1103454;703454;2024-06-03 13:25:06;СБП;successful;;3835
1103455;703455;2024-06-03 13:44:42;Наличными при получении;successful;;2699
1103456;703456;2024-06-03 09:27:22;Банковская карта;failed;Недостаточно средств;68811
1103457;703457;2024-06-03 09:34:53;Наличными при получении;successful;;20443
1103458;703458;2024-06-03 12:57:59;ЮMoney;successful;;557
1103459;703459;2024-06-03 14:16:16;СБП;successful;;27490
1103460;703460;2024-06-03 14:10:03;Банковская карта;successful;;45380
1103461;703461;2024-06-03 16:54:11;Банковская карта;successful;;43216
1103462;703462;2024-06-03 15:29:19;Банковская карта;successful;;72345
1103463;703463;2024-06-03 18:23:42;Банковская карта;successful;;85280
1103464;703464;2024-06-03 15:46:08;Банковская карта;successful;;2735
1103465;703465;2024-06-03 14:01:29;Наличными при получении;successful;;40557
1103466;703466;2024-06-03 12:01:06;Банковская карта;successful;;22035
1103467;703467;2024-06-03 19:27:24;ЮMoney;successful;;3191
1103468;703468;2024-06-03 20:26:36;Банковская карта;successful;;2567
1103469;703469;2024-06-03 17:09:45;Рассрочка;successful;;30812
1103470;703470;2024-06-03 15:28:31;Банковская карта;successful;;87417
1103471;703471;2024-06-03 14:49:24;СБП;successful;;34866
1103472;703472;2024-06-03 17:29:44;ЮMoney;successful;;63236
1103473;703473;2024-06-03 12:25:23;Банковская карта;successful;;78490
1103474;703474;2024-06-03 19:15:24;Банковская карта;successful;;5664
1103475;703475;2024-06-03 16:45:26;Наличными при получении;successful;;10211
1103476;703476;2024-06-03 16:44:53;Наличными при получении;successful;;17300
1103477;703477;2024-06-03 17:19:18;Рассрочка;successful;;112280
1103478;703478;2024-06-03 17:26:08;Банковская карта;successful;;17206
1103479;703479;2024-06-03 14:15:45;СБП;successful;;86665
1103480;703480;2024-06-04 16:20:20;СБП;successful;;4789
1103481;703481;2024-06-04 19:09:31;Банковская карта;successful;;28080
1103482;703482;2024-06-04 15:29:32;Банковская карта;successful;;156958
1103483;703483;2024-06-04 21:14:50;Наличными при получении;successful;;73567
1103484;703484;2024-06-04 18:07:54;Банковская карта;successful;;75482
1103485;703485;2024-06-04 13:48:36;Рассрочка;successful;;24419
1103486;703486;2024-06-04 19:05:10;СБП;successful;;64490
1103487;703487;2024-06-04 15:23:37;Банковская карта;successful;;46080
1103488;703488;2024-06-04 21:24:47;Банковская карта;successful;;13090
1103489;703489;2024-06-04 16:27:09;СБП;successful;;65456
1103490;703490;2024-06-04 22:35:40;Банковская карта;successful;;19571
1103491;703491;2024-06-04 14:27:47;Банковская карта;successful;;88260
1103492;703492;2024-06-04 13:59:33;ЮMoney;successful;;35117
1103493;703493;2024-06-04 16:49:10;Наличными при получении;successful;;2480
1103494;703494;2024-06-04 16:06:18;Банковская карта;successful;;2990
1103495;703495;2024-06-04 10:24:36;Банковская карта;successful;;854
1103496;703496;2024-06-04 18:08:12;Банковская карта;successful;;61296
1103497;703497;2024-06-04 23:48:28;Наличными при получении;successful;;24861
1103498;703498;2024-06-04 15:12:57;Наличными при получении;successful;;862
1103499;703499;2024-06-04 10:29:12;Банковская карта;successful;;5180
1103500;703500;2024-06-04 10:09:44;СБП;successful;;40789
1103501;703501;2024-06-04 21:46:30;Банковская карта;successful;;85567
1103502;703502;2024-06-05 18:32:02;СБП;successful;;39790
1103503;703503;2024-06-05 23:32:26;Рассрочка;successful;;65567
1103504;703504;2024-06-05 23:40:21;СБП;successful;;11990
1103505;703505;2024-06-05 18:02:49;Банковская карта;successful;;2000
1103506;703506;2024-06-05 14:07:53;Банковская карта;successful;;4555
1103507;703507;2024-06-05 17:57:28;Банковская карта;successful;;19005
1103508;703508;2024-06-05 20:12:35;Банковская карта;successful;;27500
1103509;703509;2024-06-05 18:11:23;Рассрочка;successful;;32261
1103510;703510;2024-06-05 17:40:11;Рассрочка;successful;;20470
1103511;703511;2024-06-05 21:42:29;Банковская карта;successful;;1879
1103512;703512;2024-06-05 15:02:29;СБП;successful;;2735
1103513;703513;2024-06-05 17:35:27;СБП;successful;;77590
1103514;703514;2024-06-05 19:16:29;Банковская карта;successful;;78567
1103515;703515;2024-06-05 15:51:53;Наличными при получении;successful;;7656
1103516;703516;2024-06-05 21:03:05;Банковская карта;successful;;23131
1103517;703517;2024-06-05 17:17:19;Банковская карта;successful;;36280
1103518;703518;2024-06-05 18:18:44;Наличными при получении;refunded;;4470
1103519;703519;2024-06-05 11:26:38;СБП;successful;;75025
1103520;703520;2024-06-05 11:15:46;Банковская карта;successful;;63324
1103521;703521;2024-06-05 22:52:49;Банковская карта;successful;;22451
1103522;703522;2024-06-05 09:25:27;Банковская карта;successful;;13535
1103523;703523;2024-06-05 10:50:19;СБП;successful;;37567
1103524;703524;2024-06-05 21:01:53;Банковская карта;successful;;42090
1103525;703525;2024-06-05 19:09:32;Банковская карта;successful;;54234
1103526;703526;2024-06-05 10:15:47;СБП;failed;Пользователь отменил оплату;14557
1103527;703527;2024-06-05 09:39:11;Рассрочка;failed;Отклонено банком;1835
1103528;703528;2024-06-05 20:00:53;Банковская карта;successful;;1768
1103529;703529;2024-06-05 15:23:10;СБП;successful;;36380
1103530;703530;2024-06-05 18:16:56;Банковская карта;successful;;18768
1103531;703531;2024-06-05 21:23:43;Банковская карта;successful;;5480
1103532;703532;2024-06-06 22:34:28;СБП;successful;;69680
1103533;703533;2024-06-06 21:46:32;СБП;successful;;3394
1103534;703534;2024-06-06 17:42:24;Рассрочка;refunded;Заказ отменён клиентом после оплаты;667
1103535;703535;2024-06-06 18:07:02;СБП;successful;;5045
1103536;703536;2024-06-06 09:45:47;Банковская карта;successful;;18345
1103537;703537;2024-06-06 17:32:15;Банковская карта;successful;;1345
1103538;703538;2024-06-06 15:23:52;Банковская карта;successful;;24090
1103539;703539;2024-06-06 18:12:58;Банковская карта;successful;;21695
1103540;703540;2024-06-06 21:19:30;Банковская карта;successful;;18197
1103541;703541;2024-06-06 09:11:34;СБП;successful;;45900
1103542;703542;2024-06-06 14:13:12;СБП;successful;;46410
1103543;703543;2024-06-06 21:48:50;Банковская карта;successful;;1990
1103544;703544;2024-06-06 10:52:35;Банковская карта;successful;;1820
1103545;703545;2024-06-06 11:26:29;Банковская карта;successful;;65767
1103546;703546;2024-06-06 19:33:24;Банковская карта;successful;;41835
1103547;703547;2024-06-06 21:39:23;Банковская карта;refunded;Заказ отменён клиентом после оплаты;1507
1103548;703548;2024-06-06 15:44:44;Банковская карта;successful;;13872
1103549;703549;2024-06-06 20:51:20;СБП;successful;;14640
1103550;703550;2024-06-06 19:48:12;Банковская карта;successful;;19340
1103551;703551;2024-06-06 09:07:04;СБП;failed;Ошибка платёжного шлюза;26356
1103552;703552;2024-06-06 17:14:25;СБП;successful;;7567
1103553;703553;2024-06-07 11:26:51;СБП;successful;;5230
1103554;703554;2024-06-07 17:04:49;Наличными при получении;successful;;43591
1103555;703555;2024-06-07 12:11:02;Банковская карта;successful;;6881
1103556;703556;2024-06-07 20:02:52;Банковская карта;successful;;31580
1103557;703557;2024-06-07 14:21:04;СБП;successful;;7490
1103558;703558;2024-06-07 20:50:11;Наличными при получении;successful;;2567
1103559;703559;2024-06-07 12:05:31;СБП;successful;;156633
1103560;703560;2024-06-07 17:37:59;Банковская карта;successful;;31218
1103561;703561;2024-06-07 21:19:44;Банковская карта;successful;;1291
1103562;703562;2024-06-07 23:06:35;Банковская карта;successful;;62337
1103563;703563;2024-06-07 18:55:24;Банковская карта;successful;;32560
1103564;703564;2024-06-07 13:23:10;СБП;successful;;67567
1103565;703565;2024-06-07 14:36:11;Наличными при получении;successful;;14980
1103566;703566;2024-06-07 12:36:40;Банковская карта;successful;;62160
1103567;703567;2024-06-07 20:34:49;Банковская карта;successful;;69117
1103568;703568;2024-06-07 11:32:28;СБП;successful;;4550
1103569;703569;2024-06-07 12:37:07;Банковская карта;successful;;34057
1103570;703570;2024-06-07 18:36:52;СБП;successful;;16701
1103571;703571;2024-06-07 08:44:17;СБП;failed;Отклонено банком;39206
1103572;703572;2024-06-07 20:04:05;Банковская карта;successful;;6811
1103573;703573;2024-06-07 15:04:50;Банковская карта;successful;;5307
1103574;703574;2024-06-07 15:03:32;Банковская карта;successful;;2426
1103575;703575;2024-06-07 19:07:13;Банковская карта;successful;;5280
1103576;703576;2024-06-07 15:47:54;Рассрочка;failed;Недостаточно средств;20390
1103577;703577;2024-06-07 16:09:00;СБП;successful;;47326
1103578;703578;2024-06-07 16:53:10;СБП;successful;;25480
1103579;703579;2024-06-07 17:12:25;СБП;successful;;160937
1103580;703580;2024-06-07 10:22:01;Банковская карта;successful;;89340
1103581;703581;2024-06-07 22:15:29;СБП;successful;;38328
1103582;703582;2024-06-07 16:21:17;СБП;successful;;24990
1103583;703583;2024-06-07 18:50:53;Наличными при получении;successful;;28680
1103584;703584;2024-06-07 15:07:30;СБП;successful;;38220
1103585;703585;2024-06-07 13:51:43;Банковская карта;failed;Пользователь отменил оплату;4905
1103586;703586;2024-06-07 13:47:48;Банковская карта;successful;;3424
1103587;703587;2024-06-07 15:29:27;СБП;successful;;11917
1103588;703588;2024-06-08 13:56:24;Наличными при получении;successful;;41840
1103589;703589;2024-06-08 13:54:22;Наличными при получении;successful;;8677
1103590;703590;2024-06-08 18:00:35;Банковская карта;refunded;;49790
1103591;703591;2024-06-08 16:27:11;Рассрочка;successful;;2624
1103592;703592;2024-06-08 14:06:26;Рассрочка;successful;;4845
1103593;703593;2024-06-08 13:57:40;Наличными при получении;successful;;21911
1103594;703594;2024-06-08 14:40:58;Банковская карта;refunded;;49892
1103595;703595;2024-06-08 14:52:33;Наличными при получении;successful;;7567
1103596;703596;2024-06-08 19:54:08;Наличными при получении;successful;;37362
1103597;703597;2024-06-08 21:07:17;Банковская карта;successful;;95296
1103598;703598;2024-06-08 16:11:27;Банковская карта;successful;;61339
1103599;703599;2024-06-08 18:43:16;Банковская карта;successful;;25567
1103600;703600;2024-06-08 19:29:26;Банковская карта;successful;;36935
1103601;703601;2024-06-08 10:29:07;Банковская карта;successful;;109490
1103602;703602;2024-06-08 15:49:00;Банковская карта;successful;;58273
1103603;703603;2024-06-08 20:07:35;Рассрочка;successful;;5580
1103604;703604;2024-06-08 18:02:02;Банковская карта;failed;Отклонено банком;1580
1103605;703605;2024-06-08 21:34:17;СБП;failed;Недостаточно средств;8440
1103606;703606;2024-06-08 14:05:11;Банковская карта;successful;;4041
1103607;703607;2024-06-08 09:56:41;Банковская карта;successful;;21934
1103608;703608;2024-06-08 18:48:10;Банковская карта;failed;Недостаточно средств;50021
1103609;703609;2024-06-08 19:36:08;Рассрочка;successful;;74090
1103610;703610;2024-06-08 21:39:04;Рассрочка;successful;;18580
1103611;703611;2024-06-08 09:05:20;СБП;successful;;21935
1103612;703612;2024-06-08 23:21:26;Банковская карта;successful;;43454
1103613;703613;2024-06-09 12:21:16;Рассрочка;successful;;6567
1103614;703614;2024-06-09 22:52:33;Банковская карта;successful;;49935
1103615;703615;2024-06-09 18:59:02;СБП;successful;;4745
1103616;703616;2024-06-09 17:52:25;ЮMoney;successful;;19916
1103617;703617;2024-06-09 15:37:29;СБП;successful;;12035
1103618;703618;2024-06-09 17:18:43;Наличными при получении;successful;;2345
1103619;703619;2024-06-09 12:53:09;Банковская карта;successful;;131328
1103620;703620;2024-06-09 15:42:50;СБП;successful;;1057
1103621;703621;2024-06-09 23:01:06;Банковская карта;successful;;4780
1103622;703622;2024-06-09 20:27:30;Банковская карта;successful;;2980
1103623;703623;2024-06-09 17:26:26;Банковская карта;failed;Отклонено банком;26961
1103624;703624;2024-06-09 14:03:26;Банковская карта;successful;;41350
1103625;703625;2024-06-09 17:00:26;Банковская карта;successful;;1233
1103626;703626;2024-06-09 14:55:59;Банковская карта;successful;;557
1103627;703627;2024-06-09 16:00:47;Банковская карта;successful;;2181
1103628;703628;2024-06-09 22:10:54;СБП;successful;;3957
1103629;703629;2024-06-09 10:50:03;Рассрочка;successful;;41919
1103630;703630;2024-06-09 17:08:48;Банковская карта;successful;;68321
1103631;703631;2024-06-09 10:32:18;Рассрочка;successful;;27530
1103632;703632;2024-06-09 12:52:07;ЮMoney;successful;;10435
1103633;703633;2024-06-09 12:08:08;Рассрочка;successful;;35801
1103634;703634;2024-06-09 12:15:55;ЮMoney;successful;;1857
1103635;703635;2024-06-09 11:23:43;Рассрочка;successful;;3111
1103636;703636;2024-06-09 19:42:27;СБП;successful;;28120
1103637;703637;2024-06-09 19:53:25;Банковская карта;successful;;21380
1103638;703638;2024-06-09 20:34:24;Банковская карта;successful;;28200
1103639;703639;2024-06-09 14:31:11;Банковская карта;successful;;22025
1103640;703640;2024-06-09 14:21:49;Наличными при получении;successful;;1368
1103641;703641;2024-06-10 20:49:40;Банковская карта;failed;Отклонено банком;1141
1103642;703642;2024-06-10 17:09:57;Банковская карта;failed;Отклонено банком;8280
1103643;703643;2024-06-10 12:01:05;СБП;successful;;12081
1103644;703644;2024-06-10 15:19:19;Банковская карта;failed;Отклонено банком;25406
1103645;703645;2024-06-10 20:28:06;ЮMoney;successful;;713
1103646;703646;2024-06-10 11:04:48;Банковская карта;successful;;58830
1103647;703647;2024-06-10 12:27:53;СБП;successful;;22811
1103648;703648;2024-06-10 17:09:14;Банковская карта;successful;;66959
1103649;703649;2024-06-10 12:09:01;ЮMoney;successful;;65345
1103650;703650;2024-06-10 10:18:25;Банковская карта;successful;;42080
1103651;703651;2024-06-10 19:16:07;Наличными при получении;successful;;104041
1103652;703652;2024-06-10 09:22:15;СБП;successful;;35580
1103653;703653;2024-06-10 15:19:56;Банковская карта;successful;;131980
1103654;703654;2024-06-10 14:48:47;СБП;successful;;26021
1103655;703655;2024-06-10 14:49:21;Рассрочка;successful;;2280
1103656;703656;2024-06-10 17:25:57;Банковская карта;successful;;68580
1103657;703657;2024-06-10 19:04:23;Банковская карта;successful;;37538
1103658;703658;2024-06-10 20:45:15;Банковская карта;successful;;10725
1103659;703659;2024-06-10 22:57:09;Банковская карта;successful;;43022
1103660;703660;2024-06-10 08:39:05;Банковская карта;successful;;2417
1103661;703661;2024-06-10 21:02:19;Рассрочка;successful;;39735
1103662;703662;2024-06-10 11:52:12;Банковская карта;successful;;75614
1103663;703663;2024-06-10 19:46:52;Наличными при получении;successful;;22345
1103664;703664;2024-06-10 15:24:44;Банковская карта;successful;;31515
1103665;703665;2024-06-10 17:33:49;Рассрочка;successful;;33650
1103666;703666;2024-06-10 22:30:47;Банковская карта;successful;;78550
1103667;703667;2024-06-10 17:08:04;ЮMoney;failed;Пользователь отменил оплату;86912
1103668;703668;2024-06-11 22:45:07;СБП;successful;;7735
1103669;703669;2024-06-11 14:32:26;Банковская карта;successful;;41290
1103670;703670;2024-06-11 20:27:26;СБП;failed;Недостаточно средств;65199
1103671;703671;2024-06-11 09:37:52;Банковская карта;failed;Пользователь отменил оплату;58680
1103672;703672;2024-06-11 19:13:28;Наличными при получении;successful;;6090
1103673;703673;2024-06-11 14:12:13;Банковская карта;successful;;32294
1103674;703674;2024-06-11 18:48:44;СБП;failed;Пользователь отменил оплату;7189
1103675;703675;2024-06-11 15:50:27;Банковская карта;successful;;83080
1103676;703676;2024-06-11 16:44:23;Наличными при получении;successful;;36935
1103677;703677;2024-06-11 18:20:31;Банковская карта;successful;;34379
1103678;703678;2024-06-11 10:19:28;Банковская карта;successful;;29240
1103679;703679;2024-06-11 11:30:55;Рассрочка;successful;;70238
1103680;703680;2024-06-11 20:09:16;Банковская карта;successful;;14720
1103681;703681;2024-06-11 17:15:34;Банковская карта;successful;;100380
1103682;703682;2024-06-11 21:32:17;СБП;successful;;74790
1103683;703683;2024-06-11 13:26:53;Наличными при получении;successful;;49897
1103684;703684;2024-06-11 19:57:37;СБП;successful;;37381
1103685;703685;2024-06-11 11:51:51;Банковская карта;successful;;1768
1103686;703686;2024-06-11 19:34:38;Рассрочка;successful;;52164
1103687;703687;2024-06-11 13:36:50;СБП;successful;;22755
1103688;703688;2024-06-11 16:14:36;Банковская карта;refunded;Заказ отменён клиентом после оплаты;16729
1103689;703689;2024-06-11 12:43:05;ЮMoney;successful;;59171
1103690;703690;2024-06-11 14:01:24;Наличными при получении;successful;;52607
1103691;703691;2024-06-11 16:35:33;Банковская карта;successful;;24021
1103692;703692;2024-06-11 10:16:55;Наличными при получении;successful;;7490
1103693;703693;2024-06-11 16:26:17;Банковская карта;successful;;37157
1103694;703694;2024-06-11 11:47:56;СБП;successful;;18880
1103695;703695;2024-06-11 18:43:30;Банковская карта;successful;;1906
1103696;703696;2024-06-11 22:10:41;Банковская карта;failed;Недостаточно средств;88320
1103697;703697;2024-06-11 13:36:03;СБП;failed;Недостаточно средств;1111
1103698;703698;2024-06-11 15:03:11;Банковская карта;successful;;117161
1103699;703699;2024-06-11 18:15:03;СБП;successful;;22881
1103700;703700;2024-06-11 20:57:20;Банковская карта;successful;;1835
1103701;703701;2024-06-11 13:08:45;Банковская карта;successful;;42980
1103702;703702;2024-06-12 17:08:37;СБП;successful;;36680
1103703;703703;2024-06-12 21:13:35;СБП;failed;Недостаточно средств;39490
1103704;703704;2024-06-12 12:52:24;Банковская карта;successful;;1768
1103705;703705;2024-06-12 09:58:09;СБП;successful;;90798
1103706;703706;2024-06-12 13:10:50;Банковская карта;refunded;;1057
1103707;703707;2024-06-12 09:19:52;ЮMoney;successful;;48835
1103708;703708;2024-06-12 16:25:19;СБП;successful;;40228
1103709;703709;2024-06-12 20:41:27;Банковская карта;successful;;65569
1103710;703710;2024-06-12 18:22:14;СБП;successful;;38106
1103711;703711;2024-06-12 21:28:08;Банковская карта;successful;;51730
1103712;703712;2024-06-12 20:47:41;СБП;successful;;2180
1103713;703713;2024-06-12 20:57:13;СБП;successful;;28300
1103714;703714;2024-06-12 23:48:35;Банковская карта;successful;;8395
1103715;703715;2024-06-12 21:38:26;Банковская карта;successful;;40725
1103716;703716;2024-06-12 19:24:43;СБП;successful;;77170
1103717;703717;2024-06-12 14:15:55;Банковская карта;successful;;26770
1103718;703718;2024-06-12 12:46:13;Банковская карта;successful;;1439
1103719;703719;2024-06-12 13:16:34;Банковская карта;successful;;2520
1103720;703720;2024-06-12 15:20:41;СБП;successful;;7511
1103721;703721;2024-06-12 13:16:53;Банковская карта;failed;Ошибка платёжного шлюза;60741
1103722;703722;2024-06-12 12:40:43;Банковская карта;successful;;40085
1103723;703723;2024-06-12 23:15:01;Банковская карта;successful;;38367
1103724;703724;2024-06-12 20:15:29;Банковская карта;failed;Недостаточно средств;67881
1103725;703725;2024-06-12 20:48:41;Банковская карта;successful;;8567
1103726;703726;2024-06-12 21:35:21;Банковская карта;successful;;25080
1103727;703727;2024-06-12 12:47:17;СБП;successful;;33601
1103728;703728;2024-06-12 12:38:27;Банковская карта;successful;;3580
1103729;703729;2024-06-12 11:11:06;Банковская карта;successful;;25641
1103730;703730;2024-06-12 15:28:22;Банковская карта;successful;;8380
1103731;703731;2024-06-12 21:56:07;Банковская карта;successful;;568
1103732;703732;2024-06-13 18:57:23;Банковская карта;successful;;39171
1103733;703733;2024-06-13 16:23:34;Рассрочка;successful;;37868
1103734;703734;2024-06-13 16:20:28;Банковская карта;successful;;63621
1103735;703735;2024-06-13 20:42:35;Наличными при получении;successful;;5786
1103736;703736;2024-06-13 19:02:39;Банковская карта;successful;;23491
1103737;703737;2024-06-13 10:15:38;Наличными при получении;successful;;23090
1103738;703738;2024-06-13 15:36:27;СБП;failed;Отклонено банком;58561
1103739;703739;2024-06-13 21:24:09;Банковская карта;successful;;2790
1103740;703740;2024-06-13 16:48:37;Банковская карта;refunded;Заказ отменён клиентом после оплаты;40345
1103741;703741;2024-06-13 17:55:39;СБП;successful;;101411
1103742;703742;2024-06-13 19:32:37;Банковская карта;successful;;12945
1103743;703743;2024-06-13 10:37:25;Банковская карта;successful;;4345
1103744;703744;2024-06-13 18:24:12;СБП;successful;;1480
1103745;703745;2024-06-13 15:45:31;Банковская карта;successful;;10904
1103746;703746;2024-06-13 12:29:52;Наличными при получении;successful;;31302
1103747;703747;2024-06-13 18:35:40;Банковская карта;successful;;28378
1103748;703748;2024-06-13 16:04:15;Наличными при получении;successful;;100780
1103749;703749;2024-06-13 18:47:48;Рассрочка;successful;;1779
1103750;703750;2024-06-13 19:55:14;ЮMoney;successful;;45924
1103751;703751;2024-06-13 17:45:32;СБП;successful;;43990
1103752;703752;2024-06-14 13:13:54;Банковская карта;successful;;19567
1103753;703753;2024-06-14 14:29:58;Рассрочка;successful;;44811
1103754;703754;2024-06-14 16:26:00;Банковская карта;failed;Отклонено банком;1586
1103755;703755;2024-06-14 20:56:54;Банковская карта;successful;;2480
1103756;703756;2024-06-14 16:25:51;Рассрочка;successful;;3935
1103757;703757;2024-06-14 22:10:05;Банковская карта;successful;;7265
1103758;703758;2024-06-14 16:47:09;СБП;successful;;3090
1103759;703759;2024-06-14 16:38:39;Банковская карта;successful;;13057
1103760;703760;2024-06-14 18:24:56;СБП;failed;Недостаточно средств;10765
1103761;703761;2024-06-14 11:39:10;СБП;successful;;1990
1103762;703762;2024-06-14 16:03:19;Банковская карта;successful;;12801
1103763;703763;2024-06-14 19:14:39;СБП;successful;;47546
1103764;703764;2024-06-14 12:25:14;СБП;successful;;2061
1103765;703765;2024-06-14 15:46:13;Банковская карта;successful;;8616
1103766;703766;2024-06-14 21:57:09;Банковская карта;failed;Отклонено банком;72090
1103767;703767;2024-06-14 18:35:18;Банковская карта;successful;;26157
1103768;703768;2024-06-14 18:22:54;СБП;successful;;44790
1103769;703769;2024-06-14 12:45:26;Рассрочка;successful;;18905
1103770;703770;2024-06-14 20:08:21;Банковская карта;successful;;58135
1103771;703771;2024-06-14 15:53:46;Банковская карта;successful;;42670
1103772;703772;2024-06-14 20:59:54;Банковская карта;successful;;16641
1103773;703773;2024-06-14 13:10:40;СБП;successful;;56480
1103774;703774;2024-06-14 14:31:45;Банковская карта;successful;;8729
1103775;703775;2024-06-14 18:20:50;Рассрочка;successful;;41140
1103776;703776;2024-06-14 18:18:27;Банковская карта;successful;;4718
1103777;703777;2024-06-14 12:20:30;Банковская карта;successful;;8800
1103778;703778;2024-06-14 18:31:25;Банковская карта;successful;;2006
1103779;703779;2024-06-14 13:21:04;Банковская карта;successful;;2681
1103780;703780;2024-06-14 19:28:33;Банковская карта;successful;;5380
1103781;703781;2024-06-14 17:35:59;Наличными при получении;successful;;127090
1103782;703782;2024-06-14 14:35:23;Банковская карта;successful;;17651
1103783;703783;2024-06-14 15:11:48;Банковская карта;refunded;;1828
1103784;703784;2024-06-15 14:47:55;Банковская карта;failed;Отклонено банком;19548
1103785;703785;2024-06-15 12:43:01;ЮMoney;successful;;7779
1103786;703786;2024-06-15 17:25:29;Банковская карта;successful;;18516
1103787;703787;2024-06-15 20:08:49;Рассрочка;successful;;5711
1103788;703788;2024-06-15 17:31:24;Банковская карта;successful;;20278
1103789;703789;2024-06-15 15:13:45;Банковская карта;successful;;4816
1103790;703790;2024-06-15 19:10:47;Банковская карта;successful;;35580
1103791;703791;2024-06-15 12:23:29;Банковская карта;refunded;;25115
1103792;703792;2024-06-15 18:22:08;СБП;successful;;80571
1103793;703793;2024-06-15 19:11:36;СБП;successful;;68840
1103794;703794;2024-06-15 14:12:23;Банковская карта;successful;;22951
1103795;703795;2024-06-15 18:56:23;Банковская карта;successful;;10680
1103796;703796;2024-06-15 14:56:24;СБП;successful;;75345
1103797;703797;2024-06-15 11:33:55;Банковская карта;successful;;99805
1103798;703798;2024-06-15 14:39:25;Банковская карта;successful;;2580
1103799;703799;2024-06-15 09:08:23;Банковская карта;successful;;5567
1103800;703800;2024-06-15 14:12:43;Банковская карта;refunded;;1190
1103801;703801;2024-06-15 21:15:11;СБП;successful;;10080
1103802;703802;2024-06-15 16:12:52;Банковская карта;failed;Ошибка платёжного шлюза;19255
1103803;703803;2024-06-15 22:59:52;СБП;successful;;12280
1103804;703804;2024-06-15 13:58:26;Рассрочка;failed;Отклонено банком;1780
1103805;703805;2024-06-15 16:48:19;Наличными при получении;successful;;46341
1103806;703806;2024-06-15 12:42:52;Наличными при получении;failed;Отклонено банком;72546
1103807;703807;2024-06-15 18:12:34;СБП;successful;;1443
1103808;703808;2024-06-15 22:49:45;Наличными при получении;successful;;76932
1103809;703809;2024-06-16 13:10:23;Рассрочка;successful;;8021
1103810;703810;2024-06-16 11:34:31;Рассрочка;successful;;20567
1103811;703811;2024-06-16 14:48:23;Банковская карта;failed;Недостаточно средств;22178
1103812;703812;2024-06-16 15:10:11;Банковская карта;successful;;102120
1103813;703813;2024-06-16 14:54:44;СБП;successful;;32301
1103814;703814;2024-06-16 15:44:27;Банковская карта;successful;;79835
1103815;703815;2024-06-16 14:08:46;Наличными при получении;successful;;18630
1103816;703816;2024-06-16 16:43:32;СБП;successful;;19280
1103817;703817;2024-06-16 15:04:31;Наличными при получении;successful;;3210
1103818;703818;2024-06-16 22:57:48;СБП;successful;;14480
1103819;703819;2024-06-16 14:06:01;Банковская карта;successful;;25450
1103820;703820;2024-06-16 11:16:39;Наличными при получении;successful;;81647
1103821;703821;2024-06-16 15:50:20;ЮMoney;successful;;33530
1103822;703822;2024-06-16 15:50:42;Банковская карта;successful;;72840
1103823;703823;2024-06-16 21:31:54;Наличными при получении;failed;Пользователь отменил оплату;122016
1103824;703824;2024-06-16 14:33:32;СБП;successful;;2429
1103825;703825;2024-06-16 12:41:44;СБП;successful;;112719
1103826;703826;2024-06-16 22:40:16;Банковская карта;successful;;833
1103827;703827;2024-06-16 19:25:59;ЮMoney;successful;;11741
1103828;703828;2024-06-16 16:11:33;СБП;successful;;62091
1103829;703829;2024-06-16 19:24:47;СБП;successful;;54880
1103830;703830;2024-06-16 18:23:32;СБП;successful;;983
1103831;703831;2024-06-16 17:35:19;Рассрочка;successful;;39157
1103832;703832;2024-06-16 18:53:45;Банковская карта;successful;;77880
1103833;703833;2024-06-16 19:33:52;Банковская карта;refunded;;6701
1103834;703834;2024-06-16 23:06:07;Банковская карта;successful;;33880
1103835;703835;2024-06-17 21:52:13;Банковская карта;successful;;21718
1103836;703836;2024-06-17 13:13:55;Наличными при получении;successful;;38865
1103837;703837;2024-06-17 17:10:42;Банковская карта;successful;;6785
1103838;703838;2024-06-17 18:29:26;Банковская карта;successful;;54625
1103839;703839;2024-06-17 21:16:30;СБП;successful;;6291
1103840;703840;2024-06-17 21:53:49;СБП;successful;;42280
1103841;703841;2024-06-17 18:32:58;СБП;successful;;20141
1103842;703842;2024-06-17 15:44:09;Банковская карта;successful;;13940
1103843;703843;2024-06-17 19:44:31;Банковская карта;successful;;3196
1103844;703844;2024-06-17 19:52:00;Наличными при получении;successful;;20380
1103845;703845;2024-06-17 16:04:28;СБП;successful;;23001
1103846;703846;2024-06-17 19:16:39;Банковская карта;successful;;100180
1103847;703847;2024-06-17 16:24:06;Банковская карта;successful;;35421
1103848;703848;2024-06-17 14:31:56;Банковская карта;successful;;9990
1103849;703849;2024-06-17 18:41:34;Банковская карта;successful;;38214
1103850;703850;2024-06-17 16:06:02;Наличными при получении;successful;;62101
1103851;703851;2024-06-17 17:01:56;Наличными при получении;successful;;1173
1103852;703852;2024-06-17 10:23:28;Банковская карта;successful;;627
1103853;703853;2024-06-17 11:11:55;Банковская карта;successful;;24895
1103854;703854;2024-06-17 16:41:06;Банковская карта;successful;;3490
1103855;703855;2024-06-17 17:04:24;Банковская карта;refunded;;871
1103856;703856;2024-06-17 21:02:11;Банковская карта;refunded;Заказ отменён клиентом после оплаты;10280
1103857;703857;2024-06-18 12:06:45;Наличными при получении;successful;;3815
1103858;703858;2024-06-18 18:53:07;СБП;successful;;66397
1103859;703859;2024-06-18 15:58:43;Банковская карта;successful;;32247
1103860;703860;2024-06-18 18:35:45;Наличными при получении;successful;;75802
1103861;703861;2024-06-18 20:46:08;Банковская карта;refunded;;41380
1103862;703862;2024-06-18 14:13:56;Банковская карта;successful;;1854
1103863;703863;2024-06-18 11:32:21;Банковская карта;successful;;7715
1103864;703864;2024-06-18 17:55:42;Наличными при получении;successful;;90735
1103865;703865;2024-06-18 17:07:07;Банковская карта;successful;;13265
1103866;703866;2024-06-18 15:53:53;СБП;successful;;12436
1103867;703867;2024-06-18 22:28:31;СБП;successful;;2280
1103868;703868;2024-06-18 15:15:05;Наличными при получении;successful;;50271
1103869;703869;2024-06-18 15:51:34;Банковская карта;successful;;1341
1103870;703870;2024-06-18 15:38:42;СБП;successful;;8171
1103871;703871;2024-06-18 23:15:35;Банковская карта;failed;Пользователь отменил оплату;86278
1103872;703872;2024-06-19 00:07:28;СБП;refunded;;39490
1103873;703873;2024-06-18 19:35:47;СБП;refunded;Заказ отменён клиентом после оплаты;4971
1103874;703874;2024-06-18 18:55:18;Банковская карта;successful;;112631
1103875;703875;2024-06-18 20:22:49;СБП;successful;;20360
1103876;703876;2024-06-18 13:57:23;Рассрочка;failed;Недостаточно средств;22700
1103877;703877;2024-06-18 22:04:28;СБП;successful;;2820
1103878;703878;2024-06-18 19:08:00;Рассрочка;successful;;939
1103879;703879;2024-06-18 21:18:06;Рассрочка;successful;;24845
1103880;703880;2024-06-18 20:42:57;Банковская карта;successful;;27090
1103881;703881;2024-06-18 16:41:40;Банковская карта;successful;;32000
1103882;703882;2024-06-18 20:28:40;СБП;successful;;72345
1103883;703883;2024-06-18 15:13:47;Банковская карта;refunded;;31880
1103884;703884;2024-06-18 20:42:03;Банковская карта;successful;;13387
1103885;703885;2024-06-19 23:57:27;СБП;successful;;7816
1103886;703886;2024-06-19 15:16:29;Банковская карта;failed;Отклонено банком;9690
1103887;703887;2024-06-19 22:45:14;Банковская карта;successful;;36021
1103888;703888;2024-06-19 19:18:47;Рассрочка;successful;;172937
1103889;703889;2024-06-19 15:39:06;Наличными при получении;successful;;84057
1103890;703890;2024-06-19 18:03:11;ЮMoney;successful;;27840
1103891;703891;2024-06-19 15:24:24;Банковская карта;successful;;1990
1103892;703892;2024-06-19 18:44:49;Банковская карта;successful;;2280
1103893;703893;2024-06-19 18:19:09;СБП;successful;;34306
1103894;703894;2024-06-19 17:22:39;ЮMoney;successful;;4280
1103895;703895;2024-06-19 16:44:11;Банковская карта;successful;;29835
1103896;703896;2024-06-19 19:52:09;СБП;failed;Недостаточно средств;1090
1103897;703897;2024-06-19 20:14:08;ЮMoney;successful;;2228
1103898;703898;2024-06-19 16:12:07;Банковская карта;successful;;2155
1103899;703899;2024-06-19 12:08:14;Наличными при получении;successful;;6789
1103900;703900;2024-06-19 12:39:52;Наличными при получении;successful;;31885
1103901;703901;2024-06-19 13:23:11;Банковская карта;failed;Отклонено банком;4280
1103902;703902;2024-06-19 15:28:12;Банковская карта;successful;;22401
1103903;703903;2024-06-19 10:30:55;Банковская карта;successful;;24680
1103904;703904;2024-06-19 17:02:48;Наличными при получении;successful;;17196
1103905;703905;2024-06-20 09:44:15;Банковская карта;successful;;42345
1103906;703906;2024-06-20 21:42:06;Банковская карта;successful;;104130
1103907;703907;2024-06-20 20:06:50;Наличными при получении;successful;;80675
1103908;703908;2024-06-20 15:51:16;Рассрочка;refunded;;8685
1103909;703909;2024-06-20 19:26:44;Банковская карта;successful;;11381
1103910;703910;2024-06-20 08:44:51;Банковская карта;successful;;9935
1103911;703911;2024-06-20 23:19:05;ЮMoney;successful;;4180
1103912;703912;2024-06-20 12:39:52;Банковская карта;successful;;5793
1103913;703913;2024-06-20 20:10:38;Банковская карта;successful;;12764
1103914;703914;2024-06-20 11:08:04;Банковская карта;successful;;32795
1103915;703915;2024-06-20 17:55:42;Рассрочка;successful;;82557
1103916;703916;2024-06-20 11:17:29;Наличными при получении;successful;;1291
1103917;703917;2024-06-20 12:51:31;Банковская карта;successful;;34280
1103918;703918;2024-06-20 20:14:52;СБП;successful;;11145
1103919;703919;2024-06-20 18:34:41;Рассрочка;successful;;37280
1103920;703920;2024-06-20 13:13:12;СБП;successful;;14180
1103921;703921;2024-06-20 18:34:21;Банковская карта;successful;;11380
1103922;703922;2024-06-20 19:07:04;Банковская карта;successful;;64090
1103923;703923;2024-06-20 12:26:20;СБП;successful;;61576
1103924;703924;2024-06-20 22:33:27;Банковская карта;successful;;38870
1103925;703925;2024-06-20 12:16:20;ЮMoney;successful;;5402
1103926;703926;2024-06-20 19:05:49;Наличными при получении;successful;;3790
1103927;703927;2024-06-20 15:36:32;СБП;refunded;Заказ отменён клиентом после оплаты;4339
1103928;703928;2024-06-20 16:01:03;Банковская карта;successful;;4990
1103929;703929;2024-06-21 11:34:54;СБП;successful;;35400
1103930;703930;2024-06-21 16:30:24;ЮMoney;successful;;1780
1103931;703931;2024-06-21 18:32:32;Банковская карта;successful;;856
1103932;703932;2024-06-21 13:31:29;Банковская карта;successful;;57008
1103933;703933;2024-06-21 22:07:20;Банковская карта;successful;;11490
1103934;703934;2024-06-21 15:37:57;СБП;successful;;42780
1103935;703935;2024-06-21 17:02:11;СБП;successful;;3078
1103936;703936;2024-06-21 11:42:46;Банковская карта;successful;;7990
1103937;703937;2024-06-21 21:31:03;СБП;successful;;67600
1103938;703938;2024-06-21 19:46:29;СБП;successful;;3957
1103939;703939;2024-06-21 08:03:01;Банковская карта;successful;;78990
1103940;703940;2024-06-21 17:15:37;ЮMoney;successful;;7880
1103941;703941;2024-06-21 17:31:09;Банковская карта;failed;Отклонено банком;1859
1103942;703942;2024-06-21 20:37:29;Банковская карта;successful;;1410
1103943;703943;2024-06-21 14:53:22;Банковская карта;successful;;8140
1103944;703944;2024-06-21 11:23:25;Банковская карта;successful;;21780
1103945;703945;2024-06-21 16:01:52;Наличными при получении;successful;;3380
1103946;703946;2024-06-21 16:52:39;Банковская карта;successful;;42188
1103947;703947;2024-06-21 08:09:40;Банковская карта;refunded;;99671
1103948;703948;2024-06-21 23:28:14;Банковская карта;successful;;10881
1103949;703949;2024-06-21 20:41:00;СБП;successful;;26368
1103950;703950;2024-06-21 15:57:28;СБП;successful;;7421
1103951;703951;2024-06-21 14:29:53;Наличными при получении;failed;Недостаточно средств;54980
1103952;703952;2024-06-21 11:44:34;ЮMoney;successful;;841
1103953;703953;2024-06-22 16:07:22;Рассрочка;successful;;73580
1103954;703954;2024-06-22 16:41:50;Банковская карта;successful;;62500
1103955;703955;2024-06-22 16:58:44;Рассрочка;successful;;17686
1103956;703956;2024-06-22 22:39:01;Банковская карта;successful;;33129
1103957;703957;2024-06-22 22:30:47;СБП;successful;;28573
1103958;703958;2024-06-22 20:46:53;СБП;failed;Пользователь отменил оплату;939
1103959;703959;2024-06-22 17:49:49;Банковская карта;successful;;18378
1103960;703960;2024-06-22 16:06:01;Банковская карта;successful;;18490
1103961;703961;2024-06-22 14:38:35;Банковская карта;successful;;35567
1103962;703962;2024-06-22 17:14:43;СБП;successful;;25790
1103963;703963;2024-06-22 17:06:49;Банковская карта;successful;;20440
1103964;703964;2024-06-22 21:41:45;Банковская карта;refunded;Заказ отменён клиентом после оплаты;573
1103965;703965;2024-06-22 22:42:19;Банковская карта;successful;;7935
1103966;703966;2024-06-22 11:14:16;Банковская карта;successful;;12722
1103967;703967;2024-06-22 17:55:10;Банковская карта;successful;;6345
1103968;703968;2024-06-22 17:04:17;Банковская карта;refunded;Заказ отменён клиентом после оплаты;639
1103969;703969;2024-06-22 16:25:06;Банковская карта;successful;;1036
1103970;703970;2024-06-22 16:54:06;Банковская карта;successful;;2057
1103971;703971;2024-06-22 15:24:10;Банковская карта;failed;Недостаточно средств;11834
1103972;703972;2024-06-22 12:12:14;Наличными при получении;successful;;60422
1103973;703973;2024-06-22 10:28:56;Рассрочка;successful;;25506
1103974;703974;2024-06-22 23:07:30;Банковская карта;successful;;6935
1103975;703975;2024-06-22 20:39:18;Банковская карта;successful;;2057
1103976;703976;2024-06-22 08:24:53;Банковская карта;successful;;6239
1103977;703977;2024-06-22 17:52:37;СБП;successful;;28885
1103978;703978;2024-06-22 12:03:25;Банковская карта;successful;;1032
1103979;703979;2024-06-22 15:02:23;Банковская карта;successful;;1118
1103980;703980;2024-06-22 21:30:05;Банковская карта;successful;;37386
1103981;703981;2024-06-22 18:53:03;СБП;successful;;40695
1103982;703982;2024-06-22 10:04:32;СБП;refunded;;2057
1103983;703983;2024-06-22 14:09:38;Наличными при получении;successful;;17068
1103984;703984;2024-06-22 22:31:29;Банковская карта;successful;;7345
1103985;703985;2024-06-22 17:44:28;Банковская карта;failed;Недостаточно средств;29480
1103986;703986;2024-06-23 15:15:23;Банковская карта;successful;;8380
1103987;703987;2024-06-23 20:49:08;Рассрочка;successful;;24735
1103988;703988;2024-06-23 21:41:02;Наличными при получении;failed;Недостаточно средств;4301
1103989;703989;2024-06-23 13:09:17;Банковская карта;successful;;63385
1103990;703990;2024-06-23 19:12:22;Наличными при получении;successful;;2332
1103991;703991;2024-06-23 15:05:01;Банковская карта;successful;;75456
1103992;703992;2024-06-23 14:40:45;Банковская карта;failed;Недостаточно средств;8280
1103993;703993;2024-06-23 21:57:24;Банковская карта;successful;;97010
1103994;703994;2024-06-23 20:07:15;Банковская карта;failed;Отклонено банком;1246
1103995;703995;2024-06-23 17:00:12;Банковская карта;successful;;11340
1103996;703996;2024-06-23 21:36:42;СБП;successful;;17850
1103997;703997;2024-06-23 14:27:58;СБП;successful;;105255
1103998;703998;2024-06-23 12:35:23;СБП;successful;;2816
1103999;703999;2024-06-23 15:13:10;Банковская карта;successful;;25698
1104000;704000;2024-06-23 20:07:08;Банковская карта;successful;;57834
1104001;704001;2024-06-23 22:44:20;СБП;failed;Отклонено банком;44490
1104002;704002;2024-06-23 18:50:25;СБП;failed;Отклонено банком;3780
1104003;704003;2024-06-23 15:11:29;Банковская карта;successful;;2440
1104004;704004;2024-06-23 18:48:19;ЮMoney;successful;;149811
1104005;704005;2024-06-23 17:55:44;СБП;successful;;9387
1104006;704006;2024-06-23 19:49:20;Банковская карта;successful;;19980
1104007;704007;2024-06-23 19:22:15;Банковская карта;successful;;43278
1104008;704008;2024-06-23 15:57:54;СБП;successful;;20180
1104009;704009;2024-06-23 12:44:02;СБП;successful;;23345
1104010;704010;2024-06-23 09:08:43;Рассрочка;successful;;88014
1104011;704011;2024-06-23 12:52:03;Банковская карта;successful;;34690
1104012;704012;2024-06-23 12:03:47;СБП;successful;;3240
1104013;704013;2024-06-23 20:39:44;СБП;successful;;32466
1104014;704014;2024-06-23 14:58:20;СБП;successful;;3435
1104015;704015;2024-06-23 15:57:31;ЮMoney;successful;;33097
1104016;704016;2024-06-23 18:14:29;СБП;failed;Отклонено банком;8046
1104017;704017;2024-06-23 16:33:11;Банковская карта;successful;;13090
1104018;704018;2024-06-23 11:09:31;Рассрочка;successful;;91191
1104019;704019;2024-06-23 12:27:29;СБП;successful;;22569
1104020;704020;2024-06-23 15:24:31;Рассрочка;successful;;10170
1104021;704021;2024-06-23 17:39:17;Наличными при получении;successful;;51180
1104022;704022;2024-06-23 18:13:48;СБП;successful;;2480
1104023;704023;2024-06-23 18:02:33;Наличными при получении;successful;;3191
1104024;704024;2024-06-23 13:56:43;СБП;refunded;Заказ отменён клиентом после оплаты;85910
1104025;704025;2024-06-24 16:53:51;СБП;successful;;72980
1104026;704026;2024-06-24 10:38:05;Рассрочка;successful;;24311
1104027;704027;2024-06-24 19:38:31;Банковская карта;refunded;;25980
1104028;704028;2024-06-24 19:37:26;Наличными при получении;refunded;Заказ отменён клиентом после оплаты;20057
1104029;704029;2024-06-24 13:30:57;СБП;successful;;72780
1104030;704030;2024-06-24 11:45:37;Банковская карта;successful;;42640
1104031;704031;2024-06-24 15:51:06;СБП;successful;;1674
1104032;704032;2024-06-24 20:28:20;Рассрочка;successful;;97071
1104033;704033;2024-06-24 17:39:46;СБП;successful;;1142
1104034;704034;2024-06-24 21:13:48;СБП;successful;;64490
1104035;704035;2024-06-24 13:30:14;Рассрочка;successful;;75280
1104036;704036;2024-06-24 12:55:03;ЮMoney;successful;;37790
1104037;704037;2024-06-24 17:58:46;СБП;successful;;2440
1104038;704038;2024-06-24 12:51:58;СБП;successful;;44380
1104039;704039;2024-06-24 19:26:43;Банковская карта;successful;;36471
1104040;704040;2024-06-24 18:25:53;Банковская карта;successful;;20157
1104041;704041;2024-06-24 18:30:46;СБП;successful;;62606
1104042;704042;2024-06-24 10:07:22;Банковская карта;successful;;662
1104043;704043;2024-06-24 17:36:55;СБП;successful;;2320
1104044;704044;2024-06-24 21:24:52;СБП;successful;;71256
1104045;704045;2024-06-25 12:35:16;СБП;successful;;45990
1104046;704046;2024-06-25 21:13:32;ЮMoney;successful;;42750
1104047;704047;2024-06-25 10:19:10;Рассрочка;successful;;1058
1104048;704048;2024-06-25 16:19:08;СБП;successful;;896
1104049;704049;2024-06-25 21:43:25;Банковская карта;successful;;11980
1104050;704050;2024-06-25 11:41:11;СБП;successful;;2280
1104051;704051;2024-06-25 21:50:16;Банковская карта;successful;;70838
1104052;704052;2024-06-25 16:22:28;СБП;successful;;129180
1104053;704053;2024-06-25 16:14:47;Банковская карта;failed;Отклонено банком;3975
1104054;704054;2024-06-25 16:26:25;СБП;successful;;43345
1104055;704055;2024-06-25 16:31:12;Банковская карта;successful;;43705
1104056;704056;2024-06-25 17:01:25;Банковская карта;successful;;45980
1104057;704057;2024-06-25 20:55:27;Наличными при получении;successful;;12895
1104058;704058;2024-06-25 16:28:34;Банковская карта;successful;;34231
1104059;704059;2024-06-25 12:08:15;Банковская карта;successful;;25606
1104060;704060;2024-06-25 13:34:38;Наличными при получении;failed;Недостаточно средств;50935
1104061;704061;2024-06-25 15:11:27;ЮMoney;successful;;21880
1104062;704062;2024-06-25 13:01:11;Банковская карта;failed;Пользователь отменил оплату;81180
1104063;704063;2024-06-25 12:32:23;Банковская карта;failed;Ошибка платёжного шлюза;24490
1104064;704064;2024-06-25 16:11:02;Банковская карта;successful;;17100
1104065;704065;2024-06-25 20:13:48;Наличными при получении;successful;;70990
1104066;704066;2024-06-25 16:12:30;СБП;refunded;;43556
1104067;704067;2024-06-25 19:12:16;СБП;successful;;22560
1104068;704068;2024-06-25 18:47:46;Рассрочка;successful;;6597
1104069;704069;2024-06-25 22:48:58;Банковская карта;successful;;26180
1104070;704070;2024-06-25 17:12:40;Наличными при получении;successful;;70880
1104071;704071;2024-06-25 12:45:39;Рассрочка;successful;;18345
1104072;704072;2024-06-25 16:14:13;СБП;successful;;62690
1104073;704073;2024-06-25 15:34:35;Банковская карта;failed;Недостаточно средств;4937
1104074;704074;2024-06-25 16:30:28;Рассрочка;successful;;35181
1104075;704075;2024-06-25 17:36:57;СБП;successful;;34675
1104076;704076;2024-06-25 19:01:02;Банковская карта;successful;;81626
1104077;704077;2024-06-26 18:08:55;Рассрочка;failed;Пользователь отменил оплату;26737
1104078;704078;2024-06-26 16:48:19;СБП;successful;;58491
1104079;704079;2024-06-26 12:07:10;Наличными при получении;successful;;2580
1104080;704080;2024-06-26 17:18:14;Рассрочка;successful;;13935
1104081;704081;2024-06-26 17:32:42;Рассрочка;successful;;48069
1104082;704082;2024-06-26 18:46:00;Банковская карта;failed;Пользователь отменил оплату;18000
1104083;704083;2024-06-26 12:52:51;Банковская карта;failed;Недостаточно средств;57191
1104084;704084;2024-06-26 17:45:18;Банковская карта;failed;Ошибка платёжного шлюза;48886
1104085;704085;2024-06-26 19:58:14;Наличными при получении;successful;;27135
1104086;704086;2024-06-26 20:40:33;СБП;failed;Недостаточно средств;6580
1104087;704087;2024-06-26 15:05:59;Банковская карта;successful;;26280
1104088;704088;2024-06-26 14:44:55;СБП;successful;;19369
1104089;704089;2024-06-26 17:58:10;Банковская карта;successful;;14037
1104090;704090;2024-06-26 19:03:04;ЮMoney;successful;;14090
1104091;704091;2024-06-26 08:20:37;Банковская карта;successful;;51015
1104092;704092;2024-06-26 17:25:12;Наличными при получении;successful;;43640
1104093;704093;2024-06-26 17:05:53;Банковская карта;successful;;2380
1104094;704094;2024-06-26 11:11:39;ЮMoney;successful;;7181
1104095;704095;2024-06-26 23:16:05;СБП;successful;;44057
1104096;704096;2024-06-26 18:31:16;СБП;successful;;18090
1104097;704097;2024-06-26 18:36:10;СБП;successful;;29119
1104098;704098;2024-06-26 11:29:29;Банковская карта;successful;;122076
1104099;704099;2024-06-26 16:07:52;СБП;successful;;81540
1104100;704100;2024-06-26 19:42:08;ЮMoney;successful;;19157
1104101;704101;2024-06-26 22:07:57;Банковская карта;refunded;;60977
1104102;704102;2024-06-26 22:56:52;Банковская карта;successful;;19480
1104103;704103;2024-06-26 16:12:03;Банковская карта;successful;;32567
1104104;704104;2024-06-27 10:06:34;ЮMoney;successful;;77996
1104105;704105;2024-06-27 19:32:00;Банковская карта;successful;;1504
1104106;704106;2024-06-27 16:47:18;Банковская карта;failed;Отклонено банком;35084
1104107;704107;2024-06-27 22:33:37;Банковская карта;refunded;Заказ отменён клиентом после оплаты;3857
1104108;704108;2024-06-27 19:59:08;Банковская карта;successful;;30836
1104109;704109;2024-06-27 14:11:55;Банковская карта;successful;;20868
1104110;704110;2024-06-27 16:15:59;СБП;successful;;6747
1104111;704111;2024-06-27 15:10:31;Наличными при получении;successful;;1317
1104112;704112;2024-06-27 13:56:33;Банковская карта;successful;;24979
1104113;704113;2024-06-27 22:55:33;СБП;successful;;7345
1104114;704114;2024-06-27 17:35:18;Наличными при получении;successful;;57754
1104115;704115;2024-06-27 18:09:24;Банковская карта;successful;;963
1104116;704116;2024-06-27 19:09:55;Банковская карта;successful;;1057
1104117;704117;2024-06-27 18:13:57;Наличными при получении;successful;;24090
1104118;704118;2024-06-27 10:27:40;Банковская карта;successful;;1345
1104119;704119;2024-06-27 20:34:33;ЮMoney;successful;;123948
1104120;704120;2024-06-27 21:26:00;Банковская карта;refunded;Заказ отменён клиентом после оплаты;23779
1104121;704121;2024-06-27 19:24:24;Банковская карта;successful;;6315
1104122;704122;2024-06-27 12:10:08;СБП;successful;;1057
1104123;704123;2024-06-27 10:14:32;Банковская карта;successful;;79631
1104124;704124;2024-06-27 20:47:00;Рассрочка;failed;Отклонено банком;84117
1104125;704125;2024-06-27 16:26:07;Наличными при получении;successful;;9830
1104126;704126;2024-06-27 14:43:43;Банковская карта;refunded;Заказ отменён клиентом после оплаты;1281
1104127;704127;2024-06-27 16:25:36;Банковская карта;successful;;80220
1104128;704128;2024-06-28 08:52:46;Банковская карта;successful;;7257
1104129;704129;2024-06-28 20:02:34;Рассрочка;successful;;18500
1104130;704130;2024-06-28 13:10:56;Банковская карта;failed;Отклонено банком;44580
1104131;704131;2024-06-28 14:31:15;Наличными при получении;successful;;4705
1104132;704132;2024-06-28 12:58:56;Банковская карта;successful;;41331
1104133;704133;2024-06-28 17:12:59;СБП;successful;;16799
1104134;704134;2024-06-28 20:05:28;Банковская карта;successful;;44225
1104135;704135;2024-06-28 15:59:53;СБП;successful;;1076
1104136;704136;2024-06-28 17:49:07;Банковская карта;successful;;21345
1104137;704137;2024-06-28 09:22:30;Банковская карта;successful;;39480
1104138;704138;2024-06-28 20:13:42;СБП;successful;;3345
1104139;704139;2024-06-28 17:36:15;Банковская карта;successful;;24680
1104140;704140;2024-06-28 13:44:13;СБП;successful;;10696
1104141;704141;2024-06-28 15:40:15;Банковская карта;successful;;76180
1104142;704142;2024-06-28 16:10:17;Банковская карта;failed;Недостаточно средств;24157
1104143;704143;2024-06-28 22:03:36;СБП;successful;;650
1104144;704144;2024-06-28 19:00:30;СБП;successful;;24573
1104145;704145;2024-06-28 16:15:59;СБП;successful;;110090
1104146;704146;2024-06-28 16:51:11;СБП;successful;;69840
1104147;704147;2024-06-28 15:26:40;Рассрочка;successful;;9879
1104148;704148;2024-06-28 13:33:34;СБП;successful;;72205
1104149;704149;2024-06-28 16:31:17;Рассрочка;successful;;79007
1104150;704150;2024-06-28 14:13:42;Банковская карта;successful;;26130
1104151;704151;2024-06-28 19:17:54;Банковская карта;successful;;7126
1104152;704152;2024-06-28 10:03:44;СБП;successful;;29580
1104153;704153;2024-06-28 12:44:34;Банковская карта;successful;;21080
1104154;704154;2024-06-28 23:30:09;СБП;refunded;Заказ отменён клиентом после оплаты;58311
1104155;704155;2024-06-29 17:26:21;Банковская карта;successful;;69791
1104156;704156;2024-06-29 18:09:03;Наличными при получении;successful;;35124
1104157;704157;2024-06-29 16:34:10;СБП;failed;Отклонено банком;8811
1104158;704158;2024-06-29 09:41:35;СБП;successful;;25935
1104159;704159;2024-06-29 15:17:02;СБП;successful;;114111
1104160;704160;2024-06-29 18:19:42;Банковская карта;successful;;21880
1104161;704161;2024-06-29 11:10:26;СБП;failed;Ошибка платёжного шлюза;77790
1104162;704162;2024-06-29 20:54:18;ЮMoney;successful;;4990
1104163;704163;2024-06-29 19:01:15;Наличными при получении;successful;;2609
1104164;704164;2024-06-29 20:19:55;Банковская карта;successful;;28990
1104165;704165;2024-06-29 16:59:33;Банковская карта;refunded;Заказ отменён клиентом после оплаты;8340
1104166;704166;2024-06-29 14:49:31;Банковская карта;successful;;1955
1104167;704167;2024-06-29 21:36:14;СБП;successful;;35590
1104168;704168;2024-06-29 15:51:51;Банковская карта;successful;;25790
1104169;704169;2024-06-29 16:57:35;СБП;successful;;3990
1104170;704170;2024-06-29 13:30:54;СБП;successful;;32567
1104171;704171;2024-06-29 18:07:58;ЮMoney;successful;;18001
1104172;704172;2024-06-29 17:07:12;Рассрочка;successful;;75280
1104173;704173;2024-06-29 15:23:57;Банковская карта;failed;Отклонено банком;39345
1104174;704174;2024-06-29 14:51:25;Банковская карта;successful;;73486
1104175;704175;2024-06-29 15:47:58;СБП;successful;;11701
1104176;704176;2024-06-29 22:54:00;СБП;successful;;35567
1104177;704177;2024-06-29 19:36:40;Банковская карта;successful;;12590
1104178;704178;2024-06-29 16:25:01;СБП;successful;;39835
1104179;704179;2024-06-29 09:11:38;ЮMoney;successful;;20340
1104180;704180;2024-06-29 17:31:15;СБП;successful;;19935
1104181;704181;2024-06-29 14:49:44;Наличными при получении;successful;;7116
1104182;704182;2024-06-29 19:27:36;Банковская карта;successful;;101090
1104183;704183;2024-06-29 10:37:58;Банковская карта;successful;;70345
1104184;704184;2024-06-29 23:07:01;СБП;successful;;27090
1104185;704185;2024-06-29 19:52:13;СБП;failed;Недостаточно средств;69816
1104186;704186;2024-06-29 13:52:28;Рассрочка;successful;;75745
1104187;704187;2024-06-29 11:40:08;Банковская карта;successful;;13780
1104188;704188;2024-06-30 23:42:03;Банковская карта;successful;;1132
1104189;704189;2024-06-30 22:32:11;СБП;successful;;2057
1104190;704190;2024-06-30 22:22:49;ЮMoney;successful;;54440
1104191;704191;2024-06-30 20:38:32;Наличными при получении;successful;;14057
1104192;704192;2024-06-30 19:11:27;СБП;failed;Недостаточно средств;34776
1104193;704193;2024-06-30 18:27:07;Наличными при получении;successful;;44856
1104194;704194;2024-06-30 20:28:51;Банковская карта;failed;Отклонено банком;23131
1104195;704195;2024-06-30 17:38:53;СБП;successful;;4618
1104196;704196;2024-06-30 08:21:43;ЮMoney;failed;Недостаточно средств;12990
1104197;704197;2024-06-30 11:03:14;СБП;successful;;12567
1104198;704198;2024-06-30 11:06:15;Наличными при получении;successful;;89421
1104199;704199;2024-06-30 13:42:10;Рассрочка;successful;;39912
1104200;704200;2024-06-30 20:43:47;СБП;successful;;1857
1104201;704201;2024-06-30 18:12:52;Банковская карта;successful;;50711
1104202;704202;2024-06-30 21:47:34;Банковская карта;successful;;41345
1104203;704203;2024-06-30 21:49:45;Банковская карта;successful;;3011
1104204;704204;2024-06-30 16:33:28;Наличными при получении;successful;;72457
1104205;704205;2024-06-30 16:07:12;СБП;successful;;98407
1104206;704206;2024-06-30 13:41:40;Рассрочка;successful;;39345
1104207;704207;2024-06-30 17:39:42;Банковская карта;successful;;959
1104208;704208;2024-06-30 16:08:45;СБП;successful;;48479
1104209;704209;2024-06-30 15:25:22;СБП;successful;;3880
1104210;704210;2024-06-30 18:17:37;СБП;successful;;3681
1104211;704211;2024-06-30 23:22:48;Банковская карта;successful;;33596
1104212;704212;2024-06-30 21:57:23;Банковская карта;successful;;12935
1104213;704213;2024-06-30 15:40:10;СБП;successful;;36490
1104214;704214;2024-06-30 11:07:02;СБП;successful;;12150
1104215;704215;2024-06-30 13:13:16;СБП;successful;;109334
1104216;704216;2024-06-30 16:23:31;Рассрочка;successful;;6567
1104217;704217;2024-06-30 14:22:39;СБП;successful;;70057
1104218;704218;2024-06-30 12:41:27;Рассрочка;successful;;9735
1104219;704219;2024-07-01 17:35:35;Банковская карта;successful;;37990
1104220;704220;2024-07-01 23:18:47;Наличными при получении;successful;;1611
1104221;704221;2024-07-01 20:29:06;ЮMoney;successful;;18156
1104222;704222;2024-07-01 17:39:27;ЮMoney;successful;;36930
1104223;704223;2024-07-01 14:43:37;Наличными при получении;successful;;29860
1104224;704224;2024-07-01 20:57:09;Рассрочка;successful;;26116
1104225;704225;2024-07-01 13:53:28;Банковская карта;successful;;11480
1104226;704226;2024-07-01 17:52:55;Банковская карта;successful;;18090
1104227;704227;2024-07-01 20:43:52;СБП;successful;;34271
1104228;704228;2024-07-01 22:04:31;Рассрочка;successful;;75480
1104229;704229;2024-07-01 20:52:06;Банковская карта;successful;;1262
1104230;704230;2024-07-01 15:06:18;Банковская карта;successful;;35820
1104231;704231;2024-07-01 11:02:08;Рассрочка;refunded;;36354
1104232;704232;2024-07-01 18:52:51;СБП;successful;;24690
1104233;704233;2024-07-01 12:59:22;СБП;successful;;19471
1104234;704234;2024-07-01 19:19:47;Наличными при получении;successful;;38080
1104235;704235;2024-07-01 17:08:11;Банковская карта;successful;;7880
1104236;704236;2024-07-01 16:29:27;Банковская карта;successful;;20278
1104237;704237;2024-07-01 15:09:48;Банковская карта;successful;;8180
1104238;704238;2024-07-02 16:44:07;Банковская карта;successful;;43567
1104239;704239;2024-07-02 16:30:27;Банковская карта;refunded;Заказ отменён клиентом после оплаты;30806
1104240;704240;2024-07-02 17:11:41;Наличными при получении;successful;;8302
1104241;704241;2024-07-02 11:47:55;Банковская карта;successful;;24040
1104242;704242;2024-07-02 15:10:09;Банковская карта;successful;;32900
1104243;704243;2024-07-02 20:46:05;Банковская карта;successful;;11790
1104244;704244;2024-07-02 18:56:15;Банковская карта;successful;;6736
1104245;704245;2024-07-02 21:08:33;Наличными при получении;successful;;41157
1104246;704246;2024-07-02 12:41:35;Банковская карта;successful;;33990
1104247;704247;2024-07-02 14:36:30;ЮMoney;successful;;64500
1104248;704248;2024-07-02 12:12:00;СБП;successful;;12090
1104249;704249;2024-07-02 16:40:19;Рассрочка;successful;;5221
1104250;704250;2024-07-02 17:44:35;Наличными при получении;successful;;10611
1104251;704251;2024-07-02 14:58:54;Банковская карта;successful;;10720
1104252;704252;2024-07-02 17:54:36;СБП;successful;;25690
1104253;704253;2024-07-02 17:10:16;Наличными при получении;failed;Ошибка платёжного шлюза;24240
1104254;704254;2024-07-02 11:36:53;Банковская карта;successful;;54470
1104255;704255;2024-07-02 10:01:25;Банковская карта;successful;;680
1104256;704256;2024-07-02 23:48:50;Банковская карта;successful;;41790
1104257;704257;2024-07-02 18:20:52;Наличными при получении;successful;;19274
1104258;704258;2024-07-02 18:07:10;Рассрочка;successful;;65580
1104259;704259;2024-07-02 19:34:19;Банковская карта;successful;;3490
1104260;704260;2024-07-02 19:04:56;Рассрочка;successful;;1277
1104261;704261;2024-07-03 21:05:51;СБП;successful;;52835
1104262;704262;2024-07-03 13:52:43;СБП;successful;;12901
1104263;704263;2024-07-03 20:08:44;СБП;successful;;105039
1104264;704264;2024-07-03 14:54:54;Наличными при получении;successful;;15069
1104265;704265;2024-07-03 16:18:28;Банковская карта;successful;;37768
1104266;704266;2024-07-03 16:07:17;ЮMoney;successful;;13646
1104267;704267;2024-07-03 16:45:05;СБП;successful;;25780
1104268;704268;2024-07-03 16:50:14;Банковская карта;successful;;1504
1104269;704269;2024-07-03 18:35:14;Банковская карта;successful;;76107
1104270;704270;2024-07-03 10:55:49;Банковская карта;successful;;1847
1104271;704271;2024-07-03 19:38:27;Рассрочка;failed;Отклонено банком;961
1104272;704272;2024-07-03 11:15:26;Наличными при получении;successful;;2671
1104273;704273;2024-07-03 14:54:22;СБП;successful;;26368
1104274;704274;2024-07-03 14:38:19;Банковская карта;successful;;12835
1104275;704275;2024-07-03 12:25:02;Банковская карта;successful;;77925
1104276;704276;2024-07-03 12:20:25;СБП;successful;;1336
1104277;704277;2024-07-03 15:29:15;ЮMoney;successful;;128790
1104278;704278;2024-07-03 13:32:04;Рассрочка;refunded;Заказ отменён клиентом после оплаты;87747
1104279;704279;2024-07-03 18:51:13;Банковская карта;successful;;22786
1104280;704280;2024-07-03 20:33:25;Наличными при получении;successful;;10314
1104281;704281;2024-07-03 11:46:20;Банковская карта;successful;;7263
1104282;704282;2024-07-03 18:10:31;Рассрочка;successful;;37280
1104283;704283;2024-07-03 10:43:03;СБП;failed;Недостаточно средств;25567
1104284;704284;2024-07-03 12:26:46;Банковская карта;successful;;1695
1104285;704285;2024-07-03 13:59:27;Банковская карта;successful;;51843
1104286;704286;2024-07-03 16:11:20;Банковская карта;successful;;21481
1104287;704287;2024-07-03 17:39:22;Рассрочка;successful;;6855
1104288;704288;2024-07-04 09:18:23;Банковская карта;successful;;757
1104289;704289;2024-07-04 12:52:12;СБП;successful;;2453
1104290;704290;2024-07-04 22:47:09;Банковская карта;successful;;34314
1104291;704291;2024-07-04 14:30:47;СБП;successful;;30480
1104292;704292;2024-07-04 13:55:01;Банковская карта;successful;;18580
1104293;704293;2024-07-04 11:10:48;Банковская карта;failed;Отклонено банком;32567
1104294;704294;2024-07-04 11:45:35;Банковская карта;successful;;14835
1104295;704295;2024-07-04 12:17:11;СБП;successful;;32711
1104296;704296;2024-07-04 10:26:45;Банковская карта;successful;;953
1104297;704297;2024-07-04 18:41:26;СБП;successful;;8180
1104298;704298;2024-07-04 19:15:59;Банковская карта;successful;;46341
1104299;704299;2024-07-04 10:45:29;Банковская карта;successful;;2565
1104300;704300;2024-07-04 17:41:54;СБП;failed;Ошибка платёжного шлюза;20790
1104301;704301;2024-07-04 09:20:57;СБП;successful;;102756
1104302;704302;2024-07-04 13:46:46;СБП;successful;;3990
1104303;704303;2024-07-04 09:07:17;Банковская карта;successful;;114345
1104304;704304;2024-07-04 17:48:42;Наличными при получении;successful;;1635
1104305;704305;2024-07-04 22:33:40;СБП;successful;;12957
1104306;704306;2024-07-04 18:53:34;СБП;successful;;17918
1104307;704307;2024-07-04 22:06:01;Банковская карта;successful;;17641
1104308;704308;2024-07-04 22:05:38;СБП;successful;;4176
1104309;704309;2024-07-04 13:47:04;Банковская карта;successful;;19980
1104310;704310;2024-07-05 21:50:58;Банковская карта;successful;;1580
1104311;704311;2024-07-05 16:03:36;СБП;successful;;5102
1104312;704312;2024-07-05 13:30:29;Банковская карта;successful;;25480
1104313;704313;2024-07-05 10:08:44;СБП;successful;;557
1104314;704314;2024-07-05 13:18:44;Банковская карта;successful;;144345
1104315;704315;2024-07-05 16:55:09;СБП;successful;;11937
1104316;704316;2024-07-05 12:59:38;ЮMoney;successful;;9683
1104317;704317;2024-07-05 18:31:49;СБП;refunded;Заказ отменён клиентом после оплаты;4335
1104318;704318;2024-07-05 11:41:21;ЮMoney;successful;;715
1104319;704319;2024-07-05 20:23:04;Наличными при получении;successful;;43825
1104320;704320;2024-07-05 18:04:02;ЮMoney;successful;;43380
1104321;704321;2024-07-05 08:54:56;Банковская карта;successful;;34790
1104322;704322;2024-07-05 14:49:34;Банковская карта;refunded;;39990
1104323;704323;2024-07-05 12:17:27;Банковская карта;failed;Отклонено банком;13680
1104324;704324;2024-07-05 21:25:36;СБП;successful;;5681
1104325;704325;2024-07-05 22:50:11;Банковская карта;successful;;4990
1104326;704326;2024-07-05 20:57:41;СБП;successful;;18197
1104327;704327;2024-07-05 08:57:56;СБП;successful;;1179
1104328;704328;2024-07-05 17:19:36;Банковская карта;successful;;82066
1104329;704329;2024-07-05 08:26:59;Наличными при получении;successful;;3587
1104330;704330;2024-07-05 23:02:40;Наличными при получении;successful;;4840
1104331;704331;2024-07-05 10:37:53;СБП;refunded;;26380
1104332;704332;2024-07-05 21:01:01;Банковская карта;successful;;19374
1104333;704333;2024-07-05 16:27:37;Банковская карта;successful;;64567
1104334;704334;2024-07-05 08:57:31;СБП;successful;;50129
1104335;704335;2024-07-05 15:36:41;Наличными при получении;successful;;11490
1104336;704336;2024-07-05 23:23:23;СБП;successful;;8982
1104337;704337;2024-07-05 18:52:11;Банковская карта;failed;Отклонено банком;86490
1104338;704338;2024-07-05 13:36:19;СБП;successful;;8280
1104339;704339;2024-07-05 15:27:01;Банковская карта;successful;;4990
1104340;704340;2024-07-05 18:23:40;СБП;successful;;4355
1104341;704341;2024-07-05 11:39:13;СБП;successful;;36113
1104342;704342;2024-07-05 17:24:27;Банковская карта;successful;;48721
1104343;704343;2024-07-05 13:11:24;СБП;successful;;35345
1104344;704344;2024-07-06 20:44:32;Банковская карта;successful;;33336
1104345;704345;2024-07-06 13:50:26;Банковская карта;successful;;28521
1104346;704346;2024-07-06 14:45:46;Банковская карта;successful;;48830
1104347;704347;2024-07-06 20:15:22;Банковская карта;successful;;24345
1104348;704348;2024-07-06 17:11:25;Наличными при получении;successful;;90090
1104349;704349;2024-07-06 08:47:36;Банковская карта;refunded;;29955
1104350;704350;2024-07-06 17:01:27;Банковская карта;successful;;7990
1104351;704351;2024-07-06 23:13:52;Банковская карта;successful;;22057
1104352;704352;2024-07-06 11:06:54;СБП;failed;Пользователь отменил оплату;29111
1104353;704353;2024-07-06 18:21:28;Банковская карта;successful;;11735
1104354;704354;2024-07-06 23:48:10;Наличными при получении;successful;;1580
1104355;704355;2024-07-06 15:48:30;СБП;successful;;5180
1104356;704356;2024-07-06 15:08:11;Рассрочка;successful;;91135
1104357;704357;2024-07-06 18:10:20;СБП;successful;;45312
1104358;704358;2024-07-06 14:25:03;Банковская карта;successful;;3580
1104359;704359;2024-07-06 23:47:49;Банковская карта;successful;;21100
1104360;704360;2024-07-06 21:34:04;Рассрочка;successful;;5531
1104361;704361;2024-07-06 17:19:00;Банковская карта;successful;;13990
1104362;704362;2024-07-06 19:17:43;СБП;successful;;7790
1104363;704363;2024-07-06 18:58:10;СБП;successful;;35017
1104364;704364;2024-07-06 18:28:13;Рассрочка;successful;;31041
1104365;704365;2024-07-06 21:26:09;Банковская карта;successful;;6501
1104366;704366;2024-07-06 12:07:31;СБП;successful;;28126
1104367;704367;2024-07-06 22:15:00;СБП;successful;;12150
1104368;704368;2024-07-06 21:59:02;Банковская карта;successful;;6426
1104369;704369;2024-07-06 14:38:19;ЮMoney;successful;;11090
1104370;704370;2024-07-06 21:52:09;Банковская карта;successful;;7427
1104371;704371;2024-07-06 16:01:11;Рассрочка;failed;Пользователь отменил оплату;39380
1104372;704372;2024-07-06 16:49:56;СБП;successful;;7345
1104373;704373;2024-07-07 14:12:36;Банковская карта;successful;;88066
1104374;704374;2024-07-07 11:55:51;ЮMoney;successful;;39381
1104375;704375;2024-07-07 21:04:56;Банковская карта;successful;;22886
1104376;704376;2024-07-07 12:03:06;Рассрочка;successful;;14540
1104377;704377;2024-07-07 13:55:29;Рассрочка;successful;;41425
1104378;704378;2024-07-07 17:48:05;Рассрочка;refunded;;2771
1104379;704379;2024-07-07 21:56:51;Банковская карта;successful;;22531
1104380;704380;2024-07-07 21:35:29;Банковская карта;successful;;20990
1104381;704381;2024-07-07 12:31:17;СБП;successful;;75990
1104382;704382;2024-07-07 13:42:41;Банковская карта;successful;;1490
1104383;704383;2024-07-07 16:40:37;Банковская карта;successful;;12640
1104384;704384;2024-07-07 15:48:33;Банковская карта;successful;;17414
1104385;704385;2024-07-07 16:22:28;ЮMoney;successful;;1740
1104386;704386;2024-07-07 16:16:18;СБП;successful;;5380
1104387;704387;2024-07-07 09:44:50;СБП;successful;;17800
1104388;704388;2024-07-07 19:14:42;СБП;successful;;21431
1104389;704389;2024-07-07 19:08:02;Банковская карта;successful;;7930
1104390;704390;2024-07-07 13:41:44;Банковская карта;successful;;6871
1104391;704391;2024-07-07 20:20:34;Банковская карта;successful;;64790
1104392;704392;2024-07-07 16:05:02;СБП;successful;;34425
1104393;704393;2024-07-07 16:58:21;Банковская карта;failed;Отклонено банком;37774
1104394;704394;2024-07-07 14:14:33;Наличными при получении;successful;;35380
1104395;704395;2024-07-08 23:32:53;Банковская карта;successful;;38257
1104396;704396;2024-07-08 08:54:48;ЮMoney;refunded;;862
1104397;704397;2024-07-08 23:46:08;СБП;successful;;62230
1104398;704398;2024-07-08 17:26:36;Банковская карта;successful;;12825
1104399;704399;2024-07-08 20:32:35;Банковская карта;failed;Пользователь отменил оплату;79371
1104400;704400;2024-07-08 16:33:49;Банковская карта;successful;;57676
1104401;704401;2024-07-08 10:16:51;Банковская карта;successful;;73641
1104402;704402;2024-07-08 16:08:45;Рассрочка;failed;Отклонено банком;41600
1104403;704403;2024-07-08 19:59:54;СБП;successful;;1851
1104404;704404;2024-07-08 20:06:27;СБП;failed;Ошибка платёжного шлюза;28574
1104405;704405;2024-07-08 17:39:08;СБП;successful;;33957
1104406;704406;2024-07-08 12:09:43;Наличными при получении;successful;;97681
1104407;704407;2024-07-08 21:59:04;СБП;successful;;12630
1104408;704408;2024-07-08 10:12:53;СБП;refunded;;5480
1104409;704409;2024-07-08 12:05:32;Банковская карта;successful;;7080
1104410;704410;2024-07-08 20:29:18;СБП;successful;;1695
1104411;704411;2024-07-08 18:31:56;Банковская карта;successful;;80079
1104412;704412;2024-07-08 14:23:55;Рассрочка;successful;;51061
1104413;704413;2024-07-08 18:06:00;Банковская карта;successful;;22847
1104414;704414;2024-07-08 16:24:28;Рассрочка;successful;;48039
1104415;704415;2024-07-08 22:33:26;СБП;successful;;34469
1104416;704416;2024-07-08 14:28:24;Банковская карта;successful;;25402
1104417;704417;2024-07-08 18:37:36;Банковская карта;refunded;;55790
1104418;704418;2024-07-09 23:35:56;СБП;successful;;6028
1104419;704419;2024-07-09 12:21:24;Банковская карта;successful;;30495
1104420;704420;2024-07-09 18:00:21;ЮMoney;successful;;75137
1104421;704421;2024-07-09 15:32:49;Банковская карта;successful;;9371
1104422;704422;2024-07-09 18:14:35;СБП;successful;;83885
1104423;704423;2024-07-09 11:31:35;Банковская карта;successful;;24041
1104424;704424;2024-07-09 17:42:19;СБП;successful;;113580
1104425;704425;2024-07-09 11:50:15;Банковская карта;successful;;12090
1104426;704426;2024-07-09 13:14:56;Рассрочка;successful;;28567
1104427;704427;2024-07-09 17:32:41;Банковская карта;successful;;31429
1104428;704428;2024-07-09 12:00:40;ЮMoney;successful;;114157
1104429;704429;2024-07-09 22:08:40;Банковская карта;failed;Недостаточно средств;67480
1104430;704430;2024-07-09 15:40:58;Банковская карта;refunded;Заказ отменён клиентом после оплаты;20157
1104431;704431;2024-07-09 21:26:07;СБП;successful;;36345
1104432;704432;2024-07-09 19:14:55;Банковская карта;successful;;920
1104433;704433;2024-07-09 17:30:24;СБП;failed;Отклонено банком;37906
1104434;704434;2024-07-09 13:26:11;СБП;successful;;19735
1104435;704435;2024-07-09 19:23:25;Банковская карта;successful;;17101
1104436;704436;2024-07-09 17:00:10;СБП;successful;;35397
1104437;704437;2024-07-09 12:59:45;СБП;successful;;1474
1104438;704438;2024-07-09 18:39:47;Банковская карта;failed;Отклонено банком;9477
1104439;704439;2024-07-09 08:20:52;ЮMoney;successful;;74371
1104440;704440;2024-07-09 23:14:02;Банковская карта;successful;;18425
1104441;704441;2024-07-09 17:25:40;Банковская карта;successful;;37580
1104442;704442;2024-07-10 17:02:45;СБП;successful;;19345
1104443;704443;2024-07-10 18:47:39;Банковская карта;successful;;69959
1104444;704444;2024-07-10 09:11:12;Банковская карта;refunded;Заказ отменён клиентом после оплаты;26567
1104445;704445;2024-07-10 16:37:12;Банковская карта;successful;;1286
1104446;704446;2024-07-10 11:26:16;СБП;successful;;1567
1104447;704447;2024-07-10 18:26:39;СБП;refunded;Заказ отменён клиентом после оплаты;20490
1104448;704448;2024-07-10 20:39:15;СБП;successful;;22725
1104449;704449;2024-07-10 12:52:05;Банковская карта;successful;;12380
1104450;704450;2024-07-10 19:31:06;СБП;successful;;2001
1104451;704451;2024-07-10 18:33:19;СБП;successful;;8361
1104452;704452;2024-07-10 17:42:57;Банковская карта;successful;;72656
1104453;704453;2024-07-10 23:04:47;Банковская карта;refunded;Заказ отменён клиентом после оплаты;56090
1104454;704454;2024-07-10 14:43:22;СБП;failed;Недостаточно средств;21305
1104455;704455;2024-07-10 12:25:43;Банковская карта;successful;;2729
1104456;704456;2024-07-10 15:20:24;Банковская карта;successful;;3157
1104457;704457;2024-07-10 11:23:03;Банковская карта;successful;;111379
1104458;704458;2024-07-10 18:43:09;Банковская карта;successful;;102461
1104459;704459;2024-07-10 18:38:06;Банковская карта;successful;;1380
1104460;704460;2024-07-10 16:16:15;Наличными при получении;refunded;;7635
1104461;704461;2024-07-10 15:14:42;СБП;successful;;110795
1104462;704462;2024-07-10 15:54:23;Банковская карта;successful;;1079
1104463;704463;2024-07-10 19:37:08;Банковская карта;successful;;25090
1104464;704464;2024-07-11 13:23:02;Банковская карта;successful;;1571
1104465;704465;2024-07-11 16:11:03;СБП;successful;;13181
1104466;704466;2024-07-11 14:17:42;Банковская карта;refunded;Заказ отменён клиентом после оплаты;19580
1104467;704467;2024-07-11 23:17:37;Банковская карта;successful;;42790
1104468;704468;2024-07-11 11:11:24;СБП;successful;;25956
1104469;704469;2024-07-11 19:22:45;СБП;failed;Недостаточно средств;1313
1104470;704470;2024-07-11 16:34:46;Рассрочка;failed;Отклонено банком;43935
1104471;704471;2024-07-11 13:36:40;Наличными при получении;successful;;39790
1104472;704472;2024-07-11 10:10:01;Банковская карта;successful;;9970
1104473;704473;2024-07-11 17:33:13;Банковская карта;successful;;1990
1104474;704474;2024-07-11 13:45:26;ЮMoney;failed;Отклонено банком;3971
1104475;704475;2024-07-11 10:38:37;СБП;successful;;33090
1104476;704476;2024-07-11 12:03:47;Банковская карта;successful;;24420
1104477;704477;2024-07-11 19:00:34;СБП;successful;;3385
1104478;704478;2024-07-11 09:35:58;Банковская карта;successful;;5201
1104479;704479;2024-07-11 13:13:03;СБП;successful;;54952
1104480;704480;2024-07-11 20:22:46;Банковская карта;successful;;1259
1104481;704481;2024-07-11 21:31:05;СБП;successful;;3680
1104482;704482;2024-07-11 14:12:13;Банковская карта;successful;;58701
1104483;704483;2024-07-12 13:07:01;Банковская карта;successful;;77168
1104484;704484;2024-07-12 19:56:05;Банковская карта;successful;;51957
1104485;704485;2024-07-12 10:25:54;СБП;refunded;;12391
1104486;704486;2024-07-12 20:23:52;Наличными при получении;successful;;47700
1104487;704487;2024-07-12 16:29:16;Банковская карта;successful;;692
1104488;704488;2024-07-12 11:27:38;Банковская карта;successful;;2977
1104489;704489;2024-07-12 17:35:18;СБП;failed;Пользователь отменил оплату;43954
1104490;704490;2024-07-12 13:05:24;Банковская карта;failed;Ошибка платёжного шлюза;1735
1104491;704491;2024-07-12 10:54:20;Банковская карта;successful;;13080
1104492;704492;2024-07-12 12:44:41;Наличными при получении;failed;Пользователь отменил оплату;1736
1104493;704493;2024-07-12 18:05:02;СБП;successful;;51490
1104494;704494;2024-07-12 12:50:45;СБП;failed;Пользователь отменил оплату;1665
1104495;704495;2024-07-12 13:20:05;Банковская карта;successful;;20380
1104496;704496;2024-07-12 23:53:51;Банковская карта;successful;;43815
1104497;704497;2024-07-12 20:19:56;СБП;successful;;15807
1104498;704498;2024-07-12 18:13:56;Банковская карта;successful;;68990
1104499;704499;2024-07-12 13:20:34;Банковская карта;successful;;21510
1104500;704500;2024-07-12 19:18:46;Банковская карта;successful;;2609
1104501;704501;2024-07-12 19:20:52;Банковская карта;successful;;4977
1104502;704502;2024-07-12 12:50:53;СБП;successful;;63990
1104503;704503;2024-07-12 23:00:36;Рассрочка;successful;;111990
1104504;704504;2024-07-12 16:11:17;Банковская карта;successful;;2366
1104505;704505;2024-07-12 18:38:59;Банковская карта;successful;;43880
1104506;704506;2024-07-12 19:16:36;Банковская карта;successful;;33055
1104507;704507;2024-07-12 14:41:19;Банковская карта;successful;;11635
1104508;704508;2024-07-12 15:25:27;Банковская карта;successful;;91560
1104509;704509;2024-07-12 16:11:27;Банковская карта;successful;;40471
1104510;704510;2024-07-12 15:55:08;СБП;successful;;43990
1104511;704511;2024-07-12 18:01:23;Наличными при получении;refunded;Заказ отменён клиентом после оплаты;35145
1104512;704512;2024-07-12 13:07:30;Банковская карта;successful;;37847
1104513;704513;2024-07-12 11:40:45;СБП;successful;;11044
1104514;704514;2024-07-12 17:00:38;СБП;successful;;32745
1104515;704515;2024-07-13 16:04:23;Банковская карта;successful;;21480
1104516;704516;2024-07-13 14:51:35;СБП;successful;;11727
1104517;704517;2024-07-13 17:39:36;Рассрочка;successful;;110345
1104518;704518;2024-07-13 23:04:16;Банковская карта;successful;;6261
1104519;704519;2024-07-13 19:15:10;Наличными при получении;successful;;57489
1104520;704520;2024-07-13 17:45:53;Рассрочка;failed;Недостаточно средств;20340
1104521;704521;2024-07-13 20:05:52;Банковская карта;failed;Пользователь отменил оплату;75925
1104522;704522;2024-07-13 18:36:20;Рассрочка;successful;;53691
1104523;704523;2024-07-13 16:25:31;Банковская карта;successful;;24585
1104524;704524;2024-07-13 21:35:47;СБП;successful;;1264
1104525;704525;2024-07-13 20:17:19;Рассрочка;successful;;20925
1104526;704526;2024-07-13 22:19:34;Банковская карта;failed;Отклонено банком;60255
1104527;704527;2024-07-13 09:51:55;Банковская карта;successful;;15680
1104528;704528;2024-07-13 10:03:06;СБП;successful;;29201
1104529;704529;2024-07-13 18:33:08;Наличными при получении;successful;;7191
1104530;704530;2024-07-13 11:33:20;Банковская карта;successful;;68990
1104531;704531;2024-07-13 14:35:40;Банковская карта;successful;;25567
1104532;704532;2024-07-13 14:59:40;СБП;successful;;2017
1104533;704533;2024-07-13 13:37:53;СБП;successful;;1857
1104534;704534;2024-07-14 15:49:34;Наличными при получении;successful;;5081
1104535;704535;2024-07-14 18:18:43;Банковская карта;successful;;102291
1104536;704536;2024-07-14 12:18:54;Банковская карта;failed;Недостаточно средств;59391
1104537;704537;2024-07-14 23:12:52;Банковская карта;successful;;17186
1104538;704538;2024-07-14 16:17:43;Банковская карта;successful;;22790
1104539;704539;2024-07-14 09:12:25;Банковская карта;failed;Пользователь отменил оплату;5280
1104540;704540;2024-07-14 18:18:18;Рассрочка;successful;;4600
1104541;704541;2024-07-14 16:39:48;Банковская карта;successful;;65549
1104542;704542;2024-07-14 21:13:18;СБП;successful;;21057
1104543;704543;2024-07-14 18:49:01;СБП;successful;;1076
1104544;704544;2024-07-14 18:19:37;СБП;successful;;61361
1104545;704545;2024-07-14 13:20:44;Банковская карта;successful;;2635
1104546;704546;2024-07-14 14:45:17;Наличными при получении;successful;;10005
1104547;704547;2024-07-14 15:20:00;Банковская карта;refunded;;8259
1104548;704548;2024-07-14 14:37:00;Банковская карта;successful;;74639
1104549;704549;2024-07-14 17:47:04;Банковская карта;successful;;33730
1104550;704550;2024-07-14 13:29:34;Рассрочка;successful;;7917
1104551;704551;2024-07-14 18:56:01;СБП;successful;;26590
1104552;704552;2024-07-14 14:08:05;Наличными при получении;successful;;21345
1104553;704553;2024-07-14 20:20:31;Рассрочка;successful;;3979
1104554;704554;2024-07-14 15:49:16;Банковская карта;successful;;84980
1104555;704555;2024-07-14 21:58:41;Банковская карта;successful;;19196
1104556;704556;2024-07-14 15:46:10;Банковская карта;successful;;10699
1104557;704557;2024-07-14 11:21:06;СБП;successful;;67017
1104558;704558;2024-07-14 16:20:41;Наличными при получении;successful;;32790
1104559;704559;2024-07-14 17:34:36;Банковская карта;successful;;52336
1104560;704560;2024-07-14 17:28:06;СБП;successful;;1947
1104561;704561;2024-07-14 21:36:01;СБП;refunded;;23717
1104562;704562;2024-07-15 20:26:43;Банковская карта;failed;Пользователь отменил оплату;36231
1104563;704563;2024-07-15 23:02:34;Наличными при получении;successful;;48725
1104564;704564;2024-07-15 17:34:33;Рассрочка;successful;;31601
1104565;704565;2024-07-15 14:43:07;Наличными при получении;successful;;23889
1104566;704566;2024-07-15 16:35:13;Банковская карта;successful;;27980
1104567;704567;2024-07-15 19:22:05;Наличными при получении;successful;;65990
1104568;704568;2024-07-15 20:40:12;Рассрочка;failed;Отклонено банком;34790
1104569;704569;2024-07-15 12:29:36;ЮMoney;successful;;2380
1104570;704570;2024-07-15 17:31:13;СБП;successful;;956
1104571;704571;2024-07-15 17:34:22;ЮMoney;successful;;3111
1104572;704572;2024-07-15 19:19:05;СБП;failed;Отклонено банком;20046
1104573;704573;2024-07-15 17:37:57;СБП;successful;;4250
1104574;704574;2024-07-15 10:54:30;Банковская карта;successful;;3619
1104575;704575;2024-07-15 17:02:23;СБП;failed;Пользователь отменил оплату;149007
1104576;704576;2024-07-15 13:18:00;Банковская карта;refunded;Заказ отменён клиентом после оплаты;70940
1104577;704577;2024-07-15 18:22:15;Банковская карта;successful;;18980
1104578;704578;2024-07-15 16:19:36;Банковская карта;successful;;6336
1104579;704579;2024-07-15 18:53:18;Наличными при получении;successful;;24305
1104580;704580;2024-07-15 11:25:23;СБП;successful;;35895
1104581;704581;2024-07-15 23:06:24;Банковская карта;refunded;Заказ отменён клиентом после оплаты;61550
1104582;704582;2024-07-15 14:39:16;Банковская карта;successful;;8454
1104583;704583;2024-07-15 08:52:35;СБП;successful;;2840
1104584;704584;2024-07-15 13:59:03;Банковская карта;successful;;30011
1104585;704585;2024-07-15 18:09:37;Банковская карта;successful;;18917
1104586;704586;2024-07-15 17:22:29;СБП;successful;;3240
1104587;704587;2024-07-15 22:03:54;СБП;successful;;50915
1104588;704588;2024-07-15 14:26:48;СБП;successful;;12780
1104589;704589;2024-07-15 14:39:20;Рассрочка;successful;;108395
1104590;704590;2024-07-15 15:33:31;Рассрочка;successful;;32766
1104591;704591;2024-07-16 20:20:11;Банковская карта;successful;;8878
1104592;704592;2024-07-16 18:22:50;ЮMoney;failed;Ошибка платёжного шлюза;7200
1104593;704593;2024-07-16 19:36:56;СБП;successful;;22980
1104594;704594;2024-07-16 13:20:13;СБП;successful;;30747
1104595;704595;2024-07-16 11:27:17;СБП;successful;;111017
1104596;704596;2024-07-16 20:01:31;Банковская карта;successful;;1321
1104597;704597;2024-07-16 15:45:27;Банковская карта;successful;;24480
1104598;704598;2024-07-16 18:58:41;Наличными при получении;refunded;;4201
1104599;704599;2024-07-16 17:49:15;Банковская карта;failed;Ошибка 3-D Secure / тайм-аут;3600
1104600;704600;2024-07-16 20:31:52;Банковская карта;failed;Ошибка 3-D Secure / тайм-аут;26440
1104601;704601;2024-07-16 11:05:41;Наличными при получении;successful;;1567
1104602;704602;2024-07-16 17:29:22;СБП;successful;;24657
1104603;704603;2024-07-16 19:42:17;СБП;successful;;36090
1104604;704604;2024-07-16 17:12:24;Банковская карта;failed;Отклонено банком;27380
1104605;704605;2024-07-16 15:00:16;СБП;successful;;45735
1104606;704606;2024-07-16 12:28:37;Банковская карта;successful;;24488
1104607;704607;2024-07-16 14:38:04;Банковская карта;failed;Ошибка 3-D Secure / тайм-аут;1181
1104608;704608;2024-07-16 22:54:16;Банковская карта;successful;;7431
1104609;704609;2024-07-16 17:21:59;СБП;successful;;19180
1104610;704610;2024-07-16 17:31:57;Банковская карта;failed;Отклонено банком;18141
1104611;704611;2024-07-16 12:24:17;Банковская карта;successful;;22340
1104612;704612;2024-07-16 19:57:04;Банковская карта;successful;;1704
1104613;704613;2024-07-16 21:32:58;СБП;successful;;109670
1104614;704614;2024-07-17 08:24:02;СБП;successful;;62289
1104615;704615;2024-07-17 16:23:18;СБП;successful;;100000
1104616;704616;2024-07-17 22:01:29;Банковская карта;failed;Недостаточно средств;19035
1104617;704617;2024-07-17 16:34:08;СБП;successful;;7189
1104618;704618;2024-07-17 16:31:16;Банковская карта;successful;;798
1104619;704619;2024-07-17 16:44:39;Банковская карта;successful;;29536
1104620;704620;2024-07-17 13:54:00;Банковская карта;failed;Ошибка 3-D Secure / тайм-аут;39161
1104621;704621;2024-07-17 18:42:39;СБП;successful;;12177
1104622;704622;2024-07-17 16:33:22;СБП;successful;;18790
1104623;704623;2024-07-17 08:52:02;ЮMoney;successful;;1990
1104624;704624;2024-07-17 13:55:50;Банковская карта;successful;;24305
1104625;704625;2024-07-17 20:46:16;СБП;successful;;925
1104626;704626;2024-07-17 18:32:03;Банковская карта;successful;;1254
1104627;704627;2024-07-17 18:28:11;СБП;successful;;4110
1104628;704628;2024-07-17 12:30:22;Банковская карта;successful;;2290
1104629;704629;2024-07-17 17:33:13;Банковская карта;successful;;38380
1104630;704630;2024-07-17 15:17:25;Наличными при получении;successful;;78330
1104631;704631;2024-07-17 16:30:31;СБП;successful;;108990
1104632;704632;2024-07-17 20:01:38;СБП;successful;;6790
1104633;704633;2024-07-17 22:20:44;Банковская карта;successful;;41090
1104634;704634;2024-07-17 21:46:42;Рассрочка;successful;;58271
1104635;704635;2024-07-17 10:55:08;Банковская карта;successful;;40503
1104636;704636;2024-07-17 12:35:42;Банковская карта;successful;;85580
1104637;704637;2024-07-17 14:54:50;СБП;successful;;3719
1104638;704638;2024-07-17 12:55:32;Банковская карта;successful;;53739
1104639;704639;2024-07-18 18:58:22;Наличными при получении;successful;;12090
1104640;704640;2024-07-18 22:29:46;СБП;successful;;3381
1104641;704641;2024-07-18 11:24:44;Банковская карта;successful;;32466
1104642;704642;2024-07-18 20:04:43;Банковская карта;successful;;11990
1104643;704643;2024-07-18 20:35:42;Банковская карта;failed;Ошибка 3-D Secure / тайм-аут;1490
1104644;704644;2024-07-18 20:24:52;СБП;failed;Отклонено банком;5512
1104645;704645;2024-07-18 15:35:55;Банковская карта;failed;Ошибка 3-D Secure / тайм-аут;2340
1104646;704646;2024-07-18 15:39:23;Банковская карта;refunded;;37136
1104647;704647;2024-07-18 19:11:14;Наличными при получении;successful;;10757
1104648;704648;2024-07-18 17:54:47;Банковская карта;failed;Ошибка 3-D Secure / тайм-аут;3171
1104649;704649;2024-07-18 21:47:03;СБП;failed;Пользователь отменил оплату;39795
1104650;704650;2024-07-18 19:27:34;Банковская карта;successful;;35540
1104651;704651;2024-07-18 20:25:55;Банковская карта;refunded;Заказ отменён клиентом после оплаты;3190
1104652;704652;2024-07-18 17:45:29;Банковская карта;failed;Недостаточно средств;2990
1104653;704653;2024-07-18 16:19:30;Банковская карта;successful;;42270
1104654;704654;2024-07-18 19:59:57;Банковская карта;failed;Недостаточно средств;6966
1104655;704655;2024-07-18 19:04:42;Банковская карта;successful;;34975
1104656;704656;2024-07-18 16:27:10;Банковская карта;successful;;28835
1104657;704657;2024-07-18 19:53:10;СБП;refunded;;44788
1104658;704658;2024-07-18 18:56:08;Банковская карта;successful;;60568
1104659;704659;2024-07-18 20:45:07;Банковская карта;successful;;18311
1104660;704660;2024-07-18 23:45:50;Наличными при получении;successful;;1580
1104661;704661;2024-07-18 16:51:43;Банковская карта;successful;;86671
1104662;704662;2024-07-18 12:07:48;СБП;successful;;4345
1104663;704663;2024-07-18 14:02:14;Банковская карта;failed;Ошибка 3-D Secure / тайм-аут;18490
1104664;704664;2024-07-18 17:38:43;Наличными при получении;successful;;33567
1104665;704665;2024-07-18 17:10:37;Наличными при получении;successful;;10990
1104666;704666;2024-07-18 11:20:59;Банковская карта;failed;Ошибка платёжного шлюза;80208
1104667;704667;2024-07-19 22:43:50;Банковская карта;successful;;744
1104668;704668;2024-07-19 14:07:12;СБП;successful;;1265
1104669;704669;2024-07-19 19:50:14;Банковская карта;successful;;19490
1104670;704670;2024-07-19 20:27:19;Банковская карта;failed;Недостаточно средств;18345
1104671;704671;2024-07-19 17:57:17;Банковская карта;successful;;109090
1104672;704672;2024-07-19 12:22:20;СБП;failed;Недостаточно средств;56567
1104673;704673;2024-07-19 21:56:10;СБП;successful;;23729
1104674;704674;2024-07-19 17:59:10;Банковская карта;successful;;8490
1104675;704675;2024-07-19 19:38:44;Рассрочка;successful;;9080
1104676;704676;2024-07-19 20:25:05;Банковская карта;successful;;27680
1104677;704677;2024-07-19 17:30:24;Рассрочка;successful;;26790
1104678;704678;2024-07-19 14:30:18;Наличными при получении;successful;;25751
1104679;704679;2024-07-19 22:54:46;Рассрочка;failed;Пользователь отменил оплату;7490
1104680;704680;2024-07-19 17:31:05;СБП;successful;;2780
1104681;704681;2024-07-19 16:00:13;СБП;successful;;1857
1104682;704682;2024-07-19 20:04:35;СБП;successful;;1090
1104683;704683;2024-07-19 13:34:37;Рассрочка;successful;;54493
1104684;704684;2024-07-19 21:11:12;Рассрочка;successful;;3911
1104685;704685;2024-07-19 14:34:15;Банковская карта;successful;;82717
1104686;704686;2024-07-19 17:26:12;Банковская карта;successful;;14980
1104687;704687;2024-07-19 13:24:26;Банковская карта;successful;;19386
1104688;704688;2024-07-19 17:36:29;СБП;successful;;1305
1104689;704689;2024-07-19 21:22:44;Наличными при получении;failed;Пользователь отменил оплату;23190
1104690;704690;2024-07-20 14:00:06;Рассрочка;successful;;19956
1104691;704691;2024-07-20 16:20:00;Банковская карта;successful;;36795
1104692;704692;2024-07-20 11:00:16;Банковская карта;successful;;31218
1104693;704693;2024-07-20 19:03:43;Банковская карта;successful;;23645
1104694;704694;2024-07-20 19:10:02;Наличными при получении;successful;;1668
1104695;704695;2024-07-20 10:30:15;СБП;successful;;32071
1104696;704696;2024-07-20 16:22:33;СБП;successful;;2035
1104697;704697;2024-07-20 20:59:09;Банковская карта;successful;;70825
1104698;704698;2024-07-20 19:42:41;СБП;successful;;54991
1104699;704699;2024-07-20 22:41:50;Наличными при получении;successful;;36603
1104700;704700;2024-07-20 17:07:22;СБП;failed;Пользователь отменил оплату;23345
1104701;704701;2024-07-20 14:33:05;СБП;refunded;;3090
1104702;704702;2024-07-20 11:29:39;СБП;failed;Ошибка платёжного шлюза;1326
1104703;704703;2024-07-20 17:01:53;Рассрочка;successful;;29357
1104704;704704;2024-07-20 19:01:48;СБП;successful;;27680
1104705;704705;2024-07-20 14:38:00;СБП;successful;;7051
1104706;704706;2024-07-20 23:39:34;Банковская карта;failed;Ошибка 3-D Secure / тайм-аут;35254
1104707;704707;2024-07-21 18:49:41;Наличными при получении;successful;;6990
1104708;704708;2024-07-21 10:59:25;Банковская карта;successful;;48835
1104709;704709;2024-07-21 21:42:43;Банковская карта;successful;;11700
1104710;704710;2024-07-21 20:02:45;Банковская карта;failed;Отклонено банком;128280
1104711;704711;2024-07-21 23:25:55;СБП;successful;;25194
1104712;704712;2024-07-21 20:50:54;Банковская карта;failed;Ошибка 3-D Secure / тайм-аут;36567
1104713;704713;2024-07-21 17:51:22;СБП;successful;;24480
1104714;704714;2024-07-21 22:58:27;Банковская карта;failed;Ошибка 3-D Secure / тайм-аут;80345
1104715;704715;2024-07-21 16:48:35;Банковская карта;refunded;Заказ отменён клиентом после оплаты;27090
1104716;704716;2024-07-21 09:39:23;Банковская карта;failed;Ошибка 3-D Secure / тайм-аут;3157
1104717;704717;2024-07-21 17:48:43;СБП;successful;;27681
1104718;704718;2024-07-21 19:49:25;Банковская карта;successful;;9567
1104719;704719;2024-07-21 17:16:10;Банковская карта;successful;;27170
1104720;704720;2024-07-21 10:54:25;Банковская карта;failed;Ошибка 3-D Secure / тайм-аут;25490
1104721;704721;2024-07-21 22:59:32;Рассрочка;successful;;8031
1104722;704722;2024-07-21 22:56:33;ЮMoney;successful;;75490
1104723;704723;2024-07-21 16:40:11;ЮMoney;failed;Недостаточно средств;79567
1104724;704724;2024-07-21 19:01:15;Банковская карта;successful;;11340
1104725;704725;2024-07-21 13:37:29;СБП;successful;;3345
1104726;704726;2024-07-21 12:59:04;Банковская карта;successful;;90615
1104727;704727;2024-07-21 09:27:06;Рассрочка;successful;;3464
1104728;704728;2024-07-21 08:43:38;Банковская карта;refunded;Заказ отменён клиентом после оплаты;9138
1104729;704729;2024-07-21 17:52:20;Банковская карта;successful;;18835
1104730;704730;2024-07-21 16:59:45;СБП;successful;;19440
1104731;704731;2024-07-21 23:04:51;Банковская карта;failed;Ошибка 3-D Secure / тайм-аут;40040
1104732;704732;2024-07-21 22:26:36;Банковская карта;failed;Ошибка 3-D Secure / тайм-аут;57480
1104733;704733;2024-07-21 13:56:03;Банковская карта;successful;;29741
1104734;704734;2024-07-21 10:54:14;СБП;successful;;1611
1104735;704735;2024-07-21 18:20:20;СБП;successful;;42091
1104736;704736;2024-07-21 10:08:44;Банковская карта;successful;;574
1104737;704737;2024-07-21 13:02:47;Банковская карта;failed;Ошибка 3-D Secure / тайм-аут;7990
1104738;704738;2024-07-21 19:46:12;Банковская карта;successful;;3567
1104739;704739;2024-07-21 23:25:13;Наличными при получении;successful;;938
1104740;704740;2024-07-21 12:15:32;Банковская карта;failed;Ошибка 3-D Secure / тайм-аут;30180
1104741;704741;2024-07-21 11:23:15;СБП;successful;;990
1104742;704742;2024-07-21 19:42:05;Банковская карта;failed;Ошибка платёжного шлюза;5080
1104743;704743;2024-07-21 17:12:09;СБП;successful;;39728
1104744;704744;2024-07-21 09:18:26;Банковская карта;failed;Ошибка 3-D Secure / тайм-аут;6079
1104745;704745;2024-07-22 12:53:23;Наличными при получении;successful;;2341
1104746;704746;2024-07-22 19:43:04;СБП;successful;;18490
1104747;704747;2024-07-22 17:47:23;Банковская карта;successful;;3080
1104748;704748;2024-07-22 08:43:44;Банковская карта;failed;Ошибка 3-D Secure / тайм-аут;9724
1104749;704749;2024-07-22 11:20:41;Банковская карта;successful;;74691
1104750;704750;2024-07-22 13:19:35;Наличными при получении;successful;;32551
1104751;704751;2024-07-22 15:34:06;СБП;successful;;26056
1104752;704752;2024-07-22 20:33:27;Наличными при получении;successful;;89768
1104753;704753;2024-07-22 20:54:23;Банковская карта;successful;;17811
1104754;704754;2024-07-22 15:05:09;Банковская карта;refunded;;18716
1104755;704755;2024-07-22 09:45:43;СБП;successful;;26080
1104756;704756;2024-07-22 15:23:39;СБП;successful;;3280
1104757;704757;2024-07-22 17:31:55;СБП;successful;;73690
1104758;704758;2024-07-22 13:42:25;СБП;successful;;40725
1104759;704759;2024-07-22 16:37:01;СБП;successful;;67411
1104760;704760;2024-07-22 09:15:26;СБП;successful;;19090
1104761;704761;2024-07-22 19:54:38;ЮMoney;successful;;6175
1104762;704762;2024-07-22 17:20:10;ЮMoney;successful;;57090
1104763;704763;2024-07-22 18:10:58;Наличными при получении;failed;Недостаточно средств;45475
1104764;704764;2024-07-22 12:06:27;СБП;successful;;53305
1104765;704765;2024-07-22 11:44:55;СБП;successful;;24345
1104766;704766;2024-07-23 17:51:50;Рассрочка;successful;;28959
1104767;704767;2024-07-23 08:44:06;Банковская карта;failed;Пользователь отменил оплату;23756
1104768;704768;2024-07-23 13:17:32;Банковская карта;successful;;30285
1104769;704769;2024-07-23 15:20:00;Банковская карта;successful;;69345
1104770;704770;2024-07-23 21:59:30;Банковская карта;successful;;66380
1104771;704771;2024-07-23 18:52:01;Банковская карта;successful;;7821
1104772;704772;2024-07-23 21:28:44;Банковская карта;failed;Ошибка 3-D Secure / тайм-аут;1810
1104773;704773;2024-07-23 22:21:24;Наличными при получении;successful;;2595
1104774;704774;2024-07-23 20:25:48;Рассрочка;successful;;1241
1104775;704775;2024-07-23 10:51:38;Банковская карта;successful;;1990
1104776;704776;2024-07-23 16:28:31;Банковская карта;successful;;1541
1104777;704777;2024-07-23 20:48:29;Банковская карта;failed;Ошибка 3-D Secure / тайм-аут;9352
1104778;704778;2024-07-23 11:46:01;Банковская карта;failed;Ошибка 3-D Secure / тайм-аут;113230
1104779;704779;2024-07-23 11:36:55;Наличными при получении;successful;;1906
1104780;704780;2024-07-23 11:36:41;Банковская карта;successful;;34790
1104781;704781;2024-07-23 11:00:03;Банковская карта;successful;;57157
1104782;704782;2024-07-23 14:44:12;Банковская карта;successful;;3966
1104783;704783;2024-07-23 12:23:49;Рассрочка;successful;;1135
1104784;704784;2024-07-23 23:02:32;Банковская карта;successful;;55513
1104785;704785;2024-07-23 16:49:12;СБП;failed;Ошибка платёжного шлюза;66646
1104786;704786;2024-07-23 20:15:33;Рассрочка;successful;;6990
1104787;704787;2024-07-23 16:42:05;Банковская карта;refunded;Заказ отменён клиентом после оплаты;13880
1104788;704788;2024-07-23 08:27:45;Банковская карта;successful;;6370
1104789;704789;2024-07-23 17:46:02;Рассрочка;successful;;1281
1104790;704790;2024-07-24 16:53:12;СБП;successful;;59486
1104791;704791;2024-07-24 19:10:31;СБП;successful;;12465
1104792;704792;2024-07-24 20:48:18;Наличными при получении;successful;;36511
1104793;704793;2024-07-24 16:57:35;Банковская карта;failed;Ошибка 3-D Secure / тайм-аут;20573
1104794;704794;2024-07-24 15:53:44;Наличными при получении;successful;;2706
1104795;704795;2024-07-24 22:04:34;Банковская карта;successful;;6805
1104796;704796;2024-07-24 17:38:09;Наличными при получении;successful;;2705
1104797;704797;2024-07-24 20:14:06;Банковская карта;successful;;4380
1104798;704798;2024-07-24 18:57:14;СБП;successful;;1480
1104799;704799;2024-07-24 14:31:40;Банковская карта;successful;;45562
1104800;704800;2024-07-24 23:04:55;СБП;successful;;12480
1104801;704801;2024-07-24 18:54:30;СБП;successful;;41211
1104802;704802;2024-07-24 16:18:10;Банковская карта;failed;Отклонено банком;505
1104803;704803;2024-07-24 17:52:50;СБП;successful;;5180
1104804;704804;2024-07-24 19:10:02;СБП;successful;;1935
1104805;704805;2024-07-24 18:21:02;Рассрочка;successful;;29835
1104806;704806;2024-07-24 15:30:39;Банковская карта;successful;;110980
1104807;704807;2024-07-24 13:20:48;Банковская карта;successful;;1274
1104808;704808;2024-07-24 15:35:18;Наличными при получении;successful;;68417
1104809;704809;2024-07-24 21:03:46;Банковская карта;successful;;6090
1104810;704810;2024-07-24 11:33:01;Рассрочка;successful;;36639
1104811;704811;2024-07-24 18:27:02;Банковская карта;successful;;68776
1104812;704812;2024-07-24 23:10:05;СБП;successful;;90170
1104813;704813;2024-07-24 16:32:58;ЮMoney;successful;;67039
1104814;704814;2024-07-24 20:08:27;Банковская карта;failed;Ошибка 3-D Secure / тайм-аут;40345
1104815;704815;2024-07-24 13:05:52;Банковская карта;successful;;28727
1104816;704816;2024-07-25 20:55:07;Банковская карта;successful;;25210
1104817;704817;2024-07-25 22:28:17;СБП;successful;;6596
1104818;704818;2024-07-25 19:11:17;СБП;failed;Отклонено банком;38090
1104819;704819;2024-07-25 18:29:17;Банковская карта;successful;;83226
1104820;704820;2024-07-25 19:08:32;Банковская карта;successful;;18420
1104821;704821;2024-07-25 21:15:54;СБП;failed;Недостаточно средств;4631
1104822;704822;2024-07-25 18:51:29;Рассрочка;successful;;47536
1104823;704823;2024-07-25 22:11:09;СБП;successful;;1250
1104824;704824;2024-07-25 15:39:46;ЮMoney;successful;;38290
1104825;704825;2024-07-25 14:31:42;СБП;successful;;4680
1104826;704826;2024-07-25 19:32:50;СБП;successful;;19140
1104827;704827;2024-07-25 22:28:11;Банковская карта;failed;Ошибка 3-D Secure / тайм-аут;93675
1104828;704828;2024-07-25 18:47:38;Банковская карта;failed;Ошибка 3-D Secure / тайм-аут;40580
1104829;704829;2024-07-25 20:30:09;СБП;successful;;21447
1104830;704830;2024-07-25 19:04:39;Банковская карта;failed;Ошибка 3-D Secure / тайм-аут;76805
1104831;704831;2024-07-25 21:34:18;СБП;successful;;1776
1104832;704832;2024-07-25 14:05:18;Банковская карта;successful;;4380
1104833;704833;2024-07-25 14:12:10;СБП;successful;;3857
1104834;704834;2024-07-25 19:31:20;Банковская карта;successful;;5480
1104835;704835;2024-07-25 20:38:02;Банковская карта;successful;;9957
1104836;704836;2024-07-25 16:12:46;СБП;successful;;18056
1104837;704837;2024-07-25 14:16:29;СБП;successful;;60331
1104838;704838;2024-07-25 14:37:58;СБП;successful;;22706
1104839;704839;2024-07-25 17:50:09;СБП;refunded;;26056
1104840;704840;2024-07-25 11:11:02;СБП;successful;;2906
1104841;704841;2024-07-25 11:14:48;Банковская карта;successful;;15030
1104842;704842;2024-07-25 16:00:55;СБП;successful;;13480
1104843;704843;2024-07-26 16:21:35;ЮMoney;successful;;118747
1104844;704844;2024-07-26 18:36:34;Наличными при получении;successful;;31491
1104845;704845;2024-07-26 10:23:06;Банковская карта;successful;;85789
1104846;704846;2024-07-26 12:52:56;Рассрочка;successful;;128366
1104847;704847;2024-07-26 15:54:38;Банковская карта;refunded;Заказ отменён клиентом после оплаты;18136
1104848;704848;2024-07-26 18:01:38;Банковская карта;successful;;75185
1104849;704849;2024-07-26 20:21:50;Рассрочка;failed;Пользователь отменил оплату;6810
1104850;704850;2024-07-26 18:38:49;Наличными при получении;successful;;137401
1104851;704851;2024-07-26 20:21:12;Банковская карта;failed;Отклонено банком;4194
1104852;704852;2024-07-26 14:47:05;СБП;successful;;65180
1104853;704853;2024-07-26 16:14:15;СБП;successful;;3523
1104854;704854;2024-07-26 22:28:35;Банковская карта;failed;Ошибка 3-D Secure / тайм-аут;36406
1104855;704855;2024-07-26 08:52:00;Банковская карта;successful;;29080
1104856;704856;2024-07-26 20:31:33;СБП;successful;;33940
1104857;704857;2024-07-26 22:29:24;Наличными при получении;successful;;79724
1104858;704858;2024-07-26 21:12:12;Наличными при получении;successful;;750
1104859;704859;2024-07-26 11:38:05;СБП;successful;;2490
1104860;704860;2024-07-26 18:38:03;Банковская карта;successful;;1036
1104861;704861;2024-07-26 11:56:37;Банковская карта;successful;;90580
1104862;704862;2024-07-27 17:08:32;СБП;successful;;84658
1104863;704863;2024-07-27 18:28:50;Банковская карта;failed;Ошибка платёжного шлюза;36762
1104864;704864;2024-07-27 12:57:48;Банковская карта;failed;Ошибка платёжного шлюза;3380
1104865;704865;2024-07-27 21:55:16;Рассрочка;successful;;33581
1104866;704866;2024-07-27 21:03:13;СБП;successful;;44990
1104867;704867;2024-07-27 20:37:41;Банковская карта;failed;Ошибка 3-D Secure / тайм-аут;2900
1104868;704868;2024-07-27 19:48:02;Рассрочка;successful;;35327
1104869;704869;2024-07-27 21:46:44;СБП;successful;;2429
1104870;704870;2024-07-27 17:47:05;Банковская карта;successful;;74856
1104871;704871;2024-07-27 16:58:09;Рассрочка;successful;;39083
1104872;704872;2024-07-27 18:35:17;Банковская карта;failed;Недостаточно средств;23081
1104873;704873;2024-07-27 08:34:41;СБП;successful;;24057
1104874;704874;2024-07-27 20:09:35;СБП;successful;;56080
1104875;704875;2024-07-27 22:40:54;СБП;successful;;57886
1104876;704876;2024-07-27 18:17:36;Наличными при получении;successful;;2334
1104877;704877;2024-07-27 20:19:53;СБП;successful;;3180
1104878;704878;2024-07-27 12:05:32;СБП;failed;Недостаточно средств;18787
1104879;704879;2024-07-27 12:00:12;Банковская карта;failed;Ошибка 3-D Secure / тайм-аут;20265
1104880;704880;2024-07-27 19:38:41;Рассрочка;successful;;18687
1104881;704881;2024-07-27 15:52:29;Банковская карта;successful;;33315
1104882;704882;2024-07-27 21:36:23;Банковская карта;failed;Ошибка платёжного шлюза;1835
1104883;704883;2024-07-27 19:30:02;ЮMoney;successful;;32945
1104884;704884;2024-07-27 12:54:18;Банковская карта;successful;;4380
1104885;704885;2024-07-27 15:38:17;СБП;successful;;20809
1104886;704886;2024-07-27 14:14:49;Банковская карта;failed;Ошибка 3-D Secure / тайм-аут;26016
1104887;704887;2024-07-27 11:19:49;Рассрочка;successful;;10989
1104888;704888;2024-07-27 16:54:01;СБП;successful;;1761
1104889;704889;2024-07-27 16:55:57;Банковская карта;failed;Ошибка 3-D Secure / тайм-аут;81670
1104890;704890;2024-07-28 22:24:13;Банковская карта;successful;;19295
1104891;704891;2024-07-28 12:35:38;Наличными при получении;successful;;19202
1104892;704892;2024-07-28 18:18:52;СБП;successful;;37784
1104893;704893;2024-07-28 20:21:42;Банковская карта;failed;Ошибка 3-D Secure / тайм-аут;24567
1104894;704894;2024-07-28 17:09:01;СБП;successful;;1390
1104895;704895;2024-07-28 13:50:21;Наличными при получении;successful;;25276
1104896;704896;2024-07-28 20:08:40;Банковская карта;successful;;32640
1104897;704897;2024-07-28 13:02:10;Наличными при получении;successful;;1482
1104898;704898;2024-07-28 14:22:00;Рассрочка;successful;;28025
1104899;704899;2024-07-28 20:36:23;СБП;successful;;1036
1104900;704900;2024-07-28 17:40:06;Банковская карта;failed;Ошибка 3-D Secure / тайм-аут;6345
1104901;704901;2024-07-28 22:38:24;СБП;successful;;51111
1104902;704902;2024-07-28 16:44:48;Банковская карта;successful;;69300
1104903;704903;2024-07-28 21:02:24;СБП;successful;;2517
1104904;704904;2024-07-28 13:40:28;СБП;successful;;67256
1104905;704905;2024-07-28 14:13:13;СБП;successful;;17754
1104906;704906;2024-07-28 17:03:57;Банковская карта;successful;;34180
1104907;704907;2024-07-28 13:55:52;Банковская карта;failed;Пользователь отменил оплату;3621
1104908;704908;2024-07-28 18:24:09;Банковская карта;successful;;4540
1104909;704909;2024-07-28 19:06:25;Банковская карта;failed;Ошибка 3-D Secure / тайм-аут;2935
1104910;704910;2024-07-28 10:20:30;Банковская карта;failed;Ошибка 3-D Secure / тайм-аут;72090
1104911;704911;2024-07-28 15:39:36;Банковская карта;successful;;16577
1104912;704912;2024-07-28 21:31:09;СБП;successful;;7821
1104913;704913;2024-07-28 20:17:03;СБП;successful;;20691
1104914;704914;2024-07-28 17:16:01;СБП;successful;;11579
1104915;704915;2024-07-28 15:37:57;СБП;failed;Ошибка платёжного шлюза;28053
1104916;704916;2024-07-28 22:35:05;Наличными при получении;successful;;36831
1104917;704917;2024-07-28 15:20:01;СБП;successful;;3535
1104918;704918;2024-07-29 16:23:54;ЮMoney;successful;;64090
1104919;704919;2024-07-29 15:37:16;СБП;successful;;12157
1104920;704920;2024-07-29 08:50:46;Наличными при получении;successful;;23790
1104921;704921;2024-07-29 15:50:54;СБП;successful;;35345
1104922;704922;2024-07-29 15:01:09;Банковская карта;successful;;34540
1104923;704923;2024-07-29 16:11:24;ЮMoney;successful;;33567
1104924;704924;2024-07-29 14:03:36;СБП;successful;;9724
1104925;704925;2024-07-29 14:22:19;СБП;successful;;4956
1104926;704926;2024-07-29 09:57:09;СБП;successful;;51265
1104927;704927;2024-07-29 17:18:43;СБП;failed;Пользователь отменил оплату;4080
1104928;704928;2024-07-29 18:22:09;Банковская карта;failed;Отклонено банком;23777
1104929;704929;2024-07-29 23:56:55;Наличными при получении;successful;;18481
1104930;704930;2024-07-29 11:45:02;СБП;successful;;22668
1104931;704931;2024-07-29 16:35:40;Рассрочка;successful;;65735
1104932;704932;2024-07-29 16:16:38;СБП;successful;;7790
1104933;704933;2024-07-29 15:10:25;Рассрочка;successful;;3870
1104934;704934;2024-07-29 21:20:22;Банковская карта;failed;Ошибка 3-D Secure / тайм-аут;25163
1104935;704935;2024-07-29 18:56:09;СБП;successful;;12204
1104936;704936;2024-07-29 10:10:31;СБП;successful;;8490
1104937;704937;2024-07-29 12:50:43;Банковская карта;failed;Ошибка 3-D Secure / тайм-аут;5080
1104938;704938;2024-07-29 20:55:50;СБП;successful;;69335
1104939;704939;2024-07-29 18:34:28;СБП;successful;;41680
1104940;704940;2024-07-29 15:10:51;Банковская карта;successful;;10516
1104941;704941;2024-07-29 09:54:04;СБП;successful;;39345
1104942;704942;2024-07-29 23:29:13;Банковская карта;refunded;Заказ отменён клиентом после оплаты;25035
1104943;704943;2024-07-29 15:24:59;СБП;successful;;34425
1104944;704944;2024-07-29 17:27:46;Банковская карта;failed;Ошибка 3-D Secure / тайм-аут;36567
1104945;704945;2024-07-29 12:00:32;СБП;successful;;28935
1104946;704946;2024-07-29 23:07:54;СБП;successful;;2480
1104947;704947;2024-07-29 16:44:49;СБП;successful;;35921
1104948;704948;2024-07-30 16:54:24;Банковская карта;successful;;13157
1104949;704949;2024-07-30 17:51:23;Банковская карта;refunded;;66680
1104950;704950;2024-07-30 17:11:19;Банковская карта;successful;;10500
1104951;704951;2024-07-30 13:43:19;Банковская карта;successful;;19106
1104952;704952;2024-07-30 19:13:40;Банковская карта;failed;Ошибка 3-D Secure / тайм-аут;3990
1104953;704953;2024-07-30 10:20:26;Наличными при получении;successful;;7935
1104954;704954;2024-07-30 19:19:03;СБП;successful;;4480
1104955;704955;2024-07-30 14:47:01;СБП;successful;;58861
1104956;704956;2024-07-30 20:08:15;Банковская карта;successful;;21820
1104957;704957;2024-07-30 10:13:11;Рассрочка;successful;;1447
1104958;704958;2024-07-30 15:38:38;Наличными при получении;successful;;21427
1104959;704959;2024-07-30 19:20:22;ЮMoney;successful;;58430
1104960;704960;2024-07-30 15:20:14;Банковская карта;successful;;6166
1104961;704961;2024-07-30 16:41:36;Банковская карта;successful;;6291
1104962;704962;2024-07-30 20:19:14;Рассрочка;failed;Пользователь отменил оплату;43158
1104963;704963;2024-07-30 17:11:00;Наличными при получении;successful;;17935
1104964;704964;2024-07-30 16:44:19;Наличными при получении;successful;;37516
1104965;704965;2024-07-31 09:02:13;Наличными при получении;successful;;28676
1104966;704966;2024-07-31 18:34:29;Банковская карта;failed;Ошибка 3-D Secure / тайм-аут;33905
1104967;704967;2024-07-31 16:54:28;Банковская карта;successful;;3380
1104968;704968;2024-07-31 09:03:19;СБП;successful;;46245
1104969;704969;2024-07-31 23:48:22;Наличными при получении;successful;;52401
1104970;704970;2024-07-31 16:07:18;Банковская карта;failed;Ошибка 3-D Secure / тайм-аут;27480
1104971;704971;2024-07-31 19:29:25;Банковская карта;successful;;112581
1104972;704972;2024-07-31 12:16:52;СБП;successful;;2801
1104973;704973;2024-07-31 18:05:51;Банковская карта;failed;Ошибка 3-D Secure / тайм-аут;69480
1104974;704974;2024-07-31 15:42:10;Банковская карта;failed;Отклонено банком;13826
1104975;704975;2024-07-31 11:02:22;Банковская карта;successful;;1090
1104976;704976;2024-07-31 21:12:55;СБП;successful;;73990
1104977;704977;2024-07-31 22:47:05;Банковская карта;refunded;;31871
1104978;704978;2024-07-31 20:05:11;Банковская карта;failed;Ошибка 3-D Secure / тайм-аут;25345
1104979;704979;2024-07-31 12:19:49;Банковская карта;successful;;39835
1104980;704980;2024-07-31 10:38:32;СБП;successful;;2940
1104981;704981;2024-07-31 17:55:59;СБП;successful;;1181
1104982;704982;2024-07-31 20:48:51;Рассрочка;successful;;25370
1104983;704983;2024-07-31 15:30:41;Банковская карта;failed;Ошибка 3-D Secure / тайм-аут;50730
1104984;704984;2024-07-31 18:51:37;Наличными при получении;successful;;26101
1104985;704985;2024-07-31 17:19:12;Банковская карта;successful;;8980
1104986;704986;2024-07-31 12:19:06;Банковская карта;successful;;9878
1104987;704987;2024-07-31 17:06:05;Банковская карта;failed;Ошибка 3-D Secure / тайм-аут;29349
1104988;704988;2024-07-31 15:16:14;СБП;refunded;Заказ отменён клиентом после оплаты;40500
1104989;704989;2024-07-31 10:42:48;Банковская карта;successful;;39541
1104990;704990;2024-08-01 12:10:20;СБП;successful;;142302
1104991;704991;2024-08-01 18:37:22;СБП;successful;;1874
1104992;704992;2024-08-01 13:57:44;ЮMoney;failed;Недостаточно средств;68375
1104993;704993;2024-08-01 14:56:10;Наличными при получении;successful;;22491
1104994;704994;2024-08-01 21:03:05;Рассрочка;failed;Пользователь отменил оплату;108495
1104995;704995;2024-08-01 21:44:22;Рассрочка;successful;;10581
1104996;704996;2024-08-01 12:53:16;ЮMoney;successful;;5216
1104997;704997;2024-08-01 21:27:22;СБП;successful;;2081
1104998;704998;2024-08-01 09:24:13;Банковская карта;failed;Пользователь отменил оплату;4775
1104999;704999;2024-08-01 17:50:21;ЮMoney;successful;;2415
1105000;705000;2024-08-01 18:31:15;Банковская карта;successful;;21180
1105001;705001;2024-08-01 16:35:42;Банковская карта;failed;Недостаточно средств;83564
1105002;705002;2024-08-01 20:50:29;Банковская карта;failed;Пользователь отменил оплату;11735
1105003;705003;2024-08-01 10:09:27;СБП;successful;;1324
1105004;705004;2024-08-01 21:43:17;Банковская карта;successful;;1835
1105005;705005;2024-08-01 09:40:15;СБП;successful;;904
1105006;705006;2024-08-01 22:29:11;Банковская карта;successful;;34202
1105007;705007;2024-08-01 14:33:03;Банковская карта;successful;;44314
1105008;705008;2024-08-01 22:01:49;Наличными при получении;successful;;99454
1105009;705009;2024-08-01 13:42:51;СБП;successful;;43795
1105010;705010;2024-08-01 13:28:24;Рассрочка;successful;;39440
1105011;705011;2024-08-01 17:53:39;Банковская карта;failed;Ошибка 3-D Secure / тайм-аут;27980
1105012;705012;2024-08-01 12:52:13;Банковская карта;failed;Ошибка 3-D Secure / тайм-аут;42351
1105013;705013;2024-08-01 08:39:27;Наличными при получении;successful;;113790
1105014;705014;2024-08-01 11:55:56;ЮMoney;successful;;24944
1105015;705015;2024-08-01 11:38:27;СБП;successful;;61951
1105016;705016;2024-08-01 10:36:50;Рассрочка;successful;;5602
1105017;705017;2024-08-01 19:26:43;СБП;refunded;;73490
1105018;705018;2024-08-01 12:13:53;Банковская карта;failed;Пользователь отменил оплату;7480
1105019;705019;2024-08-01 13:06:16;СБП;successful;;119121
1105020;705020;2024-08-02 11:25:17;Банковская карта;successful;;44180
1105021;705021;2024-08-02 14:12:42;Наличными при получении;successful;;24580
1105022;705022;2024-08-02 21:18:57;Рассрочка;failed;Пользователь отменил оплату;64996
1105023;705023;2024-08-02 14:48:55;Рассрочка;failed;Недостаточно средств;72789
1105024;705024;2024-08-02 20:39:51;СБП;successful;;3380
1105025;705025;2024-08-02 20:28:32;ЮMoney;successful;;38338
1105026;705026;2024-08-02 12:11:56;Банковская карта;successful;;21031
1105027;705027;2024-08-02 13:53:13;Банковская карта;failed;Ошибка 3-D Secure / тайм-аут;44028
1105028;705028;2024-08-02 15:48:15;СБП;successful;;3157
1105029;705029;2024-08-02 21:14:28;СБП;successful;;90659
1105030;705030;2024-08-02 18:45:05;Рассрочка;successful;;29090
1105031;705031;2024-08-02 22:31:42;Банковская карта;successful;;1490
1105032;705032;2024-08-02 20:00:56;СБП;successful;;1307
1105033;705033;2024-08-02 17:03:38;Банковская карта;successful;;111861
1105034;705034;2024-08-02 14:57:58;Банковская карта;successful;;1368
1105035;705035;2024-08-02 17:19:53;Наличными при получении;successful;;1530
1105036;705036;2024-08-02 21:42:35;СБП;successful;;41480
1105037;705037;2024-08-02 19:35:29;СБП;failed;Недостаточно средств;117180
1105038;705038;2024-08-02 16:13:02;Банковская карта;successful;;3990
1105039;705039;2024-08-02 13:37:13;Банковская карта;failed;Отклонено банком;32481
1105040;705040;2024-08-02 13:53:16;СБП;successful;;16131
1105041;705041;2024-08-02 15:41:33;Банковская карта;successful;;29280
1105042;705042;2024-08-02 10:49:50;Наличными при получении;successful;;17657
1105043;705043;2024-08-02 15:49:08;Рассрочка;successful;;2156
1105044;705044;2024-08-02 16:24:10;СБП;successful;;21990
1105045;705045;2024-08-02 21:24:04;Рассрочка;successful;;37836
1105046;705046;2024-08-02 23:19:42;Наличными при получении;successful;;2471
1105047;705047;2024-08-02 20:23:04;Банковская карта;successful;;57341
1105048;705048;2024-08-02 09:25:41;СБП;successful;;26990
1105049;705049;2024-08-02 14:37:24;Банковская карта;successful;;2567
1105050;705050;2024-08-02 22:52:38;СБП;successful;;23841
1105051;705051;2024-08-02 22:13:24;ЮMoney;successful;;7037
1105052;705052;2024-08-02 11:19:08;Банковская карта;failed;Ошибка 3-D Secure / тайм-аут;25350
1105053;705053;2024-08-02 17:41:21;Наличными при получении;successful;;6705
1105054;705054;2024-08-02 15:39:37;СБП;successful;;27887
1105055;705055;2024-08-02 18:11:36;Банковская карта;successful;;2326
1105056;705056;2024-08-02 19:39:49;СБП;successful;;650
1105057;705057;2024-08-03 17:34:57;Банковская карта;successful;;43064
1105058;705058;2024-08-03 17:45:04;Наличными при получении;successful;;22567
1105059;705059;2024-08-03 09:55:10;Наличными при получении;failed;Отклонено банком;20631
1105060;705060;2024-08-03 23:35:42;СБП;successful;;13480
1105061;705061;2024-08-03 18:08:20;Банковская карта;successful;;1490
1105062;705062;2024-08-03 14:28:52;Банковская карта;successful;;31901
1105063;705063;2024-08-03 19:14:46;ЮMoney;successful;;90640
1105064;705064;2024-08-03 18:05:43;Наличными при получении;successful;;118826
1105065;705065;2024-08-03 16:00:43;СБП;successful;;5841
1105066;705066;2024-08-03 16:08:10;Наличными при получении;successful;;57090
1105067;705067;2024-08-03 14:41:01;ЮMoney;failed;Недостаточно средств;523
1105068;705068;2024-08-03 18:45:17;Банковская карта;successful;;6028
1105069;705069;2024-08-03 22:13:38;Банковская карта;refunded;Заказ отменён клиентом после оплаты;892
1105070;705070;2024-08-03 23:05:27;Банковская карта;successful;;90480
1105071;705071;2024-08-03 17:43:24;Наличными при получении;refunded;;18567
1105072;705072;2024-08-03 17:02:51;СБП;successful;;57180
1105073;705073;2024-08-03 19:57:05;Наличными при получении;successful;;4567
1105074;705074;2024-08-03 08:53:05;Банковская карта;successful;;52835
1105075;705075;2024-08-03 18:15:18;Банковская карта;successful;;41654
1105076;705076;2024-08-03 19:40:12;СБП;successful;;1851
1105077;705077;2024-08-03 11:04:36;Банковская карта;successful;;57080
1105078;705078;2024-08-03 22:54:03;Банковская карта;successful;;28707
1105079;705079;2024-08-03 20:15:15;СБП;successful;;18080
1105080;705080;2024-08-03 19:53:10;Рассрочка;successful;;26170
1105081;705081;2024-08-03 20:40:27;Банковская карта;failed;Пользователь отменил оплату;60886
1105082;705082;2024-08-03 22:46:39;Банковская карта;successful;;45090
1105083;705083;2024-08-03 20:44:36;Банковская карта;successful;;4110
1105084;705084;2024-08-03 17:14:55;Банковская карта;successful;;2080
1105085;705085;2024-08-03 23:17:32;Банковская карта;successful;;37444
1105086;705086;2024-08-03 17:57:26;Банковская карта;successful;;2956
1105087;705087;2024-08-03 19:05:49;СБП;successful;;12490
1105088;705088;2024-08-03 19:12:05;Банковская карта;failed;Отклонено банком;18229
1105089;705089;2024-08-03 21:12:44;Банковская карта;failed;Ошибка 3-D Secure / тайм-аут;4901
1105090;705090;2024-08-03 14:31:46;Наличными при получении;successful;;36978
1105091;705091;2024-08-03 16:55:04;Банковская карта;failed;Ошибка 3-D Secure / тайм-аут;85631
1105092;705092;2024-08-03 20:31:52;СБП;successful;;2234
1105093;705093;2024-08-03 11:28:36;Банковская карта;failed;Ошибка 3-D Secure / тайм-аут;6176
1105094;705094;2024-08-03 23:53:02;Наличными при получении;refunded;Заказ отменён клиентом после оплаты;9468
1105095;705095;2024-08-03 08:36:55;Банковская карта;failed;Ошибка 3-D Secure / тайм-аут;1277
1105096;705096;2024-08-04 19:11:25;Рассрочка;successful;;19490
1105097;705097;2024-08-04 16:46:37;СБП;successful;;12035
1105098;705098;2024-08-04 17:54:23;Банковская карта;failed;Ошибка 3-D Secure / тайм-аут;4157
1105099;705099;2024-08-04 10:42:21;СБП;successful;;539
1105100;705100;2024-08-04 15:01:28;Банковская карта;successful;;27676
1105101;705101;2024-08-04 14:19:44;СБП;failed;Недостаточно средств;36529
1105102;705102;2024-08-04 12:09:41;СБП;successful;;1895
1105103;705103;2024-08-04 16:27:53;Рассрочка;successful;;108855
1105104;705104;2024-08-04 13:06:09;Рассрочка;successful;;2090
1105105;705105;2024-08-04 18:24:27;Рассрочка;successful;;7057
1105106;705106;2024-08-04 22:06:43;Банковская карта;successful;;14680
1105107;705107;2024-08-04 18:24:20;Банковская карта;successful;;1380
1105108;705108;2024-08-04 11:57:13;СБП;successful;;19380
1105109;705109;2024-08-04 17:39:40;Рассрочка;successful;;1881
1105110;705110;2024-08-04 17:50:44;Банковская карта;successful;;29935
1105111;705111;2024-08-04 13:32:01;СБП;failed;Отклонено банком;74264
1105112;705112;2024-08-04 22:49:21;Банковская карта;failed;Ошибка платёжного шлюза;26790
1105113;705113;2024-08-04 12:01:13;Банковская карта;failed;Ошибка 3-D Secure / тайм-аут;58821
1105114;705114;2024-08-04 20:55:10;ЮMoney;successful;;23180
1105115;705115;2024-08-04 10:40:57;Банковская карта;successful;;1090
1105116;705116;2024-08-04 18:15:42;СБП;successful;;6518
1105117;705117;2024-08-04 12:44:25;Банковская карта;successful;;1146
1105118;705118;2024-08-04 17:55:18;Рассрочка;successful;;10904
1105119;705119;2024-08-04 19:24:53;Рассрочка;successful;;2035
1105120;705120;2024-08-04 18:48:36;СБП;successful;;35256
1105121;705121;2024-08-04 23:12:08;СБП;successful;;27990
1105122;705122;2024-08-04 12:47:01;СБП;successful;;101626
1105123;705123;2024-08-04 18:25:43;ЮMoney;failed;Отклонено банком;78756
1105124;705124;2024-08-04 18:37:20;Банковская карта;successful;;1027
1105125;705125;2024-08-05 13:53:30;Банковская карта;failed;Ошибка 3-D Secure / тайм-аут;1480
1105126;705126;2024-08-05 11:48:44;Банковская карта;successful;;8565
1105127;705127;2024-08-05 09:49:00;Банковская карта;successful;;34991
1105128;705128;2024-08-05 16:07:28;Банковская карта;successful;;41407
1105129;705129;2024-08-05 14:25:52;Наличными при получении;successful;;1345
1105130;705130;2024-08-05 23:01:47;Банковская карта;refunded;Заказ отменён клиентом после оплаты;1129
1105131;705131;2024-08-05 19:51:50;Банковская карта;successful;;9980
1105132;705132;2024-08-05 19:12:04;СБП;successful;;6629
1105133;705133;2024-08-05 17:45:21;Банковская карта;successful;;21655
1105134;705134;2024-08-05 22:03:47;Банковская карта;successful;;1287
1105135;705135;2024-08-05 12:27:42;СБП;successful;;81100
1105136;705136;2024-08-05 16:55:09;Банковская карта;failed;Недостаточно средств;19957
1105137;705137;2024-08-05 21:24:42;СБП;successful;;3077
1105138;705138;2024-08-05 10:45:32;Рассрочка;successful;;23367
1105139;705139;2024-08-05 18:16:38;СБП;successful;;26790
1105140;705140;2024-08-05 16:24:56;Банковская карта;successful;;8790
1105141;705141;2024-08-05 17:50:21;Банковская карта;successful;;1575
1105142;705142;2024-08-05 17:03:08;Банковская карта;successful;;35078
1105143;705143;2024-08-05 20:49:20;СБП;successful;;40650
1105144;705144;2024-08-05 20:15:29;СБП;successful;;80057
1105145;705145;2024-08-05 12:19:49;СБП;successful;;15654
1105146;705146;2024-08-05 21:26:15;Рассрочка;successful;;12617
1105147;705147;2024-08-05 19:03:55;Банковская карта;failed;Ошибка 3-D Secure / тайм-аут;1640
1105148;705148;2024-08-05 12:40:56;Банковская карта;failed;Отклонено банком;889
1105149;705149;2024-08-05 15:07:12;Рассрочка;successful;;1700
1105150;705150;2024-08-05 15:40:24;СБП;successful;;4635
1105151;705151;2024-08-05 10:10:56;СБП;successful;;68996
1105152;705152;2024-08-06 18:51:18;Банковская карта;successful;;39869
1105153;705153;2024-08-06 21:23:15;Банковская карта;successful;;40180
1105154;705154;2024-08-06 14:04:27;Банковская карта;successful;;192045
1105155;705155;2024-08-06 16:26:15;СБП;failed;Недостаточно средств;57101
1105156;705156;2024-08-06 15:40:25;СБП;successful;;72790
1105157;705157;2024-08-06 11:42:53;Банковская карта;successful;;21180
1105158;705158;2024-08-06 16:10:43;СБП;successful;;32187
1105159;705159;2024-08-06 15:02:29;Банковская карта;failed;Отклонено банком;24557
1105160;705160;2024-08-06 19:38:36;Банковская карта;successful;;627
1105161;705161;2024-08-06 13:15:24;Банковская карта;successful;;3281
1105162;705162;2024-08-06 22:50:23;Рассрочка;successful;;2580
1105163;705163;2024-08-06 21:58:47;СБП;successful;;24639
1105164;705164;2024-08-06 10:15:58;Банковская карта;failed;Недостаточно средств;19957
1105165;705165;2024-08-06 12:56:24;Наличными при получении;successful;;37087
1105166;705166;2024-08-06 09:15:49;Банковская карта;successful;;47447
1105167;705167;2024-08-06 17:19:03;Банковская карта;successful;;13051
1105168;705168;2024-08-06 19:42:14;Наличными при получении;successful;;27080
1105169;705169;2024-08-06 13:45:30;Наличными при получении;successful;;2885
1105170;705170;2024-08-06 13:40:18;Наличными при получении;successful;;39803
1105171;705171;2024-08-06 15:44:33;Банковская карта;successful;;1278
1105172;705172;2024-08-06 17:23:17;Наличными при получении;successful;;3185
1105173;705173;2024-08-06 10:26:10;СБП;successful;;49811
1105174;705174;2024-08-06 19:11:18;Банковская карта;successful;;97821
1105175;705175;2024-08-07 12:30:02;СБП;successful;;28380
1105176;705176;2024-08-07 19:31:58;СБП;successful;;27934
1105177;705177;2024-08-07 15:28:51;ЮMoney;successful;;15570
1105178;705178;2024-08-07 18:07:25;СБП;successful;;7615
1105179;705179;2024-08-07 16:31:27;Наличными при получении;successful;;20381
1105180;705180;2024-08-07 16:09:30;Банковская карта;successful;;51231
1105181;705181;2024-08-07 18:21:05;Банковская карта;successful;;35206
1105182;705182;2024-08-07 21:24:49;Рассрочка;successful;;3990
1105183;705183;2024-08-07 17:19:46;Банковская карта;successful;;17118
1105184;705184;2024-08-07 17:38:59;СБП;successful;;35171
1105185;705185;2024-08-07 16:09:03;Банковская карта;successful;;24167
1105186;705186;2024-08-07 22:03:19;Банковская карта;successful;;32090
1105187;705187;2024-08-07 13:01:56;Наличными при получении;successful;;64880
1105188;705188;2024-08-07 15:34:36;Банковская карта;failed;Ошибка 3-D Secure / тайм-аут;35080
1105189;705189;2024-08-07 21:16:49;Банковская карта;successful;;25345
1105190;705190;2024-08-07 13:18:24;ЮMoney;successful;;138148
1105191;705191;2024-08-07 16:50:58;Банковская карта;successful;;1372
1105192;705192;2024-08-07 21:34:31;СБП;successful;;6170
1105193;705193;2024-08-07 20:27:44;Банковская карта;failed;Ошибка 3-D Secure / тайм-аут;19179
1105194;705194;2024-08-07 23:13:51;Банковская карта;successful;;931
1105195;705195;2024-08-07 21:33:19;СБП;successful;;40687
1105196;705196;2024-08-07 11:42:13;Наличными при получении;successful;;24106
1105197;705197;2024-08-08 22:39:22;Банковская карта;successful;;20000
1105198;705198;2024-08-08 08:43:35;СБП;successful;;5035
1105199;705199;2024-08-08 12:28:15;Банковская карта;successful;;53562
1105200;705200;2024-08-08 18:49:45;Наличными при получении;successful;;9287
1105201;705201;2024-08-08 15:33:34;Банковская карта;failed;Отклонено банком;45384
1105202;705202;2024-08-08 12:25:28;СБП;successful;;90957
1105203;705203;2024-08-08 12:44:45;Рассрочка;failed;Отклонено банком;52096
1105204;705204;2024-08-08 19:24:58;СБП;successful;;97077
1105205;705205;2024-08-08 18:58:49;СБП;successful;;31821
1105206;705206;2024-08-08 18:23:42;Наличными при получении;successful;;5280
1105207;705207;2024-08-08 11:31:30;Банковская карта;successful;;22701
1105208;705208;2024-08-08 22:34:42;СБП;successful;;19957
1105209;705209;2024-08-08 14:59:12;СБП;successful;;82486
1105210;705210;2024-08-08 14:00:46;Наличными при получении;successful;;78818
1105211;705211;2024-08-08 14:20:42;Банковская карта;successful;;25480
1105212;705212;2024-08-08 21:03:00;Банковская карта;successful;;6206
1105213;705213;2024-08-08 15:54:13;Банковская карта;successful;;1130
1105214;705214;2024-08-08 09:23:46;Банковская карта;successful;;19990
1105215;705215;2024-08-08 15:59:23;Банковская карта;successful;;73790
1105216;705216;2024-08-08 20:54:17;СБП;failed;Отклонено банком;7540
1105217;705217;2024-08-08 09:28:48;ЮMoney;successful;;36106
1105218;705218;2024-08-08 19:06:16;Банковская карта;successful;;21540
1105219;705219;2024-08-08 16:07:46;СБП;successful;;693
1105220;705220;2024-08-08 22:16:06;СБП;failed;Ошибка платёжного шлюза;42790
1105221;705221;2024-08-08 15:06:22;Банковская карта;successful;;1115
1105222;705222;2024-08-08 18:21:21;Наличными при получении;successful;;26990
1105223;705223;2024-08-08 23:46:02;Наличными при получении;successful;;40517
1105224;705224;2024-08-08 13:07:07;Банковская карта;successful;;35616
1105225;705225;2024-08-08 10:11:23;Банковская карта;successful;;27878
1105226;705226;2024-08-09 16:59:21;Наличными при получении;successful;;3580
1105227;705227;2024-08-09 09:43:56;Рассрочка;successful;;39210
1105228;705228;2024-08-09 18:35:01;Банковская карта;failed;Отклонено банком;18080
1105229;705229;2024-08-09 19:05:57;Наличными при получении;successful;;37760
1105230;705230;2024-08-09 21:14:49;Банковская карта;successful;;2990
1105231;705231;2024-08-09 14:33:23;Рассрочка;successful;;26090
1105232;705232;2024-08-09 19:05:48;Банковская карта;successful;;1564
1105233;705233;2024-08-09 21:07:47;СБП;successful;;56340
1105234;705234;2024-08-09 17:36:31;Рассрочка;successful;;7356
1105235;705235;2024-08-09 17:03:31;Банковская карта;failed;Ошибка 3-D Secure / тайм-аут;34866
1105236;705236;2024-08-09 18:47:37;СБП;successful;;47479
1105237;705237;2024-08-09 23:51:51;СБП;successful;;18695
1105238;705238;2024-08-09 21:33:44;Наличными при получении;successful;;42197
1105239;705239;2024-08-09 15:56:18;СБП;refunded;Заказ отменён клиентом после оплаты;103240
1105240;705240;2024-08-09 20:04:17;СБП;successful;;128215
1105241;705241;2024-08-09 11:56:34;Банковская карта;successful;;61981
1105242;705242;2024-08-09 15:38:07;Рассрочка;successful;;35106
1105243;705243;2024-08-09 18:51:48;Банковская карта;successful;;1990
1105244;705244;2024-08-10 21:03:50;ЮMoney;successful;;3321
1105245;705245;2024-08-10 11:31:21;Банковская карта;successful;;20001
1105246;705246;2024-08-10 17:53:08;СБП;successful;;2840
1105247;705247;2024-08-10 15:16:17;Банковская карта;failed;Ошибка 3-D Secure / тайм-аут;39345
1105248;705248;2024-08-10 15:45:40;ЮMoney;successful;;7400
1105249;705249;2024-08-10 14:03:13;Банковская карта;failed;Ошибка 3-D Secure / тайм-аут;35681
1105250;705250;2024-08-10 12:19:07;СБП;successful;;4157
1105251;705251;2024-08-10 14:53:38;Банковская карта;successful;;12157
1105252;705252;2024-08-10 19:15:42;Банковская карта;failed;Ошибка 3-D Secure / тайм-аут;76222
1105253;705253;2024-08-10 12:06:18;СБП;successful;;24735
1105254;705254;2024-08-10 14:36:42;СБП;successful;;50456
1105255;705255;2024-08-10 16:16:59;Банковская карта;successful;;27567
1105256;705256;2024-08-10 17:50:35;СБП;successful;;80339
1105257;705257;2024-08-10 22:06:04;Банковская карта;successful;;4280
1105258;705258;2024-08-10 19:17:48;СБП;successful;;19090
1105259;705259;2024-08-10 16:22:13;Банковская карта;failed;Ошибка 3-D Secure / тайм-аут;1388
1105260;705260;2024-08-10 20:02:06;Рассрочка;refunded;;89125
1105261;705261;2024-08-10 18:44:50;Наличными при получении;successful;;20557
1105262;705262;2024-08-10 14:57:00;ЮMoney;successful;;25890
1105263;705263;2024-08-11 13:14:38;Банковская карта;successful;;34795
1105264;705264;2024-08-11 16:55:31;ЮMoney;successful;;35050
1105265;705265;2024-08-11 09:39:36;Банковская карта;failed;Ошибка 3-D Secure / тайм-аут;3950
1105266;705266;2024-08-11 15:21:40;ЮMoney;successful;;8157
1105267;705267;2024-08-11 21:06:35;Банковская карта;successful;;1567
1105268;705268;2024-08-11 17:17:12;Рассрочка;failed;Недостаточно средств;20367
1105269;705269;2024-08-11 12:25:45;СБП;successful;;3090
1105270;705270;2024-08-11 18:01:26;СБП;successful;;38567
1105271;705271;2024-08-11 18:04:40;Банковская карта;successful;;40990
1105272;705272;2024-08-11 20:24:28;Банковская карта;successful;;87291
1105273;705273;2024-08-11 18:16:02;СБП;successful;;7935
1105274;705274;2024-08-11 17:46:37;СБП;failed;Ошибка платёжного шлюза;11687
1105275;705275;2024-08-11 19:40:58;Банковская карта;successful;;1090
1105276;705276;2024-08-11 11:21:52;Банковская карта;successful;;59807
1105277;705277;2024-08-11 15:53:48;Банковская карта;successful;;857
1105278;705278;2024-08-11 20:08:20;Наличными при получении;successful;;4201
1105279;705279;2024-08-11 13:54:51;СБП;successful;;54830
1105280;705280;2024-08-11 17:33:54;Банковская карта;successful;;35007
1105281;705281;2024-08-11 14:14:31;ЮMoney;successful;;105030
1105282;705282;2024-08-11 16:40:19;Банковская карта;successful;;47923
1105283;705283;2024-08-11 12:21:22;Банковская карта;successful;;5610
1105284;705284;2024-08-11 13:51:12;Банковская карта;successful;;4180
1105285;705285;2024-08-11 18:52:14;Рассрочка;successful;;7356
1105286;705286;2024-08-11 11:53:00;Наличными при получении;successful;;1766
1105287;705287;2024-08-11 21:43:35;СБП;successful;;64293
1105288;705288;2024-08-11 08:34:49;СБП;successful;;2480
1105289;705289;2024-08-11 13:01:28;Наличными при получении;successful;;2780
1105290;705290;2024-08-11 22:10:42;Банковская карта;successful;;4291
1105291;705291;2024-08-11 08:32:21;Банковская карта;refunded;Заказ отменён клиентом после оплаты;32207
1105292;705292;2024-08-11 13:39:02;СБП;successful;;12735
1105293;705293;2024-08-11 17:53:25;Банковская карта;refunded;;1159
1105294;705294;2024-08-11 20:01:38;Банковская карта;failed;Пользователь отменил оплату;57035
1105295;705295;2024-08-12 15:46:57;СБП;successful;;26080
1105296;705296;2024-08-12 18:05:14;Банковская карта;successful;;43345
1105297;705297;2024-08-12 18:52:48;Банковская карта;successful;;3280
1105298;705298;2024-08-12 19:10:28;Рассрочка;successful;;840
1105299;705299;2024-08-12 23:12:11;Рассрочка;refunded;Заказ отменён клиентом после оплаты;4476
1105300;705300;2024-08-12 16:40:31;Банковская карта;successful;;2281
1105301;705301;2024-08-12 19:21:29;Банковская карта;failed;Ошибка 3-D Secure / тайм-аут;2954
1105302;705302;2024-08-12 17:08:11;СБП;successful;;10757
1105303;705303;2024-08-12 17:18:55;ЮMoney;successful;;11145
1105304;705304;2024-08-12 23:46:06;СБП;successful;;20935
1105305;705305;2024-08-12 21:41:34;СБП;successful;;2380
1105306;705306;2024-08-12 20:30:00;СБП;successful;;53000
1105307;705307;2024-08-12 20:44:00;Рассрочка;successful;;36176
1105308;705308;2024-08-12 13:21:40;Банковская карта;refunded;;3304
1105309;705309;2024-08-12 16:44:59;Наличными при получении;successful;;29790
1105310;705310;2024-08-13 13:20:04;СБП;refunded;;9720
1105311;705311;2024-08-13 17:50:35;Банковская карта;successful;;65440
1105312;705312;2024-08-13 16:43:43;ЮMoney;successful;;27480
1105313;705313;2024-08-13 19:43:00;СБП;successful;;6090
1105314;705314;2024-08-13 18:57:14;Наличными при получении;successful;;4455
1105315;705315;2024-08-13 12:38:57;Банковская карта;successful;;89676
1105316;705316;2024-08-13 13:59:42;Наличными при получении;successful;;25511
1105317;705317;2024-08-13 12:43:10;Банковская карта;successful;;1410
1105318;705318;2024-08-13 12:02:40;Рассрочка;successful;;81866
1105319;705319;2024-08-13 19:08:11;Банковская карта;successful;;38221
1105320;705320;2024-08-13 22:30:16;Рассрочка;failed;Отклонено банком;121725
1105321;705321;2024-08-13 23:42:35;Банковская карта;successful;;18378
1105322;705322;2024-08-13 20:19:02;Банковская карта;successful;;8526
1105323;705323;2024-08-13 13:19:40;Банковская карта;successful;;27180
1105324;705324;2024-08-14 16:53:10;Наличными при получении;successful;;32580
1105325;705325;2024-08-14 16:26:48;Банковская карта;successful;;48147
1105326;705326;2024-08-14 18:40:39;Банковская карта;successful;;6626
1105327;705327;2024-08-14 13:21:10;Банковская карта;successful;;3440
1105328;705328;2024-08-14 13:53:55;Банковская карта;failed;Ошибка 3-D Secure / тайм-аут;2609
1105329;705329;2024-08-14 18:42:59;Рассрочка;failed;Ошибка платёжного шлюза;20880
1105330;705330;2024-08-14 19:01:44;СБП;successful;;6855
1105331;705331;2024-08-14 10:17:35;Наличными при получении;successful;;1490
1105332;705332;2024-08-14 23:40:36;Наличными при получении;successful;;53451
1105333;705333;2024-08-14 20:06:51;СБП;successful;;33940
1105334;705334;2024-08-14 17:46:28;СБП;successful;;117093
1105335;705335;2024-08-14 17:09:53;СБП;successful;;79209
1105336;705336;2024-08-14 11:14:08;Рассрочка;successful;;96990
1105337;705337;2024-08-14 20:25:31;СБП;successful;;65985
1105338;705338;2024-08-14 12:57:26;СБП;successful;;1086
1105339;705339;2024-08-14 20:27:32;Банковская карта;failed;Отклонено банком;110907
1105340;705340;2024-08-14 14:40:27;Банковская карта;successful;;8580
1105341;705341;2024-08-14 15:20:10;СБП;successful;;9580
1105342;705342;2024-08-14 13:00:50;Банковская карта;successful;;5180
1105343;705343;2024-08-14 14:09:26;ЮMoney;successful;;85669
1105344;705344;2024-08-14 16:56:07;Банковская карта;successful;;7467
1105345;705345;2024-08-14 12:49:58;СБП;successful;;23729
1105346;705346;2024-08-14 14:05:30;Банковская карта;successful;;7126
1105347;705347;2024-08-14 17:16:40;СБП;successful;;45480
1105348;705348;2024-08-14 12:26:00;Наличными при получении;successful;;3966
1105349;705349;2024-08-14 15:28:50;Банковская карта;failed;Ошибка платёжного шлюза;26280
1105350;705350;2024-08-15 12:43:01;СБП;successful;;63939
1105351;705351;2024-08-15 13:08:01;Банковская карта;successful;;3090
1105352;705352;2024-08-15 20:00:53;Банковская карта;successful;;11230
1105353;705353;2024-08-15 10:35:16;Банковская карта;successful;;28480
1105354;705354;2024-08-15 17:49:14;Банковская карта;successful;;36828
1105355;705355;2024-08-15 10:27:51;СБП;successful;;22860
1105356;705356;2024-08-15 19:10:29;Банковская карта;failed;Недостаточно средств;654
1105357;705357;2024-08-15 16:43:38;СБП;successful;;108590
1105358;705358;2024-08-15 20:27:57;Рассрочка;failed;Пользователь отменил оплату;115096
1105359;705359;2024-08-15 16:58:05;Банковская карта;refunded;;69295
1105360;705360;2024-08-15 15:12:05;Рассрочка;failed;Недостаточно средств;39147
1105361;705361;2024-08-15 19:54:36;Банковская карта;failed;Отклонено банком;2180
1105362;705362;2024-08-15 12:38:03;Наличными при получении;successful;;113135
1105363;705363;2024-08-15 11:16:05;СБП;successful;;4641
1105364;705364;2024-08-15 19:09:30;Банковская карта;successful;;4881
1105365;705365;2024-08-15 10:56:39;Банковская карта;refunded;;58581
1105366;705366;2024-08-15 16:52:45;Банковская карта;successful;;51733
1105367;705367;2024-08-15 23:26:25;Банковская карта;failed;Ошибка платёжного шлюза;44200
1105368;705368;2024-08-15 15:22:31;СБП;successful;;24850
1105369;705369;2024-08-15 11:31:19;ЮMoney;successful;;60441
1105370;705370;2024-08-15 12:21:21;Наличными при получении;successful;;29180
1105371;705371;2024-08-15 19:14:48;Банковская карта;failed;Ошибка 3-D Secure / тайм-аут;1490
1105372;705372;2024-08-15 12:37:00;Банковская карта;failed;Ошибка 3-D Secure / тайм-аут;6990
1105373;705373;2024-08-15 15:01:47;СБП;successful;;58174
1105374;705374;2024-08-15 11:54:33;СБП;successful;;1880
1105375;705375;2024-08-15 11:07:09;Банковская карта;successful;;19280
1105376;705376;2024-08-15 13:14:35;Банковская карта;successful;;40901
1105377;705377;2024-08-15 17:26:45;СБП;successful;;1063
1105378;705378;2024-08-16 17:14:04;Банковская карта;failed;Отклонено банком;72480
1105379;705379;2024-08-16 10:21:00;ЮMoney;successful;;11606
1105380;705380;2024-08-16 15:14:58;СБП;successful;;38325
1105381;705381;2024-08-16 17:56:39;СБП;successful;;18787
1105382;705382;2024-08-16 21:23:09;СБП;successful;;7567
1105383;705383;2024-08-16 22:06:19;Банковская карта;failed;Ошибка 3-D Secure / тайм-аут;9835
1105384;705384;2024-08-16 12:20:46;СБП;successful;;89610
1105385;705385;2024-08-16 13:42:40;Наличными при получении;refunded;;43157
1105386;705386;2024-08-16 12:50:33;Банковская карта;failed;Ошибка 3-D Secure / тайм-аут;1243
1105387;705387;2024-08-16 09:29:45;Наличными при получении;successful;;8492
1105388;705388;2024-08-16 15:18:55;СБП;successful;;28881
1105389;705389;2024-08-16 11:36:38;Банковская карта;successful;;25197
1105390;705390;2024-08-16 13:41:21;СБП;successful;;2390
1105391;705391;2024-08-16 13:57:19;Банковская карта;successful;;107889
1105392;705392;2024-08-16 17:26:58;Банковская карта;successful;;7632
1105393;705393;2024-08-16 20:36:07;Банковская карта;successful;;73735
1105394;705394;2024-08-16 08:20:36;Наличными при получении;successful;;54116
1105395;705395;2024-08-16 20:08:21;Банковская карта;successful;;1371
1105396;705396;2024-08-16 15:01:16;Наличными при получении;successful;;19353
1105397;705397;2024-08-16 20:15:48;Наличными при получении;refunded;;4041
1105398;705398;2024-08-16 15:48:03;Рассрочка;successful;;1172
1105399;705399;2024-08-16 15:17:16;Банковская карта;failed;Ошибка 3-D Secure / тайм-аут;71180
1105400;705400;2024-08-16 17:28:37;СБП;successful;;3910
1105401;705401;2024-08-16 18:45:05;СБП;successful;;5835
1105402;705402;2024-08-16 20:11:11;СБП;successful;;99540
1105403;705403;2024-08-16 17:01:38;Банковская карта;failed;Ошибка 3-D Secure / тайм-аут;26180
1105404;705404;2024-08-16 17:21:13;Банковская карта;successful;;1363
1105405;705405;2024-08-16 09:25:01;ЮMoney;successful;;1386
1105406;705406;2024-08-16 14:44:44;ЮMoney;successful;;786
1105407;705407;2024-08-16 17:49:23;Рассрочка;successful;;28490
1105408;705408;2024-08-16 19:04:52;Рассрочка;successful;;18589
1105409;705409;2024-08-17 14:32:43;Банковская карта;successful;;16656
1105410;705410;2024-08-17 21:04:42;СБП;successful;;69940
1105411;705411;2024-08-17 16:14:23;Банковская карта;failed;Ошибка 3-D Secure / тайм-аут;12057
1105412;705412;2024-08-17 22:06:12;Рассрочка;successful;;64273
1105413;705413;2024-08-17 16:55:22;Рассрочка;successful;;13501
1105414;705414;2024-08-17 17:41:16;СБП;successful;;2074
1105415;705415;2024-08-17 17:25:17;ЮMoney;successful;;37868
1105416;705416;2024-08-17 11:39:46;Банковская карта;successful;;2250
1105417;705417;2024-08-17 17:15:57;Рассрочка;successful;;120837
1105418;705418;2024-08-17 11:25:51;Рассрочка;successful;;11481
1105419;705419;2024-08-17 18:15:20;Банковская карта;successful;;34790
1105420;705420;2024-08-17 17:28:47;Банковская карта;failed;Ошибка 3-D Secure / тайм-аут;12780
1105421;705421;2024-08-17 20:32:10;ЮMoney;failed;Пользователь отменил оплату;1134
1105422;705422;2024-08-17 23:44:09;СБП;successful;;13935
1105423;705423;2024-08-17 14:16:02;Банковская карта;successful;;19080
1105424;705424;2024-08-17 19:23:49;ЮMoney;successful;;1345
1105425;705425;2024-08-17 17:09:52;Наличными при получении;successful;;3804
1105426;705426;2024-08-17 22:08:37;Рассрочка;successful;;44580
1105427;705427;2024-08-17 19:18:05;СБП;successful;;4101
1105428;705428;2024-08-17 22:57:09;СБП;successful;;24690
1105429;705429;2024-08-17 16:23:34;Наличными при получении;successful;;3580
1105430;705430;2024-08-17 10:21:47;Банковская карта;refunded;;11307
1105431;705431;2024-08-17 18:05:37;Наличными при получении;successful;;50711
1105432;705432;2024-08-17 16:29:31;Наличными при получении;successful;;24380
1105433;705433;2024-08-17 19:57:32;СБП;successful;;4110
1105434;705434;2024-08-17 18:09:38;Банковская карта;failed;Ошибка платёжного шлюза;105165
1105435;705435;2024-08-17 21:42:01;СБП;successful;;112280
1105436;705436;2024-08-17 19:31:29;Банковская карта;successful;;2316
1105437;705437;2024-08-17 15:55:29;Банковская карта;successful;;32990
1105438;705438;2024-08-17 18:04:50;СБП;failed;Отклонено банком;2576
1105439;705439;2024-08-17 19:34:22;Банковская карта;refunded;Заказ отменён клиентом после оплаты;65161
1105440;705440;2024-08-17 17:08:45;СБП;successful;;102625
1105441;705441;2024-08-17 23:42:45;СБП;successful;;37729
1105442;705442;2024-08-17 22:43:33;Наличными при получении;successful;;4247
1105443;705443;2024-08-17 19:56:31;Банковская карта;successful;;44257
1105444;705444;2024-08-18 09:08:14;Банковская карта;successful;;933
1105445;705445;2024-08-18 09:16:20;Банковская карта;successful;;1735
1105446;705446;2024-08-18 14:37:17;Рассрочка;successful;;18790
1105447;705447;2024-08-18 13:05:16;СБП;successful;;1410
1105448;705448;2024-08-18 17:18:57;Банковская карта;failed;Ошибка 3-D Secure / тайм-аут;733
1105449;705449;2024-08-18 20:20:26;Банковская карта;successful;;22540
1105450;705450;2024-08-18 14:32:05;Банковская карта;failed;Ошибка 3-D Secure / тайм-аут;6107
1105451;705451;2024-08-18 11:39:44;Банковская карта;successful;;36440
1105452;705452;2024-08-18 16:08:23;Наличными при получении;successful;;12345
1105453;705453;2024-08-18 15:26:12;Наличными при получении;successful;;4717
1105454;705454;2024-08-18 21:27:47;СБП;failed;Ошибка платёжного шлюза;42575
1105455;705455;2024-08-18 12:56:47;Банковская карта;failed;Ошибка 3-D Secure / тайм-аут;20480
1105456;705456;2024-08-18 09:15:52;Рассрочка;refunded;;5117
1105457;705457;2024-08-18 14:09:59;Банковская карта;successful;;1572
1105458;705458;2024-08-18 22:23:58;Наличными при получении;refunded;Заказ отменён клиентом после оплаты;120097
1105459;705459;2024-08-18 18:55:31;Банковская карта;successful;;27957
1105460;705460;2024-08-18 16:17:51;Банковская карта;successful;;13157
1105461;705461;2024-08-18 20:27:18;СБП;refunded;Заказ отменён клиентом после оплаты;12277
1105462;705462;2024-08-18 15:10:31;Банковская карта;successful;;922
1105463;705463;2024-08-18 13:12:01;Банковская карта;successful;;9980
1105464;705464;2024-08-18 10:59:38;Банковская карта;successful;;33490
1105465;705465;2024-08-18 21:46:36;Банковская карта;successful;;72490
1105466;705466;2024-08-18 21:59:20;СБП;successful;;78345
1105467;705467;2024-08-19 15:28:17;Наличными при получении;successful;;3635
1105468;705468;2024-08-19 11:33:17;Банковская карта;failed;Ошибка 3-D Secure / тайм-аут;28855
1105469;705469;2024-08-19 10:41:59;СБП;successful;;3940
1105470;705470;2024-08-19 13:42:55;Банковская карта;failed;Пользователь отменил оплату;61517
1105471;705471;2024-08-19 16:29:16;Банковская карта;successful;;692
1105472;705472;2024-08-19 19:06:03;Рассрочка;successful;;87654
1105473;705473;2024-08-19 19:47:18;СБП;successful;;28966
1105474;705474;2024-08-19 13:21:40;Банковская карта;failed;Ошибка 3-D Secure / тайм-аут;10735
1105475;705475;2024-08-19 09:50:31;Банковская карта;successful;;2840
1105476;705476;2024-08-19 17:53:23;Банковская карта;successful;;51090
1105477;705477;2024-08-19 17:51:58;СБП;successful;;34436
1105478;705478;2024-08-19 17:20:44;Банковская карта;successful;;27885
1105479;705479;2024-08-19 20:56:58;Банковская карта;refunded;;20180
1105480;705480;2024-08-19 20:47:15;Банковская карта;successful;;108567
1105481;705481;2024-08-19 11:26:52;СБП;failed;Отклонено банком;1890
1105482;705482;2024-08-19 20:47:16;Банковская карта;successful;;7671
1105483;705483;2024-08-19 09:30:49;СБП;successful;;18981
1105484;705484;2024-08-19 15:18:53;Рассрочка;successful;;12697
1105485;705485;2024-08-19 09:11:25;Банковская карта;failed;Ошибка 3-D Secure / тайм-аут;6567
1105486;705486;2024-08-19 15:18:24;Банковская карта;failed;Ошибка 3-D Secure / тайм-аут;36680
1105487;705487;2024-08-19 14:54:21;СБП;refunded;Заказ отменён клиентом после оплаты;110979
1105488;705488;2024-08-19 22:32:34;СБП;successful;;8765
1105489;705489;2024-08-19 17:13:47;ЮMoney;successful;;34957
1105490;705490;2024-08-19 12:42:40;Банковская карта;failed;Отклонено банком;21490
1105491;705491;2024-08-19 13:48:19;СБП;successful;;32068
1105492;705492;2024-08-19 19:29:17;Банковская карта;failed;Недостаточно средств;44825
1105493;705493;2024-08-19 15:13:14;ЮMoney;successful;;76895
1105494;705494;2024-08-19 20:26:27;СБП;successful;;180443
1105495;705495;2024-08-19 12:43:32;Банковская карта;successful;;146710
1105496;705496;2024-08-19 10:05:04;Банковская карта;failed;Отклонено банком;36157
1105497;705497;2024-08-19 12:27:51;Банковская карта;failed;Ошибка 3-D Secure / тайм-аут;7990
1105498;705498;2024-08-20 08:59:27;Банковская карта;successful;;8240
1105499;705499;2024-08-20 11:37:10;СБП;successful;;5157
1105500;705500;2024-08-20 20:56:40;Рассрочка;successful;;4429
1105501;705501;2024-08-20 13:34:33;Банковская карта;failed;Ошибка 3-D Secure / тайм-аут;111790
1105502;705502;2024-08-20 16:23:55;Рассрочка;successful;;36990
1105503;705503;2024-08-20 18:13:06;Банковская карта;successful;;858
1105504;705504;2024-08-20 10:19:00;Рассрочка;failed;Ошибка платёжного шлюза;79433
1105505;705505;2024-08-20 15:20:21;Банковская карта;successful;;1944
1105506;705506;2024-08-20 17:15:30;Банковская карта;failed;Недостаточно средств;39350
1105507;705507;2024-08-20 14:18:23;ЮMoney;successful;;7895
1105508;705508;2024-08-20 17:16:25;СБП;failed;Ошибка платёжного шлюза;6735
1105509;705509;2024-08-20 19:09:10;Рассрочка;successful;;6790
1105510;705510;2024-08-20 14:52:47;Банковская карта;failed;Отклонено банком;63709
1105511;705511;2024-08-20 16:28:17;Банковская карта;successful;;25881
1105512;705512;2024-08-20 18:21:06;Банковская карта;successful;;25380
1105513;705513;2024-08-20 15:56:42;Наличными при получении;successful;;18895
1105514;705514;2024-08-20 19:14:16;Банковская карта;failed;Отклонено банком;121116
1105515;705515;2024-08-20 15:21:58;Банковская карта;successful;;10346
1105516;705516;2024-08-20 16:34:15;Рассрочка;successful;;37935
1105517;705517;2024-08-20 16:49:24;Банковская карта;successful;;89502
1105518;705518;2024-08-20 18:42:22;Банковская карта;failed;Пользователь отменил оплату;8440
1105519;705519;2024-08-20 20:19:12;Наличными при получении;successful;;22106
1105520;705520;2024-08-20 08:29:18;СБП;successful;;39380
1105521;705521;2024-08-20 20:35:28;Банковская карта;successful;;21460
1105522;705522;2024-08-21 21:58:45;СБП;successful;;10175
1105523;705523;2024-08-21 17:08:29;Банковская карта;failed;Ошибка 3-D Secure / тайм-аут;35771
1105524;705524;2024-08-21 15:51:47;Банковская карта;failed;Ошибка 3-D Secure / тайм-аут;10931
1105525;705525;2024-08-21 23:57:33;СБП;successful;;11345
1105526;705526;2024-08-21 11:42:02;СБП;successful;;7790
1105527;705527;2024-08-21 20:50:44;Банковская карта;successful;;1308
1105528;705528;2024-08-21 20:54:19;Банковская карта;successful;;33315
1105529;705529;2024-08-21 11:35:57;СБП;failed;Ошибка платёжного шлюза;15540
1105530;705530;2024-08-21 15:54:00;Банковская карта;successful;;1345
1105531;705531;2024-08-21 11:49:14;СБП;successful;;15566
1105532;705532;2024-08-21 13:44:28;Банковская карта;successful;;21180
1105533;705533;2024-08-21 09:05:30;Банковская карта;failed;Ошибка 3-D Secure / тайм-аут;13776
1105534;705534;2024-08-21 16:38:53;Банковская карта;successful;;4057
1105535;705535;2024-08-21 17:41:32;Наличными при получении;refunded;;31501
1105536;705536;2024-08-21 19:41:02;СБП;refunded;Заказ отменён клиентом после оплаты;3790
1105537;705537;2024-08-21 13:09:52;Банковская карта;successful;;11835
1105538;705538;2024-08-21 17:43:25;Банковская карта;successful;;71735
1105539;705539;2024-08-21 22:32:29;Банковская карта;failed;Ошибка 3-D Secure / тайм-аут;12990
1105540;705540;2024-08-21 17:12:00;Рассрочка;successful;;2481
1105541;705541;2024-08-21 12:17:27;Банковская карта;successful;;8140
1105542;705542;2024-08-21 22:07:32;Банковская карта;successful;;95818
1105543;705543;2024-08-21 17:26:23;Банковская карта;failed;Ошибка 3-D Secure / тайм-аут;2567
1105544;705544;2024-08-21 11:55:16;Банковская карта;successful;;7014
1105545;705545;2024-08-21 10:53:24;Наличными при получении;successful;;11567
1105546;705546;2024-08-21 15:15:07;Банковская карта;refunded;Заказ отменён клиентом после оплаты;41790
1105547;705547;2024-08-22 17:27:40;Рассрочка;successful;;19986
1105548;705548;2024-08-22 19:22:54;Банковская карта;failed;Ошибка платёжного шлюза;46571
1105549;705549;2024-08-22 16:44:02;Банковская карта;failed;Недостаточно средств;28130
1105550;705550;2024-08-22 12:31:44;СБП;successful;;35490
1105551;705551;2024-08-22 18:44:36;Банковская карта;successful;;32790
1105552;705552;2024-08-22 15:14:41;Банковская карта;successful;;97369
1105553;705553;2024-08-22 16:31:14;Наличными при получении;successful;;103164
1105554;705554;2024-08-22 17:33:22;СБП;successful;;19257
1105555;705555;2024-08-22 11:24:15;СБП;successful;;42567
1105556;705556;2024-08-22 18:14:11;Наличными при получении;refunded;Заказ отменён клиентом после оплаты;95476
1105557;705557;2024-08-22 15:46:21;Банковская карта;successful;;123008
1105558;705558;2024-08-22 17:06:31;Банковская карта;successful;;1835
1105559;705559;2024-08-22 11:49:09;Рассрочка;failed;Отклонено банком;27980
1105560;705560;2024-08-22 19:30:28;Рассрочка;successful;;559
1105561;705561;2024-08-22 18:26:19;ЮMoney;successful;;6960
1105562;705562;2024-08-22 21:16:06;Рассрочка;successful;;1234
1105563;705563;2024-08-22 17:41:29;СБП;successful;;2241
1105564;705564;2024-08-22 11:03:48;Банковская карта;successful;;42880
1105565;705565;2024-08-22 17:39:42;СБП;successful;;34007
1105566;705566;2024-08-22 13:55:17;Банковская карта;successful;;987
1105567;705567;2024-08-22 18:21:50;СБП;successful;;78475
1105568;705568;2024-08-22 10:54:53;Банковская карта;successful;;24380
1105569;705569;2024-08-22 15:57:03;Банковская карта;successful;;4790
1105570;705570;2024-08-22 20:02:26;СБП;successful;;7847
1105571;705571;2024-08-23 21:29:09;СБП;successful;;2040
1105572;705572;2024-08-23 18:19:20;Банковская карта;successful;;35790
1105573;705573;2024-08-23 17:24:30;СБП;successful;;3567
1105574;705574;2024-08-23 18:10:46;Банковская карта;successful;;55576
1105575;705575;2024-08-23 20:54:28;Банковская карта;failed;Ошибка 3-D Secure / тайм-аут;63456
1105576;705576;2024-08-23 16:51:27;Банковская карта;successful;;4090
1105577;705577;2024-08-23 20:29:09;ЮMoney;successful;;1879
1105578;705578;2024-08-23 21:00:05;Банковская карта;successful;;6766
1105579;705579;2024-08-23 20:24:38;СБП;successful;;127980
1105580;705580;2024-08-23 19:25:55;Банковская карта;successful;;18118
1105581;705581;2024-08-23 20:11:07;Банковская карта;failed;Ошибка 3-D Secure / тайм-аут;40722
1105582;705582;2024-08-23 21:27:30;СБП;successful;;13780
1105583;705583;2024-08-23 11:06:24;Банковская карта;successful;;90490
1105584;705584;2024-08-23 12:50:41;Рассрочка;successful;;1341
1105585;705585;2024-08-23 10:22:15;СБП;successful;;22486
1105586;705586;2024-08-23 15:21:45;Банковская карта;successful;;2380
1105587;705587;2024-08-23 15:19:12;Банковская карта;successful;;35140
1105588;705588;2024-08-23 22:55:03;Наличными при получении;successful;;85480
1105589;705589;2024-08-23 19:24:52;Банковская карта;successful;;7911
1105590;705590;2024-08-23 12:16:42;Банковская карта;failed;Недостаточно средств;1292
1105591;705591;2024-08-23 12:17:54;Банковская карта;successful;;77540
1105592;705592;2024-08-23 11:34:03;ЮMoney;failed;Отклонено банком;125680
1105593;705593;2024-08-23 12:25:29;Банковская карта;failed;Недостаточно средств;42567
1105594;705594;2024-08-23 16:02:29;Банковская карта;successful;;3081
1105595;705595;2024-08-24 10:34:10;Банковская карта;successful;;74471
1105596;705596;2024-08-24 20:01:15;Банковская карта;failed;Ошибка 3-D Secure / тайм-аут;12896
1105597;705597;2024-08-24 21:49:54;СБП;successful;;49680
1105598;705598;2024-08-24 19:02:32;СБП;successful;;65490
1105599;705599;2024-08-24 17:23:12;Рассрочка;failed;Отклонено банком;24021
1105600;705600;2024-08-24 08:47:38;Банковская карта;successful;;1161
1105601;705601;2024-08-24 21:26:27;Банковская карта;successful;;980
1105602;705602;2024-08-24 18:11:54;Банковская карта;successful;;9990
1105603;705603;2024-08-24 16:53:04;ЮMoney;successful;;46691
1105604;705604;2024-08-24 18:57:52;СБП;successful;;37765
1105605;705605;2024-08-24 22:02:14;СБП;successful;;84430
1105606;705606;2024-08-24 12:13:08;Банковская карта;failed;Ошибка 3-D Secure / тайм-аут;6871
1105607;705607;2024-08-24 16:13:47;СБП;successful;;71990
1105608;705608;2024-08-24 16:18:04;ЮMoney;successful;;17566
1105609;705609;2024-08-24 16:03:02;СБП;successful;;6935
1105610;705610;2024-08-24 18:43:14;СБП;successful;;2595
1105611;705611;2024-08-24 16:44:06;Рассрочка;successful;;40311
1105612;705612;2024-08-24 17:15:35;Банковская карта;successful;;31340
1105613;705613;2024-08-24 09:40:26;Банковская карта;failed;Ошибка платёжного шлюза;39516
1105614;705614;2024-08-24 13:19:32;СБП;successful;;26928
1105615;705615;2024-08-24 16:30:43;ЮMoney;successful;;61266
1105616;705616;2024-08-24 16:22:47;Банковская карта;successful;;1253
1105617;705617;2024-08-24 11:34:53;Банковская карта;successful;;3780
1105618;705618;2024-08-24 15:34:09;Рассрочка;successful;;111880
1105619;705619;2024-08-24 13:42:18;СБП;successful;;20957
1105620;705620;2024-08-24 11:08:06;ЮMoney;successful;;64966
1105621;705621;2024-08-24 18:06:48;Рассрочка;failed;Недостаточно средств;107175
1105622;705622;2024-08-25 13:46:16;Банковская карта;successful;;8790
1105623;705623;2024-08-25 16:07:28;Рассрочка;successful;;15757
1105624;705624;2024-08-25 21:33:03;Банковская карта;successful;;108880
1105625;705625;2024-08-25 16:29:03;Банковская карта;successful;;100035
1105626;705626;2024-08-25 09:02:08;Рассрочка;successful;;49490
1105627;705627;2024-08-25 15:45:57;Банковская карта;successful;;3157
1105628;705628;2024-08-25 16:09:12;Банковская карта;successful;;3057
1105629;705629;2024-08-25 17:00:42;Банковская карта;successful;;43261
1105630;705630;2024-08-25 14:51:24;Наличными при получении;successful;;85225
1105631;705631;2024-08-25 16:05:32;Банковская карта;successful;;65345
1105632;705632;2024-08-25 16:26:21;Банковская карта;failed;Ошибка 3-D Secure / тайм-аут;107262
1105633;705633;2024-08-25 18:22:33;СБП;successful;;6036
1105634;705634;2024-08-25 18:25:59;Банковская карта;failed;Ошибка 3-D Secure / тайм-аут;127957
1105635;705635;2024-08-25 16:57:05;Наличными при получении;successful;;1710
1105636;705636;2024-08-25 21:20:02;Банковская карта;failed;Ошибка 3-D Secure / тайм-аут;8632
1105637;705637;2024-08-25 18:49:12;Банковская карта;successful;;69090
1105638;705638;2024-08-25 16:51:37;Наличными при получении;successful;;3567
1105639;705639;2024-08-26 00:04:59;Банковская карта;successful;;5382
1105640;705640;2024-08-25 08:41:56;Банковская карта;failed;Ошибка платёжного шлюза;18935
1105641;705641;2024-08-25 20:41:20;СБП;successful;;14180
1105642;705642;2024-08-25 18:29:25;Рассрочка;successful;;85603
1105643;705643;2024-08-25 09:46:29;Рассрочка;successful;;1480
1105644;705644;2024-08-25 16:00:38;СБП;failed;Пользователь отменил оплату;2601
1105645;705645;2024-08-25 22:15:00;Рассрочка;successful;;29935
1105646;705646;2024-08-25 16:15:21;СБП;successful;;33467
1105647;705647;2024-08-25 15:23:45;СБП;successful;;32400
1105648;705648;2024-08-25 20:21:49;Рассрочка;failed;Пользователь отменил оплату;11090
1105649;705649;2024-08-25 21:00:35;СБП;successful;;53486
1105650;705650;2024-08-25 16:53:07;Рассрочка;successful;;5157
1105651;705651;2024-08-26 18:29:04;Банковская карта;successful;;19380
1105652;705652;2024-08-26 23:55:42;Рассрочка;successful;;109567
1105653;705653;2024-08-26 12:15:35;Банковская карта;successful;;44200
1105654;705654;2024-08-26 17:41:23;Банковская карта;successful;;66920
1105655;705655;2024-08-26 19:04:01;СБП;successful;;58842
1105656;705656;2024-08-26 18:47:31;Рассрочка;successful;;33610
1105657;705657;2024-08-26 20:20:21;Банковская карта;successful;;3940
1105658;705658;2024-08-26 14:14:01;СБП;successful;;31631
1105659;705659;2024-08-26 15:23:48;СБП;successful;;43490
1105660;705660;2024-08-26 13:46:17;Банковская карта;successful;;112480
1105661;705661;2024-08-26 16:47:49;Банковская карта;successful;;73790
1105662;705662;2024-08-26 15:14:09;Наличными при получении;successful;;3600
1105663;705663;2024-08-26 16:42:33;СБП;failed;Пользователь отменил оплату;1305
1105664;705664;2024-08-26 12:38:14;СБП;successful;;25911
1105665;705665;2024-08-26 21:48:56;Банковская карта;successful;;45321
1105666;705666;2024-08-26 18:10:39;Банковская карта;successful;;16901
1105667;705667;2024-08-26 15:57:21;Рассрочка;successful;;4090
1105668;705668;2024-08-26 16:57:58;ЮMoney;refunded;;18571
1105669;705669;2024-08-26 13:50:06;СБП;successful;;35490
1105670;705670;2024-08-26 08:44:48;Банковская карта;failed;Ошибка 3-D Secure / тайм-аут;4090
1105671;705671;2024-08-26 21:53:50;Банковская карта;successful;;2180
1105672;705672;2024-08-26 20:51:42;Банковская карта;failed;Ошибка 3-D Secure / тайм-аут;18029
1105673;705673;2024-08-26 19:27:32;Наличными при получении;successful;;113171
1105674;705674;2024-08-26 14:37:30;Банковская карта;successful;;19074
1105675;705675;2024-08-26 08:13:27;Банковская карта;successful;;6239
1105676;705676;2024-08-26 18:20:14;Банковская карта;failed;Отклонено банком;42887
1105677;705677;2024-08-26 19:38:46;СБП;failed;Пользователь отменил оплату;30486
1105678;705678;2024-08-26 19:05:28;Банковская карта;successful;;528
1105679;705679;2024-08-26 21:05:20;Банковская карта;refunded;;31340
1105680;705680;2024-08-26 18:53:05;СБП;successful;;22168
1105681;705681;2024-08-26 09:32:04;СБП;successful;;2280
1105682;705682;2024-08-27 19:55:22;Рассрочка;successful;;2518
1105683;705683;2024-08-27 19:38:31;Банковская карта;failed;Пользователь отменил оплату;37040
1105684;705684;2024-08-27 13:59:18;СБП;refunded;Заказ отменён клиентом после оплаты;18126
1105685;705685;2024-08-27 18:15:11;Банковская карта;successful;;19414
1105686;705686;2024-08-27 10:47:13;Рассрочка;successful;;1383
1105687;705687;2024-08-27 17:58:11;Наличными при получении;successful;;7126
1105688;705688;2024-08-27 13:28:34;СБП;successful;;1986
1105689;705689;2024-08-27 10:07:36;Банковская карта;refunded;Заказ отменён клиентом после оплаты;7490
1105690;705690;2024-08-27 21:51:51;СБП;successful;;5189
1105691;705691;2024-08-27 10:23:17;Банковская карта;successful;;11200
1105692;705692;2024-08-27 11:11:54;СБП;successful;;42718
1105693;705693;2024-08-27 21:04:02;СБП;successful;;7116
1105694;705694;2024-08-27 13:25:04;СБП;successful;;35790
1105695;705695;2024-08-27 14:42:54;Рассрочка;successful;;35549
1105696;705696;2024-08-27 19:40:19;Банковская карта;failed;Ошибка платёжного шлюза;20906
1105697;705697;2024-08-27 20:10:20;СБП;successful;;23490
1105698;705698;2024-08-27 12:40:03;Банковская карта;successful;;42390
1105699;705699;2024-08-27 16:59:14;Банковская карта;refunded;Заказ отменён клиентом после оплаты;22380
1105700;705700;2024-08-27 11:32:43;Банковская карта;successful;;21490
1105701;705701;2024-08-27 09:56:44;СБП;successful;;17063
1105702;705702;2024-08-27 15:42:57;Банковская карта;successful;;19480
1105703;705703;2024-08-27 21:15:33;Рассрочка;successful;;36735
1105704;705704;2024-08-28 12:22:34;Банковская карта;successful;;20153
1105705;705705;2024-08-28 17:56:16;Банковская карта;successful;;21980
1105706;705706;2024-08-28 20:59:24;Банковская карта;failed;Ошибка 3-D Secure / тайм-аут;37220
1105707;705707;2024-08-28 16:10:04;СБП;successful;;1416
1105708;705708;2024-08-28 10:26:07;Банковская карта;successful;;709
1105709;705709;2024-08-28 14:00:24;Наличными при получении;refunded;;113790
1105710;705710;2024-08-28 20:01:23;СБП;successful;;34211
1105711;705711;2024-08-28 17:47:19;Банковская карта;failed;Ошибка 3-D Secure / тайм-аут;19190
1105712;705712;2024-08-28 16:16:00;СБП;successful;;79982
1105713;705713;2024-08-28 14:34:26;СБП;successful;;2567
1105714;705714;2024-08-28 12:50:30;Банковская карта;successful;;20647
1105715;705715;2024-08-28 20:31:01;ЮMoney;successful;;24380
1105716;705716;2024-08-28 09:23:24;Банковская карта;failed;Отклонено банком;1345
1105717;705717;2024-08-28 18:06:44;Наличными при получении;successful;;1134
1105718;705718;2024-08-28 18:14:35;Рассрочка;successful;;22469
1105719;705719;2024-08-28 18:53:47;Банковская карта;failed;Ошибка 3-D Secure / тайм-аут;995
1105720;705720;2024-08-28 23:03:48;СБП;successful;;42476
1105721;705721;2024-08-28 18:13:05;СБП;successful;;2035
1105722;705722;2024-08-28 11:26:45;Банковская карта;failed;Недостаточно средств;1526
1105723;705723;2024-08-28 10:44:48;СБП;successful;;7957
1105724;705724;2024-08-28 09:55:06;СБП;successful;;53086
1105725;705725;2024-08-28 17:43:57;СБП;failed;Недостаточно средств;73835
1105726;705726;2024-08-28 12:18:57;Банковская карта;successful;;27057
1105727;705727;2024-08-28 11:38:51;Банковская карта;successful;;2789
1105728;705728;2024-08-28 21:31:33;ЮMoney;successful;;17267
1105729;705729;2024-08-28 12:41:18;Рассрочка;successful;;44610
1105730;705730;2024-08-28 12:48:22;Банковская карта;failed;Ошибка платёжного шлюза;116306
1105731;705731;2024-08-28 13:34:49;Наличными при получении;successful;;20090
1105732;705732;2024-08-28 11:14:05;Банковская карта;successful;;70455
1105733;705733;2024-08-28 18:47:57;Банковская карта;failed;Ошибка 3-D Secure / тайм-аут;23180
1105734;705734;2024-08-28 18:44:32;Банковская карта;successful;;1055
1105735;705735;2024-08-29 11:38:56;Банковская карта;successful;;6567
1105736;705736;2024-08-29 18:28:56;Банковская карта;failed;Ошибка платёжного шлюза;12697
1105737;705737;2024-08-29 18:35:25;Банковская карта;failed;Ошибка 3-D Secure / тайм-аут;31480
1105738;705738;2024-08-29 13:31:20;Рассрочка;refunded;;7466
1105739;705739;2024-08-29 23:08:46;Банковская карта;successful;;35725
1105740;705740;2024-08-29 08:45:35;Наличными при получении;successful;;701
1105741;705741;2024-08-29 11:22:54;Наличными при получении;successful;;76697
1105742;705742;2024-08-29 21:34:19;Банковская карта;failed;Ошибка 3-D Secure / тайм-аут;19340
1105743;705743;2024-08-29 18:59:01;Банковская карта;successful;;34143
1105744;705744;2024-08-29 19:56:16;Банковская карта;successful;;57090
1105745;705745;2024-08-29 17:00:49;СБП;successful;;16038
1105746;705746;2024-08-29 10:20:37;Банковская карта;failed;Недостаточно средств;18567
1105747;705747;2024-08-29 10:11:58;СБП;failed;Пользователь отменил оплату;34150
1105748;705748;2024-08-29 16:42:04;СБП;successful;;40957
1105749;705749;2024-08-29 13:43:14;Банковская карта;failed;Ошибка 3-D Secure / тайм-аут;26613
1105750;705750;2024-08-29 14:46:19;Банковская карта;failed;Ошибка платёжного шлюза;7368
1105751;705751;2024-08-29 20:29:09;СБП;successful;;2035
1105752;705752;2024-08-29 10:31:27;СБП;successful;;22480
1105753;705753;2024-08-29 08:23:23;Банковская карта;successful;;17661
1105754;705754;2024-08-29 17:29:53;Банковская карта;successful;;60369
1105755;705755;2024-08-29 11:19:26;СБП;refunded;Заказ отменён клиентом после оплаты;1800
1105756;705756;2024-08-29 21:25:43;Банковская карта;failed;Отклонено банком;22889
1105757;705757;2024-08-29 21:55:12;Банковская карта;failed;Ошибка 3-D Secure / тайм-аут;5431
1105758;705758;2024-08-29 20:25:32;Банковская карта;successful;;6054
1105759;705759;2024-08-29 16:31:56;Банковская карта;successful;;1286
1105760;705760;2024-08-29 15:22:34;СБП;successful;;54630
1105761;705761;2024-08-29 17:25:45;СБП;successful;;39451
1105762;705762;2024-08-29 20:35:01;Банковская карта;successful;;10551
1105763;705763;2024-08-29 12:56:54;СБП;successful;;28038
1105764;705764;2024-08-30 11:30:57;Банковская карта;successful;;43580
1105765;705765;2024-08-30 17:04:04;Банковская карта;successful;;768
1105766;705766;2024-08-30 16:31:57;Банковская карта;successful;;4331
1105767;705767;2024-08-30 18:44:52;Банковская карта;successful;;2280
1105768;705768;2024-08-30 18:23:39;Наличными при получении;successful;;1384
1105769;705769;2024-08-30 19:22:37;Банковская карта;failed;Ошибка 3-D Secure / тайм-аут;80035
1105770;705770;2024-08-30 17:57:31;Банковская карта;failed;Ошибка 3-D Secure / тайм-аут;2781
1105771;705771;2024-08-30 14:59:03;СБП;successful;;24970
1105772;705772;2024-08-30 16:39:04;Банковская карта;successful;;145140
1105773;705773;2024-08-30 19:47:08;Рассрочка;successful;;20490
1105774;705774;2024-08-30 13:38:25;СБП;successful;;24876
1105775;705775;2024-08-30 23:56:56;Рассрочка;successful;;60394
1105776;705776;2024-08-30 16:12:16;Банковская карта;successful;;2157
1105777;705777;2024-08-30 11:15:37;СБП;successful;;46144
1105778;705778;2024-08-30 17:34:46;СБП;successful;;65367
1105779;705779;2024-08-30 18:02:37;Банковская карта;failed;Ошибка 3-D Secure / тайм-аут;69555
1105780;705780;2024-08-30 16:25:09;СБП;successful;;7130
1105781;705781;2024-08-30 19:13:09;Рассрочка;successful;;2935
1105782;705782;2024-08-30 11:02:03;ЮMoney;successful;;82990
1105783;705783;2024-08-30 21:53:11;Банковская карта;refunded;;1380
1105784;705784;2024-09-01 00:03:17;СБП;successful;;76476
1105785;705785;2024-08-31 16:33:41;СБП;successful;;1729
1105786;705786;2024-08-31 10:11:37;СБП;successful;;37953
1105787;705787;2024-08-31 12:37:46;Банковская карта;successful;;736
1105788;705788;2024-08-31 22:34:45;Банковская карта;failed;Ошибка 3-D Secure / тайм-аут;17267
1105789;705789;2024-08-31 14:11:31;Банковская карта;successful;;6736
1105790;705790;2024-08-31 15:32:04;Банковская карта;successful;;23376
1105791;705791;2024-08-31 15:57:05;Банковская карта;successful;;23777
1105792;705792;2024-08-31 21:57:17;Банковская карта;successful;;8480
1105793;705793;2024-08-31 18:38:46;Рассрочка;failed;Отклонено банком;8030
1105794;705794;2024-08-31 12:18:57;Банковская карта;successful;;23995
1105795;705795;2024-08-31 20:33:28;СБП;successful;;64790
1105796;705796;2024-08-31 18:10:20;Банковская карта;successful;;2880
1105797;705797;2024-08-31 21:51:50;Банковская карта;successful;;42345
1105798;705798;2024-08-31 21:57:32;Банковская карта;successful;;27835
1105799;705799;2024-08-31 09:11:52;Банковская карта;successful;;14921
1105800;705800;2024-08-31 08:21:21;ЮMoney;successful;;14980
1105801;705801;2024-08-31 13:07:17;Наличными при получении;successful;;3111
1105802;705802;2024-08-31 23:47:15;Рассрочка;successful;;20421
1105803;705803;2024-08-31 23:57:07;Банковская карта;successful;;33657
